Date,Solar_Irradiance_MJ_m2,Temperature_C,Relative_Humidity_pct,Cloud_Fraction,Wind_Speed_ms,Precipitation_mm,Month,Day_of_Year,Season,Month_sin,Month_cos,DOY_sin,DOY_cos,Solar_Lag_1,Solar_Lag_2,Solar_Lag_7,Solar_Roll7,Solar_Roll30
2019-01-31,4.0975,16.88,22.0,77.63,2.15,0.0,1,31,0,0.49999999999999994,0.8660254037844387,0.5086709438521044,0.8609610158889943,5.3986,5.4175,3.8906,4.3905142857142865,4.445670000000001
2019-02-01,4.7832,17.97,25.98,1.58,2.08,0.0,2,32,0,0.8660254037844386,0.5000000000000001,0.5234156073655503,0.8520775211013093,4.0975,5.3986,1.6826,4.420071428571428,4.42511
2019-02-02,4.4242,17.63,36.5,15.05,1.9,0.0,2,33,0,0.8660254037844386,0.5000000000000001,0.5380051715382996,0.8429415373547828,4.7832,4.0975,3.876,4.863014285714286,4.430086666666667
2019-02-03,3.726,19.06,38.01,32.36,1.48,0.0,2,34,0,0.8660254037844386,0.5000000000000001,0.5524353131676196,0.8335557718385699,4.4242,4.7832,5.0933,4.9413285714285715,4.424353333333333
2019-02-04,4.0066,20.8,38.33,63.95,1.59,0.0,2,35,0,0.8660254037844386,0.5000000000000001,0.5667017562911176,0.8239230057575542,3.726,4.4242,5.375,4.746,4.4189766666666666
2019-02-05,4.1225,22.1,34.8,54.54,1.88,0.0,2,36,0,0.8660254037844386,0.5000000000000001,0.5808002734538009,0.8140460935082178,4.0066,3.726,5.4175,4.550514285714286,4.417346666666666
2019-02-06,3.8729,22.94,36.47,39.07,2.88,0.09,2,37,0,0.8660254037844386,0.5000000000000001,0.5947266869607634,0.8039279618328213,4.1225,4.0066,5.3986,4.365514285714285,4.4077
2019-02-07,5.1283,20.38,38.01,29.09,3.62,1.48,2,38,0,0.8660254037844386,0.5000000000000001,0.6084768701151261,0.7935716089521474,3.8729,4.1225,4.0975,4.147557142857143,4.41386
2019-02-08,5.777,15.41,22.56,1.47,2.22,0.0,2,39,0,0.8660254037844386,0.5000000000000001,0.6220467484408675,0.7829801036770629,5.1283,3.8729,4.7832,4.294814285714286,4.444140000000001
2019-02-09,5.8956,13.54,24.74,17.96,2.13,0.0,2,40,0,0.8660254037844386,0.5000000000000001,0.6354323008901774,0.7721565844991642,5.777,5.1283,4.4242,4.4367857142857146,4.491420000000001
2019-02-10,5.8224,14.7,22.91,12.78,1.5,0.0,2,41,0,0.8660254037844386,0.5000000000000001,0.6486295610349814,0.7611042586607747,5.8956,5.777,3.726,4.646985714285714,4.534283333333334
2019-02-11,5.699,15.71,22.1,5.38,1.66,0.0,2,42,0,0.8660254037844386,0.5000000000000001,0.6616346182422783,0.7498264012045686,5.8224,5.8956,4.0066,4.946471428571428,4.57734
2019-02-12,5.4571,18.9,23.03,4.2,1.82,0.0,2,43,0,0.8660254037844386,0.5000000000000001,0.6744436188329455,0.7383263540031065,5.699,5.8224,4.1225,5.188242857142858,4.634073333333333
2019-02-13,4.014,22.07,23.97,70.73,1.56,0.02,2,44,0,0.8660254037844386,0.5000000000000001,0.6870527672236669,0.7266075247685656,5.4571,5.699,3.8729,5.3789,4.680113333333334
2019-02-14,4.2034,23.5,36.66,65.17,2.67,0.42,2,45,0,0.8660254037844386,0.5000000000000001,0.699458327051647,0.7146733860429609,4.014,5.4571,5.1283,5.399057142857144,4.67081
2019-02-15,5.0717,21.74,38.85,19.18,2.23,0.76,2,46,0,0.8660254037844386,0.5000000000000001,0.7116566222817746,0.7025274741691571,4.2034,4.014,5.777,5.266928571428571,4.653116666666667
2019-02-16,5.5812,18.02,33.87,9.56,2.3,0.01,2,47,0,0.8660254037844386,0.5000000000000001,0.7236440382959124,0.6901733882429719,5.0717,4.2034,5.8956,5.166171428571428,4.659533333333333
2019-02-17,6.0312,17.62,26.09,1.87,1.71,0.0,2,48,0,0.8660254037844386,0.5000000000000001,0.7354170229639855,0.6776147890466889,5.5812,5.0717,5.8224,5.121257142857142,4.684966666666666
2019-02-18,3.5057,21.3,19.96,62.31,1.71,0.0,2,49,0,0.8660254037844386,0.5000000000000001,0.7469720876965552,0.6648553979642865,6.0312,5.5812,5.699,5.151085714285714,4.723973333333333
2019-02-19,5.6923,23.11,23.61,16.22,1.82,0.0,2,50,0,0.8660254037844386,0.5000000000000001,0.7583058084785624,0.6518989958787126,3.5057,6.0312,5.4571,4.837757142857143,4.676693333333333
2019-02-20,5.731,25.26,25.61,18.04,1.43,0.0,2,51,0,0.8660254037844386,0.5000000000000001,0.7694148268839378,0.6387494220515272,5.6923,3.5057,4.014,4.871357142857143,4.699516666666667
2019-02-21,5.3282,26.55,34.97,22.96,3.82,0.65,2,52,0,0.8660254037844386,0.5000000000000001,0.7802958510707755,0.6254105729852464,5.731,5.6923,4.2034,5.116642857142858,4.7377433333333325
2019-02-22,5.8294,24.35,39.83,6.84,2.57,0.0,2,53,0,0.8660254037844386,0.5000000000000001,0.7909456567567772,0.6118864012687243,5.3282,5.731,5.0717,5.277328571428571,4.771526666666667
2019-02-23,5.371,22.06,32.43,34.94,1.94,0.0,2,54,0,0.8660254037844386,0.5000000000000001,0.8013610881746766,0.5981809144059165,5.8294,5.3282,5.5812,5.385571428571429,4.8178
2019-02-24,4.2684,21.34,24.38,66.86,2.18,0.0,2,55,0,0.8660254037844386,0.5000000000000001,0.8115390590073611,0.5842981736283683,5.371,5.8294,6.0312,5.355542857142858,4.867146666666668
2019-02-25,6.241,21.39,22.45,1.19,2.33,0.0,2,56,0,0.8660254037844386,0.5000000000000001,0.8214765533024142,0.5702422926917871,4.2684,5.371,3.5057,5.103714285714285,4.95334
2019-02-26,5.0657,21.95,25.56,36.92,2.71,0.01,2,57,0,0.8660254037844386,0.5000000000000001,0.8311706263658079,0.5560174366570446,6.241,4.2684,5.6923,5.494471428571429,5.032173333333334
2019-02-27,4.2139,20.46,38.36,66.65,3.46,0.03,2,58,0,0.8660254037844386,0.5000000000000001,0.8406184056344782,0.5416278206559814,5.0657,6.241,5.731,5.404957142857143,5.031253333333334
2019-02-28,6.4236,18.12,35.37,7.56,2.3,0.0,2,59,0,0.8660254037844386,0.5000000000000001,0.8498170915275278,0.5270777086423722,4.2139,5.0657,5.3282,5.188228571428572,4.99255
2019-03-01,6.1442,18.38,22.23,0.14,1.85,0.0,3,60,1,1.0,6.123233995736766e-17,0.8587639582758029,0.5123714121284237,6.4236,4.2139,5.8294,5.344714285714285,5.026086666666667
2019-03-02,5.2104,21.95,22.05,60.67,2.32,0.0,3,61,1,1.0,6.123233995736766e-17,0.8674563547295969,0.49751328890718066,6.1442,6.4236,5.371,5.389685714285714,5.05094
2019-03-03,4.7138,22.98,36.98,52.28,2.73,5.84,3,62,1,1.0,6.123233995736766e-17,0.8758917051442429,0.48250774176121847,5.2104,6.1442,4.2684,5.3667428571428575,5.0880366666666665
2019-03-04,5.2757,22.18,45.14,19.55,2.94,0.0,3,63,1,1.0,6.123233995736766e-17,0.8840675099433636,0.4673592171580022,4.7138,5.2104,6.241,5.430371428571428,5.085723333333333
2019-03-05,5.7996,20.56,37.43,12.19,2.37,0.0,3,64,1,1.0,6.123233995736766e-17,0.8919813464595485,0.45207220393230435,5.2757,4.7138,5.0657,5.292471428571429,5.114106666666666
2019-03-06,6.6106,20.48,33.02,1.38,1.74,0.0,3,65,1,1.0,6.123233995736766e-17,0.8996308696522433,0.43665123195606403,5.7996,5.2757,4.2139,5.397314285714286,5.183226666666666
2019-03-07,6.5933,21.65,29.51,0.78,1.26,0.0,3,66,1,1.0,6.123233995736766e-17,0.9070138128026359,0.4211008707960896,6.6106,5.7996,6.4236,5.7397,5.270026666666666
2019-03-08,6.4531,22.72,29.48,1.89,2.16,0.0,3,67,1,1.0,6.123233995736766e-17,0.9141279881853337,0.40542572835999735,6.5933,6.6106,6.1442,5.763942857142857,5.352386666666666
2019-03-09,6.5412,23.18,28.34,1.85,2.77,0.0,3,68,1,1.0,6.123233995736766e-17,0.9209712877166346,0.38963044953078796,6.4531,6.5933,5.2104,5.808071428571428,5.438393333333334
2019-03-10,6.4999,23.34,32.48,3.92,1.8,0.0,3,69,1,1.0,6.123233995736766e-17,0.9275416835791966,0.37371971479046906,6.5412,6.4531,4.7138,5.998185714285714,5.48549
2019-03-11,6.1162,26.07,27.46,28.24,2.67,0.0,3,70,1,1.0,6.123233995736766e-17,0.9338372288229252,0.35769823883312546,6.4999,6.5412,5.2757,6.253342857142856,5.509586666666666
2019-03-12,6.8148,24.25,22.83,14.12,2.35,0.0,3,71,1,1.0,6.123233995736766e-17,0.9398560579418954,0.3415707691678556,6.1162,6.4999,5.7996,6.3734142857142855,5.51694
2019-03-13,6.3739,25.69,21.87,28.69,2.45,0.0,3,72,1,1.0,6.123233995736766e-17,0.9455963874271426,0.3253420847119801,6.8148,6.1162,6.6106,6.518442857142857,5.550020000000001
2019-03-14,4.8684,24.06,26.78,70.52,2.38,0.02,3,73,1,1.0,6.123233995736766e-17,0.9510565162951535,0.30901699437494745,6.3739,6.8148,6.5933,6.484628571428572,5.572516666666667
2019-03-15,6.3254,23.57,27.01,18.39,1.93,0.0,3,74,1,1.0,6.123233995736766e-17,0.9562348265919056,0.29260033563334836,4.8684,6.3739,6.4531,6.238214285714286,5.5528933333333335
2019-03-16,6.6348,24.14,28.18,18.4,2.22,0.0,3,75,1,1.0,6.123233995736766e-17,0.9611297838723007,0.27609697309746883,6.3254,4.8684,6.5412,6.219971428571428,5.62994
2019-03-17,4.8907,25.58,24.15,49.92,2.71,0.0,3,76,1,1.0,6.123233995736766e-17,0.9657399376548549,0.2595117970697999,6.6348,6.3254,6.4999,6.2333428571428575,5.710986666666667
2019-03-18,6.7258,24.07,22.77,0.27,2.14,0.0,3,77,1,1.0,6.123233995736766e-17,0.9700639218515071,0.2428497220959356,4.8907,6.6348,6.1162,6.003457142857142,5.704953333333334
2019-03-19,6.7742,25.52,20.31,2.35,1.54,0.0,3,78,1,1.0,6.123233995736766e-17,0.9741004551724205,0.22611568550828828,6.7258,4.8907,6.8148,6.090542857142856,5.743106666666667
2019-03-20,5.9095,26.6,24.27,16.98,2.76,0.13,3,79,1,1.0,6.123233995736766e-17,0.9778483415056568,0.20931464596304847,6.7742,6.7258,6.3739,6.084742857142857,5.767873333333333
2019-03-21,7.225,25.65,20.86,0.26,2.6,0.02,3,80,1,1.0,6.123233995736766e-17,0.9813064702716093,0.19245158197082998,5.9095,6.7742,4.8684,6.0184,5.848
2019-03-22,6.9581,26.07,21.68,1.54,1.98,0.0,3,81,1,1.0,6.123233995736766e-17,0.9844738167520922,0.1755314904214282,7.225,5.9095,6.3254,6.3550571428571425,5.89909
2019-03-23,6.948,26.04,21.55,0.25,1.93,0.0,3,82,1,1.0,6.123233995736766e-17,0.9873494423939864,0.15855938510313475,6.9581,7.225,6.6348,6.445442857142857,5.939993333333334
2019-03-24,7.0452,27.67,17.08,0.4,1.44,0.0,3,83,1,1.0,6.123233995736766e-17,0.989932495087353,0.141540295217043,6.948,6.9581,4.8907,6.4901857142857144,5.993986666666666
2019-03-25,6.6178,28.9,20.49,15.64,1.99,0.0,3,84,1,1.0,6.123233995736766e-17,0.9922222094179323,0.12447926388678915,7.0452,6.948,6.7258,6.7979714285714286,6.034513333333334
2019-03-26,7.1578,27.65,25.09,1.21,2.58,0.0,3,85,1,1.0,6.123233995736766e-17,0.994217906893952,0.10738134666416309,6.6178,7.0452,6.7742,6.7825428571428565,6.0760733333333325
2019-03-27,7.2622,26.87,15.33,11.96,1.85,0.0,3,86,1,1.0,6.123233995736766e-17,0.995918996147179,0.09025161003104117,7.1578,6.6178,5.9095,6.837342857142857,6.172386666666667
2019-03-28,6.9905,28.81,16.39,23.42,1.54,0.0,3,87,1,1.0,6.123233995736766e-17,0.9973249731081555,0.07309512989807777,7.2622,7.1578,7.225,7.030585714285714,6.206426666666666
2019-03-29,7.3416,31.06,17.05,0.67,1.76,0.0,3,88,1,1.0,6.123233995736766e-17,0.9984354211555643,0.055916990100603484,6.9905,7.2622,6.9581,6.997085714285715,6.270586666666666
2019-03-30,7.1002,31.41,16.32,8.36,2.28,0.0,3,89,1,1.0,6.123233995736766e-17,0.9992500112396835,0.03872228089217446,7.3416,6.9905,6.948,7.051871428571429,6.374843333333333
2019-03-31,7.3507,31.32,17.55,4.68,3.82,0.0,3,90,1,1.0,6.123233995736766e-17,0.9997685019798909,0.021516097436222254,7.1002,7.3416,7.0452,7.073614285714285,6.397396666666666
2019-04-01,7.3397,29.38,14.99,2.42,2.36,0.0,4,91,1,0.8660254037844387,-0.4999999999999998,0.9999907397361901,0.004303538296244289,7.3507,7.1002,6.6178,7.1172571428571425,6.437613333333333
2019-04-02,7.3819,29.98,12.93,4.73,1.68,0.0,4,92,1,0.8660254037844387,-0.4999999999999998,0.9999166586547379,-0.01291029607500882,7.3397,7.3507,7.1578,7.220385714285714,6.50859
2019-04-03,7.3181,31.62,11.16,1.06,1.05,0.0,4,93,1,0.8660254037844387,-0.4999999999999998,0.9995462806873573,-0.030120304846908114,7.3819,7.3397,7.2622,7.252400000000001,6.597526666666667
2019-04-04,7.3627,32.48,11.99,4.75,1.82,0.0,4,94,1,0.8660254037844387,-0.4999999999999998,0.9988797155850336,-0.04732138832243185,7.3181,7.3819,6.9905,7.2603857142857136,6.665606666666666
2019-04-05,6.534,33.02,15.21,47.84,2.19,0.0,4,95,1,0.8660254037844387,-0.4999999999999998,0.9979171608653922,-0.06450844944931623,7.3627,7.3181,7.3416,7.313557142857143,6.71771
2019-04-06,7.2439,32.45,17.36,14.65,2.28,0.0,4,96,1,0.8660254037844387,-0.4999999999999998,0.9966589017541702,-0.08167639533042241,6.534,7.3627,7.1002,7.198185714285715,6.715156666666667
2019-04-07,5.8918,33.03,17.15,43.13,2.35,0.0,4,97,1,0.8660254037844387,-0.4999999999999998,0.9951053111006976,-0.09882013873287143,7.2439,6.534,7.3507,7.218714285714286,6.736843333333334
2019-04-08,7.1237,32.35,19.94,35.18,2.14,0.56,4,98,1,0.8660254037844387,-0.4999999999999998,0.9932568492674143,-0.11593459959550041,5.8918,7.2439,7.3397,7.0103,6.718133333333333
2019-04-09,7.6975,31.55,16.22,1.17,3.05,0.0,4,99,1,0.8660254037844387,-0.4999999999999998,0.9911140639934547,-0.1330147065341959,7.1237,5.8918,7.3819,6.979442857142857,6.73755
2019-04-10,7.213,32.45,18.82,15.17,2.64,0.0,4,100,1,0.8660254037844387,-0.4999999999999998,0.9886775902323405,-0.1500553983446526,7.6975,7.1237,7.3181,7.02452857142857,6.777469999999999
2019-04-11,6.9065,33.74,18.04,25.71,1.14,0.0,4,101,1,0.8660254037844387,-0.4999999999999998,0.9859481499638304,-0.16705162550211924,7.213,7.6975,7.3627,7.009514285714286,6.814030000000001
2019-04-12,7.2439,33.66,19.1,6.73,1.79,1.49,4,102,1,0.8660254037844387,-0.4999999999999998,0.9829265519799822,-0.18399835165768005,6.9065,7.213,6.534,6.944342857142857,6.8170866666666665
2019-04-13,7.2295,32.69,18.17,14.44,1.71,0.0,4,103,1,0.8660254037844387,-0.4999999999999998,0.9796136916454901,-0.20089055513063506,7.2439,6.9065,7.2439,7.045757142857143,6.846086666666666
2019-04-14,7.3771,33.33,16.29,6.45,2.78,0.0,4,104,1,0.8660254037844387,-0.4999999999999998,0.9760105506323683,-0.21772323039653177,7.2295,7.2439,5.8918,7.0437,6.92479
2019-04-15,5.6858,32.8,20.99,64.0,2.72,0.0,4,105,1,0.8660254037844387,-0.4999999999999998,0.9721181966290613,-0.23449138957040985,7.3771,7.2295,7.1237,7.255885714285715,6.9598466666666665
2019-04-16,5.147,27.73,44.33,86.1,2.56,2.5,4,106,1,0.8660254037844387,-0.4999999999999998,0.9679377830240642,-0.25119006388481935,5.6858,7.3771,7.6975,7.050471428571429,6.928213333333334
2019-04-17,5.8591,26.26,49.61,42.41,4.04,8.56,4,107,1,0.8660254037844387,-0.4999999999999998,0.9634705485641488,-0.2678143051621742,5.147,5.6858,7.213,6.686114285714287,6.936756666666667
2019-04-18,7.3109,26.09,44.68,9.18,1.73,0.05,4,108,1,0.8660254037844387,-0.4999999999999998,0.9587178169872964,-0.2843591872810034,5.8591,5.147,6.9065,6.4927,6.907866666666666
2019-04-19,7.3459,27.53,39.03,8.19,2.05,0.0,4,109,1,0.8660254037844387,-0.4999999999999998,0.9536809966304457,-0.30081980763566735,7.3109,5.8591,7.2439,6.550471428571429,6.925756666666667
2019-04-20,7.829,28.67,30.21,1.39,2.35,0.0,4,110,1,0.8660254037844387,-0.4999999999999998,0.9483615800121715,-0.3171912885891061,7.3459,7.3109,7.2295,6.565042857142857,6.973636666666667
2019-04-21,7.7964,29.87,24.51,4.55,2.52,0.0,4,111,1,0.8660254037844387,-0.4999999999999998,0.9427611433904207,-0.3334687789181868,7.829,7.3459,7.3771,6.650685714285714,6.99377
2019-04-22,7.2665,31.69,23.94,19.68,1.94,0.0,4,112,1,0.8660254037844387,-0.4999999999999998,0.9368813462954315,-0.3496474552512284,7.7964,7.829,5.6858,6.710585714285714,7.0217133333333335
2019-04-23,7.2202,32.88,20.09,35.1,1.74,0.0,4,113,1,0.8660254037844387,-0.4999999999999998,0.9307239310379795,-0.36572252349726897,7.2665,7.7964,5.147,6.9364,7.032330000000001
2019-04-24,7.627,33.5,19.68,9.12,1.69,0.0,4,114,1,0.8660254037844387,-0.4999999999999998,0.9242907221930933,-0.3816892202666588,7.2202,7.2665,5.8591,7.232571428571428,7.038163333333332
2019-04-25,7.0954,34.4,20.06,17.77,2.74,0.0,4,115,1,0.8660254037844387,-0.4999999999999998,0.9175836260593937,-0.39754281428255595,7.627,7.2202,7.3109,7.485128571428571,7.071803333333333
2019-04-26,7.4011,35.02,19.75,9.14,3.08,0.0,4,116,1,0.8660254037844387,-0.4999999999999998,0.9106046300942162,-0.41327860778290415,7.0954,7.627,7.3459,7.454342857142857,7.069723333333333
2019-04-27,7.6145,35.69,19.01,1.22,2.12,0.0,4,117,1,0.8660254037844387,-0.4999999999999998,0.9033558023246845,-0.4288919379124835,7.4011,7.0954,7.829,7.462228571428571,7.074353333333334
2019-04-28,7.9416,34.84,15.58,3.79,2.06,0.0,4,118,1,0.8660254037844387,-0.4999999999999998,0.895839290734909,-0.44437817810461316,7.6145,7.4011,7.7964,7.431585714285714,7.095153333333332
2019-04-29,8.0726,34.27,12.77,4.31,2.74,0.0,4,119,1,0.8660254037844387,-0.4999999999999998,0.8880573226294932,-0.45973273945210397,7.9416,7.6145,7.2665,7.452328571428572,7.115153333333334
2019-04-30,7.9601,34.09,13.7,1.63,4.02,0.0,4,120,1,0.8660254037844387,-0.4999999999999998,0.8800122039735357,-0.47495107206704995,8.0726,7.9416,7.2202,7.567485714285714,7.147566666666667
2019-05-01,7.5254,33.25,16.98,1.57,3.61,0.0,5,121,1,0.49999999999999994,-0.8660254037844387,0.8717063187093218,-0.4900286664290592,7.9601,8.0726,7.627,7.673185714285714,7.167879999999999
2019-05-02,7.5574,33.71,19.84,15.89,2.95,0.0,5,122,1,0.49999999999999994,-0.8660254037844387,0.8631421280499114,-0.5049610547215204,7.5254,7.9601,7.0954,7.658671428571429,7.17407
2019-05-03,7.0608,33.12,17.72,40.27,2.33,0.0,5,123,1,0.49999999999999994,-0.8660254037844387,0.854322169749827,-0.5197438121555155,7.5574,7.5254,7.4011,7.724671428571428,7.17992
2019-05-04,6.4375,32.86,21.36,67.07,2.25,0.0,5,124,1,0.49999999999999994,-0.8660254037844387,0.8452490573530633,-0.5343725582809786,7.0608,7.5574,7.6145,7.676057142857142,7.1713433333333345
2019-05-05,6.7946,32.83,25.18,33.73,3.75,0.17,5,125,1,0.49999999999999994,-0.8660254037844387,0.8359254794186372,-0.548842958284719,6.4375,7.0608,7.9416,7.5079142857142855,7.140503333333333
2019-05-06,7.7453,33.58,17.74,13.6,2.61,0.13,5,126,1,0.49999999999999994,-0.8660254037844387,0.8263541987239096,-0.5631507242749186,6.7946,6.4375,8.0726,7.344057142857143,7.149190000000001
2019-05-07,7.5778,34.18,16.61,22.36,4.03,0.0,5,127,1,0.49999999999999994,-0.8660254037844387,0.8165380514459161,-0.5772916165517272,7.7453,6.7946,7.9601,7.297300000000001,7.1659033333333335
2019-05-08,7.9973,33.83,16.24,1.21,4.85,0.0,5,128,1,0.49999999999999994,-0.8660254037844387,0.8064799463209448,-0.5912614448635781,7.5778,7.7453,7.5254,7.242685714285714,7.222103333333333
2019-05-09,8.1847,32.94,19.48,9.29,4.73,0.0,5,129,1,0.49999999999999994,-0.8660254037844387,0.7961828637826158,-0.6050560696488488,7.9973,7.5778,7.5574,7.3101,7.251223333333333
2019-05-10,7.5166,33.1,25.66,34.12,4.06,0.0,5,130,1,0.49999999999999994,-0.8660254037844387,0.7856498550787147,-0.6186714032625031,8.1847,7.9973,7.0608,7.399714285714286,7.2674633333333345
2019-05-11,7.8571,32.97,25.11,4.66,4.64,0.0,5,131,1,0.49999999999999994,-0.8660254037844387,0.7748840413670407,-0.6321034111873487,7.5166,8.1847,6.4375,7.464828571428571,7.277583333333333
2019-05-12,6.5986,33.97,25.14,57.01,2.55,0.03,5,132,1,0.49999999999999994,-0.8660254037844387,0.7638886127905428,-0.6453481132295501,7.8571,7.5166,6.7946,7.667628571428572,7.30927
2019-05-13,6.9895,34.26,25.47,41.5,2.99,1.56,5,133,1,0.49999999999999994,-0.8660254037844387,0.7526668275320085,-0.6584015846980488,6.5986,7.8571,7.7453,7.639628571428572,7.2877600000000005
2019-05-14,6.9794,33.9,22.96,26.37,2.95,0.41,5,134,1,0.49999999999999994,-0.8660254037844387,0.7412220108485958,-0.6712599575675313,6.9895,6.5986,7.5778,7.531657142857142,7.27976
2019-05-15,6.9754,34.49,22.39,29.7,2.67,0.0,5,135,1,0.49999999999999994,-0.8660254037844387,0.7295575540864875,-0.6839194216246106,6.9794,6.9895,7.9973,7.4461714285714296,7.266503333333333
2019-05-16,7.8019,33.7,24.69,9.77,3.95,2.02,5,136,1,0.49999999999999994,-0.8660254037844387,0.717676913675962,-0.6963762255968722,6.9754,6.9794,8.1847,7.300185714285715,7.309489999999999
2019-05-17,7.5696,34.01,25.93,15.98,4.48,0.0,5,137,1,0.49999999999999994,-0.8660254037844387,0.705583610107178,-0.7086266782644596,7.8019,6.9754,7.5166,7.2455,7.397986666666666
2019-05-18,7.2881,32.79,28.94,11.44,3.96,0.0,5,138,1,0.49999999999999994,-0.8660254037844387,0.6932812268869777,-0.7206671495538609,7.5696,7.8019,7.8571,7.253071428571428,7.455003333333334
2019-05-19,7.3049,33.24,28.39,21.47,1.43,0.0,5,139,1,0.49999999999999994,-0.8660254037844387,0.6807734094770161,-0.7324940716135789,7.2881,7.5696,6.5986,7.171785714285714,7.454243333333334
2019-05-20,7.4942,35.86,23.91,11.32,0.88,0.0,5,140,1,0.49999999999999994,-0.8660254037844387,0.6680638642135335,-0.7441039398713607,7.3049,7.2881,6.9895,7.272685714285714,7.452876666666667
2019-05-21,7.6373,36.21,21.06,20.29,2.56,0.0,5,141,1,0.49999999999999994,-0.8660254037844387,0.6551563572090853,-0.7554933140726803,7.4942,7.3049,6.9794,7.344785714285715,7.441716666666666
2019-05-22,7.879,36.28,21.26,9.26,4.0,0.0,5,142,1,0.49999999999999994,-0.8660254037844387,0.6420547132365637,-0.766658819300159,7.6373,7.4942,6.9754,7.438771428571428,7.436413333333333
2019-05-23,7.8523,36.06,22.34,9.58,3.53,0.0,5,143,1,0.49999999999999994,-0.8660254037844387,0.6287628145958344,-0.7775971469736269,7.879,7.6373,7.8019,7.567857142857142,7.456829999999999
2019-05-24,7.4088,36.12,23.23,31.48,4.49,0.0,5,144,1,0.49999999999999994,-0.8660254037844387,0.6152845999633276,-0.7883050558305255,7.8523,7.879,7.5696,7.575057142857142,7.477900000000001
2019-05-25,6.7726,35.87,24.83,34.25,3.51,0.0,5,145,1,0.49999999999999994,-0.8660254037844387,0.6016240632249226,-0.7987793728863649,7.4088,7.8523,7.2881,7.552085714285714,7.470626666666666
2019-05-26,7.375,36.01,20.45,29.1,2.03,0.0,5,146,1,0.49999999999999994,-0.8660254037844387,0.5877852522924732,-0.8090169943749473,6.7726,7.4088,7.3049,7.478442857142857,7.459866666666667
2019-05-27,7.6226,36.76,19.04,20.65,2.27,0.0,5,147,1,0.49999999999999994,-0.8660254037844387,0.5737722679043246,-0.8190148866680801,7.375,6.7726,7.4942,7.488457142857143,7.458996666666667
2019-05-28,7.1513,37.22,18.84,38.75,2.01,0.0,5,148,1,0.49999999999999994,-0.8660254037844387,0.5595892624101765,-0.8287700871745038,7.6226,7.375,7.6373,7.506799999999999,7.459266666666667
2019-05-29,7.1878,38.05,16.48,30.0,1.79,0.0,5,149,1,0.49999999999999994,-0.8660254037844387,0.545240438540651,-0.8382797052177744,7.1513,7.6226,7.879,7.437371428571429,7.432923333333333
2019-05-30,6.4356,38.2,18.0,55.19,1.8,0.0,5,150,1,0.49999999999999994,-0.8660254037844387,0.5307300481619334,-0.8475409228928311,7.1878,7.1513,7.8523,7.338628571428572,7.40343
2019-05-31,6.251,37.68,19.77,61.64,2.93,0.0,5,151,1,0.49999999999999994,-0.8660254037844387,0.5160623910158528,-0.8565509959010036,6.4356,7.1878,7.4088,7.136242857142858,7.352613333333334
2019-06-01,7.585,37.78,20.43,30.01,3.85,0.0,6,152,2,1.2246467991473532e-16,-1.0,0.5012418134457758,-0.865307254363206,6.251,6.4356,6.7726,6.9708428571428565,7.310133333333334
2019-06-02,6.679,38.33,21.89,52.81,3.44,0.0,6,153,2,1.2246467991473532e-16,-1.0,0.48627270710868997,-0.8738071036110808,7.585,6.251,7.375,7.0869,7.311053333333333
2019-06-03,6.7474,38.1,19.3,79.32,4.43,0.0,6,154,2,1.2246467991473532e-16,-1.0,0.4711595076738638,-0.8820480249558537,6.679,7.585,7.6226,6.987471428571429,7.298326666666666
2019-06-04,6.4334,38.02,17.59,94.54,3.48,0.0,6,155,2,1.2246467991473532e-16,-1.0,0.4559066935084588,-0.8900275764346767,6.7474,6.679,7.1513,6.862442857142858,7.308656666666666
2019-06-05,7.3594,38.73,19.19,71.24,4.21,0.0,6,156,2,1.2246467991473532e-16,-1.0,0.440518784350495,-0.8977433935342337,6.4334,6.7474,7.1878,6.759885714285715,7.296616666666666
2019-06-06,7.2847,39.26,19.79,64.45,4.08,0.0,6,157,2,1.2246467991473532e-16,-1.0,0.42500033996955416,-0.9051931898913974,7.3594,6.4334,6.4356,6.7844,7.283753333333333
2019-06-07,6.6845,39.65,17.88,98.8,3.62,0.0,6,158,2,1.2246467991473532e-16,-1.0,0.4093559588156213,-0.9123747579707273,7.2847,7.3594,6.251,6.9057,7.273983333333334
2019-06-08,6.5417,39.32,18.03,89.86,2.1,0.05,6,159,2,1.2246467991473532e-16,-1.0,0.39359027665646673,-0.9192859697186104,6.6845,7.2847,7.585,6.9676285714285715,7.230223333333333
2019-06-09,6.8011,39.09,19.56,77.8,1.41,0.0,6,160,2,1.2246467991473532e-16,-1.0,0.3777079652039649,-0.9259247771938498,6.5417,6.6845,6.679,6.818585714285715,7.175456666666666
2019-06-10,7.0375,38.82,18.63,72.12,3.14,0.12,6,161,2,1.2246467991473532e-16,-1.0,0.36171373072976765,-0.9322892131745133,6.8011,6.5417,6.7474,6.836028571428571,7.151606666666667
2019-06-11,7.4815,38.86,21.52,51.93,2.96,0.0,6,162,2,1.2246467991473532e-16,-1.0,0.3456123126707335,-0.9383773917408641,7.0375,6.8011,6.4334,6.877471428571428,7.124286666666666
2019-06-12,6.3283,39.24,24.26,59.97,2.84,0.05,6,163,2,1.2246467991473532e-16,-1.0,0.3294084822245304,-0.9441875088341993,7.4815,7.0375,7.3594,7.0272,7.153716666666667
2019-06-13,6.3754,36.76,33.11,65.55,3.99,0.55,6,164,2,1.2246467991473532e-16,-1.0,0.3131070409358269,-0.9497178427914316,6.3283,7.4815,7.2847,6.879899999999999,7.131676666666666
2019-06-14,5.9513,35.97,36.4,56.2,3.3,5.68,6,165,2,1.2246467991473532e-16,-1.0,0.29671281927349075,-0.9549667548552551,6.3754,6.3283,6.6845,6.75,7.1115433333333335
2019-06-15,5.8193,33.26,48.33,81.29,3.8,9.33,6,166,2,1.2246467991473532e-16,-1.0,0.28023067519921585,-0.9599326896597447,5.9513,6.3754,6.5417,6.645257142857142,7.077406666666667
2019-06-16,7.0003,32.76,48.62,38.87,4.7,0.01,6,167,2,1.2246467991473532e-16,-1.0,0.26366549272800704,-0.9646141756912435,5.8193,5.9513,6.8011,6.542057142857142,7.01132
2019-06-17,6.5206,33.3,44.8,52.66,4.93,0.22,6,168,2,1.2246467991473532e-16,-1.0,0.24702218048093552,-0.9690098257244062,7.0003,5.8193,7.0375,6.570514285714286,6.992343333333333
2019-06-18,6.257,32.98,40.46,64.72,3.71,0.12,6,169,2,1.2246467991473532e-16,-1.0,0.23030567023061221,-0.9731183372332619,6.5206,7.0003,7.4815,6.496671428571429,6.966759999999999
2019-06-19,3.3348,30.11,56.94,74.14,4.47,7.93,6,170,2,1.2246467991473532e-16,-1.0,0.21352091543979612,-0.9769384927771817,6.257,6.5206,6.3283,6.3217428571428576,6.931830000000001
2019-06-20,7.1959,30.97,56.45,27.06,3.77,0.0,6,171,2,1.2246467991473532e-16,-1.0,0.19667288979357647,-0.980469160361632,3.3348,6.257,6.3754,5.894100000000001,6.793183333333333
2019-06-21,5.8778,33.08,45.78,80.1,2.14,0.05,6,172,2,1.2246467991473532e-16,-1.0,0.1797665857255624,-0.9837092937736097,7.1959,3.3348,5.9513,6.011314285714286,6.7784699999999996
2019-06-22,5.7826,34.22,46.93,72.79,2.84,3.92,6,173,2,1.2246467991473532e-16,-1.0,0.16280701293851715,-0.986657932891657,5.8778,7.1959,5.8193,6.000814285714285,6.711763333333334
2019-06-23,5.5164,33.1,47.57,69.38,2.48,0.17,6,174,2,1.2246467991473532e-16,-1.0,0.1457991969198751,-0.9893142039703663,5.7826,5.8778,7.0003,5.995571428571429,6.642773333333333
2019-06-24,5.5985,34.14,43.23,77.74,1.39,1.72,6,175,2,1.2246467991473532e-16,-1.0,0.12874817745258132,-0.99167731989929,5.5164,5.7826,6.5206,5.7835857142857146,6.579693333333334
2019-06-25,6.487,34.49,45.32,62.22,2.93,0.04,6,176,2,1.2246467991473532e-16,-1.0,0.11165900712169512,-0.993746580436178,5.5985,5.5164,6.257,5.651857142857142,6.540556666666666
2019-06-26,5.737,33.68,50.49,73.36,2.94,5.72,6,177,2,1.2246467991473532e-16,-1.0,0.09453674981719912,-0.9955213724144752,6.487,5.5985,3.3348,5.684714285714286,6.510956666666667
2019-06-27,5.2834,29.93,70.18,93.97,3.23,12.94,6,178,2,1.2246467991473532e-16,-1.0,0.07738647923346301,-0.9970011699250151,5.737,6.487,7.1959,6.0278857142857145,6.448103333333333
2019-06-28,5.1826,28.86,75.81,95.68,2.97,32.9,6,179,2,1.2246467991473532e-16,-1.0,0.06021327736579302,-0.9981855344718586,5.2834,5.737,5.8778,5.754671428571429,6.38584
2019-06-29,5.6004,29.59,70.34,83.01,2.57,10.11,6,180,2,1.2246467991473532e-16,-1.0,0.04302223300453059,-0.99907411510223,5.1826,5.2834,5.7826,5.655357142857143,6.319
2019-06-30,3.775,25.73,86.36,88.72,4.09,54.06,6,181,2,1.2246467991473532e-16,-1.0,0.02581844022713308,-0.9996666485105112,5.6004,5.1826,5.5164,5.629328571428571,6.2911600000000005
2019-07-01,5.2418,28.34,77.32,82.0,2.72,16.61,7,182,2,-0.4999999999999997,-0.8660254037844388,0.008606996888688698,-0.9999629591162655,3.775,5.6004,5.5985,5.380557142857143,6.208626666666666
2019-07-02,3.917,29.97,71.92,91.23,3.73,11.46,7,183,2,-0.4999999999999997,-0.8660254037844388,-0.008606996888688009,-0.9999629591162655,5.2418,3.775,6.487,5.3296,6.130520000000001
2019-07-03,1.7899,26.74,87.92,99.27,3.79,33.04,7,184,2,-0.4999999999999997,-0.8660254037844388,-0.02581844022713239,-0.9996666485105112,3.917,5.2418,5.737,4.962457142857143,6.038453333333334
2019-07-04,1.3217,26.62,88.35,99.41,3.85,18.86,7,185,2,-0.4999999999999997,-0.8660254037844388,-0.04302223300453034,-0.99907411510223,1.7899,3.917,5.2834,4.398585714285714,5.8732033333333336
2019-07-05,1.5492,26.04,90.96,99.54,3.85,25.54,7,186,2,-0.4999999999999997,-0.8660254037844388,-0.060213277365792774,-0.9981855344718586,1.3217,1.7899,5.1826,3.8326285714285717,5.702813333333333
2019-07-06,1.3987,25.97,92.22,99.74,4.04,26.06,7,187,2,-0.4999999999999997,-0.8660254037844388,-0.07738647923346322,-0.9970011699250151,1.5492,1.3217,5.6004,3.3135714285714286,5.50914
2019-07-07,4.4258,26.57,86.04,91.87,4.34,5.93,7,188,2,-0.4999999999999997,-0.8660254037844388,-0.09453674981719933,-0.9955213724144752,1.3987,1.5492,3.775,2.7133285714285718,5.312939999999999
2019-07-08,1.878,25.76,89.07,99.42,4.9,15.02,7,189,2,-0.4999999999999997,-0.8660254037844388,-0.11165900712169444,-0.9937465804361781,4.4258,1.3987,5.2418,2.8063,5.23765
2019-07-09,4.1652,27.44,81.7,97.84,3.95,1.53,7,190,2,-0.4999999999999997,-0.8660254037844388,-0.12874817745258066,-0.99167731989929,1.878,4.4258,3.917,2.325757142857143,5.082193333333333
2019-07-10,4.9654,27.69,81.19,98.57,3.72,0.03,7,191,2,-0.4999999999999997,-0.8660254037844388,-0.14579919691987442,-0.9893142039703664,4.1652,1.878,1.7899,2.361214285714286,4.994330000000001
2019-07-11,4.914,27.78,78.3,94.85,4.15,0.0,7,192,2,-0.4999999999999997,-0.8660254037844388,-0.16280701293851646,-0.9866579328916572,4.9654,4.1652,1.3217,2.814857142857143,4.92526
2019-07-12,4.6462,28.09,77.46,84.41,4.04,0.0,7,193,2,-0.4999999999999997,-0.8660254037844388,-0.17976658572556214,-0.9837092937736098,4.914,4.9654,1.5492,3.328042857142857,4.839676666666666
2019-07-13,4.5893,27.86,77.0,96.62,4.3,0.0,7,194,2,-0.4999999999999997,-0.8660254037844388,-0.19667288979357622,-0.9804691603616321,4.6462,4.914,1.3987,3.7704714285714283,4.7836066666666675
2019-07-14,5.5812,26.69,79.92,95.74,4.58,0.01,7,195,2,-0.4999999999999997,-0.8660254037844388,-0.2135209154397959,-0.9769384927771817,4.5893,4.6462,4.4258,4.226271428571429,4.724069999999999
2019-07-15,5.4125,27.87,75.87,95.27,4.39,0.0,7,196,2,-0.4999999999999997,-0.8660254037844388,-0.23030567023061196,-0.973118337233262,5.5812,4.5893,1.878,4.391328571428572,4.711733333333332
2019-07-16,5.8675,28.06,75.95,65.75,3.67,0.0,7,197,2,-0.4999999999999997,-0.8660254037844388,-0.24702218048093527,-0.9690098257244063,5.4125,5.5812,4.1652,4.896257142857143,4.698173333333333
2019-07-17,6.0007,28.28,76.81,60.16,2.89,0.27,7,198,2,-0.4999999999999997,-0.8660254037844388,-0.2636654927280072,-0.9646141756912435,5.8675,5.4125,4.9654,5.139442857142858,4.6604133333333335
2019-07-18,6.3694,28.56,74.14,58.65,1.75,0.02,7,199,2,-0.4999999999999997,-0.8660254037844388,-0.2802306751992161,-0.9599326896597445,6.0007,5.8675,4.914,5.287342857142856,4.643083333333334
2019-07-19,5.1338,28.49,75.67,72.8,1.43,14.39,7,200,2,-0.4999999999999997,-0.8660254037844388,-0.2967128192734901,-0.9549667548552553,6.3694,6.0007,4.6462,5.495257142857143,4.64683
2019-07-20,4.8907,28.43,75.89,84.07,1.08,10.96,7,201,2,-0.4999999999999997,-0.8660254037844388,-0.3131070409358267,-0.9497178427914317,5.1338,6.3694,4.5893,5.564914285714285,4.7067966666666665
2019-07-21,6.3948,28.91,78.06,52.9,1.72,5.93,7,202,2,-0.4999999999999997,-0.8660254037844388,-0.3294084822245302,-0.9441875088341994,4.8907,5.1338,5.5812,5.607971428571429,4.629956666666667
2019-07-22,6.5124,29.05,77.41,67.47,2.25,0.18,7,203,2,-0.4999999999999997,-0.8660254037844388,-0.3456123126707333,-0.9383773917408642,6.3948,4.8907,5.4125,5.724200000000001,4.647189999999999
2019-07-23,6.845,28.68,76.7,79.85,2.48,0.0,7,204,2,-0.4999999999999997,-0.8660254037844388,-0.3617137307297674,-0.9322892131745134,6.5124,6.3948,5.8675,5.881328571428571,4.671516666666666
2019-07-24,5.737,28.74,80.05,95.63,2.34,2.61,7,205,2,-0.4999999999999997,-0.8660254037844388,-0.37770796520396466,-0.9259247771938499,6.845,6.5124,6.0007,6.020971428571428,4.715803333333333
2019-07-25,2.8536,26.45,89.75,99.78,2.18,43.83,7,206,2,-0.4999999999999997,-0.8660254037844388,-0.39359027665646645,-0.9192859697186105,5.737,6.845,6.3694,5.983300000000001,4.72042
2019-07-26,2.5867,26.58,85.0,99.69,4.15,19.46,7,207,2,-0.4999999999999997,-0.8660254037844388,-0.4093559588156211,-0.9123747579707274,2.8536,5.737,5.1338,5.4810428571428575,4.599306666666666
2019-07-27,2.2685,25.89,91.46,99.75,3.65,38.46,7,208,2,-0.4999999999999997,-0.8660254037844388,-0.42500033996955394,-0.9051931898913975,2.5867,2.8536,4.8907,5.11717142857143,4.494296666666667
2019-07-28,2.4118,25.86,88.86,95.9,3.42,21.72,7,209,2,-0.4999999999999997,-0.8660254037844388,-0.4405187843504952,-0.8977433935342336,2.2685,2.5867,6.3948,4.742571428571429,4.3938
2019-07-29,3.3446,27.39,85.64,91.39,1.6,31.69,7,210,2,-0.4999999999999997,-0.8660254037844388,-0.455906693508459,-0.8900275764346766,2.4118,2.2685,6.5124,4.173571428571429,4.3014399999999995
2019-07-30,2.8966,27.75,86.56,99.18,2.26,35.34,7,211,2,-0.4999999999999997,-0.8660254037844388,-0.47115950767386394,-0.8820480249558535,3.3446,2.4118,6.845,3.721028571428571,4.2262466666666665
2019-07-31,1.8852,26.15,88.62,99.61,4.41,31.72,7,212,2,-0.4999999999999997,-0.8660254037844388,-0.4862727071086902,-0.8738071036110807,2.8966,3.3446,5.737,3.156971428571428,4.1969666666666665
2019-08-01,2.5603,27.14,86.26,97.88,2.6,12.23,8,213,2,-0.8660254037844384,-0.5000000000000004,-0.5012418134457756,-0.8653072543632061,1.8852,2.8966,2.8536,2.6067142857142858,4.08508
2019-08-02,2.4286,25.7,91.67,95.68,4.14,31.12,8,214,2,-0.8660254037844384,-0.5000000000000004,-0.5160623910158526,-0.8565509959010037,2.5603,1.8852,2.5867,2.5648142857142857,4.039856666666666
2019-08-03,2.8486,26.56,90.45,99.1,2.83,12.77,8,215,2,-0.8660254037844384,-0.5000000000000004,-0.5307300481619331,-0.8475409228928312,2.4286,2.5603,2.2685,2.5422285714285713,4.061146666666667
2019-08-04,4.1863,26.95,85.97,90.98,1.8,2.99,8,216,2,-0.8660254037844384,-0.5000000000000004,-0.5452404385406507,-0.8382797052177745,2.8486,2.4286,2.4118,2.6251,4.112043333333333
2019-08-05,3.623,26.68,89.76,95.51,2.74,8.62,8,217,2,-0.8660254037844384,-0.5000000000000004,-0.5595892624101763,-0.828770087174504,4.1863,2.8486,3.3446,2.8785999999999996,4.1999466666666665
2019-08-06,2.3021,26.16,92.77,99.26,2.89,21.01,8,218,2,-0.8660254037844384,-0.5000000000000004,-0.5737722679043243,-0.8190148866680802,3.623,4.1863,2.8966,2.9183714285714286,4.27409
2019-08-07,2.053,25.49,94.06,99.13,2.92,21.4,8,219,2,-0.8660254037844384,-0.5000000000000004,-0.5877852522924734,-0.8090169943749472,2.3021,3.623,1.8852,2.833442857142857,4.2033000000000005
2019-08-08,3.1308,26.19,91.97,99.37,3.12,76.8,8,220,2,-0.8660254037844384,-0.5000000000000004,-0.6016240632249227,-0.7987793728863648,2.053,2.3021,2.5603,2.8574142857142855,4.209133333333333
2019-08-09,2.5366,25.62,91.62,94.74,4.82,32.77,8,221,2,-0.8660254037844384,-0.5000000000000004,-0.6152845999633277,-0.7883050558305253,3.1308,2.053,2.4286,2.938914285714286,4.1746533333333335
2019-08-10,4.9459,25.29,88.38,66.37,4.63,0.37,8,222,2,-0.8660254037844384,-0.5000000000000004,-0.6287628145958345,-0.7775971469736268,2.5366,3.1308,2.8486,2.9543428571428576,4.093693333333333
2019-08-11,4.4218,26.02,86.59,72.21,2.62,0.1,8,223,2,-0.8660254037844384,-0.5000000000000004,-0.6420547132365636,-0.7666588193001592,4.9459,2.5366,4.1863,3.2539571428571428,4.094756666666666
2019-08-12,3.3514,26.1,87.64,95.86,3.27,1.68,8,224,2,-0.8660254037844384,-0.5000000000000004,-0.655156357209085,-0.7554933140726804,4.4218,4.9459,3.623,3.2876000000000003,4.087276666666667
2019-08-13,1.5238,25.72,92.42,99.5,3.45,35.55,8,225,2,-0.8660254037844384,-0.5000000000000004,-0.6680638642135333,-0.7441039398713608,3.3514,4.4218,2.3021,3.2487999999999997,4.046013333333333
2019-08-14,1.7342,26.15,91.56,99.13,3.15,54.29,8,226,2,-0.8660254037844384,-0.5000000000000004,-0.6807734094770159,-0.7324940716135792,1.5238,3.3514,2.053,3.1376142857142857,3.9107666666666665
2019-08-15,1.3574,23.6,93.32,97.91,6.67,49.47,8,227,2,-0.8660254037844384,-0.5000000000000004,-0.6932812268869771,-0.7206671495538615,1.7342,1.5238,3.1308,3.092071428571429,3.7881566666666666
2019-08-16,3.4193,24.58,92.65,84.21,5.36,11.11,8,228,2,-0.8660254037844384,-0.5000000000000004,-0.7055836101071774,-0.70862667826446,1.3574,1.7342,2.5366,2.8387285714285713,3.6378199999999996
2019-08-17,4.6157,25.97,88.48,70.39,3.69,3.18,8,229,2,-0.8660254037844384,-0.5000000000000004,-0.7176769136759615,-0.6963762255968726,3.4193,1.3574,4.9459,2.9648285714285714,3.5517733333333337
2019-08-18,1.7777,25.65,90.62,93.29,2.85,12.46,8,230,2,-0.8660254037844384,-0.5000000000000004,-0.7295575540864876,-0.6839194216246104,4.6157,3.4193,4.4218,2.9176571428571427,3.4933166666666664
2019-08-19,5.0753,25.79,90.95,75.19,2.77,9.91,8,231,2,-0.8660254037844384,-0.5000000000000004,-0.7412220108485957,-0.6712599575675315,1.7777,4.6157,3.3514,2.5399285714285713,3.3814466666666667
2019-08-20,4.494,25.58,92.17,91.09,2.71,8.05,8,232,2,-0.8660254037844384,-0.5000000000000004,-0.7526668275320083,-0.6584015846980489,5.0753,1.7777,1.5238,2.7862000000000005,3.3876
2019-08-21,4.3627,25.94,90.6,87.61,3.09,15.09,8,233,2,-0.8660254037844384,-0.5000000000000004,-0.7638886127905429,-0.64534811322955,4.494,5.0753,1.7342,3.210514285714286,3.32424
2019-08-22,4.5816,25.56,90.5,91.04,2.93,7.59,8,234,2,-0.8660254037844384,-0.5000000000000004,-0.7748840413670406,-0.6321034111873488,4.3627,4.494,1.3574,3.586014285714286,3.2525833333333334
2019-08-23,3.7423,25.33,91.99,94.76,2.94,28.42,8,235,2,-0.8660254037844384,-0.5000000000000004,-0.7856498550787144,-0.6186714032625032,4.5816,4.3627,3.4193,4.046614285714286,3.1771366666666667
2019-08-24,1.3738,25.19,94.32,99.25,2.7,44.91,8,236,2,-0.8660254037844384,-0.5000000000000004,-0.7961828637826154,-0.6050560696488494,3.7423,4.5816,4.6157,4.092757142857143,3.110646666666667
2019-08-25,1.4813,25.19,94.64,99.38,2.6,47.93,8,237,2,-0.8660254037844384,-0.5000000000000004,-0.8064799463209447,-0.5912614448635782,1.3738,3.7423,1.7777,3.6296285714285714,3.0613200000000003
2019-08-26,2.6263,25.54,93.12,97.98,2.05,29.14,8,238,2,-0.8660254037844384,-0.5000000000000004,-0.8165380514459157,-0.5772916165517278,1.4813,1.3738,5.0753,3.587285714285714,3.0244733333333333
2019-08-27,4.4026,26.22,89.21,89.4,1.51,26.42,8,239,2,-0.8660254037844384,-0.5000000000000004,-0.8263541987239094,-0.5631507242749187,2.6263,1.4813,4.494,3.237428571428571,3.0364000000000004
2019-08-28,3.0026,25.71,92.0,80.91,1.93,9.0,8,240,2,-0.8660254037844384,-0.5000000000000004,-0.8359254794186365,-0.5488429582847199,4.4026,2.6263,4.3627,3.224371428571428,3.1027600000000004
2019-08-29,4.2898,25.29,91.82,90.19,2.46,23.03,8,241,2,-0.8660254037844384,-0.5000000000000004,-0.8452490573530634,-0.5343725582809785,3.0026,4.4026,4.5816,3.0300714285714285,3.0913600000000003
2019-08-30,3.4603,25.58,90.58,95.19,1.92,9.15,8,242,2,-0.8660254037844384,-0.5000000000000004,-0.8543221697498269,-0.5197438121555157,4.2898,3.0026,3.7423,2.9883857142857146,3.1378
2019-08-31,3.9415,25.79,90.68,92.51,2.04,17.49,8,243,2,-0.8660254037844384,-0.5000000000000004,-0.8631421280499115,-0.5049610547215202,3.4603,4.2898,1.3738,2.9481,3.1903033333333335
2019-09-01,4.6106,26.45,88.43,87.91,1.17,3.19,9,244,2,-1.0,-1.8369701987210297e-16,-0.8717063187093217,-0.4900286664290594,3.9415,3.4603,1.4813,3.3149142857142855,3.236343333333333
2019-09-02,4.2612,26.37,91.81,95.95,1.56,17.97,9,245,2,-1.0,-1.8369701987210297e-16,-0.8800122039735356,-0.4749510720670502,4.6106,3.9415,2.6263,3.7619571428571428,3.309076666666667
2019-09-03,2.7816,26.14,90.88,99.02,2.0,18.29,9,246,2,-1.0,-1.8369701987210297e-16,-0.888057322629493,-0.4597327394521046,4.2612,4.6106,4.4026,3.9955142857142856,3.3561633333333334
2019-09-04,3.7298,26.34,90.14,96.84,1.99,10.76,9,247,2,-1.0,-1.8369701987210297e-16,-0.8958392907349089,-0.4443781781046134,2.7816,4.2612,3.0026,3.7639428571428573,3.3093399999999997
2019-09-05,4.7011,26.25,90.12,91.46,1.61,9.68,9,248,2,-1.0,-1.8369701987210297e-16,-0.9033558023246842,-0.4288919379124841,3.7298,2.7816,4.2898,3.8678285714285714,3.3129
2019-09-06,4.0296,26.94,88.36,92.15,1.27,8.44,9,249,2,-1.0,-1.8369701987210297e-16,-0.9106046300942162,-0.41327860778290443,4.7011,3.7298,3.4603,3.9265857142857143,3.392866666666666
2019-09-07,4.4652,27.59,87.16,91.41,1.15,9.09,9,250,2,-1.0,-1.8369701987210297e-16,-0.9175836260593934,-0.3975428142825566,4.0296,4.7011,3.9415,4.0079142857142855,3.458753333333333
2019-09-08,1.7952,25.71,94.31,99.23,2.34,86.55,9,251,2,-1.0,-1.8369701987210297e-16,-0.9242907221930934,-0.3816892202666586,4.4652,4.0296,4.6106,4.082728571428572,3.5032333333333336
2019-09-09,1.7381,25.9,94.68,99.2,2.06,40.59,9,252,2,-1.0,-1.8369701987210297e-16,-0.9307239310379793,-0.3657225234972692,1.7952,4.4652,4.2612,3.6805285714285714,3.47852
2019-09-10,3.2561,26.18,94.98,99.06,1.73,27.52,9,253,2,-1.0,-1.8369701987210297e-16,-0.9368813462954315,-0.34964745525122826,1.7381,1.7952,2.7816,3.3200857142857143,3.3715933333333337
2019-09-11,1.9058,26.32,92.14,99.15,2.16,15.88,9,254,2,-1.0,-1.8369701987210297e-16,-0.9427611433904206,-0.33346877891818705,3.2561,1.7381,3.7298,3.3878714285714286,3.332736666666667
2019-09-12,0.7471,25.36,95.56,99.1,2.61,108.51,9,255,2,-1.0,-1.8369701987210297e-16,-0.9483615800121716,-0.31719128858910595,1.9058,3.2561,4.7011,3.1272999999999995,3.2845500000000003
2019-09-13,2.1694,25.36,94.3,99.47,2.92,17.66,9,256,2,-1.0,-1.8369701987210297e-16,-0.9536809966304455,-0.300819807635668,0.7471,1.9058,4.0296,2.5624428571428575,3.25866
2019-09-14,2.7854,25.72,93.19,94.19,3.4,9.2,9,257,2,-1.0,-1.8369701987210297e-16,-0.9587178169872964,-0.2843591872810036,2.1694,0.7471,4.4652,2.2967000000000004,3.273166666666667
2019-09-15,2.4739,25.11,95.4,92.97,3.65,8.08,9,258,2,-1.0,-1.8369701987210297e-16,-0.9634705485641486,-0.26781430516217486,2.7854,2.1694,1.7952,2.0567285714285712,3.3207666666666666
2019-09-16,3.2801,25.61,93.79,94.71,2.7,9.37,9,259,2,-1.0,-1.8369701987210297e-16,-0.9679377830240642,-0.25119006388481957,2.4739,2.7854,1.7381,2.1536857142857144,3.2892533333333334
2019-09-17,1.5617,25.91,93.59,97.23,2.2,21.31,9,260,2,-1.0,-1.8369701987210297e-16,-0.9721181966290612,-0.23449138957041052,3.2801,2.4739,3.2561,2.3739714285714286,3.244733333333334
2019-09-18,3.3185,25.87,91.7,88.81,1.83,10.89,9,261,2,-1.0,-1.8369701987210297e-16,-0.9760105506323682,-0.21772323039653224,1.5617,3.2801,1.9058,2.1319142857142857,3.2375333333333334
2019-09-19,4.205,24.86,92.46,94.2,1.78,7.87,9,262,2,-1.0,-1.8369701987210297e-16,-0.9796136916454901,-0.20089055513063528,3.3185,1.5617,0.7471,2.3337285714285714,3.178973333333333
2019-09-20,3.9614,25.37,90.68,94.32,1.98,2.64,9,263,2,-1.0,-1.8369701987210297e-16,-0.9829265519799822,-0.18399835165767986,4.205,3.3185,2.1694,2.827714285714286,3.16934
2019-09-21,3.8083,25.68,89.37,92.69,1.23,30.08,9,264,2,-1.0,-1.8369701987210297e-16,-0.9859481499638303,-0.1670516255021195,3.9614,4.205,2.7854,3.083714285714286,3.1559633333333332
2019-09-22,5.1386,25.81,89.02,76.81,1.25,16.49,9,265,2,-1.0,-1.8369701987210297e-16,-0.9886775902323404,-0.15005539834465262,3.8083,3.9614,2.4739,3.2298428571428572,3.130186666666667
2019-09-23,4.0714,26.17,84.95,87.82,0.89,11.27,9,266,2,-1.0,-1.8369701987210297e-16,-0.9911140639934546,-0.13301470653419636,5.1386,3.8083,3.2801,3.610514285714286,3.17673
2019-09-24,4.0879,25.31,88.62,77.85,1.37,2.54,9,267,2,-1.0,-1.8369701987210297e-16,-0.9932568492674143,-0.11593459959550066,4.0714,5.1386,1.5617,3.723557142857143,3.26665
2019-09-25,3.1361,24.86,92.12,97.16,2.1,2.36,9,268,2,-1.0,-1.8369701987210297e-16,-0.9951053111006974,-0.09882013873287211,4.0879,4.0714,3.3185,4.084442857142856,3.3535366666666664
2019-09-26,2.7677,24.71,91.27,99.48,2.36,8.87,9,269,2,-1.0,-1.8369701987210297e-16,-0.99665890175417,-0.08167639533042288,3.1361,4.0879,4.205,4.0583857142857145,3.3705300000000005
2019-09-27,2.9573,23.92,95.12,99.27,2.56,5.48,9,270,2,-1.0,-1.8369701987210297e-16,-0.9979171608653922,-0.06450844944931625,2.7677,3.1361,3.9614,3.8530571428571427,3.316033333333333
2019-09-28,3.3394,24.75,91.57,97.16,2.82,14.46,9,271,2,-1.0,-1.8369701987210297e-16,-0.9988797155850335,-0.04732138832243232,2.9573,2.7677,3.8083,3.7096142857142853,3.3145233333333333
2019-09-29,4.0663,23.85,92.16,86.52,2.53,8.49,9,272,2,-1.0,-1.8369701987210297e-16,-0.9995462806873573,-0.03012030484690836,3.3394,2.9573,5.1386,3.6426285714285713,3.282843333333333
2019-09-30,4.6178,23.26,92.15,76.04,1.54,1.02,9,273,2,-1.0,-1.8369701987210297e-16,-0.9999166586547379,-0.012910296075008843,4.0663,3.3394,4.0714,3.489442857142857,3.303043333333333
2019-10-01,4.0966,24.53,90.83,93.24,2.5,8.69,10,274,3,-0.8660254037844386,0.5000000000000001,-0.9999907397361901,0.004303538296243821,4.6178,4.0663,4.0879,3.5675,3.3255866666666667
2019-10-02,4.4479,24.33,87.87,65.68,2.65,10.01,10,275,3,-0.8660254037844386,0.5000000000000001,-0.9997685019798909,0.021516097436222233,4.0966,4.6178,3.1361,3.568742857142857,3.3084533333333335
2019-10-03,5.4972,24.9,82.94,12.44,1.31,1.25,10,276,3,-0.8660254037844386,0.5000000000000001,-0.9992500112396835,0.03872228089217399,4.4479,4.0966,2.7677,3.7561428571428572,3.3146766666666663
2019-10-04,5.3136,23.93,84.63,44.28,1.34,0.4,10,277,3,-0.8660254037844386,0.5000000000000001,-0.9984354211555643,0.05591699010060302,5.4972,4.4479,2.9573,4.146071428571429,3.405196666666667
2019-10-05,4.4933,24.93,76.53,69.95,0.66,0.01,10,278,3,-0.8660254037844386,0.5000000000000001,-0.9973249731081555,0.07309512989807776,5.3136,5.4972,3.3394,4.482685714285714,3.45799
2019-10-06,4.6351,25.68,72.35,70.89,0.5,2.03,10,279,3,-0.8660254037844386,0.5000000000000001,-0.9959189961471792,0.0902516100310407,4.4933,5.3136,4.0663,4.6475285714285715,3.4510633333333334
2019-10-07,4.5094,25.14,78.79,64.84,0.83,0.22,10,280,3,-0.8660254037844386,0.5000000000000001,-0.994217906893952,0.10738134666416306,4.6351,4.4933,4.6178,4.728785714285714,3.4712466666666666
2019-10-08,5.5214,24.18,83.36,12.59,1.6,0.0,10,281,3,-0.8660254037844386,0.5000000000000001,-0.9922222094179324,0.12447926388678869,4.5094,4.6351,4.0966,4.713299999999999,3.47272
2019-10-09,5.5421,24.01,81.38,10.19,1.22,0.0,10,282,3,-0.8660254037844386,0.5000000000000001,-0.989932495087353,0.141540295217043,5.5214,4.5094,4.4479,4.916842857142858,3.5969266666666666
2019-10-10,5.3671,24.44,77.81,11.9,0.91,0.0,10,283,3,-0.8660254037844386,0.5000000000000001,-0.9873494423939864,0.15855938510313475,5.5421,5.5214,5.4972,5.073157142857142,3.7237266666666664
2019-10-11,5.0071,24.68,75.51,28.34,0.89,1.62,10,284,3,-0.8660254037844386,0.5000000000000001,-0.9844738167520923,0.17553149042142777,5.3671,5.5421,5.3136,5.054571428571428,3.7940933333333335
2019-10-12,5.9167,24.74,67.51,3.05,0.69,1.04,10,285,3,-0.8660254037844386,0.5000000000000001,-0.9813064702716093,0.19245158197082995,5.0071,5.3671,4.4933,5.010785714285714,3.8974699999999998
2019-10-13,5.3854,24.7,59.91,1.13,0.92,0.0,10,286,3,-0.8660254037844386,0.5000000000000001,-0.9778483415056567,0.20931464596304888,5.9167,5.0071,4.6351,5.214128571428572,4.06979
2019-10-14,5.639,25.45,64.14,6.32,0.59,0.0,10,287,3,-0.8660254037844386,0.5000000000000001,-0.9741004551724206,0.22611568550828803,5.3854,5.9167,4.5094,5.321314285714286,4.17699
2019-10-15,5.4247,24.21,71.31,0.16,1.17,0.0,10,288,3,-0.8660254037844386,0.5000000000000001,-0.970063921851507,0.2428497220959358,5.639,5.3854,5.5214,5.482685714285714,4.27211
2019-10-16,5.3398,22.63,78.12,5.38,1.57,0.0,10,289,3,-0.8660254037844386,0.5000000000000001,-0.965739937654855,0.25951179706979943,5.4247,5.639,5.5421,5.468871428571428,4.37047
2019-10-17,5.2387,22.2,79.59,5.54,1.52,0.0,10,290,3,-0.8660254037844386,0.5000000000000001,-0.9611297838723007,0.27609697309746883,5.3398,5.4247,5.3671,5.43997142857143,4.439126666666667
2019-10-18,4.9615,22.22,80.68,33.43,1.37,0.0,10,291,3,-0.8660254037844386,0.5000000000000001,-0.9562348265919058,0.2926003356333479,5.2387,5.3398,5.0071,5.421628571428571,4.561693333333333
2019-10-19,2.1463,22.77,85.87,99.15,0.99,2.69,10,292,3,-0.8660254037844386,0.5000000000000001,-0.9510565162951536,0.30901699437494723,4.9615,5.2387,5.9167,5.415114285714286,4.61646
2019-10-20,1.6649,22.92,86.2,99.36,1.01,0.32,10,293,3,-0.8660254037844386,0.5000000000000001,-0.9455963874271428,0.3253420847119795,2.1463,4.9615,5.3854,4.876485714285715,4.547836666666667
2019-10-21,2.7012,22.22,86.44,97.75,1.44,0.32,10,294,3,-0.8660254037844386,0.5000000000000001,-0.9398560579418953,0.341570769167856,1.6649,2.1463,5.639,4.3449857142857145,4.471286666666667
2019-10-22,3.7318,22.1,80.36,89.47,1.26,0.2,10,295,3,-0.8660254037844386,0.5000000000000001,-0.9338372288229252,0.35769823883312546,2.7012,1.6649,5.4247,3.9253,4.434383333333333
2019-10-23,1.7184,21.78,74.76,95.86,1.28,0.42,10,296,3,-0.8660254037844386,0.5000000000000001,-0.9275416835791965,0.3737197147904692,3.7318,2.7012,5.3398,3.6834571428571428,4.38749
2019-10-24,5.1782,21.18,74.73,54.93,1.56,0.0,10,297,3,-0.8660254037844386,0.5000000000000001,-0.9209712877166347,0.38963044953078774,1.7184,3.7318,5.2387,3.166114285714286,4.309056666666667
2019-10-25,3.2062,19.75,83.76,99.06,1.99,0.05,10,298,3,-0.8660254037844386,0.5000000000000001,-0.9141279881853337,0.4054257283599973,5.1782,1.7184,4.9615,3.157471428571429,4.3454
2019-10-26,3.575,20.31,85.53,97.49,2.18,0.2,10,299,3,-0.8660254037844386,0.5000000000000001,-0.9070138128026362,0.42110087079608916,3.2062,5.1782,2.1463,2.906714285714286,4.347736666666666
2019-10-27,1.992,21.43,86.2,99.57,1.45,0.22,10,300,3,-0.8660254037844386,0.5000000000000001,-0.8996308696522434,0.4366512319560638,3.575,3.2062,1.6649,3.110814285714286,4.374646666666667
2019-10-28,4.1474,21.73,87.61,85.38,1.46,5.76,10,301,3,-0.8660254037844386,0.5000000000000001,-0.8919813464595487,0.45207220393230374,1.992,3.575,2.7012,3.1575428571428574,4.3424700000000005
2019-10-29,3.8611,22.44,83.23,93.51,1.1,14.11,10,302,3,-0.8660254037844386,0.5000000000000001,-0.8840675099433637,0.46735921715800205,4.1474,1.992,3.7318,3.3641428571428578,4.3694033333333335
2019-10-30,4.009,23.06,78.2,77.25,1.12,5.54,10,303,3,-0.8660254037844386,0.5000000000000001,-0.8758917051442433,0.48250774176121763,3.8611,4.1474,1.7184,3.382614285714286,4.362563333333333
2019-10-31,4.6838,22.8,79.14,47.37,1.07,2.76,10,304,3,-0.8660254037844386,0.5000000000000001,-0.8674563547295971,0.4975132889071803,4.009,3.8611,5.1782,3.7098428571428568,4.34227
2019-11-01,4.4009,22.62,82.03,27.11,1.2,0.0,11,305,3,-0.5000000000000004,0.8660254037844384,-0.858763958275803,0.5123714121284235,4.6838,4.009,3.2062,3.6392142857142855,4.361843333333334
2019-11-02,3.0048,22.79,83.95,94.34,1.05,0.13,11,306,3,-0.5000000000000004,0.8660254037844384,-0.8498170915275277,0.5270777086423724,4.4009,4.6838,3.575,3.809885714285714,4.360276666666667
2019-11-03,2.5402,21.97,87.04,94.83,0.67,0.19,11,307,3,-0.5000000000000004,0.8660254037844384,-0.8406184056344783,0.5416278206559811,3.0048,4.4009,1.992,3.7284285714285716,4.277196666666667
2019-11-04,4.6418,22.7,84.3,29.6,1.04,0.0,11,308,3,-0.5000000000000004,0.8660254037844384,-0.8311706263658079,0.5560174366570446,2.5402,3.0048,4.1474,3.806742857142857,4.18475
2019-11-05,4.2737,22.02,78.87,20.4,1.43,0.0,11,309,3,-0.5000000000000004,0.8660254037844384,-0.8214765533024145,0.5702422926917867,4.6418,2.5402,3.8611,3.8773714285714282,4.1897
2019-11-06,4.3274,21.76,72.95,18.36,1.19,0.0,11,310,3,-0.5000000000000004,0.8660254037844384,-0.8115390590073611,0.5842981736283683,4.2737,4.6418,4.009,3.9363142857142854,4.177653333333334
2019-11-07,3.0466,22.28,83.76,79.9,1.47,3.14,11,311,3,-0.5000000000000004,0.8660254037844384,-0.801361088174677,0.5981809144059159,4.3274,4.2737,4.6838,3.9818000000000002,4.171586666666667
2019-11-08,3.5515,23.15,83.96,60.87,1.48,0.49,11,312,3,-0.5000000000000004,0.8660254037844384,-0.7909456567567774,0.6118864012687242,3.0466,4.3274,4.4009,3.7479142857142853,4.0890933333333335
2019-11-09,4.4714,21.42,79.4,20.65,1.91,0.01,11,313,3,-0.5000000000000004,0.8660254037844384,-0.780295851070776,0.6254105729852457,3.5515,3.0466,3.0048,3.6265714285714283,4.02274
2019-11-10,4.6205,20.71,83.15,0.76,1.69,0.0,11,314,3,-0.5000000000000004,0.8660254037844384,-0.7694148268839381,0.6387494220515268,4.4714,3.5515,2.5402,3.8360857142857148,3.9928833333333333
2019-11-11,4.6987,21.33,74.74,1.91,1.22,0.0,11,315,3,-0.5000000000000004,0.8660254037844384,-0.7583058084785625,0.6518989958787125,4.6205,4.4714,4.6418,4.133271428571429,3.9799966666666666
2019-11-12,4.1494,21.66,69.81,13.62,1.11,0.0,11,316,3,-0.5000000000000004,0.8660254037844384,-0.7469720876965551,0.6648553979642866,4.6987,4.6205,4.2737,4.1414,3.939396666666667
2019-11-13,3.8494,20.97,77.45,32.71,1.29,0.0,11,317,3,-0.5000000000000004,0.8660254037844384,-0.7354170229639858,0.6776147890466887,4.1494,4.6987,4.3274,4.123642857142857,3.8981966666666668
2019-11-14,4.5403,20.25,80.91,19.78,1.44,0.0,11,318,3,-0.5000000000000004,0.8660254037844384,-0.7236440382959124,0.690173388242972,3.8494,4.1494,3.0466,4.055357142857143,3.8385433333333334
2019-11-15,4.517,19.5,77.88,17.73,1.34,0.0,11,319,3,-0.5000000000000004,0.8660254037844384,-0.711656622281775,0.7025274741691566,4.5403,3.8494,3.5515,4.268742857142857,3.8090633333333335
2019-11-16,4.3075,19.74,71.74,4.46,1.15,0.0,11,320,3,-0.5000000000000004,0.8660254037844384,-0.6994583270516471,0.7146733860429608,4.517,4.5403,4.4714,4.406671428571429,3.7816366666666665
2019-11-17,4.7191,19.36,71.07,0.5,1.58,0.0,11,321,3,-0.5000000000000004,0.8660254037844384,-0.6870527672236675,0.7266075247685652,4.3075,4.517,4.6205,4.3832571428571425,3.7505966666666666
2019-11-18,4.5226,19.32,70.23,18.03,1.19,0.0,11,322,3,-0.5000000000000004,0.8660254037844384,-0.6744436188329457,0.7383263540031063,4.7191,4.3075,4.6987,4.397342857142857,3.7425166666666665
2019-11-19,4.4357,19.04,70.94,44.51,0.85,0.0,11,323,3,-0.5000000000000004,0.8660254037844384,-0.661634618242279,0.749826401204568,4.5226,4.7191,4.1494,4.372185714285714,3.821726666666667
2019-11-20,4.2857,19.39,73.78,47.65,1.25,0.0,11,324,3,-0.5000000000000004,0.8660254037844384,-0.6486295610349818,0.7611042586607742,4.4357,4.5226,3.8494,4.413085714285715,3.914086666666667
2019-11-21,4.4028,18.99,79.23,26.6,1.64,0.0,11,325,3,-0.5000000000000004,0.8660254037844384,-0.6354323008901775,0.7721565844991641,4.2857,4.4357,4.5403,4.475414285714286,3.9669033333333332
2019-11-22,4.3241,19.5,77.59,18.0,1.15,0.0,11,326,3,-0.5000000000000004,0.8660254037844384,-0.622046748440868,0.7829801036770624,4.4028,4.2857,4.517,4.4557714285714285,3.98927
2019-11-23,4.1402,19.67,80.69,35.46,1.11,0.0,11,327,3,-0.5000000000000004,0.8660254037844384,-0.6084768701151264,0.7935716089521472,4.3241,4.4028,4.3075,4.428214285714286,4.076126666666666
2019-11-24,3.829,19.31,78.19,64.1,1.5,0.0,11,328,3,-0.5000000000000004,0.8660254037844384,-0.594726686960764,0.8039279618328208,4.1402,4.3241,4.7191,4.404314285714285,4.041526666666667
2019-11-25,4.1026,18.23,78.28,37.29,1.91,0.0,11,329,3,-0.5000000000000004,0.8660254037844384,-0.5808002734538013,0.8140460935082175,3.829,4.1402,4.5226,4.277157142857143,4.062286666666667
2019-11-26,4.1227,18.8,79.91,7.8,1.45,0.0,11,330,3,-0.5000000000000004,0.8660254037844384,-0.5667017562911184,0.8239230057575536,4.1026,3.829,4.4357,4.217157142857142,4.0798733333333335
2019-11-27,4.0843,19.69,80.43,1.91,1.43,0.0,11,331,3,-0.5000000000000004,0.8660254037844384,-0.5524353131676203,0.8335557718385695,4.1227,4.1026,4.2857,4.1724428571428565,4.150896666666666
2019-11-28,4.2946,19.43,81.82,0.39,1.57,0.0,11,332,3,-0.5000000000000004,0.8660254037844384,-0.5380051715382992,0.8429415373547832,4.0843,4.1227,4.4028,4.1436714285714285,4.148793333333333
2019-11-29,4.0152,19.49,77.77,3.92,1.09,0.0,11,333,3,-0.5000000000000004,0.8660254037844384,-0.5234156073655503,0.8520775211013093,4.2946,4.0843,4.3241,4.128214285714285,4.163243333333333
2019-11-30,3.857,19.31,77.42,32.19,1.12,0.0,11,334,3,-0.5000000000000004,0.8660254037844384,-0.5086709438521042,0.8609610158889945,4.0152,4.2946,4.1402,4.084085714285714,4.16345
2019-12-01,3.1598,19.55,80.03,53.28,1.29,0.02,12,335,0,-2.4492935982947064e-16,1.0,-0.49377555015997737,0.8695893893466109,3.857,4.0152,3.829,4.043628571428571,4.13589
2019-12-02,3.3682,19.47,82.09,9.56,1.48,0.01,12,336,0,-2.4492935982947064e-16,1.0,-0.4787338401157883,0.8779600847008883,3.1598,3.857,4.1026,3.9480285714285714,4.09452
2019-12-03,4.0582,17.66,80.32,8.22,1.95,0.0,12,337,0,-2.4492935982947064e-16,1.0,-0.4635502709028512,0.8860706215341378,3.3682,3.1598,4.1227,3.843114285714286,4.106633333333333
2019-12-04,4.3032,16.04,68.09,14.66,1.8,0.0,12,338,0,-2.4492935982947064e-16,1.0,-0.4482293417404106,0.893918596519257,4.0582,3.3682,4.0843,3.8339,4.157233333333333
2019-12-05,4.2367,14.74,69.01,77.1,2.03,0.0,12,339,0,-2.4492935982947064e-16,1.0,-0.4327755925504317,0.9015016841318838,4.3032,4.0582,4.2946,3.8651714285714287,4.145946666666666
2019-12-06,3.9434,14.44,76.54,69.36,2.02,0.0,12,340,0,-2.4492935982947064e-16,1.0,-0.41719360261231697,0.9088176373395028,4.2367,4.3032,4.0152,3.8569,4.144713333333334
2019-12-07,3.781,15.85,79.23,43.77,1.67,0.0,12,341,0,-2.4492935982947064e-16,1.0,-0.4014879892059737,0.9158642882672868,3.9434,4.2367,3.857,3.8466428571428573,4.131913333333333
2019-12-08,3.7778,16.15,83.54,0.71,1.7,0.0,12,342,0,-2.4492935982947064e-16,1.0,-0.38566340624360745,0.9226395488404875,3.781,3.9434,3.1598,3.835785714285715,4.156393333333333
2019-12-09,3.8066,16.8,82.34,6.43,1.47,0.0,12,343,0,-2.4492935982947064e-16,1.0,-0.3697245428906732,0.9291414114031743,3.7778,3.781,3.3682,3.924071428571429,4.163936666666667
2019-12-10,3.7603,16.69,82.39,1.2,1.31,0.0,12,344,0,-2.4492935982947064e-16,1.0,-0.35367612217637207,0.935367949313148,3.8066,3.7778,4.0582,3.9867,4.141776666666667
2019-12-11,3.6938,17.98,77.92,23.57,1.15,0.12,12,345,0,-2.4492935982947064e-16,1.0,-0.33752289959411347,0.941317317512847,3.7603,3.8066,4.3032,3.9441428571428574,4.113103333333333
2019-12-12,2.5798,18.28,85.25,61.52,2.6,9.25,12,346,0,-2.4492935982947064e-16,1.0,-0.32126966169236515,0.9469877530760751,3.6938,3.7603,4.2367,3.8570857142857142,4.079606666666667
2019-12-13,3.6242,18.32,81.78,27.35,2.18,2.63,12,347,0,-2.4492935982947064e-16,1.0,-0.3049212246562894,0.9523775757303973,2.5798,3.6938,3.9434,3.6203857142857143,4.027286666666666
2019-12-14,3.4478,18.42,81.08,34.65,1.22,0.11,12,348,0,-2.4492935982947064e-16,1.0,-0.2884824328806098,0.9574851883550389,3.6242,2.5798,3.781,3.5747857142857145,4.01978
2019-12-15,2.021,16.73,87.44,59.52,1.91,0.43,12,349,0,-2.4492935982947064e-16,1.0,-0.27195815753410524,0.9623090774541487,3.4478,3.6242,3.7778,3.527185714285714,3.9833633333333336
2019-12-16,2.7929,14.73,82.41,39.63,2.09,0.04,12,350,0,-2.4492935982947064e-16,1.0,-0.2553532951161881,0.9668478136052773,2.021,3.4478,3.8066,3.2762142857142855,3.900163333333333
2019-12-17,3.1625,12.48,78.59,46.42,1.79,0.05,12,351,0,-2.4492935982947064e-16,1.0,-0.23867276600594997,0.9711000518829505,2.7929,2.021,3.7603,3.1313999999999997,3.849676666666667
2019-12-18,3.6396,12.89,81.01,30.56,1.55,0.0,12,352,0,-2.4492935982947064e-16,1.0,-0.22192151300416674,0.9750645322571945,3.1625,2.7929,3.6938,3.046,3.79779
2019-12-19,4.1407,14.29,80.68,2.66,1.38,0.0,12,353,0,-2.4492935982947064e-16,1.0,-0.20510449986861926,0.9787400799669153,3.6396,3.1625,2.5798,3.038257142857143,3.7683566666666666
2019-12-20,4.1866,15.16,78.99,38.11,1.18,0.0,12,354,0,-2.4492935982947064e-16,1.0,-0.1882267098432439,0.9821256058680006,4.1407,3.6396,3.6242,3.2612428571428573,3.7585233333333337
2019-12-21,3.9103,16.22,76.35,42.29,1.32,0.0,12,355,0,-2.4492935982947064e-16,1.0,-0.1712931441814778,0.9852201067560606,4.1866,4.1407,3.4478,3.341585714285714,3.7552200000000004
2019-12-22,3.8748,15.66,77.96,22.86,1.77,0.0,12,356,0,-2.4492935982947064e-16,1.0,-0.154308820664281,0.9880226656636976,3.9103,4.1866,2.021,3.407657142857143,3.7388033333333337
2019-12-23,3.5237,15.64,76.7,37.73,1.76,0.03,12,357,0,-2.4492935982947064e-16,1.0,-0.13727877211326517,0.9905324521322227,3.8748,3.9103,2.7929,3.672485714285714,3.723826666666667
2019-12-24,2.2368,16.85,87.49,68.48,1.08,1.6,12,358,0,-2.4492935982947064e-16,1.0,-0.12020804489935275,0.9927487224577402,3.5237,3.8748,3.1625,3.7768857142857146,3.7032766666666666
2019-12-25,1.8264,16.23,89.42,81.63,1.42,1.02,12,359,0,-2.4492935982947064e-16,1.0,-0.10310169744743544,0.9946708199115211,2.2368,3.5237,3.6396,3.644642857142857,3.6502033333333332
2019-12-26,4.2118,13.93,76.74,9.59,2.0,0.0,12,360,0,-2.4492935982947064e-16,1.0,-0.0859647987374467,0.9962981749346077,1.8264,2.2368,4.1407,3.385614285714286,3.5743300000000002
2019-12-27,4.5482,10.57,62.93,1.49,1.91,0.0,12,361,0,-2.4492935982947064e-16,1.0,-0.06880242680232064,0.9976303053065857,4.2118,1.8264,4.1866,3.3957714285714284,3.5773
2019-12-28,4.7182,9.85,65.94,4.15,2.05,0.0,12,362,0,-2.4492935982947064e-16,1.0,-0.05161966722325418,0.9986668162884759,4.5482,4.2118,3.9103,3.4474285714285715,3.592763333333333
2019-12-29,4.1429,10.29,68.19,53.59,1.74,0.0,12,363,0,-2.4492935982947064e-16,1.0,-0.034421611622745804,0.9994074007397048,4.7182,4.5482,3.8748,3.5628428571428574,3.6068833333333337
2019-12-30,4.199,11.0,65.8,14.51,2.23,0.0,12,364,0,-2.4492935982947064e-16,1.0,-0.01721335615583528,0.9998518392091162,4.1429,4.7182,3.5237,3.6011428571428574,3.6111400000000002
2019-12-31,2.0294,11.34,78.41,64.98,2.27,0.52,12,365,0,-2.4492935982947064e-16,1.0,6.432490598706546e-16,1.0,4.199,4.1429,2.2368,3.6976142857142853,3.6225400000000003
2020-01-01,2.0076,13.45,89.55,73.99,2.81,2.42,1,1,0,0.49999999999999994,0.8660254037844387,0.017213356155834685,0.9998518392091162,2.0294,4.199,1.8264,3.667985714285714,3.58486
2020-01-02,1.6097,15.52,88.14,92.2,1.77,2.86,1,2,0,0.49999999999999994,0.8660254037844387,0.03442161162274574,0.9994074007397048,2.0076,2.0294,4.2118,3.693871428571429,3.539506666666667
2020-01-03,2.346,14.81,81.61,74.09,1.67,0.07,1,3,0,0.49999999999999994,0.8660254037844387,0.051619667223253764,0.998666816288476,1.6097,2.0076,4.5482,3.322142857142857,3.45789
2020-01-04,2.5894,13.25,78.87,54.69,1.83,0.0,1,4,0,0.49999999999999994,0.8660254037844387,0.06880242680231986,0.9976303053065857,2.346,1.6097,4.7182,3.0075428571428566,3.39265
2020-01-05,3.9965,12.77,75.1,19.26,1.89,0.0,1,5,0,0.49999999999999994,0.8660254037844387,0.08596479873744647,0.9962981749346078,2.5894,2.346,4.1429,2.7034285714285713,3.3377399999999997
2020-01-06,4.542,13.83,69.29,8.01,1.97,0.0,1,6,0,0.49999999999999994,0.8660254037844387,0.10310169744743485,0.9946708199115211,3.9965,2.5894,4.199,2.682514285714286,3.3395099999999998
2020-01-07,3.8693,15.82,72.33,77.95,1.84,0.0,1,7,0,0.49999999999999994,0.8660254037844387,0.1202080448993527,0.9927487224577402,4.542,3.9965,2.0294,2.7315142857142862,3.3648766666666665
2020-01-08,3.1099,17.05,79.63,29.6,2.79,0.42,1,8,0,0.49999999999999994,0.8660254037844387,0.13727877211326478,0.9905324521322229,3.8693,4.542,2.0076,2.994357142857143,3.367926666666667
2020-01-09,4.2895,12.08,69.59,17.26,2.37,0.05,1,9,0,0.49999999999999994,0.8660254037844387,0.15430882066428117,0.9880226656636976,3.1099,3.8693,1.6097,3.151828571428571,3.3447033333333334
2020-01-10,4.8017,9.61,68.56,16.89,1.68,0.0,1,10,0,0.49999999999999994,0.8660254037844387,0.1712931441814776,0.9852201067560606,4.2895,3.1099,2.346,3.534657142857143,3.3623433333333335
2020-01-11,4.861,10.74,65.4,2.49,1.38,0.0,1,11,0,0.49999999999999994,0.8660254037844387,0.1882267098432442,0.9821256058680006,4.8017,4.2895,2.5894,3.8854714285714285,3.3992733333333334
2020-01-12,4.6469,14.33,53.11,0.19,1.02,0.0,1,12,0,0.49999999999999994,0.8660254037844387,0.2051044998686192,0.9787400799669153,4.861,4.8017,3.9965,4.209985714285715,3.4753133333333337
2020-01-13,4.3853,16.69,63.15,19.68,2.05,0.0,1,13,0,0.49999999999999994,0.8660254037844387,0.2219215130041655,0.9750645322571948,4.6469,4.861,4.542,4.3029,3.509403333333333
2020-01-14,2.5157,17.78,84.68,67.1,1.35,0.56,1,14,0,0.49999999999999994,0.8660254037844387,0.2386727660059501,0.9711000518829505,4.3853,4.6469,3.8693,4.280514285714285,3.540653333333333
2020-01-15,2.526,17.89,76.37,69.75,1.69,0.81,1,15,0,0.49999999999999994,0.8660254037844387,0.255353295116187,0.9668478136052775,2.5157,4.3853,3.1099,4.087142857142857,3.5571433333333338
2020-01-16,1.2079,15.81,76.85,88.87,2.42,0.7,1,16,0,0.49999999999999994,0.8660254037844387,0.2719581575341055,0.9623090774541486,2.526,2.5157,4.2895,4.003728571428572,3.5482466666666665
2020-01-17,3.6338,13.19,75.76,50.83,1.57,0.02,1,17,0,0.49999999999999994,0.8660254037844387,0.288482432880609,0.9574851883550393,1.2079,2.526,4.8017,3.5635,3.4830933333333336
2020-01-18,3.259,13.77,73.74,35.83,1.54,0.0,1,18,0,0.49999999999999994,0.8660254037844387,0.30492122465628907,0.9523775757303974,3.6338,1.2079,4.861,3.396657142857143,3.4829000000000003
2020-01-19,3.9847,12.55,72.32,61.73,1.9,0.0,1,19,0,0.49999999999999994,0.8660254037844387,0.3212696616923644,0.9469877530760753,3.259,3.6338,4.6469,3.1677999999999997,3.45351
2020-01-20,4.7256,12.86,64.2,47.23,1.4,0.0,1,20,0,0.49999999999999994,0.8660254037844387,0.3375228995941133,0.9413173175128471,3.9847,3.259,4.3853,3.0732,3.4467799999999995
2020-01-21,3.5978,17.07,69.77,40.23,1.74,0.28,1,21,0,0.49999999999999994,0.8660254037844387,0.3536761221763716,0.9353679493131483,4.7256,3.9847,2.5157,3.1218142857142857,3.4739566666666666
2020-01-22,2.7406,18.11,82.36,52.54,1.58,1.52,1,22,0,0.49999999999999994,0.8660254037844387,0.3697245428906731,0.9291414114031743,3.5978,4.7256,2.526,3.2763999999999998,3.464723333333333
2020-01-23,4.7218,14.98,68.34,11.15,2.1,0.0,1,23,0,0.49999999999999994,0.8660254037844387,0.38566340624360707,0.9226395488404876,2.7406,3.5978,1.2079,3.307057142857143,3.4386200000000002
2020-01-24,4.7604,13.97,58.19,9.82,1.55,0.0,1,24,0,0.49999999999999994,0.8660254037844387,0.401487989205973,0.9158642882672872,4.7218,2.7406,3.6338,3.809042857142857,3.5214533333333335
2020-01-25,5.0194,15.02,54.42,7.93,1.45,0.0,1,25,0,0.49999999999999994,0.8660254037844387,0.4171936026123168,0.9088176373395029,4.7604,4.7218,3.259,3.969985714285714,3.619253333333333
2020-01-26,4.9042,16.25,55.77,9.88,1.32,0.0,1,26,0,0.49999999999999994,0.8660254037844387,0.4327755925504312,0.901501684131884,5.0194,4.7604,3.9847,4.221471428571428,3.646173333333333
2020-01-27,3.6072,18.56,60.11,70.11,2.21,0.0,1,27,0,0.49999999999999994,0.8660254037844387,0.4482293417404106,0.893918596519257,4.9042,5.0194,4.7256,4.352828571428572,3.65804
2020-01-28,4.4594,17.54,64.81,38.27,2.65,0.0,1,28,0,0.49999999999999994,0.8660254037844387,0.4635502709028509,0.886070621534138,3.6072,4.9042,3.5978,4.1930571428571435,3.6210066666666667
2020-01-29,4.716,15.09,59.47,28.59,2.25,0.0,1,29,0,0.49999999999999994,0.8660254037844387,0.47873384011578846,0.8779600847008882,4.4594,3.6072,2.7406,4.316142857142857,3.6315566666666665
2020-01-30,4.9954,13.51,63.22,15.79,1.85,0.0,1,30,0,0.49999999999999994,0.8660254037844387,0.49377555015997715,0.869589389346611,4.716,4.4594,4.7218,4.598342857142858,3.64879
2020-01-31,4.9838,14.03,55.25,0.77,1.4,0.0,1,31,0,0.49999999999999994,0.8660254037844387,0.5086709438521044,0.8609610158889943,4.9954,4.716,4.7604,4.637428571428571,3.747656666666667
2020-02-01,5.2519,13.89,58.92,0.98,1.97,0.0,2,32,0,0.8660254037844386,0.5000000000000001,0.5234156073655503,0.8520775211013093,4.9838,4.9954,5.0194,4.6693428571428575,3.846863333333333
2020-02-02,5.2555,13.63,56.61,3.67,1.75,0.0,2,33,0,0.8660254037844386,0.5000000000000001,0.5380051715382996,0.8429415373547828,5.2519,4.9838,4.9042,4.7025571428571435,3.96827
2020-02-03,4.5218,15.21,61.46,15.26,1.72,0.01,2,34,0,0.8660254037844386,0.5000000000000001,0.5524353131676196,0.8335557718385699,5.2555,5.2519,3.6072,4.752742857142857,4.065253333333334
2020-02-04,4.464,16.89,73.47,14.34,2.16,0.05,2,35,0,0.8660254037844386,0.5000000000000001,0.5667017562911176,0.8239230057575542,4.5218,5.2555,4.4594,4.8834,4.129666666666667
2020-02-05,5.0796,16.61,65.09,1.34,1.86,0.0,2,36,0,0.8660254037844386,0.5000000000000001,0.5808002734538009,0.8140460935082178,4.464,4.5218,4.716,4.884057142857143,4.14525
2020-02-06,4.5588,16.87,59.54,15.44,1.43,0.0,2,37,0,0.8660254037844386,0.5000000000000001,0.5947266869607634,0.8039279618328213,5.0796,4.464,4.9954,4.936,4.16317
2020-02-07,4.7105,16.16,68.74,3.16,2.04,0.0,2,38,0,0.8660254037844386,0.5000000000000001,0.6084768701151261,0.7935716089521474,4.5588,5.0796,4.9838,4.873628571428571,4.186153333333333
2020-02-08,5.1156,14.29,59.68,2.05,2.95,0.0,2,39,0,0.8660254037844386,0.5000000000000001,0.6220467484408675,0.7829801036770629,4.7105,4.5588,5.2519,4.834585714285715,4.239506666666666
2020-02-09,5.6695,12.99,55.59,0.53,2.29,0.0,2,40,0,0.8660254037844386,0.5000000000000001,0.6354323008901774,0.7721565844991642,5.1156,4.7105,5.2555,4.8151142857142855,4.2670433333333335
2020-02-10,5.383,14.51,53.87,0.92,1.53,0.0,2,41,0,0.8660254037844386,0.5000000000000001,0.6486295610349814,0.7611042586607747,5.6695,5.1156,4.5218,4.874257142857142,4.29597
2020-02-11,5.2159,16.38,54.03,3.64,1.73,0.0,2,42,0,0.8660254037844386,0.5000000000000001,0.6616346182422783,0.7498264012045686,5.383,5.6695,4.464,4.997285714285715,4.31337
2020-02-12,5.4175,17.99,55.44,1.34,1.39,0.0,2,43,0,0.8660254037844386,0.5000000000000001,0.6744436188329455,0.7383263540031065,5.2159,5.383,5.0796,5.1047,4.3323366666666665
2020-02-13,5.436,20.03,45.79,6.37,1.38,0.0,2,44,0,0.8660254037844386,0.5000000000000001,0.6870527672236669,0.7266075247685656,5.4175,5.2159,4.5588,5.152971428571428,4.366743333333333
2020-02-14,5.525,19.08,50.11,0.95,2.12,0.0,2,45,0,0.8660254037844386,0.5000000000000001,0.699458327051647,0.7146733860429609,5.436,5.4175,4.7105,5.2782857142857145,4.464086666666666
2020-02-15,5.4372,19.0,48.56,40.21,1.68,0.0,2,46,0,0.8660254037844386,0.5000000000000001,0.7116566222817746,0.7025274741691571,5.525,5.436,5.1156,5.394642857142856,4.564053333333334
2020-02-16,6.0437,18.8,36.97,7.62,1.54,0.0,2,47,0,0.8660254037844386,0.5000000000000001,0.7236440382959124,0.6901733882429719,5.4372,5.525,5.6695,5.4405857142857155,4.705029999999999
2020-02-17,5.7785,18.72,39.16,0.22,1.55,0.0,2,48,0,0.8660254037844386,0.5000000000000001,0.7354170229639855,0.6776147890466889,6.0437,5.4372,5.383,5.4940428571428575,4.78536
2020-02-18,6.0089,20.2,34.77,3.37,1.36,0.0,2,49,0,0.8660254037844386,0.5000000000000001,0.7469720876965552,0.6648553979642865,5.7785,6.0437,5.2159,5.550542857142858,4.869343333333333
2020-02-19,5.375,20.97,37.18,64.4,1.56,0.0,2,50,0,0.8660254037844386,0.5000000000000001,0.7583058084785624,0.6518989958787126,6.0089,5.7785,5.4175,5.663828571428572,4.936816666666667
2020-02-20,5.3014,21.36,45.75,19.85,2.21,0.0,2,51,0,0.8660254037844386,0.5000000000000001,0.7694148268839378,0.6387494220515272,5.375,6.0089,5.436,5.657757142857143,4.9584633333333334
2020-02-21,5.4713,21.06,50.07,22.48,2.57,0.0,2,52,0,0.8660254037844386,0.5000000000000001,0.7802958510707755,0.6254105729852464,5.3014,5.375,5.525,5.638528571428572,5.01525
2020-02-22,5.4665,19.67,42.09,3.68,2.13,0.0,2,53,0,0.8660254037844386,0.5000000000000001,0.7909456567567772,0.6118864012687243,5.4713,5.3014,5.4372,5.630857142857144,5.106273333333333
2020-02-23,5.0419,19.83,49.02,18.25,2.37,0.0,2,54,0,0.8660254037844386,0.5000000000000001,0.8013610881746766,0.5981809144059165,5.4665,5.4713,6.0437,5.635042857142857,5.131096666666666
2020-02-24,5.1398,19.0,53.14,4.56,1.85,0.0,2,55,0,0.8660254037844386,0.5000000000000001,0.8115390590073611,0.5842981736283683,5.0419,5.4665,5.7785,5.491928571428572,5.140479999999999
2020-02-25,5.4382,19.3,49.71,3.08,1.76,0.0,2,56,0,0.8660254037844386,0.5000000000000001,0.8214765533024142,0.5702422926917871,5.1398,5.0419,6.0089,5.400685714285714,5.144493333333333
2020-02-26,5.6227,20.58,43.36,3.33,1.52,0.0,2,57,0,0.8660254037844386,0.5000000000000001,0.8311706263658079,0.5560174366570446,5.4382,5.1398,5.375,5.319157142857143,5.162293333333333
2020-02-27,5.5807,21.73,44.14,20.16,1.32,0.0,2,58,0,0.8660254037844386,0.5000000000000001,0.8406184056344782,0.5416278206559814,5.6227,5.4382,5.3014,5.3545428571428575,5.229476666666667
2020-02-28,5.2546,22.57,41.51,64.56,1.55,0.0,2,59,0,0.8660254037844386,0.5000000000000001,0.8498170915275278,0.5270777086423722,5.5807,5.6227,5.4713,5.394442857142857,5.266853333333334
2020-02-29,4.1318,23.39,42.61,51.81,2.4,0.33,2,60,0,0.8660254037844386,0.5000000000000001,0.8587639582758029,0.5123714121284237,5.2546,5.5807,5.4665,5.363485714285714,5.284806666666666
2020-03-01,4.8094,24.01,44.07,30.03,2.55,1.33,3,61,1,1.0,6.123233995736766e-17,0.8674563547295969,0.49751328890718066,4.1318,5.2546,5.0419,5.172814285714287,5.25602
2020-03-02,5.334,24.23,41.45,9.34,1.75,0.93,3,62,1,1.0,6.123233995736766e-17,0.8758917051442429,0.48250774176121847,4.8094,4.1318,5.1398,5.139600000000001,5.250206666666667
2020-03-03,5.7766,23.34,37.57,3.28,1.88,0.01,3,63,1,1.0,6.123233995736766e-17,0.8840675099433636,0.4673592171580022,5.334,4.8094,5.4382,5.167342857142857,5.2529433333333335
2020-03-04,5.6354,22.62,43.66,4.85,1.55,0.02,3,64,1,1.0,6.123233995736766e-17,0.8919813464595485,0.45207220393230435,5.7766,5.334,5.6227,5.215685714285714,5.270313333333333
2020-03-05,5.9635,22.11,34.98,13.29,2.49,0.0,3,65,1,1.0,6.123233995736766e-17,0.8996308696522433,0.43665123195606403,5.6354,5.7766,5.5807,5.2175,5.307433333333334
2020-03-06,5.4413,21.9,38.85,31.53,3.67,0.08,3,66,1,1.0,6.123233995736766e-17,0.9070138128026359,0.4211008707960896,5.9635,5.6354,5.2546,5.272185714285714,5.3574166666666665
2020-03-07,6.4488,21.09,39.55,1.91,2.35,0.0,3,67,1,1.0,6.123233995736766e-17,0.9141279881853337,0.40542572835999735,5.4413,5.9635,4.1318,5.298857142857143,5.3694733333333335
2020-03-08,6.5726,20.76,34.05,0.96,1.85,0.0,3,68,1,1.0,6.123233995736766e-17,0.9209712877166346,0.38963044953078796,6.4488,5.4413,4.8094,5.6298571428571424,5.432473333333334
2020-03-09,5.8586,22.41,37.11,26.82,1.74,0.0,3,69,1,1.0,6.123233995736766e-17,0.9275416835791966,0.37371971479046906,6.5726,6.4488,5.334,5.881742857142856,5.494543333333334
2020-03-10,4.5552,24.04,43.9,57.26,2.92,0.67,3,70,1,1.0,6.123233995736766e-17,0.9338372288229252,0.35769823883312546,5.8586,6.5726,5.7766,5.956685714285714,5.51931
2020-03-11,6.5016,23.66,40.09,6.48,2.99,0.08,3,71,1,1.0,6.123233995736766e-17,0.9398560579418954,0.3415707691678556,4.5552,5.8586,5.6354,5.7822000000000005,5.482166666666667
2020-03-12,6.5863,22.72,39.17,10.29,2.98,0.0,3,72,1,1.0,6.123233995736766e-17,0.9455963874271426,0.3253420847119801,6.5016,4.5552,5.9635,5.905942857142857,5.519453333333334
2020-03-13,5.2654,20.93,28.98,37.82,1.99,0.02,3,73,1,1.0,6.123233995736766e-17,0.9510565162951535,0.30901699437494745,6.5863,6.5016,5.4413,5.994914285714286,5.565133333333334
2020-03-14,6.5652,20.62,25.25,4.03,2.21,0.03,3,74,1,1.0,6.123233995736766e-17,0.9562348265919056,0.29260033563334836,5.2654,6.5863,6.4488,5.969785714285714,5.560063333333334
2020-03-15,5.9093,20.16,27.56,46.15,2.11,0.0,3,75,1,1.0,6.123233995736766e-17,0.9611297838723007,0.27609697309746883,6.5652,5.2654,6.5726,5.986414285714287,5.5977033333333335
2020-03-16,6.2717,21.75,30.25,60.35,1.79,0.0,3,76,1,1.0,6.123233995736766e-17,0.9657399376548549,0.2595117970697999,5.9093,6.5652,5.8586,5.8916571428571425,5.6105133333333335
2020-03-17,6.7099,23.87,30.67,6.53,2.19,0.0,3,77,1,1.0,6.123233995736766e-17,0.9700639218515071,0.2428497220959356,6.2717,5.9093,4.5552,5.950671428571428,5.63833
2020-03-18,6.3312,24.86,32.8,12.26,1.55,0.0,3,78,1,1.0,6.123233995736766e-17,0.9741004551724205,0.22611568550828828,6.7099,6.2717,6.5016,6.2584857142857135,5.660536666666667
2020-03-19,5.9352,25.82,36.82,40.48,1.97,0.35,3,79,1,1.0,6.123233995736766e-17,0.9778483415056568,0.20931464596304847,6.3312,6.7099,6.5863,6.234142857142857,5.67896
2020-03-20,4.3274,25.86,36.56,72.26,2.6,0.04,3,80,1,1.0,6.123233995736766e-17,0.9813064702716093,0.19245158197082998,5.9352,6.3312,5.2654,6.141128571428572,5.676503333333333
2020-03-21,6.7133,25.47,25.63,0.22,1.62,0.0,3,81,1,1.0,6.123233995736766e-17,0.9844738167520922,0.1755314904214282,4.3274,5.9352,6.5652,6.007128571428572,5.641583333333333
2020-03-22,5.867,26.62,24.81,17.71,0.89,0.0,3,82,1,1.0,6.123233995736766e-17,0.9873494423939864,0.15855938510313475,6.7133,4.3274,5.9093,6.0282857142857145,5.688646666666666
2020-03-23,6.1205,28.0,25.42,19.22,1.19,0.0,3,83,1,1.0,6.123233995736766e-17,0.989932495087353,0.141540295217043,5.867,6.7133,6.2717,6.0222428571428575,5.701836666666667
2020-03-24,5.9177,28.55,29.25,48.33,1.32,0.0,3,84,1,1.0,6.123233995736766e-17,0.9922222094179323,0.12447926388678915,6.1205,5.867,6.7099,6.000642857142857,5.723636666666667
2020-03-25,4.9162,28.59,37.5,70.5,1.98,4.2,3,85,1,1.0,6.123233995736766e-17,0.994217906893952,0.10738134666416309,5.9177,6.1205,6.3312,5.887471428571429,5.75283
2020-03-26,4.825,26.54,54.19,83.21,1.73,2.17,3,86,1,1.0,6.123233995736766e-17,0.995918996147179,0.09025161003104117,4.9162,5.9177,5.9352,5.685328571428571,5.745376666666667
2020-03-27,2.8126,25.48,61.26,88.93,2.42,5.42,3,87,1,1.0,6.123233995736766e-17,0.9973249731081555,0.07309512989807777,4.825,4.9162,4.3274,5.526728571428571,5.724936666666666
2020-03-28,6.6653,26.0,59.68,37.33,1.02,0.02,3,88,1,1.0,6.123233995736766e-17,0.9984354211555643,0.055916990100603484,2.8126,4.825,6.7133,5.310328571428571,5.631266666666666
2020-03-29,6.8758,26.4,48.41,9.15,1.73,0.0,3,89,1,1.0,6.123233995736766e-17,0.9992500112396835,0.03872228089217446,6.6653,2.8126,5.867,5.303471428571429,5.667419999999999
2020-03-30,7.1299,26.92,38.01,2.95,2.13,0.0,3,90,1,1.0,6.123233995736766e-17,0.9997685019798909,0.021516097436222254,6.8758,6.6653,6.1205,5.447585714285714,5.7214599999999995
2020-03-31,6.7272,27.79,37.35,6.38,2.63,0.03,3,91,1,1.0,6.123233995736766e-17,0.9999907397361901,0.004303538296244289,7.1299,6.8758,5.9177,5.591785714285714,5.821396666666668
2020-04-01,7.051,27.72,27.34,0.86,2.99,0.0,4,92,1,0.8660254037844387,-0.4999999999999998,0.9999166586547379,-0.01291029607500882,6.7272,7.1299,4.9162,5.707428571428572,5.885323333333333
2020-04-02,7.4417,26.73,26.8,0.43,2.59,0.0,4,93,1,0.8660254037844387,-0.4999999999999998,0.9995462806873573,-0.030120304846908114,7.051,6.7272,4.825,6.0124,5.9425566666666665
2020-04-03,7.3968,27.17,23.84,0.29,2.31,0.0,4,94,1,0.8660254037844387,-0.4999999999999998,0.9988797155850336,-0.04732138832243185,7.4417,7.051,2.8126,6.386214285714286,5.99806
2020-04-04,7.241,27.57,20.22,2.48,1.87,0.0,4,95,1,0.8660254037844387,-0.4999999999999998,0.9979171608653922,-0.06450844944931623,7.3968,7.4417,6.6653,7.0411,6.056773333333333
2020-04-05,7.1803,28.85,18.97,0.42,1.63,0.0,4,96,1,0.8660254037844387,-0.4999999999999998,0.9966589017541702,-0.08167639533042241,7.241,7.3968,6.8758,7.123342857142857,6.099356666666667
2020-04-06,6.6962,29.72,20.03,20.17,1.76,0.0,4,97,1,0.8660254037844387,-0.4999999999999998,0.9951053111006976,-0.09882013873287143,7.1803,7.241,7.1299,7.166842857142858,6.157323333333333
2020-04-07,7.1302,29.43,21.0,8.66,1.72,0.0,4,98,1,0.8660254037844387,-0.4999999999999998,0.9932568492674143,-0.11593459959550041,6.6962,7.1803,6.7272,7.1048857142857145,6.16557
2020-04-08,7.4126,29.61,20.34,21.65,3.0,0.0,4,99,1,0.8660254037844387,-0.4999999999999998,0.9911140639934547,-0.1330147065341959,7.1302,6.6962,7.051,7.162457142857143,6.1841566666666665
2020-04-09,7.2672,29.21,21.81,13.65,1.87,0.0,4,100,1,0.8660254037844387,-0.4999999999999998,0.9886775902323405,-0.1500553983446526,7.4126,7.1302,7.4417,7.2141142857142855,6.235956666666667
2020-04-10,6.8669,30.68,19.49,16.5,1.22,0.0,4,101,1,0.8660254037844387,-0.4999999999999998,0.9859481499638304,-0.16705162550211924,7.2672,7.4126,7.3968,7.189185714285714,6.326356666666666
2020-04-11,6.8239,31.27,19.0,30.33,1.67,0.0,4,102,1,0.8660254037844387,-0.4999999999999998,0.9829265519799822,-0.18399835165768005,6.8669,7.2672,7.241,7.113485714285715,6.338533333333333
2020-04-12,7.3078,31.5,19.8,12.49,2.11,0.0,4,103,1,0.8660254037844387,-0.4999999999999998,0.9796136916454901,-0.20089055513063506,6.8239,6.8669,7.1803,7.0539000000000005,6.346453333333333
2020-04-13,7.3517,31.97,20.47,28.99,1.98,0.0,4,104,1,0.8660254037844387,-0.4999999999999998,0.9760105506323683,-0.21772323039653177,7.3078,6.8239,6.6962,7.072114285714286,6.414533333333334
2020-04-14,6.4759,33.59,18.6,52.5,1.45,0.0,4,105,1,0.8660254037844387,-0.4999999999999998,0.9721181966290613,-0.23449138957040985,7.3517,7.3078,7.1302,7.165757142857143,6.4407499999999995
2020-04-15,6.396,33.38,19.3,40.69,1.95,0.0,4,106,1,0.8660254037844387,-0.4999999999999998,0.9679377830240642,-0.25119006388481935,6.4759,7.3517,7.4126,7.072285714285714,6.4596366666666665
2020-04-16,7.3877,33.3,20.01,15.34,2.39,0.0,4,107,1,0.8660254037844387,-0.4999999999999998,0.9634705485641488,-0.2678143051621742,6.396,6.4759,7.2672,6.9270571428571435,6.463780000000001
2020-04-17,6.48,33.0,20.18,44.07,3.92,0.0,4,108,1,0.8660254037844387,-0.4999999999999998,0.9587178169872964,-0.2843591872810034,7.3877,6.396,6.8669,6.944271428571428,6.486373333333334
2020-04-18,5.4864,32.52,25.25,68.14,2.59,0.48,4,109,1,0.8660254037844387,-0.4999999999999998,0.9536809966304457,-0.30081980763566735,6.48,7.3877,6.8239,6.889,6.491333333333333
2020-04-19,6.283,32.6,23.3,54.45,3.37,0.05,4,110,1,0.8660254037844387,-0.4999999999999998,0.9483615800121715,-0.3171912885891061,5.4864,6.48,7.3078,6.697928571428572,6.476373333333333
2020-04-20,6.1092,31.41,25.83,81.35,2.82,0.0,4,111,1,0.8660254037844387,-0.4999999999999998,0.9427611433904207,-0.3334687789181868,6.283,5.4864,7.3517,6.551528571428571,6.54156
2020-04-21,6.798,29.92,30.93,20.53,2.24,0.0,4,112,1,0.8660254037844387,-0.4999999999999998,0.9368813462954315,-0.3496474552512284,6.1092,6.283,6.4759,6.374028571428572,6.521423333333334
2020-04-22,6.9931,32.01,22.26,31.21,2.25,0.0,4,113,1,0.8660254037844387,-0.4999999999999998,0.9307239310379795,-0.36572252349726897,6.798,6.1092,6.396,6.420042857142858,6.552456666666667
2020-04-23,6.2513,32.69,24.17,49.94,2.96,0.0,4,114,1,0.8660254037844387,-0.4999999999999998,0.9242907221930933,-0.3816892202666588,6.9931,6.798,7.3877,6.505342857142857,6.581543333333333
2020-04-24,6.2774,33.15,26.75,34.79,2.64,0.11,4,115,1,0.8660254037844387,-0.4999999999999998,0.9175836260593937,-0.39754281428255595,6.2513,6.9931,6.48,6.342999999999999,6.592663333333333
2020-04-25,7.3121,32.69,24.68,16.98,3.0,0.0,4,116,1,0.8660254037844387,-0.4999999999999998,0.9106046300942162,-0.41327860778290415,6.2774,6.2513,5.4864,6.314057142857143,6.638036666666666
2020-04-26,7.061,32.13,23.58,29.5,2.17,0.01,4,117,1,0.8660254037844387,-0.4999999999999998,0.9033558023246845,-0.4288919379124835,7.3121,6.2774,6.283,6.574871428571429,6.720940000000001
2020-04-27,6.5126,32.3,27.02,47.88,2.36,0.3,4,118,1,0.8660254037844387,-0.4999999999999998,0.895839290734909,-0.44437817810461316,7.061,7.3121,6.1092,6.686014285714286,6.862553333333334
2020-04-28,6.829,32.18,27.48,18.6,2.4,0.08,4,119,1,0.8660254037844387,-0.4999999999999998,0.8880573226294932,-0.45973273945210397,6.5126,7.061,6.798,6.7436428571428575,6.8574633333333335
2020-04-29,6.5664,32.32,28.83,26.16,2.19,0.44,4,120,1,0.8660254037844387,-0.4999999999999998,0.8800122039735357,-0.47495107206704995,6.829,6.5126,6.9931,6.7480714285714285,6.855903333333334
2020-04-30,6.3427,33.15,26.6,49.93,1.96,0.34,4,121,1,0.8660254037844387,-0.4999999999999998,0.8717063187093218,-0.4900286664290592,6.5664,6.829,6.2513,6.687114285714286,6.83712
2020-05-01,7.1028,34.29,21.5,31.76,2.28,0.1,5,122,1,0.49999999999999994,-0.8660254037844387,0.8631421280499114,-0.5049610547215204,6.3427,6.5664,6.2774,6.700171428571429,6.824303333333334
2020-05-02,7.8547,34.06,19.49,4.27,2.4,0.0,5,123,1,0.49999999999999994,-0.8660254037844387,0.854322169749827,-0.5197438121555155,7.1028,6.3427,7.3121,6.818085714285714,6.82603
2020-05-03,7.8458,33.65,20.67,18.49,2.7,0.0,5,124,1,0.49999999999999994,-0.8660254037844387,0.8452490573530633,-0.5343725582809786,7.8547,7.1028,7.061,6.8956,6.8397966666666665
2020-05-04,7.1218,34.71,24.17,36.08,2.79,0.18,5,125,1,0.49999999999999994,-0.8660254037844387,0.8359254794186372,-0.548842958284719,7.8458,7.8547,6.5126,7.007714285714286,6.8547633333333335
2020-05-05,7.5295,33.35,29.43,17.93,3.2,0.22,5,126,1,0.49999999999999994,-0.8660254037844387,0.8263541987239096,-0.5631507242749186,7.1218,7.8458,6.829,7.094742857142857,6.85079
2020-05-06,6.6598,33.7,25.25,47.22,2.22,0.0,5,127,1,0.49999999999999994,-0.8660254037844387,0.8165380514459161,-0.5772916165517272,7.5295,7.1218,6.5664,7.194814285714286,6.862430000000001
2020-05-07,7.3886,34.1,22.25,30.9,2.39,0.89,5,128,1,0.49999999999999994,-0.8660254037844387,0.8064799463209448,-0.5912614448635781,6.6598,7.5295,6.3427,7.208157142857142,6.8612166666666665
2020-05-08,7.6714,34.06,19.01,22.43,1.98,0.0,5,129,1,0.49999999999999994,-0.8660254037844387,0.7961828637826158,-0.6050560696488488,7.3886,6.6598,7.1028,7.357571428571428,6.869829999999999
2020-05-09,6.7265,35.15,19.33,41.18,2.48,0.0,5,130,1,0.49999999999999994,-0.8660254037844387,0.7856498550787147,-0.6186714032625031,7.6714,7.3886,7.8547,7.4388000000000005,6.878456666666667
2020-05-10,6.8482,35.52,20.08,68.54,2.54,0.21,5,131,1,0.49999999999999994,-0.8660254037844387,0.7748840413670407,-0.6321034111873487,6.7265,7.6714,7.8458,7.277628571428572,6.860433333333333
2020-05-11,6.6943,34.74,24.41,72.25,2.26,2.43,5,132,1,0.49999999999999994,-0.8660254037844387,0.7638886127905428,-0.6453481132295501,6.8482,6.7265,7.1218,7.135114285714286,6.85981
2020-05-12,6.9852,34.12,30.26,53.48,2.5,2.21,5,133,1,0.49999999999999994,-0.8660254037844387,0.7526668275320085,-0.6584015846980488,6.6943,6.8482,7.5295,7.074042857142857,6.8554900000000005
2020-05-13,6.3794,34.8,28.73,50.73,1.81,0.03,5,134,1,0.49999999999999994,-0.8660254037844387,0.7412220108485958,-0.6712599575675313,6.9852,6.6943,6.6598,6.9962857142857136,6.844736666666666
2020-05-14,6.683,34.98,29.8,47.33,2.04,1.75,5,135,1,0.49999999999999994,-0.8660254037844387,0.7295575540864875,-0.6839194216246106,6.3794,6.9852,7.3886,6.956228571428572,6.812326666666666
2020-05-15,6.2899,35.59,24.96,44.44,2.08,0.01,5,136,1,0.49999999999999994,-0.8660254037844387,0.717676913675962,-0.6963762255968722,6.683,6.3794,7.6714,6.855428571428571,6.81923
2020-05-16,6.4428,35.42,24.51,54.28,2.25,0.24,5,137,1,0.49999999999999994,-0.8660254037844387,0.705583610107178,-0.7086266782644596,6.2899,6.683,6.7265,6.658071428571428,6.815693333333333
2020-05-17,6.9024,35.48,23.73,37.21,1.81,0.95,5,138,1,0.49999999999999994,-0.8660254037844387,0.6932812268869777,-0.7206671495538609,6.4428,6.2899,6.8482,6.617542857142857,6.7841966666666655
2020-05-18,6.8906,34.64,21.68,55.99,3.55,0.04,5,139,1,0.49999999999999994,-0.8660254037844387,0.6807734094770161,-0.7324940716135789,6.9024,6.4428,6.6943,6.625285714285715,6.798276666666666
2020-05-19,7.783,34.25,18.33,61.95,3.21,0.01,5,140,1,0.49999999999999994,-0.8660254037844387,0.6680638642135335,-0.7441039398713607,6.8906,6.9024,6.9852,6.653328571428572,6.845083333333333
2020-05-20,8.4502,34.24,10.81,17.8,4.84,0.0,5,141,1,0.49999999999999994,-0.8660254037844387,0.6551563572090853,-0.7554933140726803,7.783,6.8906,6.3794,6.7673000000000005,6.895083333333334
2020-05-21,8.1869,33.98,13.49,15.54,3.93,0.0,5,142,1,0.49999999999999994,-0.8660254037844387,0.6420547132365637,-0.766658819300159,8.4502,7.783,6.683,7.063128571428572,6.973116666666667
2020-05-22,8.0878,35.11,17.47,14.23,4.8,0.0,5,143,1,0.49999999999999994,-0.8660254037844387,0.6287628145958344,-0.7775971469736269,8.1869,8.4502,6.2899,7.277971428571428,7.0194133333333335
2020-05-23,7.8552,36.32,19.29,2.62,4.7,0.0,5,144,1,0.49999999999999994,-0.8660254037844387,0.6152845999633276,-0.7883050558305255,8.0878,8.1869,6.4428,7.534814285714286,7.055903333333333
2020-05-24,7.9394,36.51,17.74,7.31,4.23,0.0,5,145,1,0.49999999999999994,-0.8660254037844387,0.6016240632249226,-0.7987793728863649,7.8552,8.0878,6.9024,7.736585714285714,7.109366666666667
2020-05-25,7.8953,36.61,19.38,1.68,3.82,0.0,5,146,1,0.49999999999999994,-0.8660254037844387,0.5877852522924732,-0.8090169943749473,7.9394,7.8552,6.8906,7.884728571428572,7.164766666666667
2020-05-26,7.9562,36.67,16.51,0.17,4.26,0.0,5,147,1,0.49999999999999994,-0.8660254037844387,0.5737722679043246,-0.8190148866680801,7.8953,7.9394,7.783,8.028257142857143,7.184206666666666
2020-05-27,7.7573,36.58,22.67,5.88,4.96,0.0,5,148,1,0.49999999999999994,-0.8660254037844387,0.5595892624101765,-0.8287700871745038,7.9562,7.8953,8.4502,8.052999999999999,7.214046666666666
2020-05-28,7.6373,36.01,28.65,10.12,4.45,0.0,5,149,1,0.49999999999999994,-0.8660254037844387,0.545240438540651,-0.8382797052177744,7.7573,7.9562,8.1869,7.954014285714286,7.255536666666667
2020-05-29,6.9389,35.87,30.78,33.82,3.64,0.01,5,150,1,0.49999999999999994,-0.8660254037844387,0.5307300481619334,-0.8475409228928311,7.6373,7.7573,8.0878,7.875500000000001,7.282479999999999
2020-05-30,6.81,35.28,32.01,28.84,3.49,0.01,5,151,1,0.49999999999999994,-0.8660254037844387,0.5160623910158528,-0.8565509959010036,6.9389,7.6373,7.8552,7.711371428571428,7.294896666666667
2020-05-31,6.541,34.55,27.76,38.03,2.85,0.0,5,152,1,0.49999999999999994,-0.8660254037844387,0.5012418134457758,-0.865307254363206,6.81,6.9389,7.9394,7.562057142857142,7.310473333333333
2020-06-01,5.3578,33.67,31.03,75.97,1.6,0.02,6,153,2,1.2246467991473532e-16,-1.0,0.48627270710868997,-0.8738071036110808,6.541,6.81,7.8953,7.362285714285713,7.291746666666667
2020-06-02,3.3758,31.05,40.55,98.99,1.9,0.76,6,154,2,1.2246467991473532e-16,-1.0,0.4711595076738638,-0.8820480249558537,5.3578,6.541,7.9562,6.999785714285714,7.208516666666667
2020-06-03,3.4874,30.6,41.77,99.55,3.89,8.76,6,155,2,1.2246467991473532e-16,-1.0,0.4559066935084588,-0.8900275764346767,3.3758,5.3578,7.7573,6.345442857142857,7.059516666666667
2020-06-04,1.542,23.41,84.08,92.05,5.39,47.77,6,156,2,1.2246467991473532e-16,-1.0,0.440518784350495,-0.8977433935342337,3.4874,3.3758,7.6373,5.735457142857143,6.938370000000001
2020-06-05,6.3382,25.87,70.38,43.26,2.51,9.62,6,157,2,1.2246467991473532e-16,-1.0,0.42500033996955416,-0.9051931898913974,1.542,3.4874,6.9389,4.8647,6.738786666666667
2020-06-06,6.1786,27.19,71.65,74.65,2.69,3.66,6,158,2,1.2246467991473532e-16,-1.0,0.4093559588156213,-0.9123747579707273,6.3382,1.542,6.81,4.778885714285715,6.728066666666667
2020-06-07,6.3564,28.41,64.71,56.13,2.51,1.57,6,159,2,1.2246467991473532e-16,-1.0,0.39359027665646673,-0.9192859697186104,6.1786,6.3382,6.541,4.688685714285714,6.687733333333333
2020-06-08,6.5928,29.09,61.87,52.88,2.43,0.01,6,160,2,1.2246467991473532e-16,-1.0,0.3777079652039649,-0.9259247771938498,6.3564,6.1786,5.3578,4.662314285714286,6.6439
2020-06-09,6.9502,30.56,56.61,69.86,3.03,0.83,6,161,2,1.2246467991473532e-16,-1.0,0.36171373072976765,-0.9322892131745133,6.5928,6.3564,3.3758,4.838742857142857,6.639443333333333
2020-06-10,6.5141,31.65,58.22,61.49,3.31,2.56,6,162,2,1.2246467991473532e-16,-1.0,0.3456123126707335,-0.9383773917408641,6.9502,6.5928,3.4874,5.349371428571429,6.642843333333333
2020-06-11,5.8747,31.51,63.28,82.81,3.45,3.44,6,163,2,1.2246467991473532e-16,-1.0,0.3294084822245304,-0.9441875088341993,6.5141,6.9502,1.542,5.781757142857143,6.6368366666666665
2020-06-12,5.7883,31.96,58.86,80.91,2.59,0.04,6,164,2,1.2246467991473532e-16,-1.0,0.3131070409358269,-0.9497178427914316,5.8747,6.5141,6.3382,6.400714285714286,6.599819999999999
2020-06-13,5.3143,29.69,67.43,91.23,2.24,5.92,6,165,2,1.2246467991473532e-16,-1.0,0.29671281927349075,-0.9549667548552551,5.7883,5.8747,6.1786,6.322157142857144,6.580116666666667
2020-06-14,4.1321,30.37,66.64,98.32,1.59,1.33,6,166,2,1.2246467991473532e-16,-1.0,0.28023067519921585,-0.9599326896597447,5.3143,5.7883,6.3564,6.198685714285714,6.534493333333334
2020-06-15,5.3882,30.31,67.97,91.27,2.32,10.01,6,167,2,1.2246467991473532e-16,-1.0,0.26366549272800704,-0.9646141756912435,4.1321,5.3143,6.5928,5.880928571428571,6.462566666666666
2020-06-16,5.5694,31.45,61.64,96.57,2.81,2.31,6,168,2,1.2246467991473532e-16,-1.0,0.24702218048093552,-0.9690098257244062,5.3882,4.1321,6.9502,5.708842857142857,6.427413333333334
2020-06-17,5.7019,30.24,69.14,87.27,4.72,23.88,6,169,2,1.2246467991473532e-16,-1.0,0.23030567023061221,-0.9731183372332619,5.5694,5.3882,6.5141,5.511585714285714,6.382980000000001
2020-06-18,6.4675,29.34,72.09,67.74,4.24,22.52,6,170,2,1.2246467991473532e-16,-1.0,0.21352091543979612,-0.9769384927771817,5.7019,5.5694,5.8747,5.395557142857143,6.343356666666667
2020-06-19,5.8265,29.23,74.37,75.89,3.99,17.55,6,171,2,1.2246467991473532e-16,-1.0,0.19667288979357647,-0.980469160361632,6.4675,5.7019,5.7883,5.480242857142857,6.299506666666667
2020-06-20,3.5549,28.03,74.24,97.79,4.89,9.81,6,172,2,1.2246467991473532e-16,-1.0,0.1797665857255624,-0.9837092937736097,5.8265,6.4675,5.3143,5.4857000000000005,6.2120500000000005
2020-06-21,6.6823,29.42,71.38,68.78,4.24,12.57,6,173,2,1.2246467991473532e-16,-1.0,0.16280701293851715,-0.986657932891657,3.5549,5.8265,4.1321,5.234357142857143,6.057649999999999
2020-06-22,6.2489,29.33,71.9,70.07,3.36,10.06,6,174,2,1.2246467991473532e-16,-1.0,0.1457991969198751,-0.9893142039703663,6.6823,3.5549,5.3882,5.5986714285714285,6.010800000000001
2020-06-23,2.8042,28.3,76.19,99.3,3.34,7.91,6,175,2,1.2246467991473532e-16,-1.0,0.12874817745258132,-0.99167731989929,6.2489,6.6823,5.5694,5.721628571428572,5.957256666666667
2020-06-24,4.1834,26.83,85.24,80.12,2.88,27.12,6,176,2,1.2246467991473532e-16,-1.0,0.11165900712169512,-0.993746580436178,2.8042,6.2489,5.7019,5.3266,5.786083333333334
2020-06-25,4.7225,27.42,82.65,93.0,1.8,2.74,6,177,2,1.2246467991473532e-16,-1.0,0.09453674981719912,-0.9955213724144752,4.1834,2.8042,6.4675,5.109671428571429,5.662353333333333
2020-06-26,4.079,27.28,83.79,98.24,3.49,6.64,6,178,2,1.2246467991473532e-16,-1.0,0.07738647923346301,-0.9970011699250151,4.7225,4.1834,5.8265,4.860385714285714,5.554563333333333
2020-06-27,4.3003,27.09,81.61,98.2,3.15,3.96,6,179,2,1.2246467991473532e-16,-1.0,0.06021327736579302,-0.9981855344718586,4.079,4.7225,3.5549,4.610742857142857,5.431953333333333
2020-06-28,5.6566,28.57,76.93,82.58,3.41,3.19,6,180,2,1.2246467991473532e-16,-1.0,0.04302223300453059,-0.99907411510223,4.3003,4.079,6.6823,4.7172285714285715,5.32072
2020-06-29,5.4456,28.54,76.35,76.76,2.83,1.37,6,181,2,1.2246467991473532e-16,-1.0,0.02581844022713308,-0.9996666485105112,5.6566,4.3003,6.2489,4.5707,5.277976666666666
2020-06-30,6.6281,28.8,76.58,62.14,2.05,3.82,6,182,2,1.2246467991473532e-16,-1.0,0.008606996888688698,-0.9999629591162655,5.4456,5.6566,2.8042,4.4559428571428565,5.232496666666666
2020-07-01,6.3737,28.52,78.49,68.76,2.76,3.1,7,183,2,-0.4999999999999997,-0.8660254037844388,-0.008606996888688009,-0.9999629591162655,6.6281,5.4456,4.1834,5.002214285714286,5.235399999999999
2020-07-02,4.9018,27.77,82.32,94.24,3.44,7.86,7,184,2,-0.4999999999999997,-0.8660254037844388,-0.02581844022713239,-0.9996666485105112,6.3737,6.6281,4.7225,5.315114285714286,5.269263333333333
2020-07-03,4.2888,27.4,84.25,99.09,2.47,5.03,7,185,2,-0.4999999999999997,-0.8660254037844388,-0.04302223300453034,-0.99907411510223,4.9018,6.3737,4.079,5.340728571428571,5.320130000000001
2020-07-04,5.6352,28.14,83.52,94.98,1.78,2.07,7,186,2,-0.4999999999999997,-0.8660254037844388,-0.060213277365792774,-0.9981855344718586,4.2888,4.9018,4.3003,5.370699999999999,5.346843333333333
2020-07-05,2.819,27.12,84.32,99.02,1.85,12.56,7,187,2,-0.4999999999999997,-0.8660254037844388,-0.07738647923346322,-0.9970011699250151,5.6352,4.2888,5.6566,5.5614,5.483283333333333
2020-07-06,4.5516,26.94,81.63,98.11,2.27,14.43,7,188,2,-0.4999999999999997,-0.8660254037844388,-0.09453674981719933,-0.9955213724144752,2.819,5.6352,5.4456,5.156028571428571,5.365976666666667
2020-07-07,5.2373,26.77,82.64,92.42,2.88,2.92,7,189,2,-0.4999999999999997,-0.8660254037844388,-0.11165900712169444,-0.9937465804361781,4.5516,2.819,6.6281,5.028314285714286,5.311743333333334
2020-07-08,5.4401,28.03,78.08,73.38,2.75,0.09,7,190,2,-0.4999999999999997,-0.8660254037844388,-0.12874817745258066,-0.99167731989929,5.2373,4.5516,6.3737,4.829628571428572,5.274439999999999
2020-07-09,6.0276,28.16,76.39,84.96,3.75,0.17,7,191,2,-0.4999999999999997,-0.8660254037844388,-0.14579919691987442,-0.9893142039703664,5.4401,5.2373,4.9018,4.696257142857143,5.236016666666667
2020-07-10,5.873,26.35,85.15,98.01,3.76,4.05,7,192,2,-0.4999999999999997,-0.8660254037844388,-0.16280701293851646,-0.9866579328916572,6.0276,5.4401,4.2888,4.857085714285715,5.205263333333333
2020-07-11,4.4782,27.61,79.06,90.3,4.14,0.69,7,193,2,-0.4999999999999997,-0.8660254037844388,-0.17976658572556214,-0.9837092937736098,5.873,6.0276,5.6352,5.083399999999999,5.183893333333333
2020-07-12,4.3733,27.54,79.04,81.17,3.54,4.03,7,194,2,-0.4999999999999997,-0.8660254037844388,-0.19667288979357622,-0.9804691603616321,4.4782,5.873,2.819,4.918114285714286,5.137343333333334
2020-07-13,5.5428,27.94,80.11,90.05,3.36,4.57,7,195,2,-0.4999999999999997,-0.8660254037844388,-0.2135209154397959,-0.9769384927771817,4.3733,4.4782,4.5516,5.140157142857142,5.090176666666666
2020-07-14,3.9744,26.83,83.87,97.84,1.7,0.48,7,196,2,-0.4999999999999997,-0.8660254037844388,-0.23030567023061196,-0.973118337233262,5.5428,4.3733,5.2373,5.281757142857144,5.097793333333333
2020-07-15,4.5367,27.6,81.67,95.24,1.68,7.97,7,197,2,-0.4999999999999997,-0.8660254037844388,-0.24702218048093527,-0.9690098257244063,3.9744,5.5428,5.4401,5.101342857142858,5.092536666666667
2020-07-16,4.5977,28.05,77.99,60.44,1.33,1.72,7,198,2,-0.4999999999999997,-0.8660254037844388,-0.2636654927280072,-0.9646141756912435,4.5367,3.9744,6.0276,4.9722857142857135,5.0641533333333335
2020-07-17,6.2923,28.57,76.55,43.86,2.41,1.13,7,199,2,-0.4999999999999997,-0.8660254037844388,-0.2802306751992161,-0.9599326896597445,4.5977,4.5367,5.873,4.768014285714286,5.031763333333333
2020-07-18,6.9581,28.63,75.93,53.95,2.09,0.15,7,200,2,-0.4999999999999997,-0.8660254037844388,-0.2967128192734901,-0.9549667548552553,6.2923,4.5977,4.4782,4.827914285714286,5.051443333333333
2020-07-19,5.7499,28.33,77.11,94.7,3.28,0.17,7,201,2,-0.4999999999999997,-0.8660254037844388,-0.3131070409358267,-0.9497178427914317,6.9581,6.2923,4.3733,5.182185714285715,5.067796666666666
2020-07-20,4.5048,27.99,80.08,98.1,3.74,8.66,7,202,2,-0.4999999999999997,-0.8660254037844388,-0.3294084822245302,-0.9441875088341994,5.7499,6.9581,5.5428,5.378842857142857,5.065243333333332
2020-07-21,6.192,27.68,77.74,57.18,3.34,0.75,7,203,2,-0.4999999999999997,-0.8660254037844388,-0.3456123126707333,-0.9383773917408642,4.5048,5.7499,3.9744,5.230557142857143,5.096906666666667
2020-07-22,6.9667,28.06,76.63,40.15,3.17,0.42,7,204,2,-0.4999999999999997,-0.8660254037844388,-0.3617137307297674,-0.9322892131745134,6.192,4.5048,4.5367,5.547357142857143,5.080563333333333
2020-07-23,5.4302,28.03,77.59,89.48,2.75,6.81,7,205,2,-0.4999999999999997,-0.8660254037844388,-0.37770796520396466,-0.9259247771938499,6.9667,6.192,4.5977,5.894500000000001,5.10449
2020-07-24,6.6,27.07,81.96,65.65,2.25,10.0,7,206,2,-0.4999999999999997,-0.8660254037844388,-0.39359027665646645,-0.9192859697186105,5.4302,6.9667,6.2923,6.013428571428571,5.192023333333333
2020-07-25,5.813,27.08,78.04,71.59,2.01,3.26,7,207,2,-0.4999999999999997,-0.8660254037844388,-0.4093559588156211,-0.9123747579707274,6.6,5.4302,6.9581,6.057385714285715,5.272576666666667
2020-07-26,6.294,27.41,77.61,39.56,1.78,3.3,7,208,2,-0.4999999999999997,-0.8660254037844388,-0.42500033996955394,-0.9051931898913975,5.813,6.6,5.7499,5.8938,5.308926666666667
2020-07-27,6.6173,28.14,77.76,50.33,2.37,1.09,7,209,2,-0.4999999999999997,-0.8660254037844388,-0.4405187843504952,-0.8977433935342336,6.294,5.813,4.5048,5.971528571428572,5.38276
2020-07-28,4.8703,27.55,81.0,98.03,2.26,1.9,7,210,2,-0.4999999999999997,-0.8660254037844388,-0.455906693508459,-0.8900275764346766,6.6173,6.294,6.192,6.273314285714286,5.459993333333333
2020-07-29,1.855,27.45,83.07,98.31,1.25,6.09,7,211,2,-0.4999999999999997,-0.8660254037844388,-0.47115950767386394,-0.8820480249558535,4.8703,6.6173,6.9667,6.084499999999999,5.433783333333333
2020-07-30,6.319,27.59,82.36,76.86,1.95,3.13,7,212,2,-0.4999999999999997,-0.8660254037844388,-0.4862727071086902,-0.8738071036110807,1.855,4.8703,5.4302,5.354257142857143,5.314096666666667
2020-07-31,6.5424,28.27,78.32,71.53,2.0,0.3,7,213,2,-0.4999999999999997,-0.8660254037844388,-0.5012418134457756,-0.8653072543632061,6.319,1.855,6.6,5.481228571428572,5.303793333333334
2020-08-01,5.5274,27.67,83.65,81.07,1.79,0.48,8,214,2,-0.8660254037844384,-0.5000000000000004,-0.5160623910158526,-0.8565509959010037,6.5424,6.319,5.813,5.473,5.3094166666666665
2020-08-02,4.8936,28.06,78.29,83.6,1.94,2.87,8,215,2,-0.8660254037844384,-0.5000000000000004,-0.5307300481619331,-0.8475409228928312,5.5274,6.5424,6.294,5.4322,5.33027
2020-08-03,4.2372,27.67,79.81,97.18,2.23,6.73,8,216,2,-0.8660254037844384,-0.5000000000000004,-0.5452404385406507,-0.8382797052177745,4.8936,5.5274,6.6173,5.232142857142857,5.35043
2020-08-04,3.7711,27.34,80.49,94.61,2.3,6.35,8,217,2,-0.8660254037844384,-0.5000000000000004,-0.5595892624101763,-0.828770087174504,4.2372,4.8936,4.8703,4.892128571428572,5.3038300000000005
2020-08-05,3.2009,26.94,87.0,99.01,1.32,33.44,8,218,2,-0.8660254037844384,-0.5000000000000004,-0.5737722679043243,-0.8190148866680802,3.7711,4.2372,1.855,4.7351,5.335566666666667
2020-08-06,4.2286,26.79,86.66,98.21,1.56,14.99,8,219,2,-0.8660254037844384,-0.5000000000000004,-0.5877852522924734,-0.8090169943749472,3.2009,3.7711,6.319,4.927371428571428,5.290543333333333
2020-08-07,4.559,26.84,84.47,78.56,2.65,5.02,8,220,2,-0.8660254037844384,-0.5000000000000004,-0.6016240632249227,-0.7987793728863648,4.2286,3.2009,6.5424,4.628742857142858,5.25692
2020-08-08,2.5754,27.13,82.7,97.51,3.82,9.7,8,221,2,-0.8660254037844384,-0.5000000000000004,-0.6152845999633277,-0.7883050558305253,4.559,4.2286,5.5274,4.3454,5.22755
2020-08-09,2.7214,26.45,87.59,99.46,2.93,3.75,8,222,2,-0.8660254037844384,-0.5000000000000004,-0.6287628145958345,-0.7775971469736268,2.5754,4.559,4.8936,3.923685714285714,5.112476666666667
2020-08-10,2.4466,27.29,85.29,99.43,2.93,2.74,8,223,2,-0.8660254037844384,-0.5000000000000004,-0.6420547132365636,-0.7666588193001592,2.7214,2.5754,4.2372,3.6133714285714285,5.007423333333334
2020-08-11,1.8278,27.04,86.6,99.62,2.16,14.04,8,224,2,-0.8660254037844384,-0.5000000000000004,-0.655156357209085,-0.7554933140726804,2.4466,2.7214,3.7711,3.3575714285714287,4.939703333333333
2020-08-12,2.5022,25.66,90.95,99.75,2.94,10.15,8,225,2,-0.8660254037844384,-0.5000000000000004,-0.6680638642135333,-0.7441039398713608,1.8278,2.4466,3.2009,3.0799571428571433,4.854853333333334
2020-08-13,2.0645,27.08,86.69,99.64,2.51,14.02,8,226,2,-0.8660254037844384,-0.5000000000000004,-0.6807734094770159,-0.7324940716135792,2.5022,1.8278,4.2286,2.9801428571428574,4.7535
2020-08-14,2.6794,26.7,84.97,97.89,2.69,4.59,8,227,2,-0.8660254037844384,-0.5000000000000004,-0.6932812268869771,-0.7206671495538615,2.0645,2.5022,4.559,2.670985714285714,4.689836666666666
2020-08-15,3.312,26.61,83.17,99.16,3.34,1.62,8,228,2,-0.8660254037844384,-0.5000000000000004,-0.7055836101071774,-0.70862667826446,2.6794,2.0645,2.5754,2.4024714285714284,4.627926666666666
2020-08-16,3.2794,26.87,86.66,94.49,2.34,8.92,8,229,2,-0.8660254037844384,-0.5000000000000004,-0.7176769136759615,-0.6963762255968726,3.312,2.6794,2.7214,2.5077,4.58507
2020-08-17,2.6393,26.33,89.37,98.88,2.81,12.86,8,230,2,-0.8660254037844384,-0.5000000000000004,-0.7295575540864876,-0.6839194216246104,3.2794,3.312,2.4466,2.5874142857142854,4.484640000000001
2020-08-18,1.5672,25.49,91.92,99.44,3.16,16.6,8,231,2,-0.8660254037844384,-0.5000000000000004,-0.7412220108485957,-0.6712599575675315,2.6393,3.2794,1.8278,2.6149428571428572,4.34068
2020-08-19,2.2579,26.54,88.15,99.73,3.26,20.6,8,232,2,-0.8660254037844384,-0.5000000000000004,-0.7526668275320083,-0.6584015846980489,1.5672,2.6393,2.5022,2.577714285714286,4.201256666666667
2020-08-20,3.8818,26.01,92.81,97.92,2.09,24.02,8,233,2,-0.8660254037844384,-0.5000000000000004,-0.7638886127905429,-0.64534811322955,2.2579,1.5672,2.0645,2.5428142857142855,4.12636
2020-08-21,2.3405,26.34,88.18,90.85,2.08,70.02,8,234,2,-0.8660254037844384,-0.5000000000000004,-0.7748840413670406,-0.6321034111873488,3.8818,2.2579,2.6794,2.8024285714285715,4.049353333333333
2020-08-22,2.023,26.61,89.53,98.62,2.34,63.12,8,235,2,-0.8660254037844384,-0.5000000000000004,-0.7856498550787144,-0.6186714032625032,2.3405,3.8818,3.312,2.7540142857142853,3.8951466666666668
2020-08-23,3.1123,25.11,91.61,97.36,4.96,9.84,8,236,2,-0.8660254037844384,-0.5000000000000004,-0.7961828637826154,-0.6050560696488494,2.023,2.3405,3.2794,2.5698714285714286,3.7815733333333332
2020-08-24,3.7886,25.71,87.54,68.06,4.26,0.55,8,237,2,-0.8660254037844384,-0.5000000000000004,-0.8064799463209447,-0.5912614448635782,3.1123,2.023,2.6393,2.546,3.6653166666666666
2020-08-25,4.9118,25.98,85.82,53.56,3.65,0.18,8,238,2,-0.8660254037844384,-0.5000000000000004,-0.8165380514459157,-0.5772916165517278,3.7886,3.1123,1.5672,2.710185714285714,3.597836666666667
2020-08-26,4.2262,25.95,84.4,80.49,3.06,0.36,8,239,2,-0.8660254037844384,-0.5000000000000004,-0.8263541987239094,-0.5631507242749187,4.9118,3.7886,2.2579,3.187985714285714,3.551763333333333
2020-08-27,2.8723,25.12,91.11,99.37,3.48,43.29,8,240,2,-0.8660254037844384,-0.5000000000000004,-0.8359254794186365,-0.5488429582847199,4.2262,4.9118,3.8818,3.469171428571429,3.47206
2020-08-28,3.2472,24.81,93.92,97.99,3.7,74.8,8,241,2,-0.8660254037844384,-0.5000000000000004,-0.8452490573530634,-0.5343725582809785,2.8723,4.2262,2.3405,3.324957142857143,3.40546
2020-08-29,1.7993,24.85,93.68,99.73,3.93,102.15,8,242,2,-0.8660254037844384,-0.5000000000000004,-0.8543221697498269,-0.5197438121555157,3.2472,2.8723,2.023,3.454485714285714,3.4518666666666666
2020-08-30,4.5857,25.18,89.04,62.77,3.59,15.8,8,243,2,-0.8660254037844384,-0.5000000000000004,-0.8631421280499115,-0.5049610547215202,1.7993,3.2472,3.1123,3.422528571428572,3.3012099999999998
2020-08-31,5.2027,25.47,88.33,50.63,3.34,0.09,8,244,2,-0.8660254037844384,-0.5000000000000004,-0.8717063187093217,-0.4900286664290594,4.5857,1.7993,3.7886,3.6330142857142858,3.235986666666667
2020-09-01,5.213,25.43,84.96,99.35,2.34,0.0,9,245,2,-1.0,-1.8369701987210297e-16,-0.8800122039735356,-0.4749510720670502,5.2027,4.5857,4.9118,3.835028571428572,3.225163333333333
2020-09-02,4.907,25.9,84.01,96.73,1.17,2.81,9,246,2,-1.0,-1.8369701987210297e-16,-0.888057322629493,-0.4597327394521046,5.213,5.2027,4.2262,3.8780571428571426,3.2358100000000003
2020-09-03,4.7086,25.65,86.89,81.4,2.75,4.89,9,247,2,-1.0,-1.8369701987210297e-16,-0.8958392907349089,-0.4443781781046134,4.907,5.213,2.8723,3.975314285714286,3.2581366666666667
2020-09-04,6.3715,25.59,84.79,32.48,1.93,0.87,9,248,2,-1.0,-1.8369701987210297e-16,-0.9033558023246842,-0.4288919379124841,4.7086,4.907,3.2472,4.237642857142857,3.2893866666666667
2020-09-05,6.0264,26.17,83.91,36.38,1.86,0.21,9,249,2,-1.0,-1.8369701987210297e-16,-0.9106046300942162,-0.41327860778290443,6.3715,4.7086,1.7993,4.68397142857143,3.3950733333333334
2020-09-06,5.8032,26.06,83.29,49.66,1.72,1.41,9,250,2,-1.0,-1.8369701987210297e-16,-0.9175836260593934,-0.3975428142825566,6.0264,6.3715,4.5857,5.287842857142857,3.4549999999999996
2020-09-07,5.6928,26.36,85.85,68.6,2.05,2.56,9,251,2,-1.0,-1.8369701987210297e-16,-0.9242907221930934,-0.3816892202666586,5.8032,6.0264,5.2027,5.461771428571429,3.4964733333333333
2020-09-08,5.5224,27.11,87.14,72.37,2.03,0.0,9,252,2,-1.0,-1.8369701987210297e-16,-0.9307239310379793,-0.3657225234972692,5.6928,5.8032,5.213,5.531785714285715,3.6003866666666666
2020-09-09,5.2159,26.72,87.23,63.56,0.96,4.07,9,253,2,-1.0,-1.8369701987210297e-16,-0.9368813462954315,-0.34964745525122826,5.5224,5.6928,4.907,5.575985714285714,3.693753333333333
2020-09-10,5.2322,26.23,87.81,75.78,1.38,14.71,9,254,2,-1.0,-1.8369701987210297e-16,-0.9427611433904206,-0.33346877891818705,5.2159,5.5224,4.7086,5.620114285714286,3.7860633333333333
2020-09-11,5.6849,26.38,86.56,82.2,1.2,3.02,9,255,2,-1.0,-1.8369701987210297e-16,-0.9483615800121716,-0.31719128858910595,5.2322,5.2159,6.3715,5.694914285714286,3.8995433333333334
2020-09-12,5.1989,26.91,83.56,84.42,0.85,0.43,9,256,2,-1.0,-1.8369701987210297e-16,-0.9536809966304455,-0.300819807635668,5.6849,5.2322,6.0264,5.5968285714285715,4.005633333333334
2020-09-13,5.4305,27.15,82.88,66.39,0.94,0.31,9,257,2,-1.0,-1.8369701987210297e-16,-0.9587178169872964,-0.2843591872810036,5.1989,5.6849,5.8032,5.478614285714286,4.1101133333333335
2020-09-14,4.7328,27.72,79.65,82.27,0.71,1.7,9,258,2,-1.0,-1.8369701987210297e-16,-0.9634705485641486,-0.26781430516217486,5.4305,5.1989,5.6928,5.425371428571428,4.201816666666667
2020-09-15,4.3538,27.66,79.19,93.57,1.17,9.13,9,259,2,-1.0,-1.8369701987210297e-16,-0.9679377830240642,-0.25119006388481957,4.7328,5.4305,5.5224,5.288228571428571,4.249176666666667
2020-09-16,4.9193,27.69,81.75,82.66,1.32,0.98,9,260,2,-1.0,-1.8369701987210297e-16,-0.9721181966290612,-0.23449138957041052,4.3538,4.7328,5.2159,5.1212857142857136,4.28499
2020-09-17,5.2183,27.68,82.75,88.76,1.64,0.29,9,261,2,-1.0,-1.8369701987210297e-16,-0.9760105506323682,-0.21772323039653224,4.9193,4.3538,5.2322,5.078914285714285,4.36099
2020-09-18,5.1242,27.44,85.06,93.46,2.39,0.41,9,262,2,-1.0,-1.8369701987210297e-16,-0.9796136916454901,-0.20089055513063528,5.2183,4.9193,5.6849,5.076928571428572,4.482693333333334
2020-09-19,3.535,25.67,86.08,95.02,2.02,2.2,9,263,2,-1.0,-1.8369701987210297e-16,-0.9829265519799822,-0.18399835165767986,5.1242,5.2183,5.1989,4.996828571428572,4.578236666666667
2020-09-20,4.9874,26.1,87.15,90.83,2.31,17.19,9,264,2,-1.0,-1.8369701987210297e-16,-0.9859481499638303,-0.1670516255021195,3.535,5.1242,5.4305,4.759128571428571,4.566676666666667
2020-09-21,4.2778,25.84,84.52,95.32,1.72,1.57,9,265,2,-1.0,-1.8369701987210297e-16,-0.9886775902323404,-0.15005539834465262,4.9874,3.535,4.7328,4.695828571428572,4.654906666666666
2020-09-22,4.615,26.02,88.29,89.39,1.81,27.82,9,266,2,-1.0,-1.8369701987210297e-16,-0.9911140639934546,-0.13301470653419636,4.2778,4.9874,4.3538,4.630828571428571,4.730066666666667
2020-09-23,1.824,26.29,87.77,99.48,0.93,28.54,9,267,2,-1.0,-1.8369701987210297e-16,-0.9932568492674143,-0.11593459959550066,4.615,4.2778,4.9193,4.668142857142857,4.7801566666666675
2020-09-24,3.8083,26.28,88.18,99.3,2.24,2.4,9,268,2,-1.0,-1.8369701987210297e-16,-0.9951053111006974,-0.09882013873287211,1.824,4.615,5.2183,4.225957142857143,4.71467
2020-09-25,5.1182,26.66,83.85,94.19,2.12,0.51,9,269,2,-1.0,-1.8369701987210297e-16,-0.99665890175417,-0.08167639533042288,3.8083,1.824,5.1242,4.024528571428571,4.677886666666667
2020-09-26,3.8215,25.7,85.53,87.91,2.13,5.09,9,270,2,-1.0,-1.8369701987210297e-16,-0.9979171608653922,-0.06450844944931625,5.1182,3.8083,3.535,4.023671428571428,4.70762
2020-09-27,4.771,24.6,84.5,46.75,2.15,1.83,9,271,2,-1.0,-1.8369701987210297e-16,-0.9988797155850335,-0.04732138832243232,3.8215,5.1182,4.9874,4.0645999999999995,4.739260000000001
2020-09-28,5.3023,24.63,83.44,25.6,1.83,2.04,9,272,2,-1.0,-1.8369701987210297e-16,-0.9995462806873573,-0.03012030484690836,4.771,3.8215,4.2778,4.033685714285714,4.790053333333333
2020-09-29,4.7561,25.35,80.81,54.16,1.79,0.71,9,273,2,-1.0,-1.8369701987210297e-16,-0.9999166586547379,-0.012910296075008843,5.3023,4.771,4.615,4.1800428571428565,4.90682
2020-09-30,5.3484,25.43,80.68,53.68,1.78,0.02,9,274,2,-1.0,-1.8369701987210297e-16,-0.9999907397361901,0.004303538296243821,4.7561,5.3023,1.824,4.2002,4.9125
2020-10-01,6.2162,25.07,76.07,32.13,2.04,0.0,10,275,3,-0.8660254037844386,0.5000000000000001,-0.9997685019798909,0.021516097436222233,5.3484,4.7561,3.8083,4.703685714285713,4.917356666666667
2020-10-02,6.2914,24.62,77.08,6.42,2.31,0.0,10,276,3,-0.8660254037844386,0.5000000000000001,-0.9992500112396835,0.03872228089217399,6.2162,5.3484,5.1182,5.047671428571428,4.950796666666667
2020-10-03,6.3362,24.27,72.24,14.03,2.22,0.0,10,277,3,-0.8660254037844386,0.5000000000000001,-0.9984354211555643,0.05591699010060302,6.2914,6.2162,3.8215,5.215271428571429,4.996943333333333
2020-10-04,5.8524,23.8,69.85,49.34,1.79,0.0,10,278,3,-0.8660254037844386,0.5000000000000001,-0.9973249731081555,0.07309512989807776,6.3362,6.2914,4.771,5.574514285714286,5.051196666666668
2020-10-05,6.0014,24.49,68.26,33.49,1.63,0.0,10,279,3,-0.8660254037844386,0.5000000000000001,-0.9959189961471792,0.0902516100310407,5.8524,6.3362,5.3023,5.729,5.033893333333333
2020-10-06,6.2532,24.22,52.97,19.77,1.36,0.0,10,280,3,-0.8660254037844386,0.5000000000000001,-0.994217906893952,0.10738134666416306,6.0014,5.8524,4.7561,5.828871428571428,5.03306
2020-10-07,5.9148,22.91,63.73,72.53,1.14,0.0,10,281,3,-0.8660254037844386,0.5000000000000001,-0.9922222094179324,0.12447926388678869,6.2532,6.0014,5.3484,6.042742857142857,5.04806
2020-10-08,5.579,24.41,66.25,41.23,1.27,0.0,10,282,3,-0.8660254037844386,0.5000000000000001,-0.989932495087353,0.141540295217043,5.9148,6.2532,6.2162,6.123657142857143,5.05546
2020-10-09,5.4773,24.39,72.89,28.88,1.25,0.0,10,283,3,-0.8660254037844386,0.5000000000000001,-0.9873494423939864,0.15855938510313475,5.579,5.9148,6.2914,6.032628571428572,5.057346666666667
2020-10-10,5.4444,25.26,71.2,58.1,1.26,0.0,10,284,3,-0.8660254037844386,0.5000000000000001,-0.9844738167520923,0.17553149042142777,5.4773,5.579,6.3362,5.916328571428571,5.066059999999999
2020-10-11,5.1377,25.09,69.74,73.81,1.16,0.0,10,285,3,-0.8660254037844386,0.5000000000000001,-0.9813064702716093,0.19245158197082995,5.4444,5.4773,5.8524,5.788928571428571,5.073133333333333
2020-10-12,5.311,25.7,61.05,45.66,1.12,0.0,10,286,3,-0.8660254037844386,0.5000000000000001,-0.9778483415056567,0.20931464596304888,5.1377,5.4444,6.0014,5.686828571428571,5.054893333333333
2020-10-13,3.9586,25.03,88.58,76.95,1.54,0.23,10,287,3,-0.8660254037844386,0.5000000000000001,-0.9741004551724206,0.22611568550828803,5.311,5.1377,6.2532,5.5882000000000005,5.058629999999999
2020-10-14,4.9282,25.96,86.19,71.51,1.98,0.17,10,288,3,-0.8660254037844386,0.5000000000000001,-0.970063921851507,0.2428497220959358,3.9586,5.311,5.9148,5.2604,5.009566666666666
2020-10-15,4.9466,25.94,83.06,51.13,2.73,0.01,10,289,3,-0.8660254037844386,0.5000000000000001,-0.965739937654855,0.25951179706979943,4.9282,3.9586,5.579,5.119457142857144,5.01608
2020-10-16,3.8208,26.0,85.42,40.91,2.09,0.01,10,290,3,-0.8660254037844386,0.5000000000000001,-0.9611297838723007,0.27609697309746883,4.9466,4.9282,5.4773,5.029114285714286,5.035839999999999
2020-10-17,4.5182,26.22,84.19,33.94,1.85,0.03,10,291,3,-0.8660254037844386,0.5000000000000001,-0.9562348265919058,0.2926003356333479,3.8208,4.9466,5.4444,4.792471428571429,4.999223333333333
2020-10-18,4.7376,26.55,81.19,34.95,1.22,0.77,10,292,3,-0.8660254037844386,0.5000000000000001,-0.9510565162951536,0.30901699437494723,4.5182,3.8208,5.1377,4.660157142857143,4.975886666666667
2020-10-19,3.8359,26.49,79.87,73.8,1.0,4.79,10,293,3,-0.8660254037844386,0.5000000000000001,-0.9455963874271428,0.3253420847119795,4.7376,4.5182,5.311,4.603000000000001,4.962999999999999
2020-10-20,4.2828,25.41,83.85,36.26,0.74,2.69,10,294,3,-0.8660254037844386,0.5000000000000001,-0.9398560579418953,0.341570769167856,3.8359,4.7376,3.9586,4.392271428571429,4.97303
2020-10-21,4.4273,25.09,72.54,34.25,1.03,0.0,10,295,3,-0.8660254037844386,0.5000000000000001,-0.9338372288229252,0.35769823883312546,4.2828,3.8359,4.9282,4.438585714285714,4.949543333333334
2020-10-22,4.8158,25.11,64.78,26.71,0.71,0.0,10,296,3,-0.8660254037844386,0.5000000000000001,-0.9275416835791965,0.3737197147904692,4.4273,4.2828,4.9466,4.3670285714285715,4.954526666666667
2020-10-23,4.8725,25.07,71.29,12.19,1.3,0.0,10,297,3,-0.8660254037844386,0.5000000000000001,-0.9209712877166347,0.38963044953078774,4.8158,4.4273,3.8208,4.348342857142858,4.96122
2020-10-24,5.1468,24.06,73.8,16.64,1.41,0.0,10,298,3,-0.8660254037844386,0.5000000000000001,-0.9141279881853337,0.4054257283599973,4.8725,4.8158,4.5182,4.498585714285714,5.0628366666666675
2020-10-25,5.4574,23.33,70.11,8.64,1.15,0.0,10,299,3,-0.8660254037844386,0.5000000000000001,-0.9070138128026362,0.42110087079608916,5.1468,4.8725,4.7376,4.588385714285714,5.107453333333334
2020-10-26,5.4619,22.74,66.59,3.03,1.45,0.0,10,300,3,-0.8660254037844386,0.5000000000000001,-0.8996308696522434,0.4366512319560638,5.4574,5.1468,3.8359,4.691214285714286,5.11876
2020-10-27,5.1787,21.69,63.24,2.2,1.31,0.0,10,301,3,-0.8660254037844386,0.5000000000000001,-0.8919813464595487,0.45207220393230374,5.4619,5.4574,4.2828,4.9235,5.173439999999999
2020-10-28,4.9771,21.49,57.88,1.79,1.04,0.0,10,302,3,-0.8660254037844386,0.5000000000000001,-0.8840675099433637,0.46735921715800205,5.1787,5.4619,4.4273,5.051485714285714,5.187030000000001
2020-10-29,4.8516,21.74,55.9,0.1,0.97,0.0,10,303,3,-0.8660254037844386,0.5000000000000001,-0.8758917051442433,0.48250774176121763,4.9771,5.1787,4.8158,5.130028571428572,5.17619
2020-10-30,4.729,21.64,60.95,0.07,0.97,0.0,10,304,3,-0.8660254037844386,0.5000000000000001,-0.8674563547295971,0.4975132889071803,4.8516,4.9771,4.8725,5.135142857142857,5.179373333333333
2020-10-31,4.769,21.73,60.79,2.79,1.04,0.0,10,305,3,-0.8660254037844386,0.5000000000000001,-0.858763958275803,0.5123714121284235,4.729,4.8516,5.1468,5.114642857142857,5.1587266666666665
2020-11-01,4.3882,22.01,55.84,1.32,0.75,0.0,11,306,3,-0.5000000000000004,0.8660254037844384,-0.8498170915275277,0.5270777086423724,4.769,4.729,5.4574,5.060671428571429,5.110486666666666
2020-11-02,4.7309,22.16,41.8,0.68,0.83,0.0,11,307,3,-0.5000000000000004,0.8660254037844384,-0.8406184056344783,0.5416278206559811,4.3882,4.769,5.4619,4.907928571428571,5.047046666666668
2020-11-03,5.1593,21.64,41.83,0.51,1.04,0.0,11,308,3,-0.5000000000000004,0.8660254037844384,-0.8311706263658079,0.5560174366570446,4.7309,4.3882,5.1787,4.8035,4.9935366666666665
2020-11-04,5.0743,19.74,58.68,0.0,1.39,0.0,11,309,3,-0.5000000000000004,0.8660254037844384,-0.8214765533024145,0.5702422926917867,5.1593,4.7309,4.9771,4.8007285714285715,4.970433333333333
2020-11-05,5.0995,20.56,51.16,0.56,0.86,0.0,11,310,3,-0.5000000000000004,0.8660254037844384,-0.8115390590073611,0.5842981736283683,5.0743,5.1593,4.8516,4.814614285714286,4.93953
2020-11-06,4.8509,20.66,48.93,0.1,1.13,0.0,11,311,3,-0.5000000000000004,0.8660254037844384,-0.801361088174677,0.5981809144059159,5.0995,5.0743,4.729,4.850028571428572,4.901073333333333
2020-11-07,4.6313,19.71,53.61,0.24,1.2,0.0,11,312,3,-0.5000000000000004,0.8660254037844384,-0.7909456567567774,0.6118864012687242,4.8509,5.0995,4.769,4.867442857142857,4.86561
2020-11-08,4.3579,19.46,53.62,0.84,1.36,0.0,11,313,3,-0.5000000000000004,0.8660254037844384,-0.780295851070776,0.6254105729852457,4.6313,4.8509,4.3882,4.847771428571428,4.83402
2020-11-09,4.2569,19.88,48.66,0.52,0.91,0.0,11,314,3,-0.5000000000000004,0.8660254037844384,-0.7694148268839381,0.6387494220515268,4.3579,4.6313,4.7309,4.843442857142857,4.796706666666667
2020-11-10,3.936,18.49,52.98,1.5,1.18,0.0,11,315,3,-0.5000000000000004,0.8660254037844384,-0.7583058084785625,0.6518989958787125,4.2569,4.3579,5.1593,4.775728571428572,4.757123333333334
2020-11-11,4.2156,17.36,64.7,1.57,1.69,0.0,11,316,3,-0.5000000000000004,0.8660254037844384,-0.7469720876965551,0.6648553979642866,3.936,4.2569,5.0743,4.6009714285714285,4.717066666666667
2020-11-12,4.4882,19.65,76.69,9.78,1.74,0.57,11,317,3,-0.5000000000000004,0.8660254037844384,-0.7354170229639858,0.6776147890466887,4.2156,3.936,5.0995,4.4783,4.680553333333334
2020-11-13,4.152,22.25,77.34,10.97,1.31,0.01,11,318,3,-0.5000000000000004,0.8660254037844384,-0.7236440382959124,0.690173388242972,4.4882,4.2156,4.8509,4.3909714285714285,4.698206666666667
2020-11-14,4.1062,22.59,74.93,17.77,1.49,0.0,11,319,3,-0.5000000000000004,0.8660254037844384,-0.711656622281775,0.7025274741691566,4.152,4.4882,4.6313,4.291128571428572,4.6723333333333334
2020-11-15,4.2754,22.96,71.91,25.51,2.06,1.73,11,320,3,-0.5000000000000004,0.8660254037844384,-0.6994583270516471,0.7146733860429608,4.1062,4.152,4.3579,4.216114285714285,4.64432
2020-11-16,4.4254,22.56,77.23,12.95,1.53,6.14,11,321,3,-0.5000000000000004,0.8660254037844384,-0.6870527672236675,0.7266075247685652,4.2754,4.1062,4.2569,4.204328571428571,4.659473333333334
2020-11-17,3.9055,22.16,76.88,14.74,1.36,0.4,11,322,3,-0.5000000000000004,0.8660254037844384,-0.6744436188329457,0.7383263540031063,4.4254,4.2754,3.936,4.2284,4.6563799999999995
2020-11-18,3.805,22.75,78.76,41.16,1.71,0.87,11,323,3,-0.5000000000000004,0.8660254037844384,-0.661634618242279,0.749826401204568,3.9055,4.4254,4.2156,4.224042857142857,4.628643333333334
2020-11-19,3.7078,22.31,74.54,47.82,1.84,0.83,11,324,3,-0.5000000000000004,0.8660254037844384,-0.6486295610349818,0.7611042586607742,3.805,3.9055,4.4882,4.165385714285714,4.627613333333333
2020-11-20,4.1539,19.06,71.53,4.01,1.94,0.0,11,325,3,-0.5000000000000004,0.8660254037844384,-0.6354323008901775,0.7721565844991641,3.7078,3.805,4.152,4.0539000000000005,4.608446666666667
2020-11-21,4.519,16.92,58.25,0.45,1.61,0.0,11,326,3,-0.5000000000000004,0.8660254037844384,-0.622046748440868,0.7829801036770624,4.1539,3.7078,4.1062,4.054171428571428,4.599333333333333
2020-11-22,4.5377,16.24,53.54,13.3,1.42,0.0,11,327,3,-0.5000000000000004,0.8660254037844384,-0.6084768701151264,0.7935716089521472,4.519,4.1539,4.2754,4.113142857142857,4.58944
2020-11-23,4.6879,16.56,55.69,1.82,1.32,0.0,11,328,3,-0.5000000000000004,0.8660254037844384,-0.594726686960764,0.8039279618328208,4.5377,4.519,4.4254,4.150614285714286,4.57828
2020-11-24,4.6613,18.04,55.71,0.28,1.3,0.0,11,329,3,-0.5000000000000004,0.8660254037844384,-0.5808002734538013,0.8140460935082175,4.6879,4.5377,3.9055,4.188114285714286,4.562983333333333
2020-11-25,4.4534,18.05,58.26,0.0,1.69,0.0,11,330,3,-0.5000000000000004,0.8660254037844384,-0.5667017562911184,0.8239230057575536,4.6613,4.6879,3.805,4.296085714285715,4.5364466666666665
2020-11-26,4.2084,18.19,59.44,4.11,2.12,0.0,11,331,3,-0.5000000000000004,0.8660254037844384,-0.5524353131676203,0.8335557718385695,4.4534,4.6613,3.7078,4.388714285714286,4.50283
2020-11-27,4.1328,16.64,59.13,0.27,2.84,0.0,11,332,3,-0.5000000000000004,0.8660254037844384,-0.5380051715382992,0.8429415373547832,4.2084,4.4534,4.1539,4.460228571428571,4.470486666666667
2020-11-28,4.5134,17.78,64.74,0.31,1.8,0.0,11,333,3,-0.5000000000000004,0.8660254037844384,-0.5234156073655503,0.8520775211013093,4.1328,4.2084,4.519,4.457214285714286,4.442343333333334
2020-11-29,4.6435,18.25,63.45,0.26,1.49,0.0,11,334,3,-0.5000000000000004,0.8660254037844384,-0.5086709438521042,0.8609610158889945,4.5134,4.1328,4.5377,4.456414285714286,4.43107
2020-11-30,4.5026,18.74,62.05,0.55,1.51,0.0,11,335,3,-0.5000000000000004,0.8660254037844384,-0.49377555015997737,0.8695893893466109,4.6435,4.5134,4.6879,4.471528571428571,4.4282200000000005
2020-12-01,4.5406,18.2,59.84,0.56,1.41,0.0,12,336,0,-2.4492935982947064e-16,1.0,-0.4787338401157883,0.8779600847008883,4.5026,4.6435,4.6613,4.445057142857143,4.41934
2020-12-02,4.5778,19.4,51.49,0.74,1.29,0.0,12,337,0,-2.4492935982947064e-16,1.0,-0.4635502709028512,0.8860706215341378,4.5406,4.5026,4.4534,4.427814285714286,4.42442
2020-12-03,4.733,20.25,46.25,1.06,1.12,0.0,12,338,0,-2.4492935982947064e-16,1.0,-0.4482293417404106,0.893918596519257,4.5778,4.5406,4.2084,4.4455857142857145,4.419316666666666
2020-12-04,4.7484,20.38,43.45,0.18,1.16,0.0,12,339,0,-2.4492935982947064e-16,1.0,-0.4327755925504317,0.9015016841318838,4.733,4.5778,4.1328,4.520528571428572,4.405106666666667
2020-12-05,4.711,20.27,46.1,0.59,1.17,0.0,12,340,0,-2.4492935982947064e-16,1.0,-0.41719360261231697,0.9088176373395028,4.7484,4.733,4.5134,4.608471428571429,4.394243333333334
2020-12-06,4.3625,20.95,45.79,0.0,0.89,0.0,12,341,0,-2.4492935982947064e-16,1.0,-0.4014879892059737,0.9158642882672868,4.711,4.7484,4.6435,4.6367,4.381293333333334
2020-12-07,4.5658,20.16,51.51,0.3,1.16,0.0,12,342,0,-2.4492935982947064e-16,1.0,-0.38566340624360745,0.9226395488404875,4.3625,4.711,4.5026,4.596557142857143,4.365013333333334
2020-12-08,4.519,19.76,53.01,0.47,1.26,0.0,12,343,0,-2.4492935982947064e-16,1.0,-0.3697245428906732,0.9291414114031743,4.5658,4.3625,4.5406,4.605585714285715,4.36283
2020-12-09,4.4726,20.05,51.03,16.34,1.1,0.0,12,344,0,-2.4492935982947064e-16,1.0,-0.35367612217637207,0.935367949313148,4.519,4.5658,4.5778,4.6025,4.368200000000001
2020-12-10,4.1573,20.0,54.99,38.53,1.28,0.0,12,345,0,-2.4492935982947064e-16,1.0,-0.33752289959411347,0.941317317512847,4.4726,4.519,4.733,4.587471428571428,4.37539
2020-12-11,1.0855,18.98,66.86,97.3,1.4,2.89,12,346,0,-2.4492935982947064e-16,1.0,-0.32126966169236515,0.9469877530760751,4.1573,4.4726,4.7484,4.505228571428572,4.382766666666667
2020-12-12,2.2066,18.9,75.33,96.18,1.54,1.05,12,347,0,-2.4492935982947064e-16,1.0,-0.3049212246562894,0.9523775757303973,1.0855,4.1573,4.711,3.9819571428571434,4.27843
2020-12-13,1.5449,17.87,83.98,95.96,1.25,1.41,12,348,0,-2.4492935982947064e-16,1.0,-0.2884824328806098,0.9574851883550389,2.2066,1.0855,4.3625,3.6241857142857143,4.202376666666667
2020-12-14,1.0574,18.03,85.14,96.88,2.0,2.19,12,349,0,-2.4492935982947064e-16,1.0,-0.27195815753410524,0.9623090774541487,1.5449,2.2066,4.5658,3.2216714285714287,4.115473333333333
2020-12-15,1.6114,18.88,85.1,87.22,1.71,3.03,12,350,0,-2.4492935982947064e-16,1.0,-0.2553532951161881,0.9668478136052773,1.0574,1.5449,4.519,2.7204714285714284,4.013846666666667
2020-12-16,1.967,17.69,83.09,71.84,2.06,1.07,12,351,0,-2.4492935982947064e-16,1.0,-0.23867276600594997,0.9711000518829505,1.6114,1.0574,4.4726,2.3051,3.925046666666667
2020-12-17,3.8146,15.66,71.86,7.62,1.71,0.01,12,352,0,-2.4492935982947064e-16,1.0,-0.22192151300416674,0.9750645322571945,1.967,1.6114,4.1573,1.9471571428571426,3.8430999999999997
2020-12-18,4.4294,14.32,56.89,0.81,1.41,0.0,12,353,0,-2.4492935982947064e-16,1.0,-0.20510449986861926,0.9787400799669153,3.8146,1.967,1.0855,1.8981999999999999,3.84007
2020-12-19,4.7664,13.82,45.58,2.59,1.69,0.0,12,354,0,-2.4492935982947064e-16,1.0,-0.1882267098432439,0.9821256058680006,4.4294,3.8146,2.2066,2.3759,3.8608833333333332
2020-12-20,4.6291,15.22,45.99,18.97,1.46,0.0,12,355,0,-2.4492935982947064e-16,1.0,-0.1712931441814778,0.9852201067560606,4.7664,4.4294,1.5449,2.7415857142857147,3.89617
2020-12-21,4.6747,16.61,45.27,14.71,1.35,0.0,12,356,0,-2.4492935982947064e-16,1.0,-0.154308820664281,0.9880226656636976,4.6291,4.7664,1.0574,3.1821857142857146,3.91201
2020-12-22,4.6944,16.36,50.04,3.58,1.29,0.0,12,357,0,-2.4492935982947064e-16,1.0,-0.13727877211326517,0.9905324521322227,4.6747,4.6291,1.6114,3.6989428571428573,3.9172
2020-12-23,4.2084,16.21,50.06,1.91,1.34,0.0,12,358,0,-2.4492935982947064e-16,1.0,-0.12020804489935275,0.9927487224577402,4.6944,4.6747,1.967,4.139371428571429,3.922423333333333
2020-12-24,4.3332,16.04,54.04,0.04,1.36,0.0,12,359,0,-2.4492935982947064e-16,1.0,-0.10310169744743544,0.9946708199115211,4.2084,4.6944,3.8146,4.4595714285714285,3.9064399999999995
2020-12-25,4.0843,15.35,56.38,0.0,1.65,0.0,12,360,0,-2.4492935982947064e-16,1.0,-0.0859647987374467,0.9962981749346077,4.3332,4.2084,4.4294,4.533657142857143,3.895503333333333
2020-12-26,4.1868,15.81,52.63,1.41,1.36,0.0,12,361,0,-2.4492935982947064e-16,1.0,-0.06880242680232064,0.9976303053065857,4.0843,4.3332,4.7664,4.484357142857143,3.8832
2020-12-27,4.0594,17.15,57.66,2.37,2.03,0.0,12,362,0,-2.4492935982947064e-16,1.0,-0.05161966722325418,0.9986668162884759,4.1868,4.0843,4.6291,4.4015571428571425,3.88248
2020-12-28,4.375,14.33,47.3,8.0,2.17,0.0,12,363,0,-2.4492935982947064e-16,1.0,-0.034421611622745804,0.9994074007397048,4.0594,4.1868,4.6747,4.320171428571428,3.880033333333333
2020-12-29,4.133,13.09,47.2,4.58,1.98,0.0,12,364,0,-2.4492935982947064e-16,1.0,-0.01721335615583528,0.9998518392091162,4.375,4.0594,4.6944,4.277357142857142,3.87542
2020-12-30,2.4694,13.33,49.85,37.86,2.29,0.0,12,365,0,-2.4492935982947064e-16,1.0,6.432490598706546e-16,1.0,4.133,4.375,4.2084,4.197157142857143,3.8584033333333334
2020-12-31,3.0226,15.0,60.0,7.81,1.82,0.0,12,366,0,-2.4492935982947064e-16,1.0,0.017213356155833904,0.9998518392091162,2.4694,4.133,4.3332,3.9487285714285716,3.79063
2021-01-01,3.2083,16.56,65.82,3.69,2.11,0.01,1,1,0,0.49999999999999994,0.8660254037844387,0.017213356155834685,0.9998518392091162,3.0226,2.4694,4.0843,3.7615000000000003,3.74003
2021-01-02,2.9914,18.66,62.58,35.9,1.94,0.0,1,2,0,0.49999999999999994,0.8660254037844387,0.03442161162274574,0.9994074007397048,3.2083,3.0226,4.1868,3.636357142857143,3.69438
2021-01-03,2.658,19.91,65.93,73.89,1.93,0.0,1,3,0,0.49999999999999994,0.8660254037844387,0.051619667223253764,0.998666816288476,2.9914,3.2083,4.0594,3.4655857142857136,3.6363266666666667
2021-01-04,1.7225,19.74,67.19,93.53,2.03,1.85,1,4,0,0.49999999999999994,0.8660254037844387,0.06880242680231986,0.9976303053065857,2.658,2.9914,4.375,3.2653857142857143,3.5666466666666663
2021-01-05,2.993,19.64,62.56,75.53,2.18,0.03,1,5,0,0.49999999999999994,0.8660254037844387,0.08596479873744647,0.9962981749346078,1.7225,2.658,4.133,2.886457142857143,3.4670300000000003
2021-01-06,3.7886,20.13,63.14,21.6,1.51,0.0,1,6,0,0.49999999999999994,0.8660254037844387,0.10310169744743485,0.9946708199115211,2.993,1.7225,2.4694,2.7236,3.42138
2021-01-07,3.4846,19.91,66.63,43.48,1.41,0.0,1,7,0,0.49999999999999994,0.8660254037844387,0.1202080448993527,0.9927487224577402,3.7886,2.993,3.0226,2.912057142857143,3.395473333333334
2021-01-08,3.1279,21.06,61.94,75.34,2.18,0.13,1,8,0,0.49999999999999994,0.8660254037844387,0.13727877211326478,0.9905324521322229,3.4846,3.7886,3.2083,2.978057142857143,3.3609933333333335
2021-01-09,0.8237,19.7,79.39,97.29,1.65,1.41,1,9,0,0.49999999999999994,0.8660254037844387,0.15430882066428117,0.9880226656636976,3.1279,3.4846,2.9914,2.9665714285714286,3.31617
2021-01-10,2.0213,20.6,74.15,92.47,1.45,0.11,1,10,0,0.49999999999999994,0.8660254037844387,0.1712931441814776,0.9852201067560606,0.8237,3.1279,2.658,2.6569,3.20505
2021-01-11,2.4149,19.96,72.28,87.23,1.74,0.0,1,11,0,0.49999999999999994,0.8660254037844387,0.1882267098432442,0.9821256058680006,2.0213,0.8237,1.7225,2.5659428571428573,3.2362433333333334
2021-01-12,4.3058,18.43,60.49,52.17,1.63,0.0,1,12,0,0.49999999999999994,0.8660254037844387,0.2051044998686192,0.9787400799669153,2.4149,2.0213,2.993,2.664857142857143,3.243186666666667
2021-01-13,4.8487,16.31,43.06,30.32,1.44,0.0,1,13,0,0.49999999999999994,0.8660254037844387,0.2219215130041655,0.9750645322571948,4.3058,2.4149,3.7886,2.8524,3.3352166666666667
2021-01-14,5.011,15.71,34.65,6.02,1.73,0.0,1,14,0,0.49999999999999994,0.8660254037844387,0.2386727660059501,0.9711000518829505,4.8487,4.3058,3.4846,3.0038428571428573,3.4615933333333335
2021-01-15,4.9495,16.72,28.58,5.34,1.55,0.0,1,15,0,0.49999999999999994,0.8660254037844387,0.255353295116187,0.9668478136052775,5.011,4.8487,3.1279,3.2219,3.5749133333333334
2021-01-16,4.6106,18.84,29.84,1.2,1.36,0.0,1,16,0,0.49999999999999994,0.8660254037844387,0.2719581575341055,0.9623090774541486,4.9495,5.011,0.8237,3.4821285714285715,3.67433
2021-01-17,3.6535,20.56,35.85,26.55,1.52,0.0,1,17,0,0.49999999999999994,0.8660254037844387,0.288482432880609,0.9574851883550393,4.6106,4.9495,2.0213,4.023114285714286,3.7008633333333334
2021-01-18,3.1058,21.42,45.83,26.49,2.13,0.0,1,18,0,0.49999999999999994,0.8660254037844387,0.30492122465628907,0.9523775757303974,3.6535,4.6106,2.4149,4.256285714285714,3.675
2021-01-19,4.0462,20.9,49.34,4.64,2.36,0.0,1,19,0,0.49999999999999994,0.8660254037844387,0.3212696616923644,0.9469877530760753,3.1058,3.6535,4.3058,4.354985714285713,3.6196466666666667
2021-01-20,4.5538,18.8,43.29,4.16,1.48,0.0,1,20,0,0.49999999999999994,0.8660254037844387,0.3375228995941133,0.9413173175128471,4.0462,3.1058,4.8487,4.3179,3.600216666666667
2021-01-21,4.9769,19.43,28.96,3.69,1.18,0.0,1,21,0,0.49999999999999994,0.8660254037844387,0.3536761221763716,0.9353679493131483,4.5538,4.0462,5.011,4.275771428571429,3.5961866666666666
2021-01-22,5.1583,19.25,27.05,3.05,1.34,0.0,1,22,0,0.49999999999999994,0.8660254037844387,0.3697245428906731,0.9291414114031743,4.9769,4.5538,4.9495,4.270899999999999,3.6056033333333333
2021-01-23,4.9284,20.23,28.56,0.37,1.79,0.0,1,23,0,0.49999999999999994,0.8660254037844387,0.38566340624360707,0.9226395488404876,5.1583,4.9769,4.6106,4.300728571428571,3.6372666666666666
2021-01-24,4.8809,18.61,37.5,3.28,2.11,0.0,1,24,0,0.49999999999999994,0.8660254037844387,0.401487989205973,0.9158642882672872,4.9284,5.1583,3.6535,4.346128571428571,3.6571066666666665
2021-01-25,4.7047,16.17,39.37,19.09,1.7,0.0,1,25,0,0.49999999999999994,0.8660254037844387,0.4171936026123168,0.9088176373395029,4.8809,4.9284,3.1058,4.521471428571428,3.68366
2021-01-26,4.794,16.05,38.79,18.73,1.77,0.0,1,26,0,0.49999999999999994,0.8660254037844387,0.4327755925504312,0.901501684131884,4.7047,4.8809,4.0462,4.749885714285715,3.7009233333333333
2021-01-27,4.661,16.14,33.15,44.2,1.79,0.0,1,27,0,0.49999999999999994,0.8660254037844387,0.4482293417404106,0.893918596519257,4.794,4.7047,4.5538,4.856714285714285,3.7254099999999997
2021-01-28,4.2233,16.85,32.43,27.84,1.97,0.0,1,28,0,0.49999999999999994,0.8660254037844387,0.4635502709028509,0.886070621534138,4.661,4.794,4.9769,4.872028571428571,3.7349433333333333
2021-01-29,4.8581,15.82,27.97,30.39,1.92,0.0,1,29,0,0.49999999999999994,0.8660254037844387,0.47873384011578846,0.8779600847008882,4.2233,4.661,5.1583,4.764371428571429,3.737953333333333
2021-01-30,5.4569,15.95,22.49,6.92,1.51,0.0,1,30,0,0.49999999999999994,0.8660254037844387,0.49377555015997715,0.869589389346611,4.8581,4.2233,4.9284,4.721485714285714,3.8175766666666666
2021-01-31,5.5474,16.62,18.95,2.13,1.28,0.0,1,31,0,0.49999999999999994,0.8660254037844387,0.5086709438521044,0.8609610158889943,5.4569,4.8581,4.8809,4.7969857142857135,3.8987199999999995
2021-02-01,5.5205,17.94,20.02,1.33,1.43,0.0,2,32,0,0.8660254037844386,0.5000000000000001,0.5234156073655503,0.8520775211013093,5.5474,5.4569,4.7047,4.8922,3.97669
2021-02-02,5.3813,19.59,22.16,0.54,1.33,0.0,2,33,0,0.8660254037844386,0.5000000000000001,0.5380051715382996,0.8429415373547828,5.5205,5.5474,4.794,5.008742857142857,4.060993333333333
2021-02-03,5.2114,20.0,24.49,18.14,2.07,0.0,2,34,0,0.8660254037844386,0.5000000000000001,0.5524353131676196,0.8335557718385699,5.3813,5.5205,4.661,5.092642857142857,4.15177
2021-02-04,4.5605,20.13,26.18,36.3,2.46,0.0,2,35,0,0.8660254037844386,0.5000000000000001,0.5667017562911176,0.8239230057575542,5.2114,5.3813,4.2233,5.171271428571429,4.268066666666667
2021-02-05,4.2542,20.02,37.03,31.02,1.84,0.01,2,36,0,0.8660254037844386,0.5000000000000001,0.5808002734538009,0.8140460935082178,4.5605,5.2114,4.8581,5.219442857142858,4.320316666666667
2021-02-06,5.2253,17.84,40.31,4.76,2.26,0.0,2,37,0,0.8660254037844386,0.5000000000000001,0.5947266869607634,0.8039279618328213,4.2542,4.5605,5.4569,5.133171428571429,4.335836666666666
2021-02-07,5.7086,17.23,28.01,2.87,1.42,0.0,2,38,0,0.8660254037844386,0.5000000000000001,0.6084768701151261,0.7935716089521474,5.2253,4.2542,5.5474,5.100085714285714,4.39386
2021-02-08,5.6635,18.83,23.04,4.6,1.18,0.0,2,39,0,0.8660254037844386,0.5000000000000001,0.6220467484408675,0.7829801036770629,5.7086,5.2253,5.5205,5.123114285714286,4.479883333333333
2021-02-09,5.4329,22.22,17.56,30.66,0.76,0.0,2,40,0,0.8660254037844386,0.5000000000000001,0.6354323008901774,0.7721565844991642,5.6635,5.7086,5.3813,5.143542857142857,4.64121
2021-02-10,5.4638,21.79,19.24,28.65,1.69,0.0,2,41,0,0.8660254037844386,0.5000000000000001,0.6486295610349814,0.7611042586607747,5.4329,5.6635,5.2114,5.150914285714285,4.75493
2021-02-11,5.1593,21.89,20.78,68.18,1.17,0.0,2,42,0,0.8660254037844386,0.5000000000000001,0.6616346182422783,0.7498264012045686,5.4638,5.4329,4.5605,5.186971428571428,4.85656
2021-02-12,5.4792,21.37,21.17,21.88,1.43,0.0,2,43,0,0.8660254037844386,0.5000000000000001,0.6744436188329455,0.7383263540031065,5.1593,5.4638,4.2542,5.272514285714286,4.885009999999999
2021-02-13,5.3556,22.09,23.22,0.0,1.39,0.0,2,44,0,0.8660254037844386,0.5000000000000001,0.6870527672236669,0.7266075247685656,5.4792,5.1593,5.2253,5.447514285714286,4.9060266666666665
2021-02-14,4.8797,23.22,25.56,2.16,1.39,0.0,2,45,0,0.8660254037844386,0.5000000000000001,0.699458327051647,0.7146733860429609,5.3556,5.4792,5.7086,5.466128571428571,4.917513333333333
2021-02-15,4.758,24.29,29.11,5.41,1.12,0.01,2,46,0,0.8660254037844386,0.5000000000000001,0.7116566222817746,0.7025274741691571,4.8797,5.3556,5.6635,5.347714285714285,4.915186666666666
2021-02-16,3.9648,23.48,34.97,31.38,1.64,0.91,2,47,0,0.8660254037844386,0.5000000000000001,0.7236440382959124,0.6901733882429719,4.758,4.8797,5.4329,5.218357142857143,4.920100000000001
2021-02-17,4.9416,22.8,34.54,9.74,1.09,0.25,2,48,0,0.8660254037844386,0.5000000000000001,0.7354170229639855,0.6776147890466889,3.9648,4.758,5.4638,5.008628571428571,4.930476666666666
2021-02-18,5.1679,22.2,39.76,31.11,1.43,0.06,2,49,0,0.8660254037844386,0.5000000000000001,0.7469720876965552,0.6648553979642865,4.9416,3.9648,5.1593,4.934028571428571,4.99167
2021-02-19,5.5366,21.36,38.11,14.36,2.03,0.01,2,50,0,0.8660254037844386,0.5000000000000001,0.7583058084785624,0.6518989958787126,5.1679,4.9416,5.4792,4.935257142857142,5.029059999999999
2021-02-20,5.771,20.42,30.36,1.83,1.93,0.01,2,51,0,0.8660254037844386,0.5000000000000001,0.7694148268839378,0.6387494220515272,5.5366,5.1679,5.3556,4.9434571428571425,5.061819999999999
2021-02-21,5.8363,21.52,24.53,5.49,1.43,0.0,2,52,0,0.8660254037844386,0.5000000000000001,0.7802958510707755,0.6254105729852464,5.771,5.5366,4.8797,5.0028,5.08829
2021-02-22,5.9602,23.6,19.88,5.02,1.04,0.0,2,53,0,0.8660254037844386,0.5000000000000001,0.7909456567567772,0.6118864012687243,5.8363,5.771,4.758,5.139457142857142,5.1108899999999995
2021-02-23,5.9798,24.94,19.31,6.89,1.32,0.0,2,54,0,0.8660254037844386,0.5000000000000001,0.8013610881746766,0.5981809144059165,5.9602,5.8363,3.9648,5.3111999999999995,5.145283333333334
2021-02-24,6.0305,25.21,18.1,14.28,1.25,0.0,2,55,0,0.8660254037844386,0.5000000000000001,0.8115390590073611,0.5842981736283683,5.9798,5.9602,4.9416,5.599057142857143,5.181913333333333
2021-02-25,5.9866,24.4,25.51,30.92,2.32,0.0,2,56,0,0.8660254037844386,0.5000000000000001,0.8214765533024142,0.5702422926917871,6.0305,5.9798,5.1679,5.754614285714285,5.226106666666667
2021-02-26,6.2964,25.33,21.48,8.82,2.45,0.0,2,57,0,0.8660254037844386,0.5000000000000001,0.8311706263658079,0.5560174366570446,5.9866,6.0305,5.5366,5.871571428571428,5.26586
2021-02-27,6.15,26.05,28.51,14.4,2.28,0.0,2,58,0,0.8660254037844386,0.5000000000000001,0.8406184056344782,0.5416278206559814,6.2964,5.9866,5.771,5.9801142857142855,5.320373333333333
2021-02-28,6.2042,26.47,29.31,6.99,2.72,0.0,2,59,0,0.8660254037844386,0.5000000000000001,0.8498170915275278,0.5270777086423722,6.15,6.2964,5.8363,6.034257142857143,5.384596666666667
2021-03-01,6.3458,26.07,24.35,2.73,2.44,0.0,3,60,1,1.0,6.123233995736766e-17,0.8587639582758029,0.5123714121284237,6.2042,6.15,5.9602,6.086814285714287,5.429466666666666
2021-03-02,6.4589,23.97,20.15,0.24,1.58,0.0,3,61,1,1.0,6.123233995736766e-17,0.8674563547295969,0.49751328890718066,6.3458,6.2042,5.9798,6.141900000000001,5.4590966666666665
2021-03-03,6.5282,24.67,14.82,0.79,1.18,0.0,3,62,1,1.0,6.123233995736766e-17,0.8758917051442429,0.48250774176121847,6.4589,6.3458,6.0305,6.210342857142857,5.4894799999999995
2021-03-04,6.6396,25.08,13.74,1.21,2.17,0.0,3,63,1,1.0,6.123233995736766e-17,0.8840675099433636,0.4673592171580022,6.5282,6.4589,5.9866,6.281442857142857,5.52307
2021-03-05,6.6281,24.83,15.94,1.62,2.9,0.0,3,64,1,1.0,6.123233995736766e-17,0.8919813464595485,0.45207220393230435,6.6396,6.5282,6.2964,6.374728571428571,5.565013333333332
2021-03-06,6.5069,26.98,11.9,0.68,1.83,0.0,3,65,1,1.0,6.123233995736766e-17,0.8996308696522433,0.43665123195606403,6.6281,6.6396,6.15,6.422114285714286,5.612236666666666
2021-03-07,6.2786,26.43,19.45,0.68,2.27,0.0,3,66,1,1.0,6.123233995736766e-17,0.9070138128026359,0.4211008707960896,6.5069,6.6281,6.2042,6.4731000000000005,5.677116666666667
2021-03-08,6.576,26.63,22.1,1.7,2.17,0.0,3,67,1,1.0,6.123233995736766e-17,0.9141279881853337,0.40542572835999735,6.2786,6.5069,6.3458,6.483728571428571,5.744596666666666
2021-03-09,6.5414,27.18,23.02,1.09,1.78,0.0,3,68,1,1.0,6.123233995736766e-17,0.9209712877166346,0.38963044953078796,6.576,6.2786,6.4589,6.516614285714285,5.78962
2021-03-10,6.1901,27.79,22.59,7.59,1.96,0.0,3,69,1,1.0,6.123233995736766e-17,0.9275416835791966,0.37371971479046906,6.5414,6.576,6.5282,6.5283999999999995,5.81738
2021-03-11,4.8542,28.56,22.08,50.18,1.35,0.02,3,70,1,1.0,6.123233995736766e-17,0.9338372288229252,0.35769823883312546,6.1901,6.5414,6.6396,6.4801,5.834933333333334
2021-03-12,3.222,26.79,35.4,85.09,2.79,14.44,3,71,1,1.0,6.123233995736766e-17,0.9398560579418954,0.3415707691678556,4.8542,6.1901,6.6281,6.225042857142857,5.815643333333332
2021-03-13,6.3624,24.44,51.25,14.97,1.91,2.17,3,72,1,1.0,6.123233995736766e-17,0.9455963874271426,0.3253420847119801,3.222,4.8542,6.5069,5.738457142857143,5.740916666666666
2021-03-14,6.331,25.08,45.66,5.09,1.6,0.0,3,73,1,1.0,6.123233995736766e-17,0.9510565162951535,0.30901699437494745,6.3624,3.222,6.2786,5.717814285714286,5.78102
2021-03-15,5.7998,26.18,44.78,26.72,1.61,0.0,3,74,1,1.0,6.123233995736766e-17,0.9562348265919056,0.29260033563334836,6.331,6.3624,6.576,5.725299999999999,5.8094133333333335
2021-03-16,5.2656,26.91,42.72,30.18,1.64,0.36,3,75,1,1.0,6.123233995736766e-17,0.9611297838723007,0.27609697309746883,5.7998,6.331,6.5414,5.614414285714287,5.8242199999999995
2021-03-17,5.479,27.32,39.36,34.62,1.86,0.0,3,76,1,1.0,6.123233995736766e-17,0.9657399376548549,0.2595117970697999,5.2656,5.7998,6.1901,5.432157142857143,5.837083333333334
2021-03-18,4.757,28.45,42.41,65.08,1.48,5.65,3,77,1,1.0,6.123233995736766e-17,0.9700639218515071,0.2428497220959356,5.479,5.2656,4.8542,5.330571428571429,5.861116666666666
2021-03-19,4.1028,26.33,47.0,80.45,1.72,1.0,3,78,1,1.0,6.123233995736766e-17,0.9741004551724205,0.22611568550828828,4.757,5.479,3.222,5.316685714285714,5.887523333333333
2021-03-20,5.7895,25.71,47.6,38.92,1.77,4.71,3,79,1,1.0,6.123233995736766e-17,0.9778483415056568,0.20931464596304847,4.1028,4.757,6.3624,5.442514285714286,5.859563333333333
2021-03-21,6.2414,26.4,46.47,11.04,2.14,0.24,3,80,1,1.0,6.123233995736766e-17,0.9813064702716093,0.19245158197082998,5.7895,4.1028,6.331,5.360671428571428,5.880283333333334
2021-03-22,5.2728,26.45,48.04,50.62,3.09,0.0,3,81,1,1.0,6.123233995736766e-17,0.9844738167520922,0.1755314904214282,6.2414,5.7895,5.7998,5.347871428571429,5.903776666666667
2021-03-23,5.6158,26.14,46.28,45.0,2.03,0.34,3,82,1,1.0,6.123233995736766e-17,0.9873494423939864,0.15855938510313475,5.2728,6.2414,5.2656,5.272585714285715,5.887169999999999
2021-03-24,6.2424,27.44,40.43,11.79,2.62,1.42,3,83,1,1.0,6.123233995736766e-17,0.989932495087353,0.141540295217043,5.6158,5.2728,5.479,5.322614285714286,5.87982
2021-03-25,7.0068,25.53,32.22,8.57,1.95,0.08,3,84,1,1.0,6.123233995736766e-17,0.9922222094179323,0.12447926388678915,6.2424,5.6158,4.757,5.431671428571429,5.889226666666667
2021-03-26,6.9458,26.41,21.51,2.81,1.53,0.0,3,85,1,1.0,6.123233995736766e-17,0.994217906893952,0.10738134666416309,7.0068,6.2424,4.1028,5.753071428571429,5.92346
2021-03-27,7.266,29.08,20.37,0.42,1.09,0.0,3,86,1,1.0,6.123233995736766e-17,0.995918996147179,0.09025161003104117,6.9458,7.0068,5.7895,6.1592142857142855,5.953969999999999
2021-03-28,7.0788,29.95,20.92,0.71,1.87,0.0,3,87,1,1.0,6.123233995736766e-17,0.9973249731081555,0.07309512989807777,7.266,6.9458,6.2414,6.3701428571428576,5.996616666666667
2021-03-29,7.195,30.19,18.49,0.18,2.17,0.0,3,88,1,1.0,6.123233995736766e-17,0.9984354211555643,0.055916990100603484,7.0788,7.266,5.2728,6.489771428571428,6.022696666666667
2021-03-30,7.1018,30.44,16.22,1.24,4.47,0.0,3,89,1,1.0,6.123233995736766e-17,0.9992500112396835,0.03872228089217446,7.195,7.0788,5.6158,6.764371428571429,6.05753
2021-03-31,6.959,29.55,20.35,16.27,3.42,0.0,3,90,1,1.0,6.123233995736766e-17,0.9997685019798909,0.021516097436222254,7.1018,7.195,6.2424,6.976657142857143,6.0874500000000005
2021-04-01,7.7345,28.56,12.35,2.12,2.21,0.0,4,91,1,0.8660254037844387,-0.4999999999999998,0.9999907397361901,0.004303538296244289,6.959,7.1018,7.0068,7.079028571428571,6.10789
2021-04-02,7.68,29.65,10.62,2.57,1.78,0.0,4,92,1,0.8660254037844387,-0.4999999999999998,0.9999166586547379,-0.01291029607500882,7.7345,6.959,6.9458,7.1829857142857145,6.15041
2021-04-03,7.3342,29.19,13.07,9.62,1.45,0.0,4,93,1,0.8660254037844387,-0.4999999999999998,0.9995462806873573,-0.030120304846908114,7.68,7.7345,7.266,7.287871428571429,6.188803333333334
2021-04-04,7.5254,29.08,12.11,3.2,1.46,0.0,4,94,1,0.8660254037844387,-0.4999999999999998,0.9988797155850336,-0.04732138832243185,7.3342,7.68,7.0788,7.297614285714286,6.211956666666667
2021-04-05,7.3097,30.6,11.44,1.5,1.63,0.0,4,95,1,0.8660254037844387,-0.4999999999999998,0.9979171608653922,-0.06450844944931623,7.5254,7.3342,7.195,7.361414285714285,6.241866666666667
2021-04-06,7.1774,31.26,15.85,14.67,2.26,0.0,4,96,1,0.8660254037844387,-0.4999999999999998,0.9966589017541702,-0.08167639533042241,7.3097,7.5254,7.1018,7.377800000000001,6.268626666666666
2021-04-07,7.3519,31.32,17.02,5.32,2.73,0.0,4,97,1,0.8660254037844387,-0.4999999999999998,0.9951053111006976,-0.09882013873287143,7.1774,7.3097,6.959,7.388599999999999,6.298586666666667
2021-04-08,6.9806,30.56,16.9,34.3,2.77,0.0,4,98,1,0.8660254037844387,-0.4999999999999998,0.9932568492674143,-0.11593459959550041,7.3519,7.1774,7.7345,7.444728571428572,6.32445
2021-04-09,6.9043,30.88,17.16,25.44,1.63,0.0,4,99,1,0.8660254037844387,-0.4999999999999998,0.9911140639934547,-0.1330147065341959,6.9806,7.3519,7.68,7.337028571428571,6.339090000000001
2021-04-10,6.1538,31.51,17.46,39.73,1.59,0.0,4,100,1,0.8660254037844387,-0.4999999999999998,0.9886775902323405,-0.1500553983446526,6.9043,6.9806,7.3342,7.226214285714285,6.362896666666667
2021-04-11,6.4382,31.68,19.02,43.55,1.37,0.55,4,101,1,0.8660254037844387,-0.4999999999999998,0.9859481499638304,-0.16705162550211924,6.1538,6.9043,7.5254,7.057585714285715,6.406216666666667
2021-04-12,7.027,31.12,23.8,9.5,1.27,0.18,4,102,1,0.8660254037844387,-0.4999999999999998,0.9829265519799822,-0.18399835165768005,6.4382,6.1538,7.3097,6.90227142857143,6.513423333333334
2021-04-13,7.2278,31.69,18.57,18.72,1.36,0.0,4,103,1,0.8660254037844387,-0.4999999999999998,0.9796136916454901,-0.20089055513063506,7.027,6.4382,7.1774,6.861885714285713,6.535576666666667
2021-04-14,6.031,31.25,19.01,66.56,3.55,0.0,4,104,1,0.8660254037844387,-0.4999999999999998,0.9760105506323683,-0.21772323039653177,7.2278,7.027,7.3519,6.869085714285714,6.56547
2021-04-15,6.0974,31.34,21.95,60.63,2.29,0.0,4,105,1,0.8660254037844387,-0.4999999999999998,0.9721181966290613,-0.23449138957040985,6.031,7.2278,6.9806,6.6803857142857135,6.573176666666667
2021-04-16,6.5669,31.78,20.6,32.98,2.43,0.0,4,106,1,0.8660254037844387,-0.4999999999999998,0.9679377830240642,-0.25119006388481935,6.0974,6.031,6.9043,6.554214285714286,6.600903333333333
2021-04-17,6.7142,31.61,21.84,16.28,2.75,0.0,4,107,1,0.8660254037844387,-0.4999999999999998,0.9634705485641488,-0.2678143051621742,6.5669,6.0974,6.1538,6.506014285714286,6.637166666666667
2021-04-18,7.2468,31.63,21.93,12.27,1.0,0.0,4,108,1,0.8660254037844387,-0.4999999999999998,0.9587178169872964,-0.2843591872810034,6.7142,6.5669,6.4382,6.586071428571429,6.702406666666667
2021-04-19,6.0658,32.9,18.43,63.45,1.3,0.0,4,109,1,0.8660254037844387,-0.4999999999999998,0.9536809966304457,-0.30081980763566735,7.2468,6.7142,7.027,6.701585714285714,6.8072066666666675
2021-04-20,6.7171,32.03,20.24,55.13,2.82,0.0,4,110,1,0.8660254037844387,-0.4999999999999998,0.9483615800121715,-0.3171912885891061,6.0658,7.2468,7.2278,6.56427142857143,6.816416666666667
2021-04-21,5.2793,30.86,24.19,90.62,2.94,0.0,4,111,1,0.8660254037844387,-0.4999999999999998,0.9427611433904207,-0.3334687789181868,6.7171,6.0658,6.031,6.491314285714286,6.832273333333333
2021-04-22,7.5038,30.47,21.82,37.27,1.86,0.0,4,112,1,0.8660254037844387,-0.4999999999999998,0.9368813462954315,-0.3496474552512284,5.2793,6.7171,6.0974,6.383928571428572,6.832490000000001
2021-04-23,7.1371,30.82,19.28,52.02,3.01,0.0,4,113,1,0.8660254037844387,-0.4999999999999998,0.9307239310379795,-0.36572252349726897,7.5038,5.2793,6.5669,6.584842857142858,6.895423333333334
2021-04-24,6.7949,31.96,20.15,63.31,3.07,0.0,4,114,1,0.8660254037844387,-0.4999999999999998,0.9242907221930933,-0.3816892202666588,7.1371,7.5038,6.7142,6.6663,6.925246666666667
2021-04-25,7.1527,31.29,9.99,78.72,1.93,0.0,4,115,1,0.8660254037844387,-0.4999999999999998,0.9175836260593937,-0.39754281428255595,6.7949,7.1371,7.2468,6.677828571428572,6.918183333333333
2021-04-26,8.1146,31.37,9.56,11.06,1.36,0.0,4,116,1,0.8660254037844387,-0.4999999999999998,0.9106046300942162,-0.41327860778290415,7.1527,6.7949,6.0658,6.664385714285714,6.92508
2021-04-27,7.9375,32.66,12.75,2.82,1.78,0.0,4,117,1,0.8660254037844387,-0.4999999999999998,0.9033558023246845,-0.4288919379124835,8.1146,7.1527,6.7171,6.957071428571429,6.953366666666667
2021-04-28,7.5854,33.91,16.18,14.59,1.9,0.0,4,118,1,0.8660254037844387,-0.4999999999999998,0.895839290734909,-0.44437817810461316,7.9375,8.1146,5.2793,7.1314142857142855,6.98199
2021-04-29,7.2038,34.04,14.3,30.92,1.81,0.0,4,119,1,0.8660254037844387,-0.4999999999999998,0.8880573226294932,-0.45973273945210397,7.5854,7.9375,7.5038,7.460857142857143,6.995003333333333
2021-04-30,6.8926,34.04,16.78,36.64,2.12,0.0,4,120,1,0.8660254037844387,-0.4999999999999998,0.8800122039735357,-0.47495107206704995,7.2038,7.5854,7.1371,7.418,6.998403333333333
2021-05-01,5.7734,33.49,24.4,77.62,4.2,0.02,5,121,1,0.49999999999999994,-0.8660254037844387,0.8717063187093218,-0.4900286664290592,6.8926,7.2038,6.7949,7.383071428571428,6.99619
2021-05-02,5.4835,31.19,31.84,71.94,1.89,2.61,5,122,1,0.49999999999999994,-0.8660254037844387,0.8631421280499114,-0.5049610547215204,5.7734,6.8926,7.1527,7.237142857142857,6.93082
2021-05-03,5.9611,32.78,27.24,47.78,2.21,0.28,5,123,1,0.49999999999999994,-0.8660254037844387,0.854322169749827,-0.5197438121555155,5.4835,5.7734,8.1146,6.998685714285714,6.857603333333333
2021-05-04,7.2422,32.79,22.48,30.97,2.43,0.0,5,124,1,0.49999999999999994,-0.8660254037844387,0.8452490573530633,-0.5343725582809786,5.9611,5.4835,7.9375,6.691042857142857,6.811833333333334
2021-05-05,7.5005,33.28,21.72,11.42,2.86,0.0,5,125,1,0.49999999999999994,-0.8660254037844387,0.8359254794186372,-0.548842958284719,7.2422,5.9611,7.5854,6.591714285714285,6.802393333333333
2021-05-06,7.1918,34.08,21.5,29.19,2.84,0.0,5,126,1,0.49999999999999994,-0.8660254037844387,0.8263541987239096,-0.5631507242749186,7.5005,7.2422,7.2038,6.579585714285714,6.808753333333333
2021-05-07,6.9247,34.46,21.81,30.19,2.38,0.0,5,127,1,0.49999999999999994,-0.8660254037844387,0.8165380514459161,-0.5772916165517272,7.1918,7.5005,6.8926,6.577871428571428,6.809233333333333
2021-05-08,5.9405,34.37,24.58,42.57,2.13,0.65,5,128,1,0.49999999999999994,-0.8660254037844387,0.8064799463209448,-0.5912614448635781,6.9247,7.1918,5.7734,6.582457142857144,6.794993333333333
2021-05-09,5.5188,34.52,29.49,51.95,2.17,2.81,5,129,1,0.49999999999999994,-0.8660254037844387,0.7961828637826158,-0.6050560696488488,5.9405,6.9247,5.4835,6.6063285714285715,6.760323333333333
2021-05-10,6.1615,34.37,32.31,33.71,1.57,0.73,5,130,1,0.49999999999999994,-0.8660254037844387,0.7856498550787147,-0.6186714032625031,5.5188,5.9405,5.9611,6.611371428571429,6.71414
2021-05-11,7.302,34.76,25.21,40.24,2.58,1.16,5,131,1,0.49999999999999994,-0.8660254037844387,0.7748840413670407,-0.6321034111873487,6.1615,5.5188,7.2422,6.64,6.714396666666667
2021-05-12,6.4922,33.55,25.05,51.97,3.27,0.03,5,132,1,0.49999999999999994,-0.8660254037844387,0.7638886127905428,-0.6453481132295501,7.302,6.1615,7.5005,6.648542857142857,6.74319
2021-05-13,6.8779,32.68,31.2,42.22,3.28,0.01,5,133,1,0.49999999999999994,-0.8660254037844387,0.7526668275320085,-0.6584015846980488,6.4922,7.302,7.1918,6.5045,6.725363333333334
2021-05-14,7.2706,33.39,27.84,18.54,1.94,0.0,5,134,1,0.49999999999999994,-0.8660254037844387,0.7412220108485958,-0.6712599575675313,6.8779,6.4922,6.9247,6.459657142857142,6.7137
2021-05-15,6.1114,33.76,30.62,65.72,2.74,1.68,5,135,1,0.49999999999999994,-0.8660254037844387,0.7295575540864875,-0.6839194216246106,7.2706,6.8779,5.9405,6.509071428571429,6.75502
2021-05-16,5.7766,34.21,37.51,81.12,3.82,0.48,5,136,1,0.49999999999999994,-0.8660254037844387,0.717676913675962,-0.6963762255968722,6.1114,7.2706,5.5188,6.533485714285713,6.755486666666667
2021-05-17,4.8434,31.88,49.58,95.84,4.32,6.17,5,137,1,0.49999999999999994,-0.8660254037844387,0.705583610107178,-0.7086266782644596,5.7766,6.1114,6.1615,6.570314285714285,6.729143333333334
2021-05-18,4.8667,31.21,56.41,97.41,5.14,11.48,5,138,1,0.49999999999999994,-0.8660254037844387,0.6932812268869777,-0.7206671495538609,4.8434,5.7766,7.302,6.382014285714286,6.666783333333333
2021-05-19,4.842,30.04,61.44,87.79,6.16,5.01,5,139,1,0.49999999999999994,-0.8660254037844387,0.6807734094770161,-0.7324940716135789,4.8667,4.8434,6.4922,6.034114285714287,6.587446666666667
2021-05-20,5.7823,28.8,54.82,58.47,4.39,0.25,5,140,1,0.49999999999999994,-0.8660254037844387,0.6680638642135335,-0.7441039398713607,4.842,4.8667,6.8779,5.7983714285714285,6.546653333333333
2021-05-21,7.2283,31.31,45.74,32.31,1.56,0.0,5,141,1,0.49999999999999994,-0.8660254037844387,0.6551563572090853,-0.7554933140726803,5.7823,4.842,7.2706,5.641857142857143,6.515493333333334
2021-05-22,6.3744,31.92,44.26,66.32,2.1,0.01,5,142,1,0.49999999999999994,-0.8660254037844387,0.6420547132365637,-0.766658819300159,7.2283,5.7823,6.1114,5.635814285714285,6.58046
2021-05-23,6.7198,31.42,39.56,36.24,2.54,0.71,5,143,1,0.49999999999999994,-0.8660254037844387,0.6287628145958344,-0.7775971469736269,6.3744,7.2283,5.7766,5.673385714285714,6.542813333333332
2021-05-24,7.6814,31.38,35.86,33.97,3.34,0.03,5,144,1,0.49999999999999994,-0.8660254037844387,0.6152845999633276,-0.7883050558305255,6.7198,6.3744,4.8434,5.808128571428571,6.528903333333333
2021-05-25,7.1551,32.63,28.14,94.75,4.02,0.0,5,145,1,0.49999999999999994,-0.8660254037844387,0.6016240632249226,-0.7987793728863649,7.6814,6.7198,4.8667,6.213557142857143,6.5584533333333335
2021-05-26,7.056,33.1,28.62,59.39,3.17,0.0,5,146,1,0.49999999999999994,-0.8660254037844387,0.5877852522924732,-0.8090169943749473,7.1551,7.6814,4.842,6.540471428571428,6.558533333333333
2021-05-27,7.0284,34.15,33.66,48.75,3.4,0.0,5,147,1,0.49999999999999994,-0.8660254037844387,0.5737722679043246,-0.8190148866680801,7.056,7.1551,5.7823,6.856757142857142,6.523246666666666
2021-05-28,7.0183,35.03,39.29,50.87,3.6,0.02,5,148,1,0.49999999999999994,-0.8660254037844387,0.5595892624101765,-0.8287700871745038,7.0284,7.056,7.2283,7.034771428571429,6.492943333333333
2021-05-29,6.0269,34.88,36.09,80.72,2.37,0.36,5,149,1,0.49999999999999994,-0.8660254037844387,0.545240438540651,-0.8382797052177744,7.0183,7.0284,6.3744,7.004771428571429,6.4740400000000005
2021-05-30,4.9181,33.66,46.72,86.29,3.85,16.13,5,150,1,0.49999999999999994,-0.8660254037844387,0.5307300481619334,-0.8475409228928311,6.0269,7.0183,6.7198,6.955128571428572,6.43481
2021-05-31,6.7358,32.41,49.76,55.74,3.61,2.62,5,151,1,0.49999999999999994,-0.8660254037844387,0.5160623910158528,-0.8565509959010036,4.9181,6.0269,7.6814,6.697742857142857,6.368993333333333
2021-06-01,7.1023,31.65,51.12,34.26,2.89,5.02,6,152,2,1.2246467991473532e-16,-1.0,0.5012418134457758,-0.865307254363206,6.7358,4.9181,7.1551,6.562657142857143,6.401073333333334
2021-06-02,6.9715,31.83,48.32,52.89,2.33,3.66,6,153,2,1.2246467991473532e-16,-1.0,0.48627270710868997,-0.8738071036110808,7.1023,6.7358,7.056,6.555114285714287,6.455033333333334
2021-06-03,6.9478,30.9,55.18,63.77,3.08,3.98,6,154,2,1.2246467991473532e-16,-1.0,0.4711595076738638,-0.8820480249558537,6.9715,7.1023,7.0284,6.543042857142858,6.488713333333333
2021-06-04,5.2238,30.81,55.13,75.29,2.99,0.2,6,155,2,1.2246467991473532e-16,-1.0,0.4559066935084588,-0.8900275764346767,6.9478,6.9715,7.0183,6.531528571428572,6.478899999999999
2021-06-05,3.7282,29.37,61.31,93.3,2.29,0.58,6,156,2,1.2246467991473532e-16,-1.0,0.440518784350495,-0.8977433935342337,5.2238,6.9478,6.0269,6.275171428571428,6.40301
2021-06-06,5.2332,29.64,62.56,84.71,3.01,0.33,6,157,2,1.2246467991473532e-16,-1.0,0.42500033996955416,-0.9051931898913974,3.7282,5.2238,4.9181,5.946785714285714,6.287556666666666
2021-06-07,5.8219,31.34,54.67,81.2,3.21,2.29,6,158,2,1.2246467991473532e-16,-1.0,0.4093559588156213,-0.9123747579707273,5.2332,3.7282,6.7358,5.9918,6.2311733333333335
2021-06-08,6.5446,30.81,62.95,73.92,3.2,23.6,6,159,2,1.2246467991473532e-16,-1.0,0.39359027665646673,-0.9192859697186104,5.8219,5.2332,7.1023,5.861242857142857,6.22722
2021-06-09,6.6686,31.16,61.64,64.04,4.11,5.31,6,160,2,1.2246467991473532e-16,-1.0,0.3777079652039649,-0.9259247771938498,6.5446,5.8219,6.9715,5.781571428571428,6.2614133333333335
2021-06-10,6.8858,32.42,56.11,64.13,4.98,14.9,6,161,2,1.2246467991473532e-16,-1.0,0.36171373072976765,-0.9322892131745133,6.6686,6.5446,6.9478,5.7383,6.278316666666667
2021-06-11,5.0491,30.32,67.16,90.68,4.66,45.56,6,162,2,1.2246467991473532e-16,-1.0,0.3456123126707335,-0.9383773917408641,6.8858,6.6686,5.2238,5.729442857142857,6.264443333333333
2021-06-12,5.8486,29.1,75.29,75.23,4.16,15.1,6,163,2,1.2246467991473532e-16,-1.0,0.3294084822245304,-0.9441875088341993,5.0491,6.8858,3.7282,5.704485714285714,6.21634
2021-06-13,5.6155,29.21,72.63,79.53,3.62,5.96,6,164,2,1.2246467991473532e-16,-1.0,0.3131070409358269,-0.9497178427914316,5.8486,5.0491,5.2332,6.0074,6.18203
2021-06-14,5.405,29.08,71.64,76.85,3.52,3.16,6,165,2,1.2246467991473532e-16,-1.0,0.29671281927349075,-0.9549667548552551,5.6155,5.8486,5.8219,6.062014285714286,6.12686
2021-06-15,6.007,29.73,67.77,75.32,4.04,9.76,6,166,2,1.2246467991473532e-16,-1.0,0.28023067519921585,-0.9599326896597447,5.405,5.6155,6.5446,6.002457142857144,6.103313333333333
2021-06-16,5.7802,28.59,73.77,69.63,3.81,13.05,6,167,2,1.2246467991473532e-16,-1.0,0.26366549272800704,-0.9646141756912435,6.007,5.405,6.6686,5.925657142857142,6.110993333333334
2021-06-17,5.5553,28.25,73.48,87.62,3.34,11.23,6,168,2,1.2246467991473532e-16,-1.0,0.24702218048093552,-0.9690098257244062,5.7802,6.007,6.8858,5.798742857142857,6.142219999999999
2021-06-18,5.1746,27.82,70.6,88.44,4.04,4.0,6,169,2,1.2246467991473532e-16,-1.0,0.23030567023061221,-0.9731183372332619,5.5553,5.7802,5.0491,5.608671428571428,6.165173333333333
2021-06-19,4.6625,25.77,84.21,87.85,4.41,7.43,6,170,2,1.2246467991473532e-16,-1.0,0.21352091543979612,-0.9769384927771817,5.1746,5.5553,5.8486,5.626600000000001,6.17626
2021-06-20,5.4274,27.39,71.15,56.67,4.89,0.03,6,171,2,1.2246467991473532e-16,-1.0,0.19667288979357647,-0.980469160361632,4.6625,5.1746,5.6155,5.457157142857143,6.138933333333333
2021-06-21,4.9558,28.07,69.14,47.09,4.03,0.03,6,172,2,1.2246467991473532e-16,-1.0,0.1797665857255624,-0.9837092937736097,5.4274,4.6625,5.405,5.430285714285715,6.078903333333333
2021-06-22,4.8144,29.14,69.93,84.06,3.4,1.14,6,173,2,1.2246467991473532e-16,-1.0,0.16280701293851715,-0.986657932891657,4.9558,5.4274,6.007,5.366114285714285,6.031616666666667
2021-06-23,5.215,29.19,71.95,87.7,3.46,9.35,6,174,2,1.2246467991473532e-16,-1.0,0.1457991969198751,-0.9893142039703663,4.8144,4.9558,5.7802,5.195742857142856,5.968103333333333
2021-06-24,5.6801,27.29,79.18,78.91,4.01,16.17,6,175,2,1.2246467991473532e-16,-1.0,0.12874817745258132,-0.99167731989929,5.215,4.8144,5.5553,5.115,5.88589
2021-06-25,5.9909,27.45,76.38,75.6,3.47,10.76,6,176,2,1.2246467991473532e-16,-1.0,0.11165900712169512,-0.993746580436178,5.6801,5.215,5.1746,5.132828571428571,5.8367233333333335
2021-06-26,6.3698,28.87,73.61,68.83,3.12,2.57,6,177,2,1.2246467991473532e-16,-1.0,0.09453674981719912,-0.9955213724144752,5.9909,5.6801,4.6625,5.249442857142857,5.801220000000001
2021-06-27,5.9131,29.7,70.0,77.82,1.98,2.88,6,178,2,1.2246467991473532e-16,-1.0,0.07738647923346301,-0.9970011699250151,6.3698,5.9909,5.4274,5.493342857142857,5.779266666666667
2021-06-28,5.2584,29.1,72.26,82.44,2.46,1.25,6,179,2,1.2246467991473532e-16,-1.0,0.06021327736579302,-0.9981855344718586,5.9131,6.3698,4.9558,5.562728571428571,5.742426666666666
2021-06-29,6.9238,29.94,68.32,42.44,3.92,0.01,6,180,2,1.2246467991473532e-16,-1.0,0.04302223300453059,-0.99907411510223,5.2584,5.9131,4.8144,5.605957142857143,5.71681
2021-06-30,6.253,29.5,71.08,82.46,4.69,0.02,6,181,2,1.2246467991473532e-16,-1.0,0.02581844022713308,-0.9996666485105112,6.9238,5.2584,5.215,5.907299999999999,5.783666666666666
2021-07-01,5.4223,28.97,70.92,93.55,4.23,0.0,7,182,2,-0.4999999999999997,-0.8660254037844388,0.008606996888688698,-0.9999629591162655,6.253,6.9238,5.6801,6.055585714285714,5.767573333333333
2021-07-02,5.8644,29.32,66.38,70.48,4.6,0.0,7,183,2,-0.4999999999999997,-0.8660254037844388,-0.008606996888688009,-0.9999629591162655,5.4223,6.253,5.9909,6.018757142857142,5.711573333333333
2021-07-03,6.0245,29.31,65.49,66.0,4.22,0.18,7,184,2,-0.4999999999999997,-0.8660254037844388,-0.02581844022713239,-0.9996666485105112,5.8644,5.4223,6.3698,6.000685714285715,5.674670000000001
2021-07-04,6.3586,29.21,65.83,49.18,3.24,0.0,7,185,2,-0.4999999999999997,-0.8660254037844388,-0.04302223300453034,-0.99907411510223,6.0245,5.8644,5.9131,5.951357142857143,5.643893333333334
2021-07-05,6.4534,28.26,71.64,63.82,2.83,0.0,7,186,2,-0.4999999999999997,-0.8660254037844388,-0.060213277365792774,-0.9981855344718586,6.3586,6.0245,5.2584,6.015,5.681719999999999
2021-07-06,6.4591,29.96,65.15,48.86,2.99,0.11,7,187,2,-0.4999999999999997,-0.8660254037844388,-0.07738647923346322,-0.9970011699250151,6.4534,6.3586,6.9238,6.185714285714286,5.77256
2021-07-07,6.1589,30.47,63.54,79.68,2.42,0.48,7,188,2,-0.4999999999999997,-0.8660254037844388,-0.09453674981719933,-0.9955213724144752,6.4591,6.4534,6.253,6.119328571428572,5.813423333333334
2021-07-08,2.76,28.45,68.26,99.09,3.8,5.41,7,189,2,-0.4999999999999997,-0.8660254037844388,-0.11165900712169444,-0.9937465804361781,6.1589,6.4591,5.4223,6.105885714285714,5.824656666666667
2021-07-09,3.4327,29.43,65.26,99.08,2.34,3.29,7,190,2,-0.4999999999999997,-0.8660254037844388,-0.12874817745258066,-0.99167731989929,2.76,6.1589,5.8644,5.725557142857143,5.698503333333333
2021-07-10,5.263,29.84,68.13,88.57,1.9,4.31,7,191,2,-0.4999999999999997,-0.8660254037844388,-0.14579919691987442,-0.9893142039703664,3.4327,2.76,6.0245,5.378171428571428,5.59064
2021-07-11,4.428,28.56,77.39,94.25,2.02,5.01,7,192,2,-0.4999999999999997,-0.8660254037844388,-0.16280701293851646,-0.9866579328916572,5.263,3.4327,6.3586,5.269385714285714,5.536546666666667
2021-07-12,6.217,29.77,70.42,79.9,3.46,0.25,7,193,2,-0.4999999999999997,-0.8660254037844388,-0.17976658572556214,-0.9837092937736098,4.428,5.263,6.4534,4.9935857142857145,5.515843333333334
2021-07-13,6.288,29.65,69.48,61.82,2.35,0.01,7,194,2,-0.4999999999999997,-0.8660254037844388,-0.19667288979357622,-0.9804691603616321,6.217,4.428,6.4591,4.959814285714286,5.528123333333332
2021-07-14,5.6186,29.77,69.79,53.06,2.1,5.79,7,195,2,-0.4999999999999997,-0.8660254037844388,-0.2135209154397959,-0.9769384927771817,6.288,6.217,6.1589,4.935371428571429,5.55054
2021-07-15,6.023,29.91,69.37,41.48,3.47,1.32,7,196,2,-0.4999999999999997,-0.8660254037844388,-0.23030567023061196,-0.973118337233262,5.6186,6.288,2.76,4.858185714285715,5.557659999999999
2021-07-16,6.2465,30.05,69.13,61.3,3.15,0.19,7,197,2,-0.4999999999999997,-0.8660254037844388,-0.24702218048093527,-0.9690098257244063,6.023,5.6186,3.4327,5.3243285714285715,5.5581933333333335
2021-07-17,6.6998,28.84,76.44,80.78,2.7,0.03,7,198,2,-0.4999999999999997,-0.8660254037844388,-0.2636654927280072,-0.9646141756912435,6.2465,6.023,5.263,5.726299999999999,5.573736666666666
2021-07-18,3.2923,27.87,80.12,97.39,1.96,11.54,7,199,2,-0.4999999999999997,-0.8660254037844388,-0.2802306751992161,-0.9599326896597445,6.6998,6.2465,4.428,5.931557142857143,5.611886666666666
2021-07-19,4.5305,29.07,73.92,97.38,2.88,8.08,7,200,2,-0.4999999999999997,-0.8660254037844388,-0.2967128192734901,-0.9549667548552553,3.2923,6.6998,6.217,5.769314285714286,5.549143333333333
2021-07-20,2.9004,26.99,81.93,99.16,4.24,5.84,7,201,2,-0.4999999999999997,-0.8660254037844388,-0.3131070409358267,-0.9497178427914317,4.5305,3.2923,6.288,5.528385714285714,5.544743333333333
2021-07-21,3.3098,27.64,76.81,98.91,3.88,6.04,7,202,2,-0.4999999999999997,-0.8660254037844388,-0.3294084822245302,-0.9441875088341994,2.9004,4.5305,5.6186,5.044442857142856,5.46051
2021-07-22,2.3119,27.21,81.85,99.39,3.02,8.3,7,203,2,-0.4999999999999997,-0.8660254037844388,-0.3456123126707333,-0.9383773917408642,3.3098,2.9004,6.023,4.714614285714285,5.405643333333333
2021-07-23,2.033,26.87,84.51,98.27,2.9,23.63,7,204,2,-0.4999999999999997,-0.8660254037844388,-0.3617137307297674,-0.9322892131745134,2.3119,3.3098,6.2465,4.184457142857143,5.322226666666666
2021-07-24,1.8578,26.5,85.46,99.29,2.92,5.0,7,205,2,-0.4999999999999997,-0.8660254037844388,-0.37770796520396466,-0.9259247771938499,2.033,2.3119,6.6998,3.5825285714285715,5.21616
2021-07-25,1.578,26.22,89.81,96.65,4.27,47.79,7,206,2,-0.4999999999999997,-0.8660254037844388,-0.39359027665646645,-0.9192859697186105,1.8578,2.033,3.2923,2.890814285714286,5.08875
2021-07-26,1.5358,25.57,86.49,98.85,5.99,21.71,7,207,2,-0.4999999999999997,-0.8660254037844388,-0.4093559588156211,-0.9123747579707274,1.578,1.8578,4.5305,2.645914285714286,4.941653333333334
2021-07-27,1.9615,25.06,86.09,99.43,4.44,17.59,7,208,2,-0.4999999999999997,-0.8660254037844388,-0.42500033996955394,-0.9051931898913975,1.5358,1.578,2.9004,2.2180999999999997,4.780519999999999
2021-07-28,2.5138,25.06,85.73,99.39,5.23,11.2,7,209,2,-0.4999999999999997,-0.8660254037844388,-0.4405187843504952,-0.8977433935342336,1.9615,1.5358,3.3098,2.0839714285714286,4.6488
2021-07-29,1.6932,25.11,86.86,99.37,4.66,6.56,7,210,2,-0.4999999999999997,-0.8660254037844388,-0.455906693508459,-0.8900275764346766,2.5138,1.9615,2.3119,1.970257142857143,4.557313333333334
2021-07-30,1.4894,25.89,83.74,99.41,4.69,4.09,7,211,2,-0.4999999999999997,-0.8660254037844388,-0.47115950767386394,-0.8820480249558535,1.6932,2.5138,2.033,1.8818714285714289,4.38296
2021-07-31,2.5534,25.83,85.34,99.36,5.56,14.85,7,212,2,-0.4999999999999997,-0.8660254037844388,-0.4862727071086902,-0.8738071036110807,1.4894,1.6932,1.8578,1.8042142857142858,4.224173333333333
2021-08-01,2.2025,24.7,90.07,99.39,6.22,22.28,8,213,2,-0.8660254037844384,-0.5000000000000004,-0.5012418134457756,-0.8653072543632061,2.5534,1.4894,1.578,1.9035857142857142,4.128543333333334
2021-08-02,1.103,24.62,91.75,98.93,5.97,33.01,8,214,2,-0.8660254037844384,-0.5000000000000004,-0.5160623910158526,-0.8565509959010037,2.2025,2.5534,1.5358,1.9928000000000001,4.00648
2021-08-03,2.3885,24.81,88.84,99.11,5.11,17.32,8,215,2,-0.8660254037844384,-0.5000000000000004,-0.5307300481619331,-0.8475409228928312,1.103,2.2025,1.9615,1.9309714285714283,3.8424300000000002
2021-08-04,1.7066,24.98,89.61,99.54,5.27,14.68,8,216,2,-0.8660254037844384,-0.5000000000000004,-0.5452404385406507,-0.8382797052177745,2.3885,1.103,2.5138,1.9919714285714285,3.710093333333333
2021-08-05,1.2698,25.29,89.59,99.27,4.67,19.09,8,217,2,-0.8660254037844384,-0.5000000000000004,-0.5595892624101763,-0.828770087174504,1.7066,2.3885,1.6932,1.8766571428571428,3.5518666666666667
2021-08-06,1.4904,24.4,93.64,93.82,4.71,29.33,8,218,2,-0.8660254037844384,-0.5000000000000004,-0.5737722679043243,-0.8190148866680802,1.2698,1.7066,1.4894,1.8161714285714285,3.37889
2021-08-07,1.8113,26.1,87.64,93.55,3.48,9.52,8,219,2,-0.8660254037844384,-0.5000000000000004,-0.5877852522924734,-0.8090169943749472,1.4904,1.2698,2.5534,1.8163142857142855,3.223273333333333
2021-08-08,2.9376,26.6,85.85,98.68,2.74,1.53,8,220,2,-0.8660254037844384,-0.5000000000000004,-0.6016240632249227,-0.7987793728863648,1.8113,1.4904,2.2025,1.7103,3.19165
2021-08-09,3.5525,25.72,90.75,95.83,3.49,8.22,8,221,2,-0.8660254037844384,-0.5000000000000004,-0.6152845999633277,-0.7883050558305253,2.9376,1.8113,1.103,1.8153142857142857,3.175146666666667
2021-08-10,3.0053,25.2,89.38,99.46,3.29,7.26,8,222,2,-0.8660254037844384,-0.5000000000000004,-0.6287628145958345,-0.7775971469736268,3.5525,2.9376,2.3885,2.1652428571428572,3.11813
2021-08-11,4.7405,26.06,84.46,98.73,3.14,0.59,8,223,2,-0.8660254037844384,-0.5000000000000004,-0.6420547132365636,-0.7666588193001592,3.0053,3.5525,1.7066,2.253357142857143,3.0707066666666663
2021-08-12,5.3803,25.85,84.28,97.14,2.76,0.0,8,224,2,-0.8660254037844384,-0.5000000000000004,-0.655156357209085,-0.7554933140726804,4.7405,3.0053,1.2698,2.686771428571429,3.02149
2021-08-13,5.6566,26.0,84.07,87.52,2.54,0.0,8,225,2,-0.8660254037844384,-0.5000000000000004,-0.6680638642135333,-0.7441039398713608,5.3803,4.7405,1.4904,3.2739857142857143,2.991233333333333
2021-08-14,5.6678,26.35,83.72,67.59,2.76,0.01,8,226,2,-0.8660254037844384,-0.5000000000000004,-0.6807734094770159,-0.7324940716135792,5.6566,5.3803,1.8113,3.869157142857143,2.9925
2021-08-15,5.4689,26.47,82.98,58.69,2.59,0.03,8,227,2,-0.8660254037844384,-0.5000000000000004,-0.6932812268869771,-0.7206671495538615,5.6678,5.6566,2.9376,4.420085714285714,2.9806600000000003
2021-08-16,5.6563,27.33,79.89,70.38,1.57,0.25,8,228,2,-0.8660254037844384,-0.5000000000000004,-0.7055836101071774,-0.70862667826446,5.4689,5.6678,3.5525,4.7817,2.95474
2021-08-17,3.4387,27.43,82.73,97.61,1.61,10.05,8,229,2,-0.8660254037844384,-0.5000000000000004,-0.7176769136759615,-0.6963762255968726,5.6563,5.4689,3.0053,5.082242857142857,2.9199566666666663
2021-08-18,3.1013,26.57,87.42,99.06,1.82,12.85,8,230,2,-0.8660254037844384,-0.5000000000000004,-0.7295575540864876,-0.6839194216246104,3.4387,5.6563,4.7405,5.144157142857142,2.9248366666666663
2021-08-19,3.0257,26.26,86.74,98.94,2.34,15.33,8,231,2,-0.8660254037844384,-0.5000000000000004,-0.7412220108485957,-0.6712599575675315,3.1013,3.4387,5.3803,4.909985714285715,2.877196666666667
2021-08-20,2.0882,25.69,89.79,98.69,2.1,21.55,8,232,2,-0.8660254037844384,-0.5000000000000004,-0.7526668275320083,-0.6584015846980489,3.0257,3.1013,5.6566,4.573614285714286,2.881373333333334
2021-08-21,3.4987,25.81,87.8,90.1,1.14,5.53,8,233,2,-0.8660254037844384,-0.5000000000000004,-0.7638886127905429,-0.64534811322955,2.0882,3.0257,5.6678,4.063842857142857,2.840653333333333
2021-08-22,4.716,26.54,85.06,59.04,2.05,0.96,8,234,2,-0.8660254037844384,-0.5000000000000004,-0.7748840413670406,-0.6321034111873488,3.4987,2.0882,5.4689,3.7539714285714285,2.8802133333333333
2021-08-23,3.5366,26.46,85.72,88.32,2.43,0.35,8,235,2,-0.8660254037844384,-0.5000000000000004,-0.7856498550787144,-0.6186714032625032,4.716,3.4987,5.6563,3.646414285714286,2.9696466666666668
2021-08-24,3.0516,26.14,87.32,83.53,3.05,0.23,8,236,2,-0.8660254037844384,-0.5000000000000004,-0.7961828637826154,-0.6050560696488494,3.5366,4.716,3.4387,3.3436,3.025606666666667
2021-08-25,3.7198,26.3,85.21,98.92,3.25,0.21,8,237,2,-0.8660254037844384,-0.5000000000000004,-0.8064799463209447,-0.5912614448635782,3.0516,3.5366,3.1013,3.2883,3.0747266666666664
2021-08-26,3.7531,26.09,83.73,95.2,3.13,0.01,8,238,2,-0.8660254037844384,-0.5000000000000004,-0.8165380514459157,-0.5772916165517278,3.7198,3.0516,3.0257,3.3766571428571432,3.147526666666667
2021-08-27,4.0973,25.74,84.69,96.76,2.11,0.34,8,239,2,-0.8660254037844384,-0.5000000000000004,-0.8263541987239094,-0.5631507242749187,3.7531,3.7198,2.0882,3.480571428571429,3.207246666666667
2021-08-28,4.4731,26.78,79.41,83.04,1.28,0.36,8,240,2,-0.8660254037844384,-0.5000000000000004,-0.8359254794186365,-0.5488429582847199,4.0973,3.7531,3.4987,3.7675857142857145,3.26003
2021-08-29,4.465,26.76,82.57,87.06,1.4,8.14,8,241,2,-0.8660254037844384,-0.5000000000000004,-0.8452490573530634,-0.5343725582809785,4.4731,4.0973,4.716,3.9067857142857143,3.3526933333333333
2021-08-30,3.2856,26.06,85.32,92.99,1.83,7.38,8,242,2,-0.8660254037844384,-0.5000000000000004,-0.8543221697498269,-0.5197438121555157,4.465,4.4731,3.5366,3.8709285714285713,3.4518800000000005
2021-08-31,4.103,26.24,88.0,96.61,2.6,13.27,8,243,2,-0.8660254037844384,-0.5000000000000004,-0.8631421280499115,-0.5049610547215202,3.2856,4.465,3.0516,3.8350714285714287,3.4762866666666663
2021-09-01,4.9906,26.49,85.43,74.13,2.8,2.1,9,244,2,-1.0,-1.8369701987210297e-16,-0.8717063187093217,-0.4900286664290594,4.103,3.2856,3.7198,3.9852714285714286,3.5396366666666665
2021-09-02,4.673,26.71,84.48,79.98,2.07,1.67,9,245,2,-1.0,-1.8369701987210297e-16,-0.8800122039735356,-0.4749510720670502,4.9906,4.103,3.7531,4.166814285714286,3.6692233333333335
2021-09-03,5.2152,26.09,84.99,81.32,1.55,5.45,9,246,2,-1.0,-1.8369701987210297e-16,-0.888057322629493,-0.4597327394521046,4.673,4.9906,4.0973,4.298228571428571,3.7453733333333337
2021-09-04,3.6355,25.34,89.63,96.36,2.04,12.75,9,247,2,-1.0,-1.8369701987210297e-16,-0.8958392907349089,-0.4443781781046134,5.2152,4.673,4.4731,4.457928571428572,3.8623266666666667
2021-09-05,3.8278,26.4,82.64,93.89,0.89,22.57,9,248,2,-1.0,-1.8369701987210297e-16,-0.9033558023246842,-0.4288919379124841,3.6355,5.2152,4.465,4.338271428571429,3.941183333333333
2021-09-06,4.3519,26.89,84.81,97.62,1.48,2.16,9,249,2,-1.0,-1.8369701987210297e-16,-0.9106046300942162,-0.41327860778290443,3.8278,3.6355,3.2856,4.247242857142857,4.019096666666667
2021-09-07,5.4533,26.45,88.5,80.34,2.94,0.9,9,250,2,-1.0,-1.8369701987210297e-16,-0.9175836260593934,-0.3975428142825566,4.3519,3.8278,4.103,4.399571428571428,4.103783333333333
2021-09-08,3.5196,26.38,88.29,89.71,1.75,28.55,9,251,2,-1.0,-1.8369701987210297e-16,-0.9242907221930934,-0.3816892202666586,5.4533,4.3519,4.9906,4.592471428571429,4.18764
2021-09-09,1.7947,26.15,89.67,99.03,2.54,26.55,9,252,2,-1.0,-1.8369701987210297e-16,-0.9307239310379793,-0.3657225234972692,3.5196,5.4533,4.673,4.382328571428571,4.186543333333334
2021-09-10,1.8691,24.84,91.78,99.44,3.97,16.02,9,253,2,-1.0,-1.8369701987210297e-16,-0.9368813462954315,-0.34964745525122826,1.7947,3.5196,5.2152,3.971142857142857,4.14619
2021-09-11,4.6416,25.98,87.42,81.84,1.9,16.67,9,254,2,-1.0,-1.8369701987210297e-16,-0.9427611433904206,-0.33346877891818705,1.8691,1.7947,3.6355,3.4931285714285716,4.0504766666666665
2021-09-12,5.099,26.0,88.07,83.99,1.61,2.05,9,255,2,-1.0,-1.8369701987210297e-16,-0.9483615800121716,-0.31719128858910595,4.6416,1.8691,3.8278,3.6368571428571426,4.025853333333333
2021-09-13,4.643,26.58,86.99,88.58,1.06,16.73,9,256,2,-1.0,-1.8369701987210297e-16,-0.9536809966304455,-0.300819807635668,5.099,4.6416,4.3519,3.8184571428571425,4.007266666666667
2021-09-14,4.3853,26.18,88.55,85.36,2.08,15.47,9,257,2,-1.0,-1.8369701987210297e-16,-0.9587178169872964,-0.2843591872810036,4.643,5.099,5.4533,3.860042857142857,3.9731066666666663
2021-09-15,3.1747,26.18,88.68,86.51,2.14,14.63,9,258,2,-1.0,-1.8369701987210297e-16,-0.9634705485641486,-0.26781430516217486,4.3853,4.643,3.5196,3.7074714285714285,3.936986666666667
2021-09-16,3.623,26.37,88.48,90.39,2.91,13.87,9,259,2,-1.0,-1.8369701987210297e-16,-0.9679377830240642,-0.25119006388481957,3.1747,4.3853,1.7947,3.6582000000000003,3.8542666666666667
2021-09-17,3.0406,25.99,90.02,95.19,3.56,16.05,9,260,2,-1.0,-1.8369701987210297e-16,-0.9721181966290612,-0.23449138957041052,3.623,3.1747,1.8691,3.9193857142857143,3.8604100000000003
2021-09-18,2.2848,25.7,90.64,93.72,3.29,5.49,9,261,2,-1.0,-1.8369701987210297e-16,-0.9760105506323682,-0.21772323039653224,3.0406,3.623,4.6416,4.086742857142857,3.8583866666666666
2021-09-19,3.5122,25.13,90.46,81.39,2.85,0.33,9,262,2,-1.0,-1.8369701987210297e-16,-0.9796136916454901,-0.20089055513063528,2.2848,3.0406,5.099,3.7500571428571434,3.8336899999999994
2021-09-20,4.0015,26.11,88.7,60.92,1.93,0.98,9,263,2,-1.0,-1.8369701987210297e-16,-0.9829265519799822,-0.18399835165767986,3.5122,2.2848,4.643,3.523371428571429,3.8811566666666666
2021-09-21,3.9156,25.95,88.66,83.92,1.82,0.26,9,264,2,-1.0,-1.8369701987210297e-16,-0.9859481499638303,-0.1670516255021195,4.0015,3.5122,4.3853,3.4317285714285717,3.8979166666666667
2021-09-22,4.7345,26.72,82.52,69.32,0.88,0.72,9,265,2,-1.0,-1.8369701987210297e-16,-0.9886775902323404,-0.15005539834465262,3.9156,4.0015,3.1747,3.3646285714285717,3.871236666666667
2021-09-23,5.2711,26.61,83.24,63.47,1.13,2.25,9,266,2,-1.0,-1.8369701987210297e-16,-0.9911140639934546,-0.13301470653419636,4.7345,3.9156,3.623,3.587457142857143,3.911166666666667
2021-09-24,4.0265,26.5,82.58,85.49,0.93,3.72,9,267,2,-1.0,-1.8369701987210297e-16,-0.9932568492674143,-0.11593459959550066,5.2711,4.7345,3.0406,3.8229,3.98515
2021-09-25,3.4601,25.39,91.45,92.31,1.78,6.66,9,268,2,-1.0,-1.8369701987210297e-16,-0.9951053111006974,-0.09882013873287211,4.0265,5.2711,2.2848,3.9637428571428575,3.995373333333333
2021-09-26,3.3403,25.92,89.52,91.45,1.75,6.88,9,269,2,-1.0,-1.8369701987210297e-16,-0.99665890175417,-0.08167639533042288,3.4601,4.0265,3.5122,4.131642857142857,3.985606666666667
2021-09-27,5.076,25.43,90.5,67.24,2.81,3.31,9,270,2,-1.0,-1.8369701987210297e-16,-0.9979171608653922,-0.06450844944931625,3.3403,3.4601,4.0015,4.107085714285715,3.9603733333333335
2021-09-28,4.3769,25.39,86.86,67.09,3.94,1.17,9,271,2,-1.0,-1.8369701987210297e-16,-0.9988797155850335,-0.04732138832243232,5.076,3.3403,3.9156,4.260585714285715,3.9804699999999995
2021-09-29,4.7374,24.97,87.56,37.27,3.14,0.43,9,272,2,-1.0,-1.8369701987210297e-16,-0.9995462806873573,-0.03012030484690836,4.3769,5.076,4.7345,4.326485714285714,3.977533333333333
2021-09-30,3.9998,25.91,85.39,81.12,0.92,8.09,9,273,2,-1.0,-1.8369701987210297e-16,-0.9999166586547379,-0.012910296075008843,4.7374,4.3769,5.2711,4.3269,4.025926666666667
2021-10-01,4.9702,26.94,79.98,58.42,0.94,1.19,10,274,3,-0.8660254037844386,0.5000000000000001,-0.9999907397361901,0.004303538296243821,3.9998,4.7374,4.0265,4.1452857142857145,4.0224866666666665
2021-10-02,4.9106,26.58,82.1,49.62,1.11,0.4,10,275,3,-0.8660254037844386,0.5000000000000001,-0.9997685019798909,0.021516097436222233,4.9702,3.9998,3.4601,4.2801,4.0218066666666665
2021-10-03,5.0942,26.15,86.14,45.1,1.44,0.8,10,276,3,-0.8660254037844386,0.5000000000000001,-0.9992500112396835,0.03872228089217399,4.9106,4.9702,3.3403,4.487314285714286,4.029726666666666
2021-10-04,5.4782,26.57,84.71,35.77,1.3,1.1,10,277,3,-0.8660254037844386,0.5000000000000001,-0.9984354211555643,0.05591699010060302,5.0942,4.9106,5.076,4.737871428571428,4.025693333333333
2021-10-05,4.6714,26.58,84.96,81.51,1.34,4.71,10,278,3,-0.8660254037844386,0.5000000000000001,-0.9973249731081555,0.07309512989807776,5.4782,5.0942,4.3769,4.795328571428571,4.087116666666667
2021-10-06,5.4007,26.99,80.72,33.64,0.79,0.03,10,279,3,-0.8660254037844386,0.5000000000000001,-0.9959189961471792,0.0902516100310407,4.6714,5.4782,4.7374,4.837400000000001,4.115236666666666
2021-10-07,5.4432,26.81,80.73,16.49,0.8,0.0,10,280,3,-0.8660254037844386,0.5000000000000001,-0.994217906893952,0.10738134666416306,5.4007,4.6714,3.9998,4.932157142857142,4.150196666666667
2021-10-08,5.591,27.0,76.03,6.41,0.96,0.0,10,281,3,-0.8660254037844386,0.5000000000000001,-0.9922222094179324,0.12447926388678869,5.4432,5.4007,4.9702,5.138357142857143,4.149859999999999
2021-10-09,5.706,26.44,73.77,5.07,1.0,0.0,10,282,3,-0.8660254037844386,0.5000000000000001,-0.989932495087353,0.141540295217043,5.591,5.4432,4.9106,5.227042857142857,4.218906666666666
2021-10-10,5.6364,26.31,77.91,15.1,1.24,0.0,10,283,3,-0.8660254037844386,0.5000000000000001,-0.9873494423939864,0.15855938510313475,5.706,5.591,5.0942,5.3406714285714285,4.349283333333333
2021-10-11,5.7192,25.63,75.53,5.27,0.96,0.0,10,284,3,-0.8660254037844386,0.5000000000000001,-0.9844738167520923,0.17553149042142777,5.6364,5.706,5.4782,5.418128571428572,4.4748600000000005
2021-10-12,5.6786,25.55,72.34,8.2,1.08,0.0,10,285,3,-0.8660254037844386,0.5000000000000001,-0.9813064702716093,0.19245158197082995,5.7192,5.6364,4.6714,5.4525571428571435,4.51078
2021-10-13,5.7886,25.2,75.44,2.54,1.43,0.0,10,286,3,-0.8660254037844386,0.5000000000000001,-0.9778483415056567,0.20931464596304888,5.6786,5.7192,5.4007,5.596442857142857,4.5301
2021-10-14,5.7754,24.85,68.93,2.04,1.12,0.0,10,287,3,-0.8660254037844386,0.5000000000000001,-0.9741004551724206,0.22611568550828803,5.7886,5.6786,5.4432,5.651857142857144,4.568286666666666
2021-10-15,5.8037,23.67,65.02,31.06,1.34,0.0,10,288,3,-0.8660254037844386,0.5000000000000001,-0.970063921851507,0.2428497220959358,5.7754,5.7886,5.591,5.699314285714286,4.614623333333333
2021-10-16,4.5914,23.81,80.35,61.43,1.38,2.5,10,289,3,-0.8660254037844386,0.5000000000000001,-0.965739937654855,0.25951179706979943,5.8037,5.7754,5.706,5.7297,4.702256666666667
2021-10-17,4.0123,25.07,88.61,83.74,1.14,27.94,10,290,3,-0.8660254037844386,0.5000000000000001,-0.9611297838723007,0.27609697309746883,4.5914,5.8037,5.6364,5.5704714285714285,4.734536666666667
2021-10-18,3.1068,25.13,88.5,71.31,2.2,13.65,10,291,3,-0.8660254037844386,0.5000000000000001,-0.9562348265919058,0.2926003356333479,4.0123,4.5914,5.7192,5.338457142857143,4.7669266666666665
2021-10-19,4.4758,23.14,84.06,32.72,1.94,0.88,10,292,3,-0.8660254037844386,0.5000000000000001,-0.9510565162951536,0.30901699437494723,3.1068,4.0123,5.6786,4.965257142857142,4.794326666666667
2021-10-20,5.4214,23.3,69.97,15.84,1.31,0.01,10,293,3,-0.8660254037844386,0.5000000000000001,-0.9455963874271428,0.3253420847119795,4.4758,3.1068,5.7886,4.793428571428572,4.8264466666666666
2021-10-21,5.6532,21.63,72.02,0.16,1.82,0.0,10,294,3,-0.8660254037844386,0.5000000000000001,-0.9398560579418953,0.341570769167856,5.4214,4.4758,5.7754,4.740971428571428,4.873776666666667
2021-10-22,5.5548,21.92,76.08,0.05,1.94,0.0,10,295,3,-0.8660254037844386,0.5000000000000001,-0.9338372288229252,0.35769823883312546,5.6532,5.4214,5.8037,4.723514285714286,4.931696666666666
2021-10-23,5.4763,21.14,73.88,7.9,1.44,0.0,10,296,3,-0.8660254037844386,0.5000000000000001,-0.9275416835791965,0.3737197147904692,5.5548,5.6532,4.5914,4.687957142857143,4.95904
2021-10-24,5.4413,21.77,69.86,6.75,1.27,0.0,10,297,3,-0.8660254037844386,0.5000000000000001,-0.9209712877166347,0.38963044953078774,5.4763,5.5548,4.0123,4.8143714285714285,4.96588
2021-10-25,4.9368,22.24,70.69,17.6,0.77,0.0,10,298,3,-0.8660254037844386,0.5000000000000001,-0.9141279881853337,0.4054257283599973,5.4413,5.4763,3.1068,5.018514285714285,5.01304
2021-10-26,4.5163,22.51,73.28,26.14,0.85,0.0,10,299,3,-0.8660254037844386,0.5000000000000001,-0.9070138128026362,0.42110087079608916,4.9368,5.4413,4.4758,5.279942857142856,5.062263333333333
2021-10-27,4.6814,21.55,77.81,21.53,1.3,0.0,10,300,3,-0.8660254037844386,0.5000000000000001,-0.8996308696522434,0.4366512319560638,4.5163,4.9368,5.4214,5.285728571428571,5.101463333333333
2021-10-28,5.4046,19.97,70.84,0.62,1.45,0.0,10,301,3,-0.8660254037844386,0.5000000000000001,-0.8919813464595487,0.45207220393230374,4.6814,4.5163,5.6532,5.180014285714286,5.088309999999999
2021-10-29,5.3926,19.82,65.36,5.81,1.24,0.0,10,302,3,-0.8660254037844386,0.5000000000000001,-0.8840675099433637,0.46735921715800205,5.4046,4.6814,5.5548,5.144500000000001,5.122566666666668
2021-10-30,5.1038,19.97,59.66,16.55,1.22,0.0,10,303,3,-0.8660254037844386,0.5000000000000001,-0.8758917051442433,0.48250774176121763,5.3926,5.4046,5.4763,5.121328571428571,5.144406666666667
2021-10-31,5.2555,19.94,57.95,3.45,1.17,0.0,10,304,3,-0.8660254037844386,0.5000000000000001,-0.8674563547295971,0.4975132889071803,5.1038,5.3926,5.4413,5.068114285714286,5.181206666666667
2021-11-01,5.2286,18.99,64.29,0.58,1.43,0.0,11,305,3,-0.5000000000000004,0.8660254037844384,-0.858763958275803,0.5123714121284235,5.2555,5.1038,4.9368,5.041571428571429,5.190716666666668
2021-11-02,5.2397,18.44,62.59,0.24,1.41,0.0,11,306,3,-0.5000000000000004,0.8660254037844384,-0.8498170915275277,0.5270777086423724,5.2286,5.2555,4.5163,5.083257142857143,5.201316666666667
2021-11-03,5.3095,18.07,63.9,1.14,1.36,0.0,11,307,3,-0.5000000000000004,0.8660254037844384,-0.8406184056344783,0.5416278206559811,5.2397,5.2286,4.6814,5.186599999999999,5.206166666666666
2021-11-04,5.1518,18.23,64.72,11.55,1.34,0.0,11,308,3,-0.5000000000000004,0.8660254037844384,-0.8311706263658079,0.5560174366570446,5.3095,5.2397,5.4046,5.2763285714285715,5.200543333333333
2021-11-05,4.9212,18.3,66.17,21.46,1.43,0.0,11,309,3,-0.5000000000000004,0.8660254037844384,-0.8214765533024145,0.5702422926917867,5.1518,5.3095,5.3926,5.240214285714286,5.2165566666666665
2021-11-06,4.4916,19.02,66.33,17.64,1.29,0.0,11,310,3,-0.5000000000000004,0.8660254037844384,-0.8115390590073611,0.5842981736283683,4.9212,5.1518,5.1038,5.172871428571428,5.200573333333334
2021-11-07,4.1558,19.86,62.54,55.65,1.3,0.0,11,311,3,-0.5000000000000004,0.8660254037844384,-0.801361088174677,0.5981809144059159,4.4916,4.9212,5.2555,5.085414285714285,5.168853333333334
2021-11-08,4.4868,20.23,61.06,17.66,1.33,0.0,11,312,3,-0.5000000000000004,0.8660254037844384,-0.7909456567567774,0.6118864012687242,4.1558,4.4916,5.2286,4.928314285714285,5.121013333333334
2021-11-09,4.4414,19.86,61.36,5.95,1.38,0.0,11,313,3,-0.5000000000000004,0.8660254037844384,-0.780295851070776,0.6254105729852457,4.4868,4.1558,5.2397,4.822342857142857,5.080373333333333
2021-11-10,4.4462,19.28,62.55,10.97,1.47,0.0,11,314,3,-0.5000000000000004,0.8660254037844384,-0.7694148268839381,0.6387494220515268,4.4414,4.4868,5.3095,4.7083,5.040539999999999
2021-11-11,4.3205,17.44,68.89,49.7,1.9,0.0,11,315,3,-0.5000000000000004,0.8660254037844384,-0.7583058084785625,0.6518989958787125,4.4462,4.4414,5.1518,4.5849714285714285,4.998106666666667
2021-11-12,4.4018,17.31,68.08,33.56,2.17,0.0,11,316,3,-0.5000000000000004,0.8660254037844384,-0.7469720876965551,0.6648553979642866,4.3205,4.4462,4.9212,4.466214285714286,4.952836666666667
2021-11-13,4.3627,16.9,68.08,7.09,2.15,0.0,11,317,3,-0.5000000000000004,0.8660254037844384,-0.7354170229639858,0.6776147890466887,4.4018,4.3205,4.4916,4.392014285714286,4.906610000000001
2021-11-14,4.4998,16.63,66.54,2.26,1.78,0.0,11,318,3,-0.5000000000000004,0.8660254037844384,-0.7236440382959124,0.690173388242972,4.3627,4.4018,4.1558,4.3736,4.85952
2021-11-15,4.3414,16.39,66.66,10.19,1.76,0.0,11,319,3,-0.5000000000000004,0.8660254037844384,-0.711656622281775,0.7025274741691566,4.4998,4.3627,4.4868,4.422742857142857,4.816056666666666
2021-11-16,4.411,15.93,63.93,16.78,2.03,0.0,11,320,3,-0.5000000000000004,0.8660254037844384,-0.6994583270516471,0.7146733860429608,4.3414,4.4998,4.4414,4.401971428571429,4.807723333333333
2021-11-17,3.8933,17.07,72.1,33.05,2.02,0.0,11,321,3,-0.5000000000000004,0.8660254037844384,-0.6870527672236675,0.7266075247685652,4.411,4.3414,4.4462,4.397628571428571,4.821013333333332
2021-11-18,3.3058,18.96,81.49,57.0,1.95,0.04,11,322,3,-0.5000000000000004,0.8660254037844384,-0.6744436188329457,0.7383263540031063,3.8933,4.411,4.3205,4.318642857142857,4.84723
2021-11-19,2.7528,19.85,85.92,89.61,2.1,0.02,11,323,3,-0.5000000000000004,0.8660254037844384,-0.661634618242279,0.749826401204568,3.3058,3.8933,4.4018,4.173685714285714,4.80823
2021-11-20,2.7122,20.19,78.07,89.31,2.34,0.08,11,324,3,-0.5000000000000004,0.8660254037844384,-0.6486295610349818,0.7611042586607742,2.7528,3.3058,4.3627,3.9381142857142857,4.7192766666666675
2021-11-21,4.0778,21.95,82.3,48.17,1.63,0.41,11,325,3,-0.5000000000000004,0.8660254037844384,-0.6354323008901775,0.7721565844991641,2.7122,2.7528,4.4998,3.702328571428571,4.621243333333334
2021-11-22,3.9185,22.5,78.37,46.77,1.22,0.26,11,326,3,-0.5000000000000004,0.8660254037844384,-0.622046748440868,0.7829801036770624,4.0778,2.7122,4.3414,3.642042857142857,4.572010000000001
2021-11-23,4.3094,22.47,72.11,6.34,1.09,0.02,11,327,3,-0.5000000000000004,0.8660254037844384,-0.6084768701151264,0.7935716089521472,3.9185,4.0778,4.411,3.5816285714285714,4.520083333333333
2021-11-24,4.4462,21.68,71.48,0.34,1.03,0.0,11,328,3,-0.5000000000000004,0.8660254037844384,-0.594726686960764,0.8039279618328208,4.3094,3.9185,3.8933,3.567114285714286,4.482353333333334
2021-11-25,4.435,20.16,73.04,0.18,1.26,0.0,11,329,3,-0.5000000000000004,0.8660254037844384,-0.5808002734538013,0.8140460935082175,4.4462,4.3094,3.3058,3.6461,4.466
2021-11-26,4.4657,19.21,63.07,5.64,1.29,0.0,11,330,3,-0.5000000000000004,0.8660254037844384,-0.5667017562911184,0.8239230057575536,4.435,4.4462,2.7528,3.807414285714286,4.46329
2021-11-27,4.5422,18.78,58.21,9.2,1.41,0.0,11,331,3,-0.5000000000000004,0.8660254037844384,-0.5524353131676203,0.8335557718385695,4.4657,4.435,2.7122,4.052114285714286,4.456100000000001
2021-11-28,4.4558,17.55,61.44,20.67,1.53,0.0,11,332,3,-0.5000000000000004,0.8660254037844384,-0.5380051715382992,0.8429415373547832,4.5422,4.4657,4.0778,4.313542857142857,4.427353333333333
2021-11-29,4.3512,17.22,62.88,37.36,1.77,0.0,11,333,3,-0.5000000000000004,0.8660254037844384,-0.5234156073655503,0.8520775211013093,4.4558,4.5422,3.9185,4.367542857142857,4.3961266666666665
2021-11-30,3.6398,17.0,63.61,82.76,1.86,0.0,11,334,3,-0.5000000000000004,0.8660254037844384,-0.5086709438521042,0.8609610158889945,4.3512,4.4558,4.3094,4.4293571428571425,4.37104
2021-12-01,2.6345,17.46,65.63,98.82,1.9,0.0,12,335,0,-2.4492935982947064e-16,1.0,-0.49377555015997737,0.8695893893466109,3.6398,4.3512,4.4462,4.333699999999999,4.317183333333333
2021-12-02,1.4638,15.66,66.46,99.61,1.9,0.09,12,336,0,-2.4492935982947064e-16,1.0,-0.4787338401157883,0.8779600847008883,2.6345,3.6398,4.435,4.074885714285714,4.230713333333333
2021-12-03,2.9887,16.97,63.9,64.34,2.33,0.06,12,337,0,-2.4492935982947064e-16,1.0,-0.4635502709028512,0.8860706215341378,1.4638,2.6345,4.4657,3.6504285714285714,4.10485
2021-12-04,3.9607,18.06,65.39,11.61,1.7,0.02,12,338,0,-2.4492935982947064e-16,1.0,-0.4482293417404106,0.893918596519257,2.9887,1.4638,4.5422,3.4394285714285715,4.02749
2021-12-05,3.6329,19.04,66.59,23.61,1.94,0.0,12,339,0,-2.4492935982947064e-16,1.0,-0.4327755925504317,0.9015016841318838,3.9607,2.9887,4.4558,3.356357142857143,3.987786666666666
2021-12-06,3.5818,19.27,73.83,11.26,1.85,0.0,12,340,0,-2.4492935982947064e-16,1.0,-0.41719360261231697,0.9088176373395028,3.6329,3.9607,4.3512,3.2388000000000003,3.944843333333333
2021-12-07,3.7001,17.9,75.59,2.38,1.87,0.0,12,341,0,-2.4492935982947064e-16,1.0,-0.4014879892059737,0.9158642882672868,3.5818,3.6329,3.6398,3.128885714285714,3.9145166666666666
2021-12-08,3.7054,17.53,71.54,7.32,1.4,0.0,12,342,0,-2.4492935982947064e-16,1.0,-0.38566340624360745,0.9226395488404875,3.7001,3.5818,2.6345,3.1375,3.8993266666666666
2021-12-09,3.217,17.59,69.63,46.44,1.54,0.0,12,343,0,-2.4492935982947064e-16,1.0,-0.3697245428906732,0.9291414114031743,3.7054,3.7001,1.4638,3.2904857142857145,3.8732800000000003
2021-12-10,3.7298,16.82,68.69,8.53,1.22,0.0,12,344,0,-2.4492935982947064e-16,1.0,-0.35367612217637207,0.935367949313148,3.217,3.7054,2.9887,3.540942857142857,3.832466666666667
2021-12-11,3.9586,16.58,61.42,0.0,1.11,0.0,12,345,0,-2.4492935982947064e-16,1.0,-0.33752289959411347,0.941317317512847,3.7298,3.217,3.9607,3.646814285714286,3.8085866666666663
2021-12-12,3.8621,15.94,61.73,0.18,1.49,0.0,12,346,0,-2.4492935982947064e-16,1.0,-0.32126966169236515,0.9469877530760751,3.9586,3.7298,3.6329,3.6465142857142854,3.7965233333333335
2021-12-13,3.5366,16.41,65.82,10.1,1.28,0.0,12,347,0,-2.4492935982947064e-16,1.0,-0.3049212246562894,0.9523775757303973,3.8621,3.9586,3.5818,3.679257142857143,3.7785333333333337
2021-12-14,2.9863,18.39,63.93,34.24,1.22,0.0,12,348,0,-2.4492935982947064e-16,1.0,-0.2884824328806098,0.9574851883550389,3.5366,3.8621,3.7001,3.6728,3.7509966666666665
2021-12-15,2.8774,18.69,64.85,56.86,1.22,0.0,12,349,0,-2.4492935982947064e-16,1.0,-0.27195815753410524,0.9623090774541487,2.9863,3.5366,3.7054,3.5708285714285712,3.700546666666667
2021-12-16,3.3614,18.59,69.19,10.05,1.71,0.0,12,350,0,-2.4492935982947064e-16,1.0,-0.2553532951161881,0.9668478136052773,2.8774,2.9863,3.217,3.452542857142857,3.651746666666667
2021-12-17,2.6525,16.92,71.05,28.59,1.97,0.0,12,351,0,-2.4492935982947064e-16,1.0,-0.23867276600594997,0.9711000518829505,3.3614,2.8774,3.7298,3.473171428571429,3.6167599999999998
2021-12-18,3.8256,13.26,50.6,11.11,2.4,0.0,12,352,0,-2.4492935982947064e-16,1.0,-0.22192151300416674,0.9750645322571945,2.6525,3.3614,3.9586,3.3192714285714287,3.5754
2021-12-19,4.6332,12.3,40.87,2.78,1.67,0.0,12,353,0,-2.4492935982947064e-16,1.0,-0.20510449986861926,0.9787400799669153,3.8256,2.6525,3.8621,3.3002714285714285,3.5927266666666666
2021-12-20,4.7678,14.06,37.34,5.78,1.19,0.0,12,354,0,-2.4492935982947064e-16,1.0,-0.1882267098432439,0.9821256058680006,4.6332,3.8256,3.5366,3.4104285714285716,3.6554066666666665
2021-12-21,4.6548,15.59,38.68,0.95,1.27,0.0,12,355,0,-2.4492935982947064e-16,1.0,-0.1712931441814778,0.9852201067560606,4.7678,4.6332,2.9863,3.5863142857142853,3.7239266666666664
2021-12-22,4.5319,18.03,36.96,0.23,0.9,0.0,12,356,0,-2.4492935982947064e-16,1.0,-0.154308820664281,0.9880226656636976,4.6548,4.7678,2.8774,3.8246714285714285,3.74316
2021-12-23,3.9619,17.96,54.64,0.0,1.39,0.0,12,357,0,-2.4492935982947064e-16,1.0,-0.13727877211326517,0.9905324521322227,4.5319,4.6548,3.3614,4.061028571428571,3.763606666666667
2021-12-24,4.205,18.5,62.38,6.93,1.37,0.0,12,358,0,-2.4492935982947064e-16,1.0,-0.12020804489935275,0.9927487224577402,3.9619,4.5319,2.6525,4.146814285714286,3.7520233333333337
2021-12-25,4.1237,18.78,66.06,2.41,1.23,0.0,12,359,0,-2.4492935982947064e-16,1.0,-0.10310169744743544,0.9946708199115211,4.205,3.9619,3.8256,4.3686,3.7439833333333334
2021-12-26,3.9485,18.46,59.54,11.15,1.19,0.0,12,360,0,-2.4492935982947064e-16,1.0,-0.0859647987374467,0.9962981749346077,4.1237,4.205,4.6332,4.411185714285715,3.7336066666666667
2021-12-27,3.6367,18.84,62.51,49.87,0.95,0.8,12,361,0,-2.4492935982947064e-16,1.0,-0.06880242680232064,0.9976303053065857,3.9485,4.1237,4.7678,4.313371428571428,3.7163666666666666
2021-12-28,1.8557,15.47,81.73,90.53,1.87,6.96,12,362,0,-2.4492935982947064e-16,1.0,-0.05161966722325418,0.9986668162884759,3.6367,3.9485,4.6548,4.151785714285714,3.6861833333333336
2021-12-29,2.6119,15.12,78.3,58.52,1.77,1.01,12,363,0,-2.4492935982947064e-16,1.0,-0.034421611622745804,0.9994074007397048,1.8557,3.6367,4.5319,3.7519142857142858,3.5995133333333333
2021-12-30,3.4337,12.73,71.59,35.71,2.49,0.05,12,364,0,-2.4492935982947064e-16,1.0,-0.01721335615583528,0.9998518392091162,2.6119,1.8557,3.9619,3.4776285714285713,3.541536666666667
2021-12-31,3.4272,12.57,75.22,49.91,1.68,0.0,12,365,0,-2.4492935982947064e-16,1.0,6.432490598706546e-16,1.0,3.4337,2.6119,4.205,3.4021714285714286,3.5346666666666664
2022-01-01,3.2342,15.03,73.02,50.64,1.42,0.0,1,1,0,0.49999999999999994,0.8660254037844387,0.017213356155834685,0.9998518392091162,3.4272,3.4337,4.1237,3.2910571428571425,3.5610899999999996
2022-01-02,3.2395,16.04,70.09,25.08,1.53,0.0,1,2,0,0.49999999999999994,0.8660254037844387,0.03442161162274574,0.9994074007397048,3.2342,3.4272,3.9485,3.1639857142857144,3.6201033333333332
2022-01-03,4.123,15.58,70.41,20.58,1.54,0.0,1,3,0,0.49999999999999994,0.8660254037844387,0.051619667223253764,0.998666816288476,3.2395,3.2342,3.6367,3.0627,3.6284633333333334
2022-01-04,4.3848,16.92,65.07,6.23,1.23,0.0,1,4,0,0.49999999999999994,0.8660254037844387,0.06880242680231986,0.9976303053065857,4.123,3.2395,1.8557,3.132171428571428,3.6338733333333337
2022-01-05,3.1639,18.86,65.04,63.32,1.51,0.41,1,5,0,0.49999999999999994,0.8660254037844387,0.08596479873744647,0.9962981749346078,4.3848,4.123,2.6119,3.4934714285714286,3.658936666666667
2022-01-06,2.0141,18.49,77.32,80.34,2.29,4.57,1,6,0,0.49999999999999994,0.8660254037844387,0.10310169744743485,0.9946708199115211,3.1639,4.3848,3.4337,3.5723285714285717,3.6450066666666667
2022-01-07,1.6361,18.78,82.93,91.59,1.92,27.29,1,7,0,0.49999999999999994,0.8660254037844387,0.1202080448993527,0.9927487224577402,2.0141,3.1639,3.4272,3.3695285714285714,3.588806666666667
2022-01-08,3.0089,18.74,78.69,49.98,2.51,3.25,1,8,0,0.49999999999999994,0.8660254037844387,0.13727877211326478,0.9905324521322229,1.6361,2.0141,3.2342,3.113657142857143,3.51983
2022-01-09,1.9133,14.96,80.02,72.87,1.72,9.37,1,9,0,0.49999999999999994,0.8660254037844387,0.15430882066428117,0.9880226656636976,3.0089,1.6361,3.2395,3.0814714285714286,3.512893333333333
2022-01-10,4.1618,13.16,65.95,19.31,1.39,0.0,1,10,0,0.49999999999999994,0.8660254037844387,0.1712931441814776,0.9852201067560606,1.9133,3.0089,4.123,2.8920142857142856,3.4523433333333333
2022-01-11,2.3906,13.19,69.28,75.26,1.66,0.0,1,11,0,0.49999999999999994,0.8660254037844387,0.1882267098432442,0.9821256058680006,4.1618,1.9133,4.3848,2.8975571428571425,3.4591166666666666
2022-01-12,4.242,11.76,64.43,35.06,1.57,0.0,1,12,0,0.49999999999999994,0.8660254037844387,0.2051044998686192,0.9787400799669153,2.3906,4.1618,3.1639,2.6126714285714288,3.4100666666666664
2022-01-13,4.4273,12.51,62.95,14.7,1.56,0.0,1,13,0,0.49999999999999994,0.8660254037844387,0.2219215130041655,0.9750645322571948,4.242,2.3906,2.0141,2.7666857142857144,3.43358
2022-01-14,3.8119,13.34,69.65,18.2,1.85,0.0,1,14,0,0.49999999999999994,0.8660254037844387,0.2386727660059501,0.9711000518829505,4.4273,4.242,1.6361,3.1114285714285717,3.4816133333333337
2022-01-15,3.7198,12.79,73.46,25.87,1.64,0.0,1,15,0,0.49999999999999994,0.8660254037844387,0.255353295116187,0.9668478136052775,3.8119,4.4273,3.0089,3.4222571428571427,3.512763333333333
2022-01-16,2.5202,13.22,71.21,68.39,1.58,0.0,1,16,0,0.49999999999999994,0.8660254037844387,0.2719581575341055,0.9623090774541486,3.7198,3.8119,1.9133,3.5238142857142853,3.5247100000000002
2022-01-17,3.4008,14.53,69.54,49.95,1.52,0.0,1,17,0,0.49999999999999994,0.8660254037844387,0.288482432880609,0.9574851883550393,2.5202,3.7198,4.1618,3.6105142857142853,3.5203
2022-01-18,4.187,15.03,65.74,29.27,1.46,0.0,1,18,0,0.49999999999999994,0.8660254037844387,0.30492122465628907,0.9523775757303974,3.4008,2.5202,2.3906,3.5018,3.50614
2022-01-19,4.662,15.79,57.91,14.12,1.13,0.0,1,19,0,0.49999999999999994,0.8660254037844387,0.3212696616923644,0.9469877530760753,4.187,3.4008,4.242,3.7584285714285715,3.491266666666667
2022-01-20,4.7935,17.54,60.1,11.85,2.21,0.0,1,20,0,0.49999999999999994,0.8660254037844387,0.3375228995941133,0.9413173175128471,4.662,4.187,4.4273,3.8184285714285715,3.48774
2022-01-21,4.8389,17.55,61.28,5.03,1.47,0.0,1,21,0,0.49999999999999994,0.8660254037844387,0.3536761221763716,0.9353679493131483,4.7935,4.662,3.8119,3.8707428571428575,3.492363333333334
2022-01-22,3.6473,17.76,68.83,41.94,3.64,0.93,1,22,0,0.49999999999999994,0.8660254037844387,0.3697245428906731,0.9291414114031743,4.8389,4.7935,3.7198,4.017457142857142,3.502596666666667
2022-01-23,3.4788,13.55,56.21,71.51,2.39,0.0,1,23,0,0.49999999999999994,0.8660254037844387,0.38566340624360707,0.9226395488404876,3.6473,4.8389,2.5202,4.0071,3.49211
2022-01-24,4.5322,11.59,62.26,34.07,1.47,0.0,1,24,0,0.49999999999999994,0.8660254037844387,0.401487989205973,0.9158642882672872,3.4788,3.6473,3.4008,4.144042857142858,3.467903333333333
2022-01-25,5.0954,11.86,59.3,9.1,1.23,0.0,1,25,0,0.49999999999999994,0.8660254037844387,0.4171936026123168,0.9088176373395029,4.5322,3.4788,4.187,4.305671428571428,3.48152
2022-01-26,5.1739,12.07,59.92,6.49,1.55,0.0,1,26,0,0.49999999999999994,0.8660254037844387,0.4327755925504312,0.901501684131884,5.0954,4.5322,4.662,4.435442857142857,3.51975
2022-01-27,5.3028,11.58,57.03,3.04,1.49,0.0,1,27,0,0.49999999999999994,0.8660254037844387,0.4482293417404106,0.893918596519257,5.1739,5.0954,4.7935,4.508571428571428,3.57099
2022-01-28,5.1175,13.44,45.61,4.5,1.07,0.0,1,28,0,0.49999999999999994,0.8660254037844387,0.4635502709028509,0.886070621534138,5.3028,5.1739,4.8389,4.581328571428571,3.6858933333333335
2022-01-29,5.1818,15.5,39.6,5.76,1.02,0.0,1,29,0,0.49999999999999994,0.8660254037844387,0.47873384011578846,0.8779600847008882,5.1175,5.3028,3.6473,4.621128571428571,3.769413333333333
2022-01-30,5.0119,17.78,37.47,1.77,1.47,0.0,1,30,0,0.49999999999999994,0.8660254037844387,0.49377555015997715,0.869589389346611,5.1818,5.1175,3.4788,4.840342857142857,3.8276833333333333
2022-01-31,5.267,17.94,45.53,3.35,1.57,0.0,1,31,0,0.49999999999999994,0.8660254037844387,0.5086709438521044,0.8609610158889943,5.0119,5.1818,4.5322,5.059357142857142,3.880506666666667
2022-02-01,5.1888,19.12,53.11,1.94,1.79,0.0,2,32,0,0.8660254037844386,0.5000000000000001,0.5234156073655503,0.8520775211013093,5.267,5.0119,5.0954,5.164328571428571,3.948266666666667
2022-02-02,5.2382,19.85,52.42,5.98,1.47,0.0,2,33,0,0.8660254037844386,0.5000000000000001,0.5380051715382996,0.8429415373547828,5.1888,5.267,5.1739,5.177671428571429,4.0132433333333335
2022-02-03,5.292,17.45,51.82,5.7,3.47,0.0,2,34,0,0.8660254037844386,0.5000000000000001,0.5524353131676196,0.8335557718385699,5.2382,5.1888,5.3028,5.186857142857143,4.050416666666666
2022-02-04,5.4343,15.04,48.59,0.55,1.66,0.0,2,35,0,0.8660254037844386,0.5000000000000001,0.5667017562911176,0.8239230057575542,5.292,5.2382,5.1175,5.185314285714285,4.080656666666666
2022-02-05,5.4698,15.73,40.71,2.86,1.69,0.0,2,36,0,0.8660254037844386,0.5000000000000001,0.5808002734538009,0.8140460935082178,5.4343,5.292,5.1818,5.230571428571428,4.156336666666666
2022-02-06,5.5018,15.45,44.83,11.67,1.59,0.0,2,37,0,0.8660254037844386,0.5000000000000001,0.5947266869607634,0.8039279618328213,5.4698,5.4343,5.0119,5.271714285714286,4.271526666666667
2022-02-07,5.3542,17.26,40.78,15.89,1.29,0.0,2,38,0,0.8660254037844386,0.5000000000000001,0.6084768701151261,0.7935716089521474,5.5018,5.4698,5.267,5.3417,4.400383333333334
2022-02-08,5.3033,18.53,46.23,9.32,1.89,0.0,2,39,0,0.8660254037844386,0.5000000000000001,0.6220467484408675,0.7829801036770629,5.3542,5.5018,5.1888,5.354157142857142,4.47856
2022-02-09,4.9747,18.73,55.73,13.93,2.18,0.08,2,40,0,0.8660254037844386,0.5000000000000001,0.6354323008901774,0.7721565844991642,5.3033,5.3542,5.2382,5.370514285714286,4.59156
2022-02-10,5.4084,16.21,60.96,23.0,2.46,0.0,2,41,0,0.8660254037844386,0.5000000000000001,0.6486295610349814,0.7611042586607747,4.9747,5.3033,5.292,5.332871428571429,4.618656666666666
2022-02-11,5.8565,15.88,47.55,1.16,1.38,0.0,2,42,0,0.8660254037844386,0.5000000000000001,0.6616346182422783,0.7498264012045686,5.4084,4.9747,5.4343,5.3495,4.71925
2022-02-12,5.9808,17.04,41.79,1.65,1.2,0.0,2,43,0,0.8660254037844386,0.5000000000000001,0.6744436188329455,0.7383263540031065,5.8565,5.4084,5.4698,5.409814285714286,4.773066666666667
2022-02-13,5.7497,16.75,42.79,0.67,1.4,0.0,2,44,0,0.8660254037844386,0.5000000000000001,0.6870527672236669,0.7266075247685656,5.9808,5.8565,5.5018,5.482814285714285,4.82485
2022-02-14,5.4161,17.41,44.41,13.47,1.68,0.0,2,45,0,0.8660254037844386,0.5000000000000001,0.699458327051647,0.7146733860429609,5.7497,5.9808,5.3542,5.518228571428572,4.889443333333333
2022-02-15,4.6402,18.06,47.9,30.83,1.77,0.0,2,46,0,0.8660254037844386,0.5000000000000001,0.7116566222817746,0.7025274741691571,5.4161,5.7497,5.3033,5.527071428571429,4.945986666666667
2022-02-16,5.2042,18.33,50.06,7.46,1.7,0.0,2,47,0,0.8660254037844386,0.5000000000000001,0.7236440382959124,0.6901733882429719,4.6402,5.4161,4.9747,5.432342857142857,5.016653333333334
2022-02-17,5.616,18.68,43.26,6.55,1.5,0.0,2,48,0,0.8660254037844386,0.5000000000000001,0.7354170229639855,0.6776147890466889,5.2042,4.6402,5.4084,5.465128571428571,5.076766666666667
2022-02-18,4.3985,19.59,43.41,41.51,1.57,0.0,2,49,0,0.8660254037844386,0.5000000000000001,0.7469720876965552,0.6648553979642865,5.616,5.2042,5.8565,5.4947857142857135,5.1244
2022-02-19,4.2252,21.2,54.58,30.85,1.63,0.14,2,50,0,0.8660254037844386,0.5000000000000001,0.7583058084785624,0.6518989958787126,4.3985,5.616,5.9808,5.286499999999999,5.115616666666666
2022-02-20,5.8147,20.23,41.84,2.08,2.39,0.0,2,51,0,0.8660254037844386,0.5000000000000001,0.7694148268839378,0.6387494220515272,4.2252,4.3985,5.7497,5.0357,5.0966733333333325
2022-02-21,6.1046,20.45,32.66,0.69,1.92,0.0,2,52,0,0.8660254037844386,0.5000000000000001,0.7802958510707755,0.6254105729852464,5.8147,4.2252,5.4161,5.044985714285715,5.1292
2022-02-22,5.897,22.12,29.77,3.2,2.13,0.0,2,53,0,0.8660254037844386,0.5000000000000001,0.7909456567567772,0.6118864012687243,6.1046,5.8147,4.6402,5.143342857142857,5.211110000000001
2022-02-23,5.8788,22.63,32.38,3.32,2.3,0.0,2,54,0,0.8660254037844386,0.5000000000000001,0.8013610881746766,0.5981809144059165,5.897,6.1046,5.2042,5.3228857142857136,5.291716666666667
2022-02-24,6.2021,22.59,33.04,6.63,2.46,0.0,2,55,0,0.8660254037844386,0.5000000000000001,0.8115390590073611,0.5842981736283683,5.8788,5.897,5.616,5.419257142857143,5.336603333333333
2022-02-25,5.8087,22.07,38.74,22.16,1.81,0.0,2,56,0,0.8660254037844386,0.5000000000000001,0.8214765533024142,0.5702422926917871,6.2021,5.8788,4.3985,5.502985714285714,5.373493333333332
2022-02-26,5.8099,22.79,33.56,4.92,2.48,0.03,2,57,0,0.8660254037844386,0.5000000000000001,0.8311706263658079,0.5560174366570446,5.8087,6.2021,4.2252,5.704442857142857,5.394653333333334
2022-02-27,5.6926,23.49,29.59,4.78,1.56,0.0,2,58,0,0.8660254037844386,0.5000000000000001,0.8406184056344782,0.5416278206559814,5.8099,5.8087,5.8147,5.930828571428571,5.411556666666667
2022-02-28,5.6774,21.21,43.81,1.43,2.07,0.0,2,59,0,0.8660254037844386,0.5000000000000001,0.8498170915275278,0.5270777086423722,5.6926,5.8099,6.1046,5.913385714285714,5.430726666666667
2022-03-01,5.9407,22.21,37.27,0.87,1.8,0.0,3,60,1,1.0,6.123233995736766e-17,0.8587639582758029,0.5123714121284237,5.6774,5.6926,5.897,5.852357142857143,5.4472466666666675
2022-03-02,6.1553,22.71,29.26,0.99,1.59,0.0,3,61,1,1.0,6.123233995736766e-17,0.8674563547295969,0.49751328890718066,5.9407,5.6774,5.8788,5.8586,5.478206666666667
2022-03-03,4.8031,24.26,30.05,33.73,1.89,0.01,3,62,1,1.0,6.123233995736766e-17,0.8758917051442429,0.48250774176121847,6.1553,5.9407,6.2021,5.8980999999999995,5.507816666666668
2022-03-04,5.7991,24.3,32.39,0.75,2.27,0.13,3,63,1,1.0,6.123233995736766e-17,0.8840675099433636,0.4673592171580022,4.8031,6.1553,5.8087,5.698242857142858,5.494960000000001
2022-03-05,6.3151,22.65,31.83,0.17,2.03,0.0,3,64,1,1.0,6.123233995736766e-17,0.8919813464595485,0.45207220393230435,5.7991,4.8031,5.8099,5.696871428571429,5.513656666666666
2022-03-06,6.3439,23.71,24.93,5.83,1.18,0.0,3,65,1,1.0,6.123233995736766e-17,0.8996308696522433,0.43665123195606403,6.3151,5.7991,5.6926,5.769042857142857,5.547759999999999
2022-03-07,4.7534,24.92,23.7,40.44,1.9,0.0,3,66,1,1.0,6.123233995736766e-17,0.9070138128026359,0.4211008707960896,6.3439,6.3151,5.6774,5.862085714285715,5.57808
2022-03-08,4.6418,25.18,25.87,50.51,1.63,0.02,3,67,1,1.0,6.123233995736766e-17,0.9141279881853337,0.40542572835999735,4.7534,6.3439,5.9407,5.730085714285715,5.554199999999999
2022-03-09,4.8506,26.03,32.66,38.23,1.36,0.32,3,68,1,1.0,6.123233995736766e-17,0.9209712877166346,0.38963044953078796,4.6418,4.7534,6.1553,5.544528571428571,5.525533333333333
2022-03-10,5.8836,26.08,37.35,12.94,1.33,0.02,3,69,1,1.0,6.123233995736766e-17,0.9275416835791966,0.37371971479046906,4.8506,4.6418,4.8031,5.358142857142857,5.508746666666666
2022-03-11,6.2698,25.33,33.09,2.42,1.72,0.0,3,70,1,1.0,6.123233995736766e-17,0.9338372288229252,0.35769823883312546,5.8836,4.8506,5.7991,5.5125,5.52809
2022-03-12,6.5419,26.22,25.63,2.55,1.34,0.0,3,71,1,1.0,6.123233995736766e-17,0.9398560579418954,0.3415707691678556,6.2698,5.8836,6.3151,5.579742857142857,5.57126
2022-03-13,6.7546,27.0,21.66,0.34,1.45,0.0,3,72,1,1.0,6.123233995736766e-17,0.9455963874271426,0.3253420847119801,6.5419,6.2698,6.3439,5.6121428571428575,5.609043333333333
2022-03-14,6.6389,28.81,20.27,0.22,1.47,0.0,3,73,1,1.0,6.123233995736766e-17,0.9510565162951535,0.30901699437494745,6.7546,6.5419,4.7534,5.670814285714285,5.63898
2022-03-15,6.5006,29.39,23.64,0.0,2.07,0.0,3,74,1,1.0,6.123233995736766e-17,0.9562348265919056,0.29260033563334836,6.6389,6.7546,4.6418,5.9401714285714275,5.660916666666667
2022-03-16,6.8518,29.45,22.58,0.1,3.07,0.0,3,75,1,1.0,6.123233995736766e-17,0.9611297838723007,0.27609697309746883,6.5006,6.6389,4.8506,6.205714285714286,5.685946666666666
2022-03-17,6.4752,29.78,23.36,0.19,2.66,0.0,3,76,1,1.0,6.123233995736766e-17,0.9657399376548549,0.2595117970697999,6.8518,6.5006,5.8836,6.4916,5.7338033333333325
2022-03-18,6.54,29.59,29.13,0.58,2.14,0.0,3,77,1,1.0,6.123233995736766e-17,0.9700639218515071,0.2428497220959356,6.4752,6.8518,6.2698,6.576114285714286,5.79497
2022-03-19,6.0662,29.77,28.66,10.51,1.56,0.0,3,78,1,1.0,6.123233995736766e-17,0.9741004551724205,0.22611568550828828,6.54,6.4752,6.5419,6.614714285714285,5.839496666666666
2022-03-20,6.6048,30.24,22.1,2.92,2.52,0.0,3,79,1,1.0,6.123233995736766e-17,0.9778483415056568,0.20931464596304847,6.0662,6.54,6.7546,6.546757142857143,5.854503333333333
2022-03-21,6.3814,29.73,15.56,13.64,3.36,0.0,3,80,1,1.0,6.123233995736766e-17,0.9813064702716093,0.19245158197082998,6.6048,6.0662,6.6389,6.5253571428571435,5.928046666666668
2022-03-22,6.7253,28.92,19.84,4.22,2.29,0.0,3,81,1,1.0,6.123233995736766e-17,0.9844738167520922,0.1755314904214282,6.3814,6.6048,6.5006,6.488571428571428,5.99992
2022-03-23,6.2066,30.29,20.3,42.89,1.16,0.0,3,82,1,1.0,6.123233995736766e-17,0.9873494423939864,0.15855938510313475,6.7253,6.3814,6.8518,6.520671428571428,6.030273333333333
2022-03-24,4.8286,30.72,22.04,86.59,2.7,0.0,3,83,1,1.0,6.123233995736766e-17,0.989932495087353,0.141540295217043,6.2066,6.7253,6.4752,6.4285,6.033673333333334
2022-03-25,5.1026,30.71,17.36,83.02,3.25,0.0,3,84,1,1.0,6.123233995736766e-17,0.9922222094179323,0.12447926388678915,4.8286,6.2066,6.54,6.193271428571428,5.99806
2022-03-26,6.8174,30.1,16.37,17.73,2.47,0.0,3,85,1,1.0,6.123233995736766e-17,0.994217906893952,0.10738134666416309,5.1026,4.8286,6.0662,5.987928571428571,5.972186666666667
2022-03-27,7.1657,31.44,11.82,4.83,1.44,0.0,3,86,1,1.0,6.123233995736766e-17,0.995918996147179,0.09025161003104117,6.8174,5.1026,6.6048,6.095242857142857,5.992696666666666
2022-03-28,7.2578,30.65,15.88,0.68,2.47,0.0,3,87,1,1.0,6.123233995736766e-17,0.9973249731081555,0.07309512989807777,7.1657,6.8174,6.3814,6.175371428571429,6.03793
2022-03-29,7.2646,30.81,14.38,0.86,3.02,0.0,3,88,1,1.0,6.123233995736766e-17,0.9984354211555643,0.055916990100603484,7.2578,7.1657,6.7253,6.300571428571429,6.086193333333333
2022-03-30,7.3654,31.17,13.12,1.98,2.51,0.0,3,89,1,1.0,6.123233995736766e-17,0.9992500112396835,0.03872228089217446,7.2646,7.2578,6.2066,6.3776142857142855,6.138593333333334
2022-03-31,7.3181,31.71,12.36,1.01,2.14,0.0,3,90,1,1.0,6.123233995736766e-17,0.9997685019798909,0.021516097436222254,7.3654,7.2646,4.8286,6.543157142857143,6.19486
2022-04-01,7.0973,31.65,13.98,10.29,2.03,0.0,4,91,1,0.8660254037844387,-0.4999999999999998,0.9999907397361901,0.004303538296244289,7.3181,7.3654,5.1026,6.8988000000000005,6.240773333333333
2022-04-02,7.1177,31.98,15.15,6.53,1.66,0.0,4,92,1,0.8660254037844387,-0.4999999999999998,0.9999166586547379,-0.01291029607500882,7.0973,7.3181,6.8174,7.183757142857142,6.272173333333333
2022-04-03,7.0872,32.42,12.37,10.95,1.42,0.0,4,93,1,0.8660254037844387,-0.4999999999999998,0.9995462806873573,-0.030120304846908114,7.1177,7.0973,7.1657,7.2266571428571424,6.349326666666666
2022-04-04,7.4369,31.91,11.95,0.43,2.24,0.0,4,94,1,0.8660254037844387,-0.4999999999999998,0.9988797155850336,-0.04732138832243185,7.0872,7.1177,7.2578,7.215442857142857,6.392263333333333
2022-04-05,7.4059,31.67,13.1,0.8,2.22,0.0,4,95,1,0.8660254037844387,-0.4999999999999998,0.9979171608653922,-0.06450844944931623,7.4369,7.0872,7.2646,7.241028571428572,6.429656666666667
2022-04-06,7.2408,32.78,11.4,11.58,1.7,0.0,4,96,1,0.8660254037844387,-0.4999999999999998,0.9966589017541702,-0.08167639533042241,7.4059,7.4369,7.3654,7.261214285714286,6.465056666666667
2022-04-07,6.624,33.98,12.71,25.77,1.09,0.0,4,97,1,0.8660254037844387,-0.4999999999999998,0.9951053111006976,-0.09882013873287143,7.2408,7.4059,7.3181,7.243414285714286,6.547970000000001
2022-04-08,7.207,33.8,13.65,3.77,1.35,0.0,4,98,1,0.8660254037844387,-0.4999999999999998,0.9932568492674143,-0.11593459959550041,6.624,7.2408,7.0973,7.144257142857143,6.614043333333333
2022-04-09,7.1426,33.73,13.22,11.15,1.32,0.0,4,99,1,0.8660254037844387,-0.4999999999999998,0.9911140639934547,-0.1330147065341959,7.207,6.624,7.1177,7.159928571428572,6.69259
2022-04-10,7.0846,33.5,15.31,6.27,2.74,0.0,4,100,1,0.8660254037844387,-0.4999999999999998,0.9886775902323405,-0.1500553983446526,7.1426,7.207,7.0872,7.163485714285715,6.734556666666666
2022-04-11,6.7183,34.25,17.58,25.49,3.07,0.0,4,101,1,0.8660254037844387,-0.4999999999999998,0.9859481499638304,-0.16705162550211924,7.0846,7.1426,7.4369,7.163114285714285,6.7617166666666675
2022-04-12,5.9734,34.89,18.2,57.81,2.68,0.0,4,102,1,0.8660254037844387,-0.4999999999999998,0.9829265519799822,-0.18399835165768005,6.7183,7.0846,7.4059,7.060457142857142,6.767596666666667
2022-04-13,6.3038,33.55,14.66,23.11,2.5,0.0,4,103,1,0.8660254037844387,-0.4999999999999998,0.9796136916454901,-0.20089055513063506,5.9734,6.7183,7.2408,6.8558142857142865,6.741556666666667
2022-04-14,7.3951,32.67,13.25,6.58,2.87,0.03,4,104,1,0.8660254037844387,-0.4999999999999998,0.9760105506323683,-0.21772323039653177,6.3038,5.9734,6.624,6.721957142857143,6.730386666666666
2022-04-15,7.5151,32.46,13.77,4.63,3.55,0.0,4,105,1,0.8660254037844387,-0.4999999999999998,0.9721181966290613,-0.23449138957040985,7.3951,6.3038,7.207,6.832114285714285,6.760203333333333
2022-04-16,7.3361,32.6,16.87,10.17,3.52,0.0,4,106,1,0.8660254037844387,-0.4999999999999998,0.9679377830240642,-0.25119006388481935,7.5151,7.3951,7.1426,6.876128571428572,6.782313333333334
2022-04-17,7.0202,33.18,16.75,14.17,3.36,0.0,4,107,1,0.8660254037844387,-0.4999999999999998,0.9634705485641488,-0.2678143051621742,7.3361,7.5151,7.0846,6.90377142857143,6.81101
2022-04-18,7.044,33.74,16.81,12.49,3.02,0.0,4,108,1,0.8660254037844387,-0.4999999999999998,0.9587178169872964,-0.2843591872810034,7.0202,7.3361,6.7183,6.894571428571429,6.827016666666667
2022-04-19,6.9979,33.82,16.93,13.14,3.21,0.0,4,109,1,0.8660254037844387,-0.4999999999999998,0.9536809966304457,-0.30081980763566735,7.044,7.0202,5.9734,6.9411000000000005,6.85961
2022-04-20,7.5331,34.44,12.97,31.44,3.11,0.0,4,110,1,0.8660254037844387,-0.4999999999999998,0.9483615800121715,-0.3171912885891061,6.9979,7.044,6.3038,7.087457142857142,6.8727133333333335
2022-04-21,3.4152,33.3,19.26,90.54,3.11,0.0,4,111,1,0.8660254037844387,-0.4999999999999998,0.9427611433904207,-0.3334687789181868,7.5331,6.9979,7.3951,7.263071428571429,6.911103333333333
2022-04-22,7.0385,33.67,19.45,21.84,2.22,0.0,4,112,1,0.8660254037844387,-0.4999999999999998,0.9368813462954315,-0.3496474552512284,3.4152,7.5331,7.5151,6.694514285714286,6.800766666666666
2022-04-23,7.3399,32.97,17.33,11.76,2.83,0.0,4,113,1,0.8660254037844387,-0.4999999999999998,0.9307239310379795,-0.36572252349726897,7.0385,3.4152,7.3361,6.626428571428571,6.828496666666666
2022-04-24,7.591,33.51,15.76,20.22,3.43,0.0,4,114,1,0.8660254037844387,-0.4999999999999998,0.9242907221930933,-0.3816892202666588,7.3399,7.0385,7.0202,6.626971428571428,6.912206666666666
2022-04-25,7.8084,33.4,13.94,1.36,3.21,0.0,4,115,1,0.8660254037844387,-0.4999999999999998,0.9175836260593937,-0.39754281428255595,7.591,7.3399,7.044,6.708514285714286,6.995153333333334
2022-04-26,7.895,33.39,11.3,5.3,3.86,0.0,4,116,1,0.8660254037844387,-0.4999999999999998,0.9106046300942162,-0.41327860778290415,7.8084,7.591,6.9979,6.817714285714286,7.0281866666666675
2022-04-27,7.7162,34.67,12.77,1.23,2.01,0.0,4,117,1,0.8660254037844387,-0.4999999999999998,0.9033558023246845,-0.4288919379124835,7.895,7.8084,7.5331,6.9458714285714285,7.052496666666666
2022-04-28,7.3694,35.47,14.03,7.66,2.06,0.0,4,118,1,0.8660254037844387,-0.4999999999999998,0.895839290734909,-0.44437817810461316,7.7162,7.895,3.4152,6.972028571428571,7.067776666666666
2022-04-29,7.5442,35.95,13.28,19.94,4.16,0.0,4,119,1,0.8660254037844387,-0.4999999999999998,0.8880573226294932,-0.45973273945210397,7.3694,7.7162,7.0385,7.536914285714285,7.071269999999999
2022-04-30,7.5761,34.85,16.15,13.3,3.75,0.0,4,120,1,0.8660254037844387,-0.4999999999999998,0.8800122039735357,-0.47495107206704995,7.5442,7.3694,7.3399,7.609157142857143,7.07723
2022-05-01,6.4656,35.75,22.23,40.18,2.66,0.0,5,121,1,0.49999999999999994,-0.8660254037844387,0.8717063187093218,-0.4900286664290592,7.5761,7.5442,7.591,7.642899999999999,7.0858300000000005
2022-05-02,6.7678,35.88,21.76,35.03,3.39,0.02,5,122,1,0.49999999999999994,-0.8660254037844387,0.8631421280499114,-0.5049610547215204,6.4656,7.5761,7.8084,7.482128571428571,7.064773333333333
2022-05-03,6.9766,35.67,20.76,21.51,4.0,0.0,5,123,1,0.49999999999999994,-0.8660254037844387,0.854322169749827,-0.5197438121555155,6.7678,6.4656,7.895,7.333471428571428,7.05311
2022-05-04,7.7059,34.62,18.97,14.82,3.79,0.0,5,124,1,0.49999999999999994,-0.8660254037844387,0.8452490573530633,-0.5343725582809786,6.9766,6.7678,7.7162,7.2022714285714295,7.049423333333333
2022-05-05,7.4894,33.82,17.69,1.86,2.86,0.0,5,125,1,0.49999999999999994,-0.8660254037844387,0.8359254794186372,-0.548842958284719,7.7059,6.9766,7.3694,7.200800000000001,7.05839
2022-05-06,6.335,34.48,20.55,27.39,2.21,0.0,5,126,1,0.49999999999999994,-0.8660254037844387,0.8263541987239096,-0.5631507242749186,7.4894,7.7059,7.5442,7.217942857142858,7.061173333333333
2022-05-07,6.361,34.9,20.76,40.32,1.89,0.0,5,127,1,0.49999999999999994,-0.8660254037844387,0.8165380514459161,-0.5772916165517272,6.335,7.4894,7.5761,7.0452,7.03098
2022-05-08,7.1028,35.73,16.64,22.94,2.39,0.0,5,128,1,0.49999999999999994,-0.8660254037844387,0.8064799463209448,-0.5912614448635781,6.361,6.335,6.4656,6.871614285714286,7.022213333333332
2022-05-09,7.1726,35.24,16.28,31.94,2.14,0.0,5,129,1,0.49999999999999994,-0.8660254037844387,0.7961828637826158,-0.6050560696488488,7.1028,6.361,6.7678,6.962642857142858,7.018739999999999
2022-05-10,6.2969,35.53,23.52,39.86,3.42,0.0,5,130,1,0.49999999999999994,-0.8660254037844387,0.7856498550787147,-0.6186714032625031,7.1726,7.1028,6.9766,7.020471428571429,7.0197400000000005
2022-05-11,6.4306,36.38,23.06,22.86,2.49,0.0,5,131,1,0.49999999999999994,-0.8660254037844387,0.7748840413670407,-0.6321034111873487,6.2969,7.1726,7.7059,6.9233714285714285,6.993483333333333
2022-05-12,6.7296,37.02,18.49,23.95,1.57,0.0,5,132,1,0.49999999999999994,-0.8660254037844387,0.7638886127905428,-0.6453481132295501,6.4306,6.2969,7.4894,6.741185714285715,6.983893333333333
2022-05-13,6.8232,37.45,15.27,40.18,2.87,0.0,5,133,1,0.49999999999999994,-0.8660254037844387,0.7526668275320085,-0.6584015846980488,6.7296,6.4306,6.335,6.632642857142857,7.0091
2022-05-14,6.6478,37.73,19.12,49.92,4.57,0.0,5,134,1,0.49999999999999994,-0.8660254037844387,0.7412220108485958,-0.6712599575675313,6.8232,6.7296,6.361,6.702385714285714,7.026413333333333
2022-05-15,6.4946,37.07,22.33,58.29,4.45,0.0,5,135,1,0.49999999999999994,-0.8660254037844387,0.7295575540864875,-0.6839194216246106,6.6478,6.8232,7.1028,6.7433571428571435,7.001503333333334
2022-05-16,7.6613,35.78,16.87,37.11,4.81,0.0,5,136,1,0.49999999999999994,-0.8660254037844387,0.717676913675962,-0.6963762255968722,6.4946,6.6478,7.1726,6.656471428571429,6.967486666666667
2022-05-17,6.9569,34.82,19.13,26.56,3.75,0.0,5,137,1,0.49999999999999994,-0.8660254037844387,0.705583610107178,-0.7086266782644596,7.6613,6.4946,6.2969,6.726285714285714,6.978326666666667
2022-05-18,6.6571,34.43,19.9,24.25,3.09,0.0,5,138,1,0.49999999999999994,-0.8660254037844387,0.6932812268869777,-0.7206671495538609,6.9569,7.6613,6.4306,6.820571428571428,6.976216666666667
2022-05-19,7.1705,36.34,18.06,20.38,2.05,0.0,5,139,1,0.49999999999999994,-0.8660254037844387,0.6807734094770161,-0.7324940716135789,6.6571,6.9569,6.7296,6.8529285714285715,6.9633199999999995
2022-05-20,7.3183,36.87,17.81,17.25,2.82,0.0,5,140,1,0.49999999999999994,-0.8660254037844387,0.6680638642135335,-0.7441039398713607,7.1705,6.6571,6.8232,6.915914285714286,6.969073333333332
2022-05-21,7.5958,35.36,26.2,13.53,5.96,0.0,5,141,1,0.49999999999999994,-0.8660254037844387,0.6551563572090853,-0.7554933140726803,7.3183,7.1705,6.6478,6.986642857142857,6.9619133333333325
2022-05-22,6.6578,34.4,34.78,34.95,5.88,0.03,5,142,1,0.49999999999999994,-0.8660254037844387,0.6420547132365637,-0.766658819300159,7.5958,7.3183,6.4946,7.122071428571429,7.101266666666667
2022-05-23,6.8772,33.96,39.38,38.38,4.55,1.13,5,143,1,0.49999999999999994,-0.8660254037844387,0.6287628145958344,-0.7775971469736269,6.6578,7.5958,7.6613,7.145385714285714,7.0885766666666665
2022-05-24,6.6094,33.47,37.44,47.13,2.73,2.43,5,144,1,0.49999999999999994,-0.8660254037844387,0.6152845999633276,-0.7883050558305255,6.8772,6.6578,6.9569,7.033371428571429,7.073153333333334
2022-05-25,5.8243,33.77,35.89,58.14,3.25,2.55,5,145,1,0.49999999999999994,-0.8660254037844387,0.6016240632249226,-0.7987793728863649,6.6094,6.8772,6.6571,6.983728571428571,7.0404333333333335
2022-05-26,6.601,34.77,33.93,28.17,3.83,2.68,5,146,1,0.49999999999999994,-0.8660254037844387,0.5877852522924732,-0.8090169943749473,5.8243,6.6094,7.1705,6.864757142857143,6.974296666666666
2022-05-27,7.3949,33.89,33.36,10.77,4.83,0.08,5,147,1,0.49999999999999994,-0.8660254037844387,0.5737722679043246,-0.8190148866680801,6.601,5.8243,7.3183,6.7834,6.931163333333333
2022-05-28,7.3054,33.79,37.63,12.57,5.22,0.0,5,148,1,0.49999999999999994,-0.8660254037844387,0.5595892624101765,-0.8287700871745038,7.3949,6.601,7.5958,6.7943428571428575,6.920453333333333
2022-05-29,6.7634,34.11,37.84,28.48,4.61,0.02,5,149,1,0.49999999999999994,-0.8660254037844387,0.545240438540651,-0.8382797052177744,7.3054,7.3949,6.6578,6.752857142857144,6.91832
2022-05-30,6.5873,35.36,33.87,37.92,3.7,0.01,5,150,1,0.49999999999999994,-0.8660254037844387,0.5307300481619334,-0.8475409228928311,6.7634,7.3054,6.8772,6.767942857142857,6.892293333333333
2022-05-31,6.4279,35.5,28.12,46.48,3.92,0.0,5,151,1,0.49999999999999994,-0.8660254037844387,0.5160623910158528,-0.8565509959010036,6.5873,6.7634,6.6094,6.726528571428571,6.859333333333334
2022-06-01,6.4195,36.12,22.54,61.34,3.75,0.0,6,152,2,1.2246467991473532e-16,-1.0,0.5012418134457758,-0.865307254363206,6.4279,6.5873,5.8243,6.7006,6.858076666666666
2022-06-02,6.7428,36.56,16.66,61.74,4.82,0.0,6,153,2,1.2246467991473532e-16,-1.0,0.48627270710868997,-0.8738071036110808,6.4195,6.4279,6.601,6.785628571428572,6.846466666666667
2022-06-03,6.9809,36.71,19.15,52.27,4.44,0.0,6,154,2,1.2246467991473532e-16,-1.0,0.4711595076738638,-0.8820480249558537,6.7428,6.4195,7.3949,6.805885714285714,6.838673333333333
2022-06-04,6.9682,36.41,20.32,38.72,4.34,0.0,6,155,2,1.2246467991473532e-16,-1.0,0.4559066935084588,-0.8900275764346767,6.9809,6.7428,7.3054,6.746742857142857,6.814506666666667
2022-06-05,7.1023,36.43,18.0,47.68,4.03,0.0,6,156,2,1.2246467991473532e-16,-1.0,0.440518784350495,-0.8977433935342337,6.9682,6.9809,6.7634,6.698571428571428,6.797133333333334
2022-06-06,7.4906,36.64,18.53,42.83,5.03,0.0,6,157,2,1.2246467991473532e-16,-1.0,0.42500033996955416,-0.9051931898913974,7.1023,6.9682,6.5873,6.746985714285715,6.82271
2022-06-07,7.3944,35.98,21.45,44.95,4.67,0.0,6,158,2,1.2246467991473532e-16,-1.0,0.4093559588156213,-0.9123747579707273,7.4906,7.1023,6.4279,6.876028571428571,6.860363333333334
2022-06-08,6.8904,36.07,24.58,47.78,4.79,0.0,6,159,2,1.2246467991473532e-16,-1.0,0.39359027665646673,-0.9192859697186104,7.3944,7.4906,6.4195,7.0141,6.870083333333334
2022-06-09,7.2773,36.3,31.06,25.97,4.46,0.96,6,160,2,1.2246467991473532e-16,-1.0,0.3777079652039649,-0.9259247771938498,6.8904,7.3944,6.7428,7.081371428571429,6.8606766666666665
2022-06-10,6.4934,35.7,32.38,64.28,3.93,0.02,6,161,2,1.2246467991473532e-16,-1.0,0.36171373072976765,-0.9322892131745133,7.2773,6.8904,6.9809,7.157728571428571,6.893356666666667
2022-06-11,5.4151,34.28,41.28,90.06,3.67,1.73,6,162,2,1.2246467991473532e-16,-1.0,0.3456123126707335,-0.9383773917408641,6.4934,7.2773,6.9682,7.088085714285714,6.895449999999999
2022-06-12,3.1608,32.75,49.02,90.45,4.09,0.55,6,163,2,1.2246467991473532e-16,-1.0,0.3294084822245304,-0.9441875088341993,5.4151,6.4934,7.1023,6.866214285714285,6.851633333333334
2022-06-13,5.4022,33.37,45.43,78.71,3.09,0.24,6,164,2,1.2246467991473532e-16,-1.0,0.3131070409358269,-0.9497178427914316,3.1608,5.4151,7.4906,6.303142857142857,6.7295533333333335
2022-06-14,6.7219,33.45,44.57,57.76,4.25,0.0,6,165,2,1.2246467991473532e-16,-1.0,0.29671281927349075,-0.9549667548552551,5.4022,3.1608,7.3944,6.004799999999999,6.688033333333333
2022-06-15,6.8902,31.7,49.03,71.03,4.74,0.21,6,166,2,1.2246467991473532e-16,-1.0,0.28023067519921585,-0.9599326896597447,6.7219,5.4022,6.8904,5.908728571428571,6.69561
2022-06-16,6.1838,30.79,60.37,81.15,3.31,10.57,6,167,2,1.2246467991473532e-16,-1.0,0.26366549272800704,-0.9646141756912435,6.8902,6.7219,7.2773,5.9087000000000005,6.669906666666666
2022-06-17,4.961,29.42,69.11,88.6,2.94,5.03,6,168,2,1.2246467991473532e-16,-1.0,0.24702218048093552,-0.9690098257244062,6.1838,6.8902,6.4934,5.752485714285714,6.644136666666666
2022-06-18,5.8994,28.87,70.63,78.73,3.35,9.28,6,169,2,1.2246467991473532e-16,-1.0,0.23030567023061221,-0.9731183372332619,4.961,6.1838,5.4151,5.533571428571428,6.5876
2022-06-19,5.3988,28.77,72.45,94.55,4.0,27.12,6,170,2,1.2246467991473532e-16,-1.0,0.21352091543979612,-0.9769384927771817,5.8994,4.961,3.1608,5.6027571428571425,6.54523
2022-06-20,3.929,27.23,80.96,91.16,3.51,26.56,6,171,2,1.2246467991473532e-16,-1.0,0.19667288979357647,-0.980469160361632,5.3988,5.8994,5.4022,5.922471428571428,6.481246666666666
2022-06-21,5.8582,28.5,73.33,84.4,2.34,5.74,6,172,2,1.2246467991473532e-16,-1.0,0.1797665857255624,-0.9837092937736097,3.929,5.3988,6.7219,5.712014285714285,6.359019999999999
2022-06-22,6.5827,29.35,66.56,66.95,1.9,0.73,6,173,2,1.2246467991473532e-16,-1.0,0.16280701293851715,-0.986657932891657,5.8582,3.929,6.8902,5.588628571428571,6.332366666666667
2022-06-23,5.3484,30.68,62.99,78.73,1.39,7.47,6,174,2,1.2246467991473532e-16,-1.0,0.1457991969198751,-0.9893142039703663,6.5827,5.8582,6.1838,5.5447,6.322550000000001
2022-06-24,6.7164,31.65,56.62,53.14,1.86,0.19,6,175,2,1.2246467991473532e-16,-1.0,0.12874817745258132,-0.99167731989929,5.3484,6.5827,4.961,5.425357142857143,6.280516666666667
2022-06-25,6.6245,31.39,57.94,73.76,1.75,0.0,6,176,2,1.2246467991473532e-16,-1.0,0.11165900712169512,-0.993746580436178,6.7164,5.3484,5.8994,5.676128571428571,6.310253333333334
2022-06-26,4.3303,31.2,59.0,95.22,2.19,0.05,6,177,2,1.2246467991473532e-16,-1.0,0.09453674981719912,-0.9955213724144752,6.6245,6.7164,5.3988,5.779714285714285,6.311036666666666
2022-06-27,5.665,30.04,68.06,80.15,2.37,0.06,6,178,2,1.2246467991473532e-16,-1.0,0.07738647923346301,-0.9970011699250151,4.3303,6.6245,3.929,5.627071428571428,6.2088833333333335
2022-06-28,4.5456,28.39,75.86,89.26,3.47,8.41,6,179,2,1.2246467991473532e-16,-1.0,0.06021327736579302,-0.9981855344718586,5.665,4.3303,5.8582,5.875071428571429,6.154203333333333
2022-06-29,3.4063,27.08,81.06,98.84,3.59,13.48,6,180,2,1.2246467991473532e-16,-1.0,0.04302223300453059,-0.99907411510223,4.5456,5.665,6.5827,5.687557142857143,6.080276666666666
2022-06-30,3.091,26.05,89.06,98.55,2.62,22.57,6,181,2,1.2246467991473532e-16,-1.0,0.02581844022713308,-0.9996666485105112,3.4063,4.5456,5.3484,5.233785714285714,5.974243333333333
2022-07-01,4.0558,26.51,85.01,97.23,2.71,3.83,7,182,2,-0.4999999999999997,-0.8660254037844388,0.008606996888688698,-0.9999629591162655,3.091,3.4063,6.7164,4.9113,5.863013333333333
2022-07-02,5.4518,27.09,80.44,91.24,2.65,14.14,7,183,2,-0.4999999999999997,-0.8660254037844388,-0.008606996888688009,-0.9999629591162655,4.0558,3.091,6.6245,4.531214285714286,5.784223333333333
2022-07-03,3.0677,27.54,80.31,99.59,2.28,11.98,7,184,2,-0.4999999999999997,-0.8660254037844388,-0.02581844022713239,-0.9996666485105112,5.4518,4.0558,4.3303,4.363685714285714,5.7411900000000005
2022-07-04,3.7174,26.18,88.31,95.89,2.78,41.66,7,185,2,-0.4999999999999997,-0.8660254037844388,-0.04302223300453034,-0.99907411510223,3.0677,5.4518,5.665,4.183314285714286,5.6107499999999995
2022-07-05,5.4254,27.92,80.71,70.53,2.66,7.78,7,186,2,-0.4999999999999997,-0.8660254037844388,-0.060213277365792774,-0.9981855344718586,3.7174,3.0677,4.5456,3.9050857142857143,5.50239
2022-07-06,4.9886,28.11,80.33,73.88,2.52,5.25,7,187,2,-0.4999999999999997,-0.8660254037844388,-0.07738647923346322,-0.9970011699250151,5.4254,3.7174,3.4063,4.030771428571429,5.446493333333334
2022-07-07,3.0259,28.15,82.33,98.37,1.11,6.68,7,188,2,-0.4999999999999997,-0.8660254037844388,-0.09453674981719933,-0.9955213724144752,4.9886,5.4254,3.091,4.256814285714286,5.3630933333333335
2022-07-08,4.2014,28.47,83.78,93.53,2.61,16.3,7,189,2,-0.4999999999999997,-0.8660254037844388,-0.11165900712169444,-0.9937465804361781,3.0259,4.9886,4.0558,4.247514285714286,5.217476666666666
2022-07-09,5.0328,27.16,88.81,86.22,1.93,39.66,7,190,2,-0.4999999999999997,-0.8660254037844388,-0.12874817745258066,-0.99167731989929,4.2014,3.0259,5.4518,4.268314285714285,5.127843333333333
2022-07-10,6.3036,27.96,83.51,78.28,1.95,47.38,7,191,2,-0.4999999999999997,-0.8660254037844388,-0.14579919691987442,-0.9893142039703664,5.0328,4.2014,3.0677,4.208457142857143,5.053026666666667
2022-07-11,1.9099,27.22,86.11,98.03,3.1,66.33,7,192,2,-0.4999999999999997,-0.8660254037844388,-0.16280701293851646,-0.9866579328916572,6.3036,5.0328,3.7174,4.670728571428571,5.0467
2022-07-12,4.2766,28.28,81.76,89.4,2.54,12.16,7,193,2,-0.4999999999999997,-0.8660254037844388,-0.17976658572556214,-0.9837092937736098,1.9099,6.3036,5.4254,4.412514285714286,4.92986
2022-07-13,4.6529,28.77,80.52,98.04,2.51,19.77,7,194,2,-0.4999999999999997,-0.8660254037844388,-0.19667288979357622,-0.9804691603616321,4.2766,1.9099,4.9886,4.2484,4.967053333333333
2022-07-14,5.8548,28.66,78.51,89.02,2.29,9.43,7,195,2,-0.4999999999999997,-0.8660254037844388,-0.2135209154397959,-0.9769384927771817,4.6529,4.2766,3.0259,4.200442857142857,4.942076666666667
2022-07-15,3.0799,27.48,84.58,99.19,1.2,21.84,7,196,2,-0.4999999999999997,-0.8660254037844388,-0.23030567023061196,-0.973118337233262,5.8548,4.6529,4.2014,4.604571428571428,4.913173333333333
2022-07-16,4.9469,26.33,87.59,97.18,1.69,22.08,7,197,2,-0.4999999999999997,-0.8660254037844388,-0.24702218048093527,-0.9690098257244063,3.0799,5.8548,5.0328,4.444357142857142,4.7861633333333335
2022-07-17,2.6246,26.15,91.57,96.13,2.7,28.21,7,198,2,-0.4999999999999997,-0.8660254037844388,-0.2636654927280072,-0.9646141756912435,4.9469,3.0799,6.3036,4.432085714285714,4.744933333333334
2022-07-18,5.1175,28.09,85.23,92.57,2.59,18.68,7,199,2,-0.4999999999999997,-0.8660254037844388,-0.2802306751992161,-0.9599326896597445,2.6246,4.9469,1.9099,3.906514285714285,4.667053333333333
2022-07-19,3.9984,27.36,87.19,80.44,2.76,6.37,7,200,2,-0.4999999999999997,-0.8660254037844388,-0.2967128192734901,-0.9549667548552553,5.1175,2.6246,4.2766,4.364742857142857,4.64099
2022-07-20,1.5823,26.58,87.38,94.14,3.45,1.78,7,201,2,-0.4999999999999997,-0.8660254037844388,-0.3131070409358267,-0.9497178427914317,3.9984,5.1175,4.6529,4.325,4.594309999999999
2022-07-21,3.0134,26.33,90.23,99.35,2.69,10.43,7,202,2,-0.4999999999999997,-0.8660254037844388,-0.3294084822245302,-0.9441875088341994,1.5823,3.9984,5.8548,3.886342857142857,4.516086666666667
2022-07-22,1.8204,26.04,89.6,99.68,2.69,15.83,7,203,2,-0.4999999999999997,-0.8660254037844388,-0.3456123126707333,-0.9383773917408642,3.0134,1.5823,3.0799,3.4804285714285714,4.42126
2022-07-23,2.6119,25.6,90.65,99.29,2.24,20.67,7,204,2,-0.4999999999999997,-0.8660254037844388,-0.3617137307297674,-0.9322892131745134,1.8204,3.0134,4.9469,3.3005,4.2625166666666665
2022-07-24,2.8706,27.05,83.55,99.69,0.92,17.1,7,205,2,-0.4999999999999997,-0.8660254037844388,-0.37770796520396466,-0.9259247771938499,2.6119,1.8204,2.6246,2.966928571428571,4.1713000000000005
2022-07-25,1.6637,24.92,93.57,99.78,2.45,38.02,7,206,2,-0.4999999999999997,-0.8660254037844388,-0.39359027665646645,-0.9192859697186105,2.8706,2.6119,5.1175,3.002071428571429,4.043106666666667
2022-07-26,3.4538,25.54,88.65,99.36,2.26,12.24,7,207,2,-0.4999999999999997,-0.8660254037844388,-0.4093559588156211,-0.9123747579707274,1.6637,2.8706,3.9984,2.5086714285714287,3.8777466666666665
2022-07-27,4.4033,25.82,87.5,96.87,2.09,2.02,7,208,2,-0.4999999999999997,-0.8660254037844388,-0.42500033996955394,-0.9051931898913975,3.4538,1.6637,1.5823,2.430871428571429,3.84853
2022-07-28,4.6836,26.51,85.6,95.07,1.69,1.75,7,209,2,-0.4999999999999997,-0.8660254037844388,-0.4405187843504952,-0.8977433935342336,4.4033,3.4538,3.0134,2.8338714285714284,3.8064733333333334
2022-07-29,4.4054,26.41,86.83,98.62,2.04,4.33,7,210,2,-0.4999999999999997,-0.8660254037844388,-0.455906693508459,-0.8900275764346766,4.6836,4.4033,1.8204,3.0724714285714287,3.8110733333333333
2022-07-30,4.9039,25.8,86.45,91.75,2.34,3.89,7,211,2,-0.4999999999999997,-0.8660254037844388,-0.47115950767386394,-0.8820480249558535,4.4054,4.6836,2.6119,3.441757142857143,3.8443766666666668
2022-07-31,5.9954,26.07,86.42,79.75,2.58,0.03,7,212,2,-0.4999999999999997,-0.8660254037844388,-0.4862727071086902,-0.8738071036110807,4.9039,4.4054,2.8706,3.769185714285715,3.9048066666666665
2022-08-01,4.4102,26.05,85.7,80.8,2.16,0.33,8,213,2,-0.8660254037844384,-0.5000000000000004,-0.5012418134457756,-0.8653072543632061,5.9954,4.9039,1.6637,4.215585714285714,3.96946
2022-08-02,5.3064,26.59,85.72,81.08,1.92,0.49,8,214,2,-0.8660254037844384,-0.5000000000000004,-0.5160623910158526,-0.8565509959010037,4.4102,5.9954,3.4538,4.607942857142858,3.9347399999999997
2022-08-03,4.763,26.6,87.13,94.85,1.28,3.77,8,215,2,-0.8660254037844384,-0.5000000000000004,-0.5307300481619331,-0.8475409228928312,5.3064,4.4102,4.4033,4.872599999999999,4.009363333333334
2022-08-04,3.1658,27.08,85.19,98.65,1.31,4.01,8,216,2,-0.8660254037844384,-0.5000000000000004,-0.5452404385406507,-0.8382797052177745,4.763,5.3064,4.6836,4.923985714285714,4.044216666666666
2022-08-05,5.0335,27.04,87.43,84.03,2.98,8.12,8,217,2,-0.8660254037844384,-0.5000000000000004,-0.5595892624101763,-0.828770087174504,3.1658,4.763,4.4054,4.707157142857143,3.9688966666666667
2022-08-06,5.2582,27.85,81.61,86.38,0.72,8.38,8,218,2,-0.8660254037844384,-0.5000000000000004,-0.5737722679043243,-0.8190148866680802,5.0335,3.1658,4.9039,4.796885714285714,3.9703933333333334
2022-08-07,3.5398,26.86,89.14,98.26,1.56,3.12,8,219,2,-0.8660254037844384,-0.5000000000000004,-0.5877852522924734,-0.8090169943749472,5.2582,5.0335,5.9954,4.847499999999999,4.044803333333333
2022-08-08,4.0757,26.21,90.28,91.5,1.92,13.72,8,220,2,-0.8660254037844384,-0.5000000000000004,-0.6016240632249227,-0.7987793728863648,3.5398,5.2582,4.4102,4.4967,4.02275
2022-08-09,3.9886,26.64,89.13,91.81,2.65,28.45,8,221,2,-0.8660254037844384,-0.5000000000000004,-0.6152845999633277,-0.7883050558305253,4.0757,3.5398,5.3064,4.448914285714286,3.990846666666667
2022-08-10,2.8975,26.74,88.17,99.54,3.18,26.58,8,222,2,-0.8660254037844384,-0.5000000000000004,-0.6287628145958345,-0.7775971469736268,3.9886,4.0757,4.763,4.260657142857143,3.91368
2022-08-11,2.0076,25.42,93.44,98.97,4.01,34.49,8,223,2,-0.8660254037844384,-0.5000000000000004,-0.6420547132365636,-0.7666588193001592,2.8975,3.9886,3.1658,3.9941571428571434,3.9466000000000006
2022-08-12,3.7771,24.92,93.1,92.79,4.45,14.53,8,224,2,-0.8660254037844384,-0.5000000000000004,-0.655156357209085,-0.7554933140726804,2.0076,2.8975,5.0335,3.8287000000000004,3.870966666666667
2022-08-13,3.9053,25.7,89.2,99.33,3.88,8.31,8,225,2,-0.8660254037844384,-0.5000000000000004,-0.6680638642135333,-0.7441039398713608,3.7771,2.0076,5.2582,3.6492142857142857,3.8417733333333337
2022-08-14,2.6899,25.06,91.61,99.77,3.5,43.8,8,226,2,-0.8660254037844384,-0.5000000000000004,-0.6807734094770159,-0.7324940716135792,3.9053,3.7771,3.5398,3.455942857142857,3.77679
2022-08-15,1.8811,24.89,93.26,99.56,3.52,72.86,8,227,2,-0.8660254037844384,-0.5000000000000004,-0.6932812268869771,-0.7206671495538615,2.6899,3.9053,4.0757,3.3345285714285713,3.7637899999999997
2022-08-16,1.9776,24.95,91.93,99.53,5.5,48.19,8,228,2,-0.8660254037844384,-0.5000000000000004,-0.7055836101071774,-0.70862667826446,1.8811,2.6899,3.9886,3.0210142857142857,3.6615966666666666
2022-08-17,4.4251,25.46,89.53,49.67,3.74,0.2,8,229,2,-0.8660254037844384,-0.5000000000000004,-0.7176769136759615,-0.6963762255968726,1.9776,1.8811,2.8975,2.7337285714285713,3.64003
2022-08-18,4.5122,25.76,87.91,72.87,3.08,0.0,8,230,2,-0.8660254037844384,-0.5000000000000004,-0.7295575540864876,-0.6839194216246104,4.4251,1.9776,2.0076,2.9519571428571427,3.61695
2022-08-19,4.7868,25.76,87.7,83.1,2.72,0.05,8,231,2,-0.8660254037844384,-0.5000000000000004,-0.7412220108485957,-0.6712599575675315,4.5122,4.4251,3.7771,3.309757142857143,3.6340766666666666
2022-08-20,2.6726,24.89,94.35,99.64,2.66,23.55,8,232,2,-0.8660254037844384,-0.5000000000000004,-0.7526668275320083,-0.6584015846980489,4.7868,4.5122,3.9053,3.4539999999999997,3.740893333333333
2022-08-21,1.5871,24.71,94.84,99.76,5.09,93.43,8,233,2,-0.8660254037844384,-0.5000000000000004,-0.7638886127905429,-0.64534811322955,2.6726,4.7868,2.6899,3.2779000000000003,3.729533333333334
2022-08-22,0.5957,24.32,94.57,99.62,6.77,163.32,8,234,2,-0.8660254037844384,-0.5000000000000004,-0.7748840413670406,-0.6321034111873488,1.5871,2.6726,1.8811,3.120357142857143,3.7217566666666664
2022-08-23,3.2311,24.94,90.87,88.96,3.83,10.68,8,235,2,-0.8660254037844384,-0.5000000000000004,-0.7856498550787144,-0.6186714032625032,0.5957,1.5871,1.9776,2.936728571428571,3.65455
2022-08-24,5.7106,25.01,87.72,74.65,1.64,0.77,8,236,2,-0.8660254037844384,-0.5000000000000004,-0.7961828637826154,-0.6050560696488494,3.2311,0.5957,4.4251,3.1158,3.6665666666666668
2022-08-25,3.0701,24.86,85.65,90.04,1.26,2.27,8,237,2,-0.8660254037844384,-0.5000000000000004,-0.8064799463209447,-0.5912614448635782,5.7106,3.2311,4.5122,3.299442857142857,3.8014633333333334
2022-08-26,5.5495,24.74,85.21,68.2,1.93,0.86,8,238,2,-0.8660254037844384,-0.5000000000000004,-0.8165380514459157,-0.5772916165517278,3.0701,5.7106,4.7868,3.0934285714285714,3.7886733333333336
2022-08-27,4.3265,24.64,88.2,84.33,2.43,1.25,8,239,2,-0.8660254037844384,-0.5000000000000004,-0.8263541987239094,-0.5631507242749187,5.5495,3.0701,2.6726,3.2023857142857146,3.8268800000000005
2022-08-28,3.8232,24.51,87.78,98.36,1.89,2.2,8,240,2,-0.8660254037844384,-0.5000000000000004,-0.8359254794186365,-0.5488429582847199,4.3265,5.5495,1.5871,3.438657142857143,3.814976666666667
2022-08-29,3.7325,23.77,93.75,97.83,2.42,6.14,8,241,2,-0.8660254037844384,-0.5000000000000004,-0.8452490573530634,-0.5343725582809785,3.8232,4.3265,0.5957,3.7580999999999998,3.79557
2022-08-30,4.0781,25.95,84.36,82.56,0.92,2.63,8,242,2,-0.8660254037844384,-0.5000000000000004,-0.8543221697498269,-0.5197438121555157,3.7325,3.8232,3.2311,4.206214285714286,3.7565233333333334
2022-08-31,5.1238,26.55,85.92,68.78,1.01,0.03,8,243,2,-0.8660254037844384,-0.5000000000000004,-0.8631421280499115,-0.5049610547215202,4.0781,3.7325,5.7106,4.327214285714286,3.692613333333333
2022-09-01,3.1346,26.74,84.05,93.61,0.63,3.52,9,244,2,-1.0,-1.8369701987210297e-16,-0.8717063187093217,-0.4900286664290594,5.1238,4.0781,3.0701,4.243385714285714,3.7164
2022-09-02,5.5834,27.71,80.15,70.5,0.72,1.07,9,245,2,-1.0,-1.8369701987210297e-16,-0.8800122039735356,-0.4749510720670502,3.1346,5.1238,5.5495,4.2526,3.644006666666667
2022-09-03,5.7682,26.93,84.77,66.09,1.43,1.27,9,246,2,-1.0,-1.8369701987210297e-16,-0.888057322629493,-0.4597327394521046,5.5834,3.1346,4.3265,4.257442857142857,3.6713533333333337
2022-09-04,3.4082,25.52,88.5,86.43,2.1,19.04,9,247,2,-1.0,-1.8369701987210297e-16,-0.8958392907349089,-0.4443781781046134,5.7682,5.5834,3.8232,4.4634,3.7580999999999998
2022-09-05,5.113,26.33,87.42,83.72,1.61,8.09,9,248,2,-1.0,-1.8369701987210297e-16,-0.9033558023246842,-0.4288919379124841,3.4082,5.7682,3.7325,4.404114285714286,3.7039233333333335
2022-09-06,4.8641,26.55,80.34,67.54,0.99,12.54,9,249,2,-1.0,-1.8369701987210297e-16,-0.9106046300942162,-0.41327860778290443,5.113,3.4082,4.0781,4.601328571428572,3.6990833333333333
2022-09-07,5.7698,26.63,82.13,53.18,1.6,0.35,9,250,2,-1.0,-1.8369701987210297e-16,-0.9175836260593934,-0.3975428142825566,4.8641,5.113,5.1238,4.713614285714286,3.7432266666666663
2022-09-08,5.503,26.23,87.33,61.88,2.22,0.21,9,251,2,-1.0,-1.8369701987210297e-16,-0.9242907221930934,-0.3816892202666586,5.7698,4.8641,3.1346,4.8059,3.7996966666666667
2022-09-09,5.1754,26.27,89.94,79.97,1.54,2.1,9,252,2,-1.0,-1.8369701987210297e-16,-0.9307239310379793,-0.3657225234972692,5.503,5.7698,5.5834,5.144242857142857,3.850176666666667
2022-09-10,5.2526,26.2,90.86,75.22,1.4,3.91,9,253,2,-1.0,-1.8369701987210297e-16,-0.9368813462954315,-0.34964745525122826,5.1754,5.503,5.7682,5.085957142857143,3.9261066666666666
2022-09-11,5.0038,26.42,87.4,84.19,2.49,2.38,9,254,2,-1.0,-1.8369701987210297e-16,-0.9427611433904206,-0.33346877891818705,5.2526,5.1754,3.4082,5.012300000000001,4.034273333333333
2022-09-12,4.4978,26.56,87.84,98.39,2.5,8.25,9,255,2,-1.0,-1.8369701987210297e-16,-0.9483615800121716,-0.31719128858910595,5.0038,5.2526,5.113,5.240242857142857,4.075163333333333
2022-09-13,2.777,24.73,91.3,99.58,1.82,52.8,9,256,2,-1.0,-1.8369701987210297e-16,-0.9536809966304455,-0.300819807635668,4.4978,5.0038,4.8641,5.152357142857142,4.094913333333333
2022-09-14,1.0906,24.94,93.05,99.84,3.8,25.48,9,257,2,-1.0,-1.8369701987210297e-16,-0.9587178169872964,-0.2843591872810036,2.777,4.4978,5.7698,4.8542,4.097816666666667
2022-09-15,1.9992,24.79,95.35,99.9,3.79,17.49,9,258,2,-1.0,-1.8369701987210297e-16,-0.9634705485641486,-0.26781430516217486,1.0906,2.777,5.503,4.185742857142857,4.071466666666667
2022-09-16,1.8235,25.31,91.66,98.35,3.13,6.67,9,259,2,-1.0,-1.8369701987210297e-16,-0.9679377830240642,-0.25119006388481957,1.9992,1.0906,5.1754,3.6851999999999996,4.072186666666667
2022-09-17,3.8779,25.73,87.89,67.78,2.4,0.25,9,260,2,-1.0,-1.8369701987210297e-16,-0.9721181966290612,-0.23449138957041052,1.8235,1.9992,5.2526,3.2063571428571427,3.985466666666667
2022-09-18,6.0072,25.77,86.22,17.66,1.91,0.11,9,261,2,-1.0,-1.8369701987210297e-16,-0.9760105506323682,-0.21772323039653224,3.8779,1.8235,5.0038,3.0099714285714283,3.964323333333333
2022-09-19,5.7881,26.06,84.76,44.45,2.05,0.54,9,262,2,-1.0,-1.8369701987210297e-16,-0.9796136916454901,-0.20089055513063528,6.0072,3.8779,4.4978,3.1533142857142855,4.005003333333333
2022-09-20,5.0066,25.99,86.59,65.57,2.13,2.14,9,263,2,-1.0,-1.8369701987210297e-16,-0.9829265519799822,-0.18399835165767986,5.7881,6.0072,2.777,3.3376428571428574,4.108853333333333
2022-09-21,3.2338,25.56,88.85,98.75,2.21,10.24,9,264,2,-1.0,-1.8369701987210297e-16,-0.9859481499638303,-0.1670516255021195,5.0066,5.7881,1.0906,3.656157142857143,4.222836666666667
2022-09-22,2.2243,24.47,93.6,98.99,3.53,15.76,9,265,2,-1.0,-1.8369701987210297e-16,-0.9886775902323404,-0.15005539834465262,3.2338,5.0066,1.9992,3.9623285714285714,4.310773333333333
2022-09-23,0.9893,23.77,92.31,99.49,4.86,14.28,9,266,2,-1.0,-1.8369701987210297e-16,-0.9911140639934546,-0.13301470653419636,2.2243,3.2338,1.8235,3.9944857142857146,4.277213333333333
2022-09-24,4.3627,23.5,91.12,76.08,4.35,5.82,9,267,2,-1.0,-1.8369701987210297e-16,-0.9932568492674143,-0.11593459959550066,0.9893,2.2243,3.8779,3.875314285714286,4.119836666666667
2022-09-25,5.0268,24.67,84.14,59.17,1.98,0.01,9,268,2,-1.0,-1.8369701987210297e-16,-0.9951053111006974,-0.09882013873287211,4.3627,0.9893,6.0072,3.944571428571429,4.1629233333333335
2022-09-26,5.0633,24.83,84.39,46.55,1.43,5.85,9,269,2,-1.0,-1.8369701987210297e-16,-0.99665890175417,-0.08167639533042288,5.0268,4.3627,5.7881,3.8045142857142857,4.1455
2022-09-27,4.9217,25.67,82.96,37.65,1.31,8.68,9,270,2,-1.0,-1.8369701987210297e-16,-0.9979171608653922,-0.06450844944931625,5.0633,5.0268,5.0066,3.7009714285714286,4.17006
2022-09-28,5.6532,26.25,78.57,17.83,1.21,0.0,9,271,2,-1.0,-1.8369701987210297e-16,-0.9988797155850335,-0.04732138832243232,4.9217,5.0633,3.2338,3.688842857142857,4.206676666666667
2022-09-29,5.9518,26.35,76.76,23.59,1.09,0.0,9,272,2,-1.0,-1.8369701987210297e-16,-0.9995462806873573,-0.03012030484690836,5.6532,4.9217,2.2243,4.034471428571428,4.270700000000001
2022-09-30,6.0583,25.88,79.72,8.14,1.49,0.0,9,273,2,-1.0,-1.8369701987210297e-16,-0.9999166586547379,-0.012910296075008843,5.9518,5.6532,0.9893,4.566971428571429,4.3331566666666665
2022-10-01,6.186,25.24,83.08,14.33,2.09,0.1,10,274,3,-0.8660254037844386,0.5000000000000001,-0.9999907397361901,0.004303538296243821,6.0583,5.9518,4.3627,5.291114285714285,4.364306666666667
2022-10-02,5.9558,24.6,84.11,19.37,2.52,0.08,10,275,3,-0.8660254037844386,0.5000000000000001,-0.9997685019798909,0.021516097436222233,6.186,6.0583,5.0268,5.551585714285714,4.46602
2022-10-03,5.5049,24.42,83.36,57.53,2.49,0.0,10,276,3,-0.8660254037844386,0.5000000000000001,-0.9992500112396835,0.03872228089217399,5.9558,6.186,5.0633,5.6843,4.478433333333333
2022-10-04,4.05,24.62,83.3,72.09,2.2,0.89,10,277,3,-0.8660254037844386,0.5000000000000001,-0.9984354211555643,0.05591699010060302,5.5049,5.9558,4.9217,5.7473857142857145,4.469656666666666
2022-10-05,3.0629,24.74,91.46,98.92,2.5,32.99,10,278,3,-0.8660254037844386,0.5000000000000001,-0.9973249731081555,0.07309512989807776,4.05,5.5049,5.6532,5.622857142857143,4.49105
2022-10-06,3.8743,24.8,93.14,92.71,1.78,35.52,10,279,3,-0.8660254037844386,0.5000000000000001,-0.9959189961471792,0.0902516100310407,3.0629,4.05,5.9518,5.252814285714286,4.422713333333334
2022-10-07,3.7538,24.38,90.83,98.16,2.47,10.26,10,280,3,-0.8660254037844386,0.5000000000000001,-0.994217906893952,0.10738134666416306,3.8743,3.0629,6.0583,4.956028571428571,4.38972
2022-10-08,3.8422,24.82,89.37,97.68,3.75,1.02,10,281,3,-0.8660254037844386,0.5000000000000001,-0.9922222094179324,0.12447926388678869,3.7538,3.8743,6.186,4.626814285714285,4.32252
2022-10-09,3.8935,25.16,88.24,90.44,1.89,0.48,10,282,3,-0.8660254037844386,0.5000000000000001,-0.989932495087353,0.141540295217043,3.8422,3.7538,5.9558,4.2919857142857145,4.2671600000000005
2022-10-10,4.5526,24.59,91.77,75.13,1.36,33.95,10,283,3,-0.8660254037844386,0.5000000000000001,-0.9873494423939864,0.15855938510313475,3.8935,3.8422,5.5049,3.997371428571429,4.22443
2022-10-11,4.3082,24.07,92.32,74.62,1.78,14.07,10,284,3,-0.8660254037844386,0.5000000000000001,-0.9844738167520923,0.17553149042142777,4.5526,3.8935,4.05,3.8613285714285714,4.2010966666666665
2022-10-12,5.3741,23.76,82.56,30.34,1.28,0.64,10,285,3,-0.8660254037844386,0.5000000000000001,-0.9813064702716093,0.19245158197082995,4.3082,4.5526,3.0629,3.8982142857142854,4.17791
2022-10-13,6.1829,21.8,78.91,1.37,1.84,0.0,10,286,3,-0.8660254037844386,0.5000000000000001,-0.9778483415056567,0.20931464596304888,5.3741,4.3082,3.8743,4.228385714285714,4.20712
2022-10-14,5.8608,20.83,73.92,0.0,1.59,0.0,10,287,3,-0.8660254037844386,0.5000000000000001,-0.9741004551724206,0.22611568550828803,6.1829,5.3741,3.7538,4.558185714285715,4.3206500000000005
2022-10-15,5.9477,21.18,72.44,0.0,1.51,0.0,10,288,3,-0.8660254037844386,0.5000000000000001,-0.970063921851507,0.2428497220959358,5.8608,6.1829,3.8422,4.859185714285714,4.479656666666667
2022-10-16,5.8975,20.74,77.02,0.34,1.58,0.0,10,289,3,-0.8660254037844386,0.5000000000000001,-0.965739937654855,0.25951179706979943,5.9477,5.8608,3.8935,5.1599714285714295,4.611273333333333
2022-10-17,5.2358,21.8,79.09,16.95,1.46,0.0,10,290,3,-0.8660254037844386,0.5000000000000001,-0.9611297838723007,0.27609697309746883,5.8975,5.9477,4.5526,5.446257142857143,4.747073333333334
2022-10-18,5.7482,21.57,74.61,2.18,1.41,0.02,10,291,3,-0.8660254037844386,0.5000000000000001,-0.9562348265919058,0.2926003356333479,5.2358,5.8975,4.3082,5.543857142857143,4.792336666666667
2022-10-19,5.7478,19.68,76.89,0.28,1.77,0.0,10,292,3,-0.8660254037844386,0.5000000000000001,-0.9510565162951536,0.30901699437494723,5.7482,5.2358,5.3741,5.7495714285714286,4.783703333333333
2022-10-20,5.8891,20.26,80.42,0.6,1.76,0.0,10,293,3,-0.8660254037844386,0.5000000000000001,-0.9455963874271428,0.3253420847119795,5.7478,5.7482,6.1829,5.802957142857143,4.78236
2022-10-21,5.8198,20.27,74.98,1.84,1.77,0.0,10,294,3,-0.8660254037844386,0.5000000000000001,-0.9398560579418953,0.341570769167856,5.8891,5.7478,5.8608,5.760985714285715,4.811776666666668
2022-10-22,5.6431,21.4,65.7,0.47,1.44,0.0,10,295,3,-0.8660254037844386,0.5000000000000001,-0.9338372288229252,0.35769823883312546,5.8198,5.8891,5.9477,5.755128571428571,4.897976666666667
2022-10-23,5.4509,20.84,73.28,0.63,1.44,0.0,10,296,3,-0.8660254037844386,0.5000000000000001,-0.9275416835791965,0.3737197147904692,5.6431,5.8198,5.8975,5.711614285714285,5.011936666666667
2022-10-24,5.4998,20.49,70.75,0.54,1.53,0.0,10,297,3,-0.8660254037844386,0.5000000000000001,-0.9209712877166347,0.38963044953078774,5.4509,5.6431,5.2358,5.647814285714285,5.160656666666667
2022-10-25,5.6647,21.5,63.33,0.35,1.19,0.0,10,298,3,-0.8660254037844386,0.5000000000000001,-0.9141279881853337,0.4054257283599973,5.4998,5.4509,5.7482,5.685528571428571,5.1985600000000005
2022-10-26,5.6748,22.96,54.72,0.31,0.67,0.0,10,299,3,-0.8660254037844386,0.5000000000000001,-0.9070138128026362,0.42110087079608916,5.6647,5.4998,5.7478,5.6736,5.219823333333333
2022-10-27,5.4595,23.13,52.94,0.32,0.67,0.0,10,300,3,-0.8660254037844386,0.5000000000000001,-0.8996308696522434,0.4366512319560638,5.6748,5.6647,5.8891,5.663171428571428,5.2402066666666665
2022-10-28,5.3443,22.52,57.65,3.93,0.91,0.0,10,301,3,-0.8660254037844386,0.5000000000000001,-0.8919813464595487,0.45207220393230374,5.4595,5.6748,5.8198,5.601799999999999,5.258133333333332
2022-10-29,5.1686,22.26,61.95,3.41,1.03,0.0,10,302,3,-0.8660254037844386,0.5000000000000001,-0.8840675099433637,0.46735921715800205,5.3443,5.4595,5.6431,5.5338714285714286,5.247836666666666
2022-10-30,4.8206,20.13,75.58,0.6,1.39,0.0,10,303,3,-0.8660254037844386,0.5000000000000001,-0.8758917051442433,0.48250774176121763,5.1686,5.3443,5.4509,5.466085714285714,5.221729999999999
2022-10-31,4.9596,19.23,77.47,0.25,1.57,0.0,10,304,3,-0.8660254037844386,0.5000000000000001,-0.8674563547295971,0.4975132889071803,4.8206,5.1686,5.4998,5.376042857142857,5.1804733333333335
2022-11-01,5.0371,19.43,74.6,0.34,1.4,0.0,11,305,3,-0.5000000000000004,0.8660254037844384,-0.858763958275803,0.5123714121284235,4.9596,4.8206,5.6647,5.298871428571429,5.139593333333333
2022-11-02,4.9783,20.95,69.98,0.55,0.78,0.0,11,306,3,-0.5000000000000004,0.8660254037844384,-0.8498170915275277,0.5270777086423724,5.0371,4.9596,5.6748,5.209214285714286,5.10897
2022-11-03,4.8785,21.41,70.05,0.33,1.02,0.0,11,307,3,-0.5000000000000004,0.8660254037844384,-0.8406184056344783,0.5416278206559811,4.9783,5.0371,5.4595,5.109714285714285,5.0914166666666665
2022-11-04,4.8662,22.6,64.42,0.41,0.84,0.0,11,308,3,-0.5000000000000004,0.8660254037844384,-0.8311706263658079,0.5560174366570446,4.8785,4.9783,5.3443,5.026714285714285,5.119033333333333
2022-11-05,5.0311,23.85,60.52,3.05,0.72,0.0,11,309,3,-0.5000000000000004,0.8660254037844384,-0.8214765533024145,0.5702422926917867,4.8662,4.8785,5.1686,4.958414285714285,5.179143333333332
2022-11-06,4.7618,22.89,67.82,13.51,0.98,0.0,11,310,3,-0.5000000000000004,0.8660254037844384,-0.8115390590073611,0.5842981736283683,5.0311,4.8662,4.8206,4.938771428571428,5.217703333333334
2022-11-07,4.4342,22.36,77.9,28.55,1.13,0.0,11,311,3,-0.5000000000000004,0.8660254037844384,-0.801361088174677,0.5981809144059159,4.7618,5.0311,4.9596,4.930371428571428,5.251303333333333
2022-11-08,4.517,21.79,76.56,21.28,1.28,0.0,11,312,3,-0.5000000000000004,0.8660254037844384,-0.7909456567567774,0.6118864012687242,4.4342,4.7618,5.0371,4.855314285714286,5.271036666666666
2022-11-09,4.2886,21.43,74.29,18.0,1.1,0.0,11,313,3,-0.5000000000000004,0.8660254037844384,-0.780295851070776,0.6254105729852457,4.517,4.4342,4.9783,4.781014285714286,5.2918199999999995
2022-11-10,4.1189,21.18,76.99,10.02,1.14,0.0,11,314,3,-0.5000000000000004,0.8660254037844384,-0.7694148268839381,0.6387494220515268,4.2886,4.517,4.8785,4.682485714285714,5.28302
2022-11-11,4.1172,20.81,78.85,6.61,1.52,0.0,11,315,3,-0.5000000000000004,0.8660254037844384,-0.7583058084785625,0.6518989958787125,4.1189,4.2886,4.8662,4.573971428571428,5.27671
2022-11-12,4.4105,19.66,76.02,1.54,1.45,0.0,11,316,3,-0.5000000000000004,0.8660254037844384,-0.7469720876965551,0.6648553979642866,4.1172,4.1189,5.0311,4.466971428571428,5.234813333333333
2022-11-13,4.6874,19.0,68.04,1.23,1.35,0.0,11,317,3,-0.5000000000000004,0.8660254037844384,-0.7354170229639858,0.6776147890466887,4.4105,4.1172,4.7618,4.378314285714286,5.175733333333333
2022-11-14,4.777,18.34,69.29,0.14,1.33,0.0,11,318,3,-0.5000000000000004,0.8660254037844384,-0.7236440382959124,0.690173388242972,4.6874,4.4105,4.4342,4.367685714285715,5.13662
2022-11-15,4.7765,18.81,67.19,0.1,1.14,0.0,11,319,3,-0.5000000000000004,0.8660254037844384,-0.711656622281775,0.7025274741691566,4.777,4.6874,4.517,4.416657142857143,5.097596666666667
2022-11-16,4.5751,19.25,67.64,1.17,1.22,0.0,11,320,3,-0.5000000000000004,0.8660254037844384,-0.6994583270516471,0.7146733860429608,4.7765,4.777,4.2886,4.453728571428572,5.060230000000001
2022-11-17,4.7477,18.22,72.87,0.14,1.84,0.0,11,321,3,-0.5000000000000004,0.8660254037844384,-0.6870527672236675,0.7266075247685652,4.5751,4.7765,4.1189,4.494657142857143,5.0382066666666665
2022-11-18,5.093,16.94,64.92,0.45,1.52,0.0,11,322,3,-0.5000000000000004,0.8660254037844384,-0.6744436188329457,0.7383263540031063,4.7477,4.5751,4.1172,4.584485714285714,5.004856666666667
2022-11-19,4.9421,15.74,68.72,0.57,1.61,0.0,11,323,3,-0.5000000000000004,0.8660254037844384,-0.661634618242279,0.749826401204568,5.093,4.7477,4.4105,4.723885714285714,4.98303
2022-11-20,4.6699,15.5,71.7,0.48,1.54,0.0,11,324,3,-0.5000000000000004,0.8660254037844384,-0.6486295610349818,0.7611042586607742,4.9421,5.093,4.6874,4.799828571428571,4.951463333333334
2022-11-21,4.5924,15.54,75.21,1.47,1.53,0.0,11,325,3,-0.5000000000000004,0.8660254037844384,-0.6354323008901775,0.7721565844991641,4.6699,4.9421,4.777,4.797328571428571,4.913133333333334
2022-11-22,4.8274,16.91,70.07,0.43,1.48,0.0,11,326,3,-0.5000000000000004,0.8660254037844384,-0.622046748440868,0.7829801036770624,4.5924,4.6699,4.7765,4.770957142857142,4.87811
2022-11-23,4.7378,17.18,67.37,6.28,1.26,0.0,11,327,3,-0.5000000000000004,0.8660254037844384,-0.6084768701151264,0.7935716089521472,4.8274,4.5924,4.5751,4.7782285714285715,4.857326666666667
2022-11-24,4.9243,16.24,67.13,2.63,1.3,0.0,11,328,3,-0.5000000000000004,0.8660254037844384,-0.594726686960764,0.8039279618328208,4.7378,4.8274,4.7477,4.801471428571429,4.831926666666666
2022-11-25,4.9889,15.17,66.59,1.56,1.62,0.0,11,329,3,-0.5000000000000004,0.8660254037844384,-0.5808002734538013,0.8140460935082175,4.9243,4.7378,5.093,4.8267,4.807246666666667
2022-11-26,4.891,16.92,58.24,3.63,1.19,0.0,11,330,3,-0.5000000000000004,0.8660254037844384,-0.5667017562911184,0.8239230057575536,4.9889,4.9243,4.9421,4.811828571428571,4.784383333333333
2022-11-27,4.8132,17.73,55.56,0.3,0.95,0.0,11,331,3,-0.5000000000000004,0.8660254037844384,-0.5524353131676203,0.8335557718385695,4.891,4.9889,4.6699,4.804528571428571,4.765433333333334
2022-11-28,4.7676,16.08,67.0,0.25,1.54,0.0,11,332,3,-0.5000000000000004,0.8660254037844384,-0.5380051715382992,0.8429415373547832,4.8132,4.891,4.5924,4.825,4.747730000000001
2022-11-29,4.4837,15.73,70.03,12.6,1.51,0.0,11,333,3,-0.5000000000000004,0.8660254037844384,-0.5234156073655503,0.8520775211013093,4.7676,4.8132,4.8274,4.850028571428571,4.7343633333333335
2022-11-30,4.1789,15.6,74.34,13.85,1.67,0.0,11,334,3,-0.5000000000000004,0.8660254037844384,-0.5086709438521042,0.8609610158889945,4.4837,4.7676,4.7378,4.800928571428572,4.723133333333333
2022-12-01,4.2043,15.9,75.86,5.3,1.5,0.0,12,335,0,-2.4492935982947064e-16,1.0,-0.49377555015997737,0.8695893893466109,4.1789,4.4837,4.9243,4.7210857142857146,4.6971099999999995
2022-12-02,4.1678,16.46,75.15,1.41,1.45,0.0,12,336,0,-2.4492935982947064e-16,1.0,-0.4787338401157883,0.8779600847008883,4.2043,4.1789,4.9889,4.618228571428571,4.66935
2022-12-03,3.8534,16.68,76.77,11.22,1.29,0.0,12,337,0,-2.4492935982947064e-16,1.0,-0.4635502709028512,0.8860706215341378,4.1678,4.2043,4.891,4.500928571428571,4.642333333333334
2022-12-04,3.809,17.18,76.64,7.17,1.23,0.0,12,338,0,-2.4492935982947064e-16,1.0,-0.4482293417404106,0.893918596519257,3.8534,4.1678,4.8132,4.3527,4.608163333333334
2022-12-05,3.3994,17.64,77.64,4.76,1.52,0.0,12,339,0,-2.4492935982947064e-16,1.0,-0.4327755925504317,0.9015016841318838,3.809,3.8534,4.7676,4.209242857142857,4.572923333333334
2022-12-06,3.4051,16.94,78.78,9.65,1.51,0.0,12,340,0,-2.4492935982947064e-16,1.0,-0.41719360261231697,0.9088176373395028,3.3994,3.809,4.4837,4.0137857142857145,4.518533333333334
2022-12-07,4.6286,15.35,64.15,9.89,1.83,0.0,12,341,0,-2.4492935982947064e-16,1.0,-0.4014879892059737,0.9158642882672868,3.4051,3.3994,4.1789,3.8597,4.47331
2022-12-08,4.7191,14.65,60.55,38.82,1.69,0.0,12,342,0,-2.4492935982947064e-16,1.0,-0.38566340624360745,0.9226395488404875,4.6286,3.4051,4.2043,3.923942857142857,4.4797899999999995
2022-12-09,4.6358,14.44,66.81,23.55,1.97,0.0,12,343,0,-2.4492935982947064e-16,1.0,-0.3697245428906732,0.9291414114031743,4.7191,4.6286,4.1678,3.9974857142857148,4.486526666666666
2022-12-10,4.5007,14.93,74.03,9.67,2.02,0.0,12,344,0,-2.4492935982947064e-16,1.0,-0.35367612217637207,0.935367949313148,4.6358,4.7191,3.8534,4.064342857142857,4.4981
2022-12-11,4.368,16.24,72.36,9.07,1.96,0.0,12,345,0,-2.4492935982947064e-16,1.0,-0.33752289959411347,0.941317317512847,4.5007,4.6358,3.809,4.156814285714286,4.510826666666667
2022-12-12,2.9789,18.38,70.28,68.99,1.72,0.27,12,346,0,-2.4492935982947064e-16,1.0,-0.32126966169236515,0.9469877530760751,4.368,4.5007,3.3994,4.236671428571428,4.519186666666667
2022-12-13,1.4712,17.26,78.42,81.85,2.01,8.55,12,347,0,-2.4492935982947064e-16,1.0,-0.3049212246562894,0.9523775757303973,2.9789,4.368,3.4051,4.1766,4.471466666666667
2022-12-14,2.7026,18.11,69.63,73.12,1.79,0.0,12,348,0,-2.4492935982947064e-16,1.0,-0.2884824328806098,0.9574851883550389,1.4712,2.9789,4.6286,3.900328571428571,4.36426
2022-12-15,3.8527,19.69,73.06,47.21,1.36,0.07,12,349,0,-2.4492935982947064e-16,1.0,-0.27195815753410524,0.9623090774541487,2.7026,1.4712,4.7191,3.6251857142857142,4.295113333333333
2022-12-16,4.3226,19.24,76.42,23.84,1.41,0.0,12,350,0,-2.4492935982947064e-16,1.0,-0.2553532951161881,0.9668478136052773,3.8527,2.7026,4.6358,3.5014142857142856,4.26432
2022-12-17,4.6056,18.14,69.69,0.56,1.5,0.0,12,351,0,-2.4492935982947064e-16,1.0,-0.23867276600594997,0.9711000518829505,4.3226,3.8527,4.5007,3.4566714285714286,4.255903333333333
2022-12-18,4.7047,16.32,64.96,0.43,1.61,0.0,12,352,0,-2.4492935982947064e-16,1.0,-0.22192151300416674,0.9750645322571945,4.6056,4.3226,4.368,3.471657142857143,4.251166666666666
2022-12-19,4.5497,16.39,64.24,0.16,1.56,0.0,12,353,0,-2.4492935982947064e-16,1.0,-0.20510449986861926,0.9787400799669153,4.7047,4.6056,2.9789,3.519757142857143,4.238223333333333
2022-12-20,4.4489,17.27,63.22,0.11,1.42,0.0,12,354,0,-2.4492935982947064e-16,1.0,-0.1882267098432439,0.9821256058680006,4.5497,4.7047,1.4712,3.744157142857143,4.2251433333333335
2022-12-21,4.2034,18.16,62.4,0.0,1.23,0.0,12,355,0,-2.4492935982947064e-16,1.0,-0.1712931441814778,0.9852201067560606,4.4489,4.5497,2.7026,4.169542857142857,4.2177766666666665
2022-12-22,4.056,19.78,60.21,0.0,1.14,0.0,12,356,0,-2.4492935982947064e-16,1.0,-0.154308820664281,0.9880226656636976,4.2034,4.4489,3.8527,4.383942857142857,4.20481
2022-12-23,3.911,19.92,66.48,1.66,1.69,0.0,12,357,0,-2.4492935982947064e-16,1.0,-0.13727877211326517,0.9905324521322227,4.056,4.2034,4.3226,4.412985714285715,4.179096666666667
2022-12-24,3.899,17.02,62.49,1.71,1.81,0.0,12,358,0,-2.4492935982947064e-16,1.0,-0.12020804489935275,0.9927487224577402,3.911,4.056,4.6056,4.354185714285714,4.151536666666667
2022-12-25,3.7843,15.41,74.2,3.28,2.24,0.0,12,359,0,-2.4492935982947064e-16,1.0,-0.10310169744743544,0.9946708199115211,3.899,3.911,4.7047,4.253242857142857,4.11736
2022-12-26,3.0115,16.33,73.9,15.63,1.99,0.0,12,360,0,-2.4492935982947064e-16,1.0,-0.0859647987374467,0.9962981749346077,3.7843,3.899,4.5497,4.121757142857143,4.077206666666666
2022-12-27,3.8534,16.01,66.05,4.67,1.59,0.0,12,361,0,-2.4492935982947064e-16,1.0,-0.06880242680232064,0.9976303053065857,3.0115,3.7843,4.4489,3.902014285714286,4.0145566666666666
2022-12-28,4.6452,15.46,57.36,0.59,1.48,0.0,12,362,0,-2.4492935982947064e-16,1.0,-0.05161966722325418,0.9986668162884759,3.8534,3.0115,4.2034,3.8169428571428576,3.9825633333333332
2022-12-29,4.6922,16.5,52.96,0.17,1.36,0.0,12,363,0,-2.4492935982947064e-16,1.0,-0.034421611622745804,0.9994074007397048,4.6452,3.8534,4.056,3.880057142857143,3.9784833333333327
2022-12-30,4.4597,17.85,60.71,4.24,1.54,0.0,12,364,0,-2.4492935982947064e-16,1.0,-0.01721335615583528,0.9998518392091162,4.6922,4.6452,3.911,3.9709428571428567,3.985433333333333
2022-12-31,4.3354,16.08,68.01,0.55,1.76,0.0,12,365,0,-2.4492935982947064e-16,1.0,6.432490598706546e-16,1.0,4.4597,4.6922,3.899,4.049328571428572,3.9947933333333334
2023-01-01,3.9211,14.56,72.97,9.7,1.92,0.0,1,1,0,0.49999999999999994,0.8660254037844387,0.017213356155834685,0.9998518392091162,4.3354,4.4597,3.7843,4.111671428571428,3.999163333333333
2023-01-02,4.0567,13.14,68.41,27.92,2.24,0.0,1,2,0,0.49999999999999994,0.8660254037844387,0.03442161162274574,0.9994074007397048,3.9211,4.3354,3.0115,4.131214285714285,3.9909399999999997
2023-01-03,3.2052,12.51,68.31,42.87,2.46,0.0,1,3,0,0.49999999999999994,0.8660254037844387,0.051619667223253764,0.998666816288476,4.0567,3.9211,3.8534,4.2805285714285715,3.997716666666667
2023-01-04,4.08,11.57,68.53,31.7,2.81,0.0,1,4,0,0.49999999999999994,0.8660254037844387,0.06880242680231986,0.9976303053065857,3.2052,4.0567,4.6452,4.1879285714285714,3.97759
2023-01-05,4.0166,11.72,69.6,23.46,2.68,0.0,1,5,0,0.49999999999999994,0.8660254037844387,0.08596479873744647,0.9962981749346078,4.08,3.2052,4.6922,4.107185714285714,4.000276666666667
2023-01-06,3.9226,12.57,59.68,12.68,2.31,0.0,1,6,0,0.49999999999999994,0.8660254037844387,0.10310169744743485,0.9946708199115211,4.0166,4.08,4.4597,4.010671428571428,4.02066
2023-01-07,4.7474,11.94,55.76,19.51,1.89,0.0,1,7,0,0.49999999999999994,0.8660254037844387,0.1202080448993527,0.9927487224577402,3.9226,4.0166,4.3354,3.933942857142857,3.997126666666667
2023-01-08,4.9109,12.35,54.11,11.46,1.46,0.0,1,8,0,0.49999999999999994,0.8660254037844387,0.13727877211326478,0.9905324521322229,4.7474,3.9226,3.9211,3.9928,3.99807
2023-01-09,4.95,14.3,50.15,10.61,1.28,0.0,1,9,0,0.49999999999999994,0.8660254037844387,0.15430882066428117,0.9880226656636976,4.9109,4.7474,4.0567,4.1342,4.00724
2023-01-10,4.8278,15.17,56.54,4.98,1.42,0.0,1,10,0,0.49999999999999994,0.8660254037844387,0.1712931441814776,0.9852201067560606,4.95,4.9109,3.2052,4.261814285714286,4.022216666666667
2023-01-11,4.7522,16.62,55.02,0.47,1.28,0.0,1,11,0,0.49999999999999994,0.8660254037844387,0.1882267098432442,0.9821256058680006,4.8278,4.95,4.08,4.493614285714286,4.037543333333334
2023-01-12,4.6126,17.0,59.93,4.47,1.63,0.0,1,12,0,0.49999999999999994,0.8660254037844387,0.2051044998686192,0.9787400799669153,4.7522,4.8278,4.0166,4.589642857142858,4.096653333333333
2023-01-13,3.9715,17.14,65.65,20.56,2.03,0.0,1,13,0,0.49999999999999994,0.8660254037844387,0.2219215130041655,0.9750645322571948,4.6126,4.7522,3.9226,4.674785714285714,4.201366666666667
2023-01-14,4.7134,13.68,50.89,12.43,1.76,0.0,1,14,0,0.49999999999999994,0.8660254037844387,0.2386727660059501,0.9711000518829505,3.9715,4.6126,4.7474,4.6817714285714285,4.243663333333333
2023-01-15,4.8526,12.47,57.04,5.81,1.53,0.0,1,15,0,0.49999999999999994,0.8660254037844387,0.255353295116187,0.9668478136052775,4.7134,3.9715,4.9109,4.676914285714285,4.272353333333333
2023-01-16,4.675,12.84,52.49,5.9,1.87,0.0,1,16,0,0.49999999999999994,0.8660254037844387,0.2719581575341055,0.9623090774541486,4.8526,4.7134,4.95,4.668585714285714,4.29002
2023-01-17,4.7124,13.1,48.46,2.74,1.78,0.0,1,17,0,0.49999999999999994,0.8660254037844387,0.288482432880609,0.9574851883550393,4.675,4.8526,4.8278,4.6293,4.292333333333334
2023-01-18,4.764,12.84,47.37,0.47,1.97,0.0,1,18,0,0.49999999999999994,0.8660254037844387,0.30492122465628907,0.9523775757303974,4.7124,4.675,4.7522,4.612814285714285,4.292590000000001
2023-01-19,4.6394,14.37,49.98,11.18,2.13,0.0,1,19,0,0.49999999999999994,0.8660254037844387,0.3212696616923644,0.9469877530760753,4.764,4.7124,4.6126,4.6145,4.299733333333333
2023-01-20,4.1659,16.94,59.56,9.77,2.36,0.0,1,20,0,0.49999999999999994,0.8660254037844387,0.3375228995941133,0.9413173175128471,4.6394,4.764,3.9715,4.618328571428571,4.3060833333333335
2023-01-21,4.2082,17.58,70.27,4.54,1.48,0.0,1,21,0,0.49999999999999994,0.8660254037844387,0.3536761221763716,0.9353679493131483,4.1659,4.6394,4.7134,4.6461,4.304833333333334
2023-01-22,3.6401,18.35,66.84,35.11,1.38,0.0,1,22,0,0.49999999999999994,0.8660254037844387,0.3697245428906731,0.9291414114031743,4.2082,4.1659,4.8526,4.573928571428572,4.3099066666666666
2023-01-23,3.9929,19.35,67.58,31.0,1.95,0.0,1,23,0,0.49999999999999994,0.8660254037844387,0.38566340624360707,0.9226395488404876,3.6401,4.2082,4.675,4.400714285714285,4.3008766666666665
2023-01-24,4.0951,19.62,62.66,20.96,2.39,0.0,1,24,0,0.49999999999999994,0.8660254037844387,0.401487989205973,0.9158642882672872,3.9929,3.6401,4.7124,4.303271428571429,4.304006666666667
2023-01-25,2.111,17.1,71.99,78.74,1.56,7.36,1,25,0,0.49999999999999994,0.8660254037844387,0.4171936026123168,0.9088176373395029,4.0951,3.9929,4.764,4.215085714285714,4.314366666666667
2023-01-26,1.3082,16.16,80.66,98.29,1.61,6.07,1,26,0,0.49999999999999994,0.8660254037844387,0.4327755925504312,0.901501684131884,2.111,4.0951,4.6394,3.8360857142857143,4.28435
2023-01-27,2.2327,16.76,76.01,67.25,1.94,0.05,1,27,0,0.49999999999999994,0.8660254037844387,0.4482293417404106,0.893918596519257,1.3082,2.111,4.1659,3.3602,4.19951
2023-01-28,4.4801,18.35,67.53,18.2,1.44,0.0,1,28,0,0.49999999999999994,0.8660254037844387,0.4635502709028509,0.886070621534138,2.2327,1.3082,4.2082,3.0840285714285716,4.119093333333334
2023-01-29,3.9701,19.69,61.18,10.39,2.43,0.0,1,29,0,0.49999999999999994,0.8660254037844387,0.47873384011578846,0.8779600847008882,4.4801,2.2327,3.6401,3.122871428571429,4.112023333333334
2023-01-30,3.3744,20.38,65.44,24.7,2.04,0.0,1,30,0,0.49999999999999994,0.8660254037844387,0.49377555015997715,0.869589389346611,3.9701,4.4801,3.9929,3.1700142857142857,4.095703333333334
2023-01-31,4.4645,17.58,69.87,9.41,2.65,0.0,1,31,0,0.49999999999999994,0.8660254037844387,0.5086709438521044,0.8609610158889943,3.3744,3.9701,4.0951,3.081657142857143,4.06367
2023-02-01,5.7012,15.14,56.07,2.65,1.78,0.0,2,32,0,0.8660254037844386,0.5000000000000001,0.5234156073655503,0.8520775211013093,4.4645,3.3744,2.111,3.134428571428572,4.081783333333333
2023-02-02,5.801,15.31,47.06,1.96,1.63,0.0,2,33,0,0.8660254037844386,0.5000000000000001,0.5380051715382996,0.8429415373547828,5.7012,4.4645,1.3082,3.647314285714286,4.1366
2023-02-03,5.6858,16.7,43.27,11.07,1.46,0.0,2,34,0,0.8660254037844386,0.5000000000000001,0.5524353131676196,0.8335557718385699,5.801,5.7012,2.2327,4.289142857142857,4.2231266666666665
2023-02-04,5.7314,17.82,43.65,1.63,1.31,0.0,2,35,0,0.8660254037844386,0.5000000000000001,0.5667017562911176,0.8239230057575542,5.6858,5.801,4.4801,4.782442857142857,4.276653333333333
2023-02-05,5.645,19.94,37.32,2.45,1.1,0.0,2,36,0,0.8660254037844386,0.5000000000000001,0.5808002734538009,0.8140460935082178,5.7314,5.6858,3.9701,4.9612,4.3338133333333335
2023-02-06,5.5834,19.93,41.36,2.29,1.44,0.0,2,37,0,0.8660254037844386,0.5000000000000001,0.5947266869607634,0.8039279618328213,5.645,5.7314,3.3744,5.200471428571428,4.391226666666666
2023-02-07,5.6712,18.04,46.39,1.94,2.05,0.0,2,38,0,0.8660254037844386,0.5000000000000001,0.6084768701151261,0.7935716089521474,5.5834,5.645,4.4645,5.516042857142857,4.4190933333333335
2023-02-08,5.7317,18.23,40.3,0.64,1.62,0.0,2,39,0,0.8660254037844386,0.5000000000000001,0.6220467484408675,0.7829801036770629,5.6712,5.5834,5.7012,5.688428571428572,4.444436666666666
2023-02-09,5.7228,19.7,38.89,0.37,1.26,0.0,2,40,0,0.8660254037844386,0.5000000000000001,0.6354323008901774,0.7721565844991642,5.7317,5.6712,5.801,5.692785714285714,4.470493333333334
2023-02-10,5.7506,20.84,37.85,1.36,2.03,0.0,2,41,0,0.8660254037844386,0.5000000000000001,0.6486295610349814,0.7611042586607747,5.7228,5.7317,5.6858,5.681614285714285,4.500326666666666
2023-02-11,5.7854,20.04,42.47,0.33,2.43,0.0,2,42,0,0.8660254037844386,0.5000000000000001,0.6616346182422783,0.7498264012045686,5.7506,5.7228,5.7314,5.690871428571428,4.533606666666667
2023-02-12,5.8519,18.83,39.01,0.72,2.31,0.0,2,43,0,0.8660254037844386,0.5000000000000001,0.6744436188329455,0.7383263540031065,5.7854,5.7506,5.645,5.698585714285714,4.5727
2023-02-13,6.1046,16.98,30.84,0.37,2.04,0.0,2,44,0,0.8660254037844386,0.5000000000000001,0.6870527672236669,0.7266075247685656,5.8519,5.7854,5.5834,5.728142857142857,4.63538
2023-02-14,5.91,19.36,28.15,0.12,1.72,0.0,2,45,0,0.8660254037844386,0.5000000000000001,0.699458327051647,0.7146733860429609,6.1046,5.8519,5.6712,5.8026,4.681753333333334
2023-02-15,5.8589,21.03,31.19,0.0,2.13,0.0,2,46,0,0.8660254037844386,0.5000000000000001,0.7116566222817746,0.7025274741691571,5.91,6.1046,5.7317,5.836714285714287,4.717
2023-02-16,5.7727,22.03,33.19,37.32,1.94,0.0,2,47,0,0.8660254037844386,0.5000000000000001,0.7236440382959124,0.6901733882429719,5.8589,5.91,5.7228,5.8548857142857145,4.7564633333333335
2023-02-17,5.701,21.31,41.54,17.33,1.86,0.0,2,48,0,0.8660254037844386,0.5000000000000001,0.7354170229639855,0.6776147890466889,5.7727,5.8589,5.7506,5.862014285714286,4.791806666666667
2023-02-18,5.8476,20.99,46.02,1.07,1.86,0.0,2,49,0,0.8660254037844386,0.5000000000000001,0.7469720876965552,0.6648553979642865,5.701,5.7727,5.7854,5.854928571428572,4.82304
2023-02-19,6.0468,22.73,36.46,0.88,1.47,0.0,2,50,0,0.8660254037844386,0.5000000000000001,0.7583058084785624,0.6518989958787126,5.8476,5.701,5.8519,5.863814285714286,4.863313333333334
2023-02-20,6.1478,24.01,28.34,4.19,1.53,0.0,2,51,0,0.8660254037844386,0.5000000000000001,0.7694148268839378,0.6387494220515272,6.0468,5.8476,6.1046,5.8916571428571425,4.926010000000001
2023-02-21,6.0238,23.48,18.71,14.18,2.37,0.0,2,52,0,0.8660254037844386,0.5000000000000001,0.7802958510707755,0.6254105729852464,6.1478,6.0468,5.91,5.897828571428572,4.990663333333333
2023-02-22,5.7036,23.4,25.65,39.11,2.03,0.0,2,53,0,0.8660254037844386,0.5000000000000001,0.7909456567567772,0.6118864012687243,6.0238,6.1478,5.8589,5.914085714285713,5.07012
2023-02-23,5.8428,23.6,30.25,34.98,1.76,0.0,2,54,0,0.8660254037844386,0.5000000000000001,0.8013610881746766,0.5981809144059165,5.7036,6.0238,5.7727,5.8919,5.127143333333334
2023-02-24,6.0732,24.11,30.2,3.3,1.42,0.0,2,55,0,0.8660254037844386,0.5000000000000001,0.8115390590073611,0.5842981736283683,5.8428,5.7036,5.701,5.901914285714286,5.1854
2023-02-25,6.1394,23.89,31.64,4.43,1.08,0.0,2,56,0,0.8660254037844386,0.5000000000000001,0.8214765533024142,0.5702422926917871,6.0732,5.8428,5.8476,5.9550857142857145,5.317473333333334
2023-02-26,6.127,22.94,31.94,4.86,1.6,0.0,2,57,0,0.8660254037844386,0.5000000000000001,0.8311706263658079,0.5560174366570446,6.1394,6.0732,6.0468,5.996771428571428,5.478513333333334
2023-02-27,6.0883,23.65,30.42,5.19,1.84,0.0,2,58,0,0.8660254037844386,0.5000000000000001,0.8406184056344782,0.5416278206559814,6.127,6.1394,6.1478,6.008228571428572,5.608323333333334
2023-02-28,5.707,24.97,29.13,12.48,1.67,0.0,2,59,0,0.8660254037844386,0.5000000000000001,0.8498170915275278,0.5270777086423722,6.0883,6.127,6.0238,5.99972857142857,5.66193
2023-03-01,4.5221,25.09,30.18,37.66,1.79,0.0,3,60,1,1.0,6.123233995736766e-17,0.8587639582758029,0.5123714121284237,5.707,6.0883,5.7036,5.954471428571429,5.719826666666667
2023-03-02,5.1326,25.24,31.59,5.16,1.36,0.0,3,61,1,1.0,6.123233995736766e-17,0.8674563547295969,0.49751328890718066,4.5221,5.707,5.8428,5.785685714285714,5.758083333333333
2023-03-03,5.5613,25.99,30.91,4.85,1.25,0.0,3,62,1,1.0,6.123233995736766e-17,0.8758917051442429,0.48250774176121847,5.1326,4.5221,6.0732,5.684228571428571,5.780353333333333
2023-03-04,4.621,26.07,26.79,45.1,1.39,0.0,3,63,1,1.0,6.123233995736766e-17,0.8840675099433636,0.4673592171580022,5.5613,5.1326,6.1394,5.6110999999999995,5.775689999999999
2023-03-05,5.035,25.73,31.35,42.22,1.3,0.61,3,64,1,1.0,6.123233995736766e-17,0.8919813464595485,0.45207220393230435,4.621,5.5613,6.127,5.394185714285714,5.7363566666666665
2023-03-06,4.7278,25.85,31.03,64.04,1.43,0.22,3,65,1,1.0,6.123233995736766e-17,0.8996308696522433,0.43665123195606403,5.035,4.621,6.0883,5.238185714285714,5.714663333333333
2023-03-07,3.7862,23.36,42.24,80.23,1.63,3.71,3,66,1,1.0,6.123233995736766e-17,0.9070138128026359,0.4211008707960896,4.7278,5.035,5.707,5.0438285714285715,5.681209999999999
2023-03-08,6.091,24.4,39.17,25.1,1.11,0.04,3,67,1,1.0,6.123233995736766e-17,0.9141279881853337,0.40542572835999735,3.7862,4.7278,4.5221,4.769428571428572,5.61925
2023-03-09,6.1925,23.17,37.11,14.19,2.2,0.5,3,68,1,1.0,6.123233995736766e-17,0.9209712877166346,0.38963044953078796,6.091,3.7862,5.1326,4.993557142857143,5.636170000000001
2023-03-10,6.4994,22.98,37.72,2.74,1.48,0.0,3,69,1,1.0,6.123233995736766e-17,0.9275416835791966,0.37371971479046906,6.1925,6.091,5.5613,5.144971428571429,5.653546666666667
2023-03-11,6.5926,24.15,33.01,0.45,1.22,0.0,3,70,1,1.0,6.123233995736766e-17,0.9338372288229252,0.35769823883312546,6.4994,6.1925,4.621,5.278985714285715,5.6791366666666665
2023-03-12,6.6235,25.43,27.85,24.29,1.43,0.0,3,71,1,1.0,6.123233995736766e-17,0.9398560579418954,0.3415707691678556,6.5926,6.4994,5.035,5.560642857142858,5.70813
2023-03-13,5.3086,25.7,27.42,60.4,1.49,0.0,3,72,1,1.0,6.123233995736766e-17,0.9455963874271426,0.3253420847119801,6.6235,6.5926,4.7278,5.787571428571428,5.737226666666667
2023-03-14,5.6364,26.82,26.72,50.7,1.35,0.0,3,73,1,1.0,6.123233995736766e-17,0.9510565162951535,0.30901699437494745,5.3086,6.6235,3.7862,5.8705428571428575,5.721333333333334
2023-03-15,4.2146,27.33,24.97,88.26,1.68,0.18,3,74,1,1.0,6.123233995736766e-17,0.9562348265919056,0.29260033563334836,5.6364,5.3086,6.091,6.134857142857142,5.71415
2023-03-16,3.9938,26.0,39.73,82.82,2.43,1.39,3,75,1,1.0,6.123233995736766e-17,0.9611297838723007,0.27609697309746883,4.2146,5.6364,6.1925,5.8668,5.65115
2023-03-17,4.9939,25.78,40.82,64.26,2.2,1.33,3,76,1,1.0,6.123233995736766e-17,0.9657399376548549,0.2595117970697999,3.9938,4.2146,6.4994,5.552700000000001,5.587276666666667
2023-03-18,5.3371,23.27,55.99,66.34,2.21,3.54,3,77,1,1.0,6.123233995736766e-17,0.9700639218515071,0.2428497220959356,4.9939,3.9938,6.5926,5.337628571428572,5.558443333333333
2023-03-19,4.4357,22.75,62.84,88.27,1.31,1.8,3,78,1,1.0,6.123233995736766e-17,0.9741004551724205,0.22611568550828828,5.3371,4.9939,6.6235,5.158271428571429,5.543923333333334
2023-03-20,5.4881,22.82,61.23,60.16,1.83,8.61,3,79,1,1.0,6.123233995736766e-17,0.9778483415056568,0.20931464596304847,4.4357,5.3371,5.3086,4.845728571428572,5.501746666666666
2023-03-21,5.7398,23.19,55.46,43.42,1.89,0.01,3,80,1,1.0,6.123233995736766e-17,0.9813064702716093,0.19245158197082998,5.4881,4.4357,5.6364,4.871371428571429,5.489763333333332
2023-03-22,5.8322,23.26,54.09,39.4,1.1,0.19,3,81,1,1.0,6.123233995736766e-17,0.9844738167520922,0.1755314904214282,5.7398,5.4881,4.2146,4.886142857142857,5.47953
2023-03-23,4.6452,24.09,51.53,47.45,1.43,0.02,3,82,1,1.0,6.123233995736766e-17,0.9873494423939864,0.15855938510313475,5.8322,5.7398,3.9938,5.117228571428571,5.46901
2023-03-24,6.3014,26.09,47.28,13.53,1.94,0.0,3,83,1,1.0,6.123233995736766e-17,0.989932495087353,0.141540295217043,4.6452,5.8322,4.9939,5.210285714285715,5.4230566666666675
2023-03-25,6.8369,25.42,42.11,12.51,2.46,0.0,3,84,1,1.0,6.123233995736766e-17,0.9922222094179323,0.12447926388678915,6.3014,4.6452,5.3371,5.3970714285714285,5.442983333333332
2023-03-26,6.7798,25.1,32.82,8.03,2.09,0.0,3,85,1,1.0,6.123233995736766e-17,0.994217906893952,0.10738134666416309,6.8369,6.3014,4.4357,5.611328571428571,5.47612
2023-03-27,6.7819,25.89,36.47,13.22,1.62,0.0,3,86,1,1.0,6.123233995736766e-17,0.995918996147179,0.09025161003104117,6.7798,6.8369,5.4881,5.946199999999999,5.499673333333333
2023-03-28,6.4464,27.32,34.01,11.98,1.25,0.0,3,87,1,1.0,6.123233995736766e-17,0.9973249731081555,0.07309512989807777,6.7819,6.7798,5.7398,6.131028571428572,5.52109
2023-03-29,6.5904,28.18,29.35,22.31,1.85,0.0,3,88,1,1.0,6.123233995736766e-17,0.9984354211555643,0.055916990100603484,6.4464,6.7819,5.8322,6.231971428571428,5.531736666666666
2023-03-30,5.394,28.43,30.09,54.14,2.52,0.03,3,89,1,1.0,6.123233995736766e-17,0.9992500112396835,0.03872228089217446,6.5904,6.4464,4.6452,6.340285714285714,5.548473333333334
2023-03-31,5.5954,26.39,38.45,41.33,2.93,1.89,3,90,1,1.0,6.123233995736766e-17,0.9997685019798909,0.021516097436222254,5.394,6.5904,6.3014,6.447257142857143,5.53804
2023-04-01,5.7581,25.15,39.92,29.04,2.19,0.0,4,91,1,0.8660254037844387,-0.4999999999999998,0.9999907397361901,0.004303538296244289,5.5954,5.394,6.8369,6.346400000000001,5.573816666666667
2023-04-02,6.3096,27.24,32.58,17.61,1.83,0.0,4,92,1,0.8660254037844387,-0.4999999999999998,0.9999166586547379,-0.01291029607500882,5.7581,5.5954,6.7798,6.192285714285715,5.594666666666667
2023-04-03,6.6694,27.86,29.5,15.14,2.29,0.0,4,93,1,0.8660254037844387,-0.4999999999999998,0.9995462806873573,-0.030120304846908114,6.3096,5.7581,6.7819,6.125114285714285,5.61961
2023-04-04,6.0206,28.26,31.53,29.42,2.37,0.03,4,94,1,0.8660254037844387,-0.4999999999999998,0.9988797155850336,-0.04732138832243185,6.6694,6.3096,6.4464,6.109042857142858,5.6878899999999994
2023-04-05,7.0195,27.97,24.37,17.55,2.49,0.02,4,95,1,0.8660254037844387,-0.4999999999999998,0.9979171608653922,-0.06450844944931623,6.0206,6.6694,6.5904,6.048214285714287,5.720743333333333
2023-04-06,6.6446,28.41,17.56,22.07,1.74,0.0,4,96,1,0.8660254037844387,-0.4999999999999998,0.9966589017541702,-0.08167639533042241,7.0195,6.0206,5.394,6.109514285714285,5.797133333333334
2023-04-07,5.933,29.2,22.96,68.99,1.5,0.0,4,97,1,0.8660254037844387,-0.4999999999999998,0.9951053111006976,-0.09882013873287143,6.6446,7.0195,5.5954,6.288171428571429,5.892413333333334
2023-04-08,5.801,26.91,37.12,63.81,2.61,4.86,4,98,1,0.8660254037844387,-0.4999999999999998,0.9932568492674143,-0.11593459959550041,5.933,6.6446,5.7581,6.3364,5.887146666666666
2023-04-09,6.089,28.46,41.1,32.04,1.42,0.67,4,99,1,0.8660254037844387,-0.4999999999999998,0.9911140639934547,-0.1330147065341959,5.801,5.933,6.3096,6.342528571428572,5.874096666666666
2023-04-10,6.8093,29.56,35.32,24.65,0.92,2.05,4,100,1,0.8660254037844387,-0.4999999999999998,0.9886775902323405,-0.1500553983446526,6.089,5.801,6.6694,6.311014285714286,5.860416666666667
2023-04-11,7.219,31.0,23.77,21.39,1.33,0.0,4,101,1,0.8660254037844387,-0.4999999999999998,0.9859481499638304,-0.16705162550211924,6.8093,6.089,6.0206,6.331,5.86764
2023-04-12,6.7488,31.39,24.71,27.39,1.64,0.0,4,102,1,0.8660254037844387,-0.4999999999999998,0.9829265519799822,-0.18399835165768005,7.219,6.8093,7.0195,6.502200000000001,5.88749
2023-04-13,6.5215,30.69,26.88,48.55,2.86,0.0,4,103,1,0.8660254037844387,-0.4999999999999998,0.9796136916454901,-0.20089055513063506,6.7488,7.219,6.6446,6.463528571428571,5.935496666666666
2023-04-14,4.6044,29.89,27.75,84.24,3.38,0.0,4,104,1,0.8660254037844387,-0.4999999999999998,0.9760105506323683,-0.21772323039653177,6.5215,6.7488,5.933,6.445942857142858,5.965000000000001
2023-04-15,5.8013,31.05,26.48,59.92,3.04,0.0,4,105,1,0.8660254037844387,-0.4999999999999998,0.9721181966290613,-0.23449138957040985,4.6044,6.5215,5.801,6.256142857142857,5.977993333333333
2023-04-16,6.9646,31.25,23.74,32.08,2.46,0.0,4,106,1,0.8660254037844387,-0.4999999999999998,0.9679377830240642,-0.25119006388481935,5.8013,4.6044,6.089,6.2561857142857145,6.038243333333333
2023-04-17,7.4743,31.33,18.82,32.05,3.08,0.0,4,107,1,0.8660254037844387,-0.4999999999999998,0.9634705485641488,-0.2678143051621742,6.9646,5.8013,6.8093,6.381271428571429,6.103933333333333
2023-04-18,7.0188,32.07,18.82,29.39,3.65,0.0,4,108,1,0.8660254037844387,-0.4999999999999998,0.9587178169872964,-0.2843591872810034,7.4743,6.9646,7.219,6.476271428571429,6.175173333333333
2023-04-19,6.2947,32.48,20.98,66.44,3.48,0.44,4,109,1,0.8660254037844387,-0.4999999999999998,0.9536809966304457,-0.30081980763566735,7.0188,7.4743,6.7488,6.447671428571428,6.261276666666666
2023-04-20,5.887,31.39,24.23,45.3,3.5,0.2,4,110,1,0.8660254037844387,-0.4999999999999998,0.9483615800121715,-0.3171912885891061,6.2947,7.0188,6.5215,6.3828000000000005,6.288163333333333
2023-04-21,7.1806,30.03,24.94,34.81,3.46,3.47,4,111,1,0.8660254037844387,-0.4999999999999998,0.9427611433904207,-0.3334687789181868,5.887,6.2947,4.6044,6.292157142857143,6.29307
2023-04-22,5.1463,29.62,22.6,66.71,2.1,0.0,4,112,1,0.8660254037844387,-0.4999999999999998,0.9368813462954315,-0.3496474552512284,7.1806,5.887,5.8013,6.660185714285714,6.338016666666666
2023-04-23,5.4742,29.7,18.72,48.69,2.34,0.21,4,113,1,0.8660254037844387,-0.4999999999999998,0.9307239310379795,-0.36572252349726897,5.1463,7.1806,6.9646,6.566614285714286,6.3547199999999995
2023-04-24,7.4172,28.76,25.03,33.28,1.84,0.0,4,114,1,0.8660254037844387,-0.4999999999999998,0.9242907221930933,-0.3816892202666588,5.4742,5.1463,7.4743,6.353699999999999,6.327146666666666
2023-04-25,7.3032,29.25,27.47,35.84,2.2,0.0,4,115,1,0.8660254037844387,-0.4999999999999998,0.9175836260593937,-0.39754281428255595,7.4172,5.4742,7.0188,6.345542857142857,6.34649
2023-04-26,5.5106,27.89,40.22,82.8,2.29,5.3,4,116,1,0.8660254037844387,-0.4999999999999998,0.9106046300942162,-0.41327860778290415,7.3032,7.4172,6.2947,6.386171428571429,6.363936666666667
2023-04-27,6.6425,28.83,48.03,61.21,2.35,0.34,4,117,1,0.8660254037844387,-0.4999999999999998,0.9033558023246845,-0.4288919379124835,5.5106,7.3032,5.887,6.274157142857143,6.32156
2023-04-28,3.72,27.56,51.63,89.3,2.31,1.77,4,118,1,0.8660254037844387,-0.4999999999999998,0.895839290734909,-0.44437817810461316,6.6425,5.5106,7.1806,6.382085714285714,6.328096666666666
2023-04-29,3.6331,24.66,70.18,93.46,1.8,7.28,4,119,1,0.8660254037844387,-0.4999999999999998,0.8880573226294932,-0.45973273945210397,3.72,6.6425,5.1463,5.887714285714287,6.2324166666666665
2023-04-30,3.5381,25.1,68.5,85.47,1.22,15.74,4,120,1,0.8660254037844387,-0.4999999999999998,0.8800122039735357,-0.47495107206704995,3.6331,3.72,5.4742,5.671542857142858,6.17372
2023-05-01,5.8958,24.6,66.94,52.11,2.78,6.88,5,121,1,0.49999999999999994,-0.8660254037844387,0.8717063187093218,-0.4900286664290592,3.5381,3.6331,7.4172,5.394957142857144,6.105143333333333
2023-05-02,6.0218,26.33,60.09,40.28,2.11,0.33,5,122,1,0.49999999999999994,-0.8660254037844387,0.8631421280499114,-0.5049610547215204,5.8958,3.5381,7.3032,5.177614285714286,6.109733333333334
2023-05-03,5.3206,27.01,58.34,81.4,1.5,9.23,5,123,1,0.49999999999999994,-0.8660254037844387,0.854322169749827,-0.5197438121555155,6.0218,5.8958,5.5106,4.9945571428571425,6.10014
2023-05-04,6.3874,27.74,55.13,60.09,1.49,2.88,5,124,1,0.49999999999999994,-0.8660254037844387,0.8452490573530633,-0.5343725582809786,5.3206,6.0218,6.6425,4.967414285714286,6.055180000000001
2023-05-05,5.8764,28.43,48.05,59.84,1.19,0.04,5,125,1,0.49999999999999994,-0.8660254037844387,0.8359254794186372,-0.548842958284719,6.3874,5.3206,3.72,4.9309714285714294,6.067406666666667
2023-05-06,6.7368,30.35,42.13,66.25,1.54,0.01,5,126,1,0.49999999999999994,-0.8660254037844387,0.8263541987239096,-0.5631507242749186,5.8764,6.3874,3.6331,5.239028571428571,6.029303333333333
2023-05-07,6.5066,31.29,43.73,59.86,1.82,0.01,5,127,1,0.49999999999999994,-0.8660254037844387,0.8165380514459161,-0.5772916165517272,6.7368,5.8764,3.5381,5.6824142857142865,6.032376666666666
2023-05-08,7.0363,31.9,39.14,31.69,1.41,0.04,5,128,1,0.49999999999999994,-0.8660254037844387,0.8064799463209448,-0.5912614448635781,6.5066,6.7368,5.8958,6.106485714285715,6.051496666666666
2023-05-09,7.9582,30.86,35.31,7.21,1.96,0.0,5,129,1,0.49999999999999994,-0.8660254037844387,0.7961828637826158,-0.6050560696488488,7.0363,6.5066,6.0218,6.269414285714285,6.092673333333334
2023-05-10,8.2702,30.09,26.53,1.11,2.26,0.0,5,130,1,0.49999999999999994,-0.8660254037844387,0.7856498550787147,-0.6186714032625031,7.9582,7.0363,5.3206,6.546042857142857,6.15498
2023-05-11,8.2253,31.93,23.27,0.53,1.92,0.0,5,131,1,0.49999999999999994,-0.8660254037844387,0.7748840413670407,-0.6321034111873487,8.2702,7.9582,6.3874,6.967414285714286,6.2036766666666665
2023-05-12,8.1713,32.2,23.02,0.58,2.08,0.0,5,132,1,0.49999999999999994,-0.8660254037844387,0.7638886127905428,-0.6453481132295501,8.2253,8.2702,5.8764,7.22997142857143,6.23722
2023-05-13,8.0186,32.96,22.72,3.11,2.78,0.0,5,133,1,0.49999999999999994,-0.8660254037844387,0.7526668275320085,-0.6584015846980488,8.1713,8.2253,6.7368,7.557814285714286,6.284636666666667
2023-05-14,7.2809,34.27,21.75,33.33,4.09,0.0,5,134,1,0.49999999999999994,-0.8660254037844387,0.7412220108485958,-0.6712599575675313,8.0186,8.1713,6.5066,7.7409285714285705,6.33454
2023-05-15,7.2766,33.53,27.51,21.61,4.13,0.03,5,135,1,0.49999999999999994,-0.8660254037844387,0.7295575540864875,-0.6839194216246106,7.2809,8.0186,7.0363,7.851542857142857,6.423756666666666
2023-05-16,6.5748,33.94,32.56,35.49,3.85,4.14,5,136,1,0.49999999999999994,-0.8660254037844387,0.717676913675962,-0.6963762255968722,7.2766,7.2809,7.9582,7.885871428571429,6.472933333333333
2023-05-17,6.3216,33.75,36.32,42.8,3.13,0.31,5,137,1,0.49999999999999994,-0.8660254037844387,0.705583610107178,-0.7086266782644596,6.5748,7.2766,8.2702,7.688242857142858,6.4599400000000005
2023-05-18,7.1462,33.21,33.37,22.68,3.37,2.84,5,138,1,0.49999999999999994,-0.8660254037844387,0.6932812268869777,-0.7206671495538609,6.3216,6.5748,8.2253,7.409871428571429,6.421516666666666
2023-05-19,7.0903,33.55,30.39,15.78,3.41,0.0,5,139,1,0.49999999999999994,-0.8660254037844387,0.6807734094770161,-0.7324940716135789,7.1462,6.3216,8.1713,7.255714285714285,6.425763333333334
2023-05-20,7.0963,34.33,26.01,37.25,2.54,0.0,5,140,1,0.49999999999999994,-0.8660254037844387,0.6680638642135335,-0.7441039398713607,7.0903,7.1462,8.0186,7.101285714285715,6.452283333333333
2023-05-21,6.1212,35.44,25.52,47.02,3.77,0.01,5,141,1,0.49999999999999994,-0.8660254037844387,0.6551563572090853,-0.7554933140726803,7.0963,7.0903,7.2809,6.9695285714285715,6.492593333333334
2023-05-22,5.8186,34.88,27.23,67.61,3.87,3.55,5,142,1,0.49999999999999994,-0.8660254037844387,0.6420547132365637,-0.766658819300159,6.1212,7.0963,7.2766,6.803857142857143,6.45728
2023-05-23,7.5931,34.65,26.19,8.9,3.85,0.02,5,143,1,0.49999999999999994,-0.8660254037844387,0.6287628145958344,-0.7775971469736269,5.8186,6.1212,6.5748,6.595571428571428,6.479690000000001
2023-05-24,7.8996,33.61,27.21,6.25,4.31,0.0,5,144,1,0.49999999999999994,-0.8660254037844387,0.6152845999633276,-0.7883050558305255,7.5931,5.8186,6.3216,6.741042857142857,6.55032
2023-05-25,7.1386,33.21,34.12,23.37,3.89,0.51,5,145,1,0.49999999999999994,-0.8660254037844387,0.6016240632249226,-0.7987793728863649,7.8996,7.5931,7.1462,6.966471428571428,6.5664
2023-05-26,7.3238,32.78,36.66,38.83,4.14,0.73,5,146,1,0.49999999999999994,-0.8660254037844387,0.5877852522924732,-0.8090169943749473,7.1386,7.8996,7.0903,6.9653857142857145,6.560913333333334
2023-05-27,6.8772,33.29,40.83,23.66,2.52,0.51,5,147,1,0.49999999999999994,-0.8660254037844387,0.5737722679043246,-0.8190148866680801,7.3238,7.1386,7.0963,6.998742857142857,6.621353333333333
2023-05-28,6.3653,32.21,44.99,30.31,2.63,3.91,5,148,1,0.49999999999999994,-0.8660254037844387,0.5595892624101765,-0.8287700871745038,6.8772,7.3238,6.1212,6.967442857142857,6.629176666666667
2023-05-29,7.4009,30.7,50.35,33.38,1.98,4.02,5,149,1,0.49999999999999994,-0.8660254037844387,0.545240438540651,-0.8382797052177744,6.3653,6.8772,5.8186,7.002314285714285,6.7173533333333335
2023-05-30,6.3029,31.47,45.46,30.02,1.93,0.09,5,150,1,0.49999999999999994,-0.8660254037844387,0.5307300481619334,-0.8475409228928311,7.4009,6.3653,7.5931,7.228357142857143,6.842946666666666
2023-05-31,7.4676,31.81,36.68,5.4,3.16,0.0,5,151,1,0.49999999999999994,-0.8660254037844387,0.5160623910158528,-0.8565509959010036,6.3029,7.4009,7.8996,7.044042857142857,6.935106666666667
2023-06-01,7.7275,32.54,30.38,17.55,3.39,0.0,6,152,2,1.2246467991473532e-16,-1.0,0.5012418134457758,-0.865307254363206,7.4676,6.3029,7.1386,6.982328571428572,6.9875
2023-06-02,6.8162,33.24,33.71,38.73,3.52,0.77,6,153,2,1.2246467991473532e-16,-1.0,0.48627270710868997,-0.8738071036110808,7.7275,7.4676,7.3238,7.066457142857142,7.044356666666667
2023-06-03,6.401,33.18,38.96,51.92,2.27,2.21,6,154,2,1.2246467991473532e-16,-1.0,0.4711595076738638,-0.8820480249558537,6.8162,7.7275,6.8772,6.993942857142857,7.09421
2023-06-04,7.1042,33.52,36.09,34.13,2.79,0.0,6,155,2,1.2246467991473532e-16,-1.0,0.4559066935084588,-0.8900275764346767,6.401,6.8162,6.3653,6.925914285714286,7.094663333333334
2023-06-05,7.6802,33.29,34.45,9.86,3.19,0.0,6,156,2,1.2246467991473532e-16,-1.0,0.440518784350495,-0.8977433935342337,7.1042,6.401,7.4009,7.031471428571429,7.13559
2023-06-06,6.539,34.13,32.23,36.58,2.42,0.09,6,157,2,1.2246467991473532e-16,-1.0,0.42500033996955416,-0.9051931898913974,7.6802,7.1042,6.3029,7.071371428571429,7.167036666666666
2023-06-07,7.1506,34.34,30.26,11.65,3.15,1.22,6,158,2,1.2246467991473532e-16,-1.0,0.4093559588156213,-0.9123747579707273,6.539,7.6802,7.4676,7.1051,7.168116666666667
2023-06-08,6.3821,35.35,32.13,44.84,4.2,0.01,6,159,2,1.2246467991473532e-16,-1.0,0.39359027665646673,-0.9192859697186104,7.1506,6.539,7.7275,7.059814285714286,7.171926666666667
2023-06-09,7.297,35.69,29.63,34.53,5.02,0.01,6,160,2,1.2246467991473532e-16,-1.0,0.3777079652039649,-0.9259247771938498,6.3821,7.1506,6.8162,6.867614285714285,7.11939
2023-06-10,7.3939,34.92,29.72,19.56,4.79,0.0,6,161,2,1.2246467991473532e-16,-1.0,0.36171373072976765,-0.9322892131745133,7.297,6.3821,6.401,6.9363,7.086950000000001
2023-06-11,7.4964,35.05,34.92,27.88,4.27,0.0,6,162,2,1.2246467991473532e-16,-1.0,0.3456123126707335,-0.9383773917408641,7.3939,7.297,7.1042,7.078142857142857,7.059236666666667
2023-06-12,7.17,35.91,36.15,31.9,3.86,0.0,6,163,2,1.2246467991473532e-16,-1.0,0.3294084822245304,-0.9441875088341993,7.4964,7.3939,7.6802,7.134171428571428,7.03674
2023-06-13,6.3979,35.62,36.45,65.43,4.15,1.71,6,164,2,1.2246467991473532e-16,-1.0,0.3131070409358269,-0.9497178427914316,7.17,7.4964,6.539,7.061285714285715,7.008453333333334
2023-06-14,7.4738,34.79,35.19,37.17,5.39,0.74,6,165,2,1.2246467991473532e-16,-1.0,0.29671281927349075,-0.9549667548552551,6.3979,7.17,7.1506,7.041128571428572,6.979020000000001
2023-06-15,7.3469,34.25,36.88,43.99,5.53,0.0,6,166,2,1.2246467991473532e-16,-1.0,0.28023067519921585,-0.9599326896597447,7.4738,6.3979,6.3821,7.0873,6.985593333333333
2023-06-16,7.4748,34.21,39.88,18.18,5.28,0.0,6,167,2,1.2246467991473532e-16,-1.0,0.26366549272800704,-0.9646141756912435,7.3469,7.4738,7.297,7.225128571428571,7.01133
2023-06-17,6.8326,33.12,43.74,33.3,5.94,0.0,6,168,2,1.2246467991473532e-16,-1.0,0.24702218048093552,-0.9690098257244062,7.4748,7.3469,7.3939,7.250528571428572,7.04977
2023-06-18,5.7938,32.18,51.67,70.37,6.15,0.29,6,169,2,1.2246467991473532e-16,-1.0,0.23030567023061221,-0.9731183372332619,6.8326,7.4748,7.4964,7.170342857142857,7.039316666666666
2023-06-19,3.6413,31.91,52.14,90.79,5.92,1.01,6,170,2,1.2246467991473532e-16,-1.0,0.21352091543979612,-0.9769384927771817,5.7938,6.8326,7.17,6.9271142857142864,6.9961
2023-06-20,4.8972,31.56,56.36,92.18,4.28,7.97,6,171,2,1.2246467991473532e-16,-1.0,0.19667288979357647,-0.980469160361632,3.6413,5.7938,6.3979,6.423014285714286,6.880933333333333
2023-06-21,4.7542,30.31,64.78,94.48,3.26,3.33,6,172,2,1.2246467991473532e-16,-1.0,0.1797665857255624,-0.9837092937736097,4.8972,3.6413,7.4738,6.208628571428571,6.840133333333333
2023-06-22,3.1594,27.33,74.22,99.28,4.31,1.25,6,173,2,1.2246467991473532e-16,-1.0,0.16280701293851715,-0.986657932891657,4.7542,4.8972,7.3469,5.820114285714285,6.804653333333333
2023-06-23,1.668,25.5,83.59,98.92,4.4,23.0,6,174,2,1.2246467991473532e-16,-1.0,0.1457991969198751,-0.9893142039703663,3.1594,4.7542,7.4748,5.2219,6.656863333333334
2023-06-24,3.5914,28.7,71.5,88.41,2.74,1.2,6,175,2,1.2246467991473532e-16,-1.0,0.12874817745258132,-0.99167731989929,1.668,3.1594,6.8326,4.392357142857143,6.449143333333335
2023-06-25,4.6663,29.53,66.23,99.0,2.06,10.24,6,176,2,1.2246467991473532e-16,-1.0,0.11165900712169512,-0.993746580436178,3.5914,1.668,5.7938,3.929328571428571,6.3309033333333335
2023-06-26,2.1106,27.38,80.17,99.59,3.29,47.4,6,177,2,1.2246467991473532e-16,-1.0,0.09453674981719912,-0.9955213724144752,4.6663,3.5914,3.6413,3.7682571428571427,6.242320000000001
2023-06-27,1.9766,25.98,87.52,98.69,3.82,37.01,6,178,2,1.2246467991473532e-16,-1.0,0.07738647923346301,-0.9970011699250151,2.1106,4.6663,4.8972,3.549585714285714,6.083433333333333
2023-06-28,3.8357,26.39,84.36,99.1,3.94,10.67,6,179,2,1.2246467991473532e-16,-1.0,0.06021327736579302,-0.9981855344718586,1.9766,2.1106,4.7542,3.132357142857143,5.937143333333334
2023-06-29,3.2059,26.73,83.17,98.65,5.06,16.85,6,180,2,1.2246467991473532e-16,-1.0,0.04302223300453059,-0.99907411510223,3.8357,1.9766,3.1594,3.001142857142857,5.818303333333334
2023-06-30,3.0854,25.79,86.2,97.89,5.21,8.93,6,181,2,1.2246467991473532e-16,-1.0,0.02581844022713308,-0.9996666485105112,3.2059,3.8357,1.668,3.007785714285714,5.71507
2023-07-01,3.407,26.35,84.44,96.65,3.72,9.57,7,182,2,-0.4999999999999997,-0.8660254037844388,0.008606996888688698,-0.9999629591162655,3.0854,3.2059,3.5914,3.210271428571428,5.568996666666666
2023-07-02,5.0256,27.92,78.44,91.06,2.83,4.65,7,183,2,-0.4999999999999997,-0.8660254037844388,-0.008606996888688009,-0.9999629591162655,3.407,3.0854,4.6663,3.1839285714285714,5.424980000000001
2023-07-03,5.2022,28.38,75.8,88.41,2.44,0.27,7,184,2,-0.4999999999999997,-0.8660254037844388,-0.02581844022713239,-0.9996666485105112,5.0256,3.407,2.1106,3.235257142857143,5.365293333333333
2023-07-04,5.8502,30.04,72.11,96.57,1.16,1.29,7,185,2,-0.4999999999999997,-0.8660254037844388,-0.04302223300453034,-0.99907411510223,5.2022,5.0256,1.9766,3.676914285714286,5.325333333333333
2023-07-05,4.7652,28.09,84.7,88.59,1.29,7.77,7,186,2,-0.4999999999999997,-0.8660254037844388,-0.060213277365792774,-0.9981855344718586,5.8502,5.2022,3.8357,4.230285714285714,5.283533333333334
2023-07-06,5.401,27.4,87.81,92.99,4.01,17.14,7,187,2,-0.4999999999999997,-0.8660254037844388,-0.07738647923346322,-0.9970011699250151,4.7652,5.8502,3.2059,4.363071428571429,5.186366666666667
2023-07-07,3.7908,27.54,84.58,99.6,2.73,14.78,7,188,2,-0.4999999999999997,-0.8660254037844388,-0.09453674981719933,-0.9955213724144752,5.401,4.7652,3.0854,4.676657142857143,5.148433333333333
2023-07-08,4.6058,26.78,85.06,97.38,3.09,13.28,7,189,2,-0.4999999999999997,-0.8660254037844388,-0.11165900712169444,-0.9937465804361781,3.7908,5.401,3.407,4.777428571428572,5.03644
2023-07-09,2.8836,27.24,81.76,98.54,3.75,1.03,7,190,2,-0.4999999999999997,-0.8660254037844388,-0.12874817745258066,-0.99167731989929,4.6058,3.7908,5.0256,4.948685714285714,4.97723
2023-07-10,4.3114,27.33,82.32,93.12,3.83,5.21,7,191,2,-0.4999999999999997,-0.8660254037844388,-0.14579919691987442,-0.9893142039703664,2.8836,4.6058,5.2022,4.642685714285714,4.830116666666666
2023-07-11,3.5225,26.84,82.44,96.85,4.91,9.15,7,192,2,-0.4999999999999997,-0.8660254037844388,-0.16280701293851646,-0.9866579328916572,4.3114,2.8836,5.8502,4.515428571428571,4.727366666666667
2023-07-12,3.0367,27.68,81.32,98.11,3.33,7.16,7,193,2,-0.4999999999999997,-0.8660254037844388,-0.17976658572556214,-0.9837092937736098,3.5225,4.3114,4.7652,4.1829,4.594903333333333
2023-07-13,3.7306,28.07,82.92,97.44,2.7,18.23,7,194,2,-0.4999999999999997,-0.8660254037844388,-0.19667288979357622,-0.9804691603616321,3.0367,3.5225,5.401,3.9359714285714285,4.457126666666667
2023-07-14,2.9993,26.9,86.04,98.72,2.83,16.22,7,195,2,-0.4999999999999997,-0.8660254037844388,-0.2135209154397959,-0.9769384927771817,3.7306,3.0367,3.7908,3.697342857142857,4.368216666666667
2023-07-15,1.9056,26.09,88.67,99.36,2.28,29.03,7,196,2,-0.4999999999999997,-0.8660254037844388,-0.23030567023061196,-0.973118337233262,2.9993,3.7306,4.6058,3.584271428571429,4.2190666666666665
2023-07-16,2.9498,26.41,85.94,99.1,2.58,25.15,7,197,2,-0.4999999999999997,-0.8660254037844388,-0.24702218048093527,-0.9690098257244063,1.9056,2.9993,2.8836,3.1985285714285716,4.0376900000000004
2023-07-17,3.4128,26.75,87.94,97.15,3.03,31.78,7,198,2,-0.4999999999999997,-0.8660254037844388,-0.2636654927280072,-0.9646141756912435,2.9498,1.9056,4.3114,3.2079857142857144,3.8868566666666666
2023-07-18,4.1362,27.38,87.42,93.92,2.0,19.92,7,199,2,-0.4999999999999997,-0.8660254037844388,-0.2802306751992161,-0.9599326896597445,3.4128,2.9498,3.5225,3.0796142857142854,3.7728633333333335
2023-07-19,5.3189,28.19,83.53,69.07,2.04,9.9,7,200,2,-0.4999999999999997,-0.8660254037844388,-0.2967128192734901,-0.9549667548552553,4.1362,3.4128,3.0367,3.1672857142857143,3.7176099999999996
2023-07-20,5.6707,28.79,81.78,58.57,1.91,7.48,7,201,2,-0.4999999999999997,-0.8660254037844388,-0.3131070409358267,-0.9497178427914317,5.3189,4.1362,3.7306,3.4933142857142854,3.7735300000000005
2023-07-21,6.2314,28.68,83.0,75.27,1.85,6.05,7,202,2,-0.4999999999999997,-0.8660254037844388,-0.3294084822245302,-0.9441875088341994,5.6707,5.3189,2.9993,3.7704714285714287,3.799313333333333
2023-07-22,5.3143,27.77,86.43,91.69,2.37,15.35,7,203,2,-0.4999999999999997,-0.8660254037844388,-0.3456123126707333,-0.9383773917408642,6.2314,5.6707,1.9056,4.2322,3.8485533333333333
2023-07-23,4.8005,28.11,83.02,88.1,1.97,4.65,7,204,2,-0.4999999999999997,-0.8660254037844388,-0.3617137307297674,-0.9322892131745134,5.3143,6.2314,2.9498,4.719157142857142,3.9203833333333336
2023-07-24,3.6588,27.87,85.28,95.12,2.18,9.26,7,205,2,-0.4999999999999997,-0.8660254037844388,-0.37770796520396466,-0.9259247771938499,4.8005,5.3143,3.4128,4.983542857142857,4.0248
2023-07-25,4.7566,26.46,90.06,85.11,3.17,1.99,7,206,2,-0.4999999999999997,-0.8660254037844388,-0.39359027665646645,-0.9192859697186105,3.6588,4.8005,4.1362,5.018685714285715,4.027046666666667
2023-07-26,4.5569,27.0,90.58,91.58,2.93,15.03,7,207,2,-0.4999999999999997,-0.8660254037844388,-0.4093559588156211,-0.9123747579707274,4.7566,3.6588,5.3189,5.107314285714286,4.030056666666667
2023-07-27,5.4396,28.35,83.94,89.09,2.53,3.5,7,208,2,-0.4999999999999997,-0.8660254037844388,-0.42500033996955394,-0.9051931898913975,4.5569,4.7566,5.6707,4.998457142857142,4.1116
2023-07-28,3.4541,27.77,87.68,98.71,3.09,12.76,7,209,2,-0.4999999999999997,-0.8660254037844388,-0.4405187843504952,-0.8977433935342336,5.4396,4.5569,6.2314,4.965442857142857,4.227033333333334
2023-07-29,3.6106,26.11,87.48,91.99,3.63,3.5,7,210,2,-0.4999999999999997,-0.8660254037844388,-0.455906693508459,-0.8900275764346766,3.4541,5.4396,5.3143,4.5686857142857145,4.214313333333333
2023-07-30,3.3415,26.4,85.65,97.34,3.89,3.32,7,211,2,-0.4999999999999997,-0.8660254037844388,-0.47115950767386394,-0.8820480249558535,3.6106,3.4541,4.8005,4.3253,4.227803333333333
2023-07-31,4.95,27.12,85.08,90.22,3.7,2.37,7,212,2,-0.4999999999999997,-0.8660254037844388,-0.4862727071086902,-0.8738071036110807,3.3415,3.6106,3.6588,4.116871428571429,4.23634
2023-08-01,4.8026,27.29,84.5,86.43,3.77,1.74,8,213,2,-0.8660254037844384,-0.5000000000000004,-0.5012418134457756,-0.8653072543632061,4.95,3.3415,4.7566,4.301328571428572,4.287773333333333
2023-08-02,2.5618,26.37,86.57,99.79,4.36,7.93,8,214,2,-0.8660254037844384,-0.5000000000000004,-0.5160623910158526,-0.8565509959010037,4.8026,4.95,4.5569,4.307899999999999,4.28034
2023-08-03,1.5019,24.47,92.85,99.6,5.06,57.04,8,215,2,-0.8660254037844384,-0.5000000000000004,-0.5307300481619331,-0.8475409228928312,2.5618,4.8026,5.4396,4.022885714285715,4.192326666666667
2023-08-04,1.3342,24.51,91.71,99.58,3.9,18.35,8,216,2,-0.8660254037844384,-0.5000000000000004,-0.5452404385406507,-0.8382797052177745,1.5019,2.5618,3.4541,3.4603571428571427,4.047383333333333
2023-08-05,2.2752,25.54,89.96,99.53,3.89,6.35,8,217,2,-0.8660254037844384,-0.5000000000000004,-0.5595892624101763,-0.828770087174504,1.3342,1.5019,3.6106,3.157514285714286,3.9330166666666666
2023-08-06,3.3163,25.09,90.55,99.5,3.57,2.08,8,218,2,-0.8660254037844384,-0.5000000000000004,-0.5737722679043243,-0.8190148866680802,2.2752,1.3342,3.3415,2.966742857142857,3.8288233333333332
2023-08-07,3.7572,25.59,84.25,98.27,4.42,0.87,8,219,2,-0.8660254037844384,-0.5000000000000004,-0.5877852522924734,-0.8090169943749472,3.3163,2.2752,4.95,2.9631428571428566,3.813006666666667
2023-08-08,3.8681,24.64,87.66,91.22,3.97,0.02,8,220,2,-0.8660254037844384,-0.5000000000000004,-0.6016240632249227,-0.7987793728863648,3.7572,3.3163,4.8026,2.792742857142857,3.78472
2023-08-09,4.5466,25.72,84.04,90.32,3.55,0.0,8,221,2,-0.8660254037844384,-0.5000000000000004,-0.6152845999633277,-0.7883050558305253,3.8681,3.7572,2.5618,2.659242857142857,3.817536666666667
2023-08-10,5.1708,26.03,84.27,46.03,3.06,0.0,8,222,2,-0.8660254037844384,-0.5000000000000004,-0.6287628145958345,-0.7775971469736268,4.5466,3.8681,1.5019,2.942785714285715,3.825376666666666
2023-08-11,5.3897,26.14,84.22,55.0,2.82,0.04,8,223,2,-0.8660254037844384,-0.5000000000000004,-0.6420547132365636,-0.7666588193001592,5.1708,4.5466,1.3342,3.4669142857142856,3.8803199999999998
2023-08-12,4.0889,25.93,83.98,81.72,3.15,0.06,8,224,2,-0.8660254037844384,-0.5000000000000004,-0.655156357209085,-0.7554933140726804,5.3897,5.1708,2.2752,4.046271428571429,3.9587533333333336
2023-08-13,3.2657,25.67,84.29,97.71,3.57,1.93,8,225,2,-0.8660254037844384,-0.5000000000000004,-0.6680638642135333,-0.7441039398713608,4.0889,5.3897,3.3163,4.305371428571429,3.9706966666666665
2023-08-14,3.4301,25.27,85.06,92.06,2.91,2.62,8,226,2,-0.8660254037844384,-0.5000000000000004,-0.6807734094770159,-0.7324940716135792,3.2657,4.0889,3.7572,4.2981428571428575,3.9795766666666665
2023-08-15,3.7817,25.43,85.08,85.48,2.42,2.77,8,227,2,-0.8660254037844384,-0.5000000000000004,-0.6932812268869771,-0.7206671495538615,3.4301,3.2657,3.8681,4.251414285714286,4.0303933333333335
2023-08-16,4.5914,26.01,84.31,74.13,2.76,0.35,8,228,2,-0.8660254037844384,-0.5000000000000004,-0.7055836101071774,-0.70862667826446,3.7817,3.4301,4.5466,4.239071428571429,4.0581233333333335
2023-08-17,2.8454,26.12,84.15,98.02,2.95,8.75,8,229,2,-0.8660254037844384,-0.5000000000000004,-0.7176769136759615,-0.6963762255968726,4.5914,3.7817,5.1708,4.245471428571428,4.09741
2023-08-18,2.0894,25.27,90.34,99.84,2.54,44.73,8,230,2,-0.8660254037844384,-0.5000000000000004,-0.7295575540864876,-0.6839194216246104,2.8454,4.5914,5.3897,3.9132714285714285,4.054383333333333
2023-08-19,2.6208,26.23,89.29,98.72,2.96,28.09,8,231,2,-0.8660254037844384,-0.5000000000000004,-0.7412220108485957,-0.6712599575675315,2.0894,2.8454,4.0889,3.4417999999999997,3.9467333333333334
2023-08-20,3.9857,27.71,84.39,84.22,1.43,11.07,8,232,2,-0.8660254037844384,-0.5000000000000004,-0.7526668275320083,-0.6584015846980489,2.6208,2.0894,3.2657,3.232071428571428,3.8450699999999998
2023-08-21,2.803,27.13,86.49,83.02,2.33,0.31,8,233,2,-0.8660254037844384,-0.5000000000000004,-0.7638886127905429,-0.64534811322955,3.9857,2.6208,3.4301,3.3349285714285712,3.7702133333333334
2023-08-22,2.9158,25.82,88.69,98.76,4.14,1.61,8,234,2,-0.8660254037844384,-0.5000000000000004,-0.7748840413670406,-0.6321034111873488,2.803,3.9857,3.7817,3.2453428571428575,3.6865033333333335
2023-08-23,2.2471,25.43,88.19,99.79,3.15,0.46,8,235,2,-0.8660254037844384,-0.5000000000000004,-0.7856498550787144,-0.6186714032625032,2.9158,2.803,4.5914,3.121642857142857,3.6236800000000002
2023-08-24,4.2324,25.0,87.17,86.72,3.3,0.16,8,236,2,-0.8660254037844384,-0.5000000000000004,-0.7961828637826154,-0.6050560696488494,2.2471,2.9158,2.8454,2.7867428571428574,3.576623333333333
2023-08-25,3.2928,25.54,84.37,74.97,3.21,0.14,8,237,2,-0.8660254037844384,-0.5000000000000004,-0.8064799463209447,-0.5912614448635782,4.2324,2.2471,2.0894,2.984885714285714,3.55915
2023-08-26,5.3827,25.65,86.31,33.09,2.73,0.01,8,238,2,-0.8660254037844384,-0.5000000000000004,-0.8165380514459157,-0.5772916165517278,3.2928,4.2324,2.6208,3.1568,3.517013333333333
2023-08-27,4.8089,25.46,84.25,29.02,3.1,1.32,8,239,2,-0.8660254037844384,-0.5000000000000004,-0.8263541987239094,-0.5631507242749187,5.3827,3.2928,3.9857,3.5513571428571424,3.5151166666666662
2023-08-28,5.0945,24.83,83.23,36.31,3.38,0.36,8,240,2,-0.8660254037844384,-0.5000000000000004,-0.8359254794186365,-0.5488429582847199,4.8089,5.3827,2.803,3.668957142857143,3.5602766666666668
2023-08-29,5.221,25.26,84.05,30.57,2.46,0.0,8,241,2,-0.8660254037844384,-0.5000000000000004,-0.8452490573530634,-0.5343725582809785,5.0945,4.8089,2.9158,3.9963142857142855,3.60974
2023-08-30,6.5006,25.87,80.04,8.43,1.91,0.0,8,242,2,-0.8660254037844384,-0.5000000000000004,-0.8543221697498269,-0.5197438121555157,5.221,5.0945,2.2471,4.325628571428571,3.67239
2023-08-31,6.3346,26.43,80.38,13.35,1.84,5.4,8,243,2,-0.8660254037844384,-0.5000000000000004,-0.8631421280499115,-0.5049610547215202,6.5006,5.221,4.2324,4.9332714285714285,3.724076666666667
2023-09-01,6.4812,27.07,78.98,9.39,1.52,1.41,9,244,2,-1.0,-1.8369701987210297e-16,-0.8717063187093217,-0.4900286664290594,6.3346,6.5006,3.2928,5.233585714285715,3.7751433333333333
2023-09-02,6.3782,27.32,79.26,11.54,1.97,0.0,9,245,2,-1.0,-1.8369701987210297e-16,-0.8800122039735356,-0.4749510720670502,6.4812,6.3346,5.3827,5.689071428571429,3.90579
2023-09-03,6.2278,27.02,79.71,50.56,1.89,0.0,9,246,2,-1.0,-1.8369701987210297e-16,-0.888057322629493,-0.4597327394521046,6.3782,6.4812,4.8089,5.831285714285714,4.068333333333333
2023-09-04,6.2323,26.8,79.27,56.13,2.52,0.01,9,247,2,-1.0,-1.8369701987210297e-16,-0.8958392907349089,-0.4443781781046134,6.2278,6.3782,5.0945,6.0339857142857145,4.2314533333333335
2023-09-05,5.2882,26.68,82.44,74.17,2.76,10.26,9,248,2,-1.0,-1.8369701987210297e-16,-0.9033558023246842,-0.4288919379124841,6.2323,6.2278,5.221,6.196528571428571,4.363356666666666
2023-09-06,2.7566,26.04,90.13,96.99,2.68,12.98,9,249,2,-1.0,-1.8369701987210297e-16,-0.9106046300942162,-0.41327860778290443,5.2882,6.2323,6.5006,6.206128571428572,4.429086666666667
2023-09-07,2.873,26.19,88.68,98.83,3.27,9.91,9,250,2,-1.0,-1.8369701987210297e-16,-0.9175836260593934,-0.3975428142825566,2.7566,5.2882,6.3346,5.671271428571429,4.395733333333334
2023-09-08,3.007,26.18,88.65,97.7,2.35,15.1,9,251,2,-1.0,-1.8369701987210297e-16,-0.9242907221930934,-0.3816892202666586,2.873,2.7566,6.4812,5.176757142857143,4.362563333333333
2023-09-09,3.5868,25.96,91.73,98.36,2.68,36.13,9,252,2,-1.0,-1.8369701987210297e-16,-0.9307239310379793,-0.3657225234972692,3.007,2.873,6.3782,4.680442857142857,4.3112433333333335
2023-09-10,2.6359,26.08,90.2,99.68,2.67,23.5,9,253,2,-1.0,-1.8369701987210297e-16,-0.9368813462954315,-0.34964745525122826,3.5868,3.007,6.2278,4.281671428571429,4.258443333333334
2023-09-11,3.4834,25.55,86.6,91.42,3.72,2.18,9,254,2,-1.0,-1.8369701987210297e-16,-0.9427611433904206,-0.33346877891818705,2.6359,3.5868,6.2323,3.7685428571428576,4.16665
2023-09-12,2.5963,25.1,87.64,97.61,3.77,7.1,9,255,2,-1.0,-1.8369701987210297e-16,-0.9483615800121716,-0.31719128858910595,3.4834,2.6359,5.2882,3.375842857142857,4.146466666666667
2023-09-13,2.3076,25.01,88.22,87.74,2.91,2.52,9,256,2,-1.0,-1.8369701987210297e-16,-0.9536809966304455,-0.300819807635668,2.5963,3.4834,2.7566,2.991285714285714,4.124153333333334
2023-09-14,2.3117,25.61,87.86,97.43,1.95,10.91,9,257,2,-1.0,-1.8369701987210297e-16,-0.9587178169872964,-0.2843591872810036,2.3076,2.5963,2.873,2.9271428571428575,4.086736666666666
2023-09-15,1.829,25.81,92.23,99.42,2.95,39.58,9,258,2,-1.0,-1.8369701987210297e-16,-0.9634705485641486,-0.26781430516217486,2.3117,2.3076,3.007,2.8469571428571427,4.0377366666666665
2023-09-16,1.7621,25.44,90.31,98.86,4.13,42.39,9,259,2,-1.0,-1.8369701987210297e-16,-0.9679377830240642,-0.25119006388481957,1.829,2.3117,3.5868,2.678671428571428,3.945656666666667
2023-09-17,2.9453,23.67,90.85,90.44,5.74,2.85,9,260,2,-1.0,-1.8369701987210297e-16,-0.9721181966290612,-0.23449138957041052,1.7621,1.829,2.6359,2.4179999999999997,3.9095466666666665
2023-09-18,4.439,24.37,87.37,62.82,3.04,0.06,9,261,2,-1.0,-1.8369701987210297e-16,-0.9760105506323682,-0.21772323039653224,2.9453,1.7621,3.4834,2.4621999999999997,3.938076666666667
2023-09-19,5.7869,25.81,85.84,28.21,1.65,0.01,9,262,2,-1.0,-1.8369701987210297e-16,-0.9796136916454901,-0.20089055513063528,4.439,2.9453,2.5963,2.5987142857142858,3.9986833333333336
2023-09-20,5.2591,26.45,83.28,83.41,0.98,1.42,9,263,2,-1.0,-1.8369701987210297e-16,-0.9829265519799822,-0.18399835165767986,5.7869,4.439,2.3076,3.0545142857142857,4.058723333333333
2023-09-21,3.9036,26.45,86.1,95.07,1.31,13.45,9,264,2,-1.0,-1.8369701987210297e-16,-0.9859481499638303,-0.1670516255021195,5.2591,5.7869,2.3117,3.476157142857143,4.140593333333333
2023-09-22,4.067,26.84,87.55,93.04,1.68,5.15,9,265,2,-1.0,-1.8369701987210297e-16,-0.9886775902323404,-0.15005539834465262,3.9036,5.2591,1.829,3.7035714285714287,4.17352
2023-09-23,4.445,26.02,91.13,71.5,1.15,5.02,9,266,2,-1.0,-1.8369701987210297e-16,-0.9911140639934546,-0.13301470653419636,4.067,3.9036,1.7621,4.023285714285715,4.234183333333333
2023-09-24,4.8046,26.33,87.36,63.8,1.58,2.59,9,267,2,-1.0,-1.8369701987210297e-16,-0.9932568492674143,-0.11593459959550066,4.445,4.067,2.9453,4.406557142857143,4.24127
2023-09-25,4.9454,26.63,82.14,64.28,1.26,2.03,9,268,2,-1.0,-1.8369701987210297e-16,-0.9951053111006974,-0.09882013873287211,4.8046,4.445,4.439,4.6721714285714295,4.291663333333333
2023-09-26,5.6434,26.39,82.31,51.11,1.12,0.12,9,269,2,-1.0,-1.8369701987210297e-16,-0.99665890175417,-0.08167639533042288,4.9454,4.8046,5.7869,4.744514285714287,4.2770866666666665
2023-09-27,6.0017,25.96,83.67,37.52,1.35,0.0,9,270,2,-1.0,-1.8369701987210297e-16,-0.9979171608653922,-0.06450844944931625,5.6434,4.9454,5.2591,4.7240142857142855,4.304903333333333
2023-09-28,5.783,26.34,79.32,41.23,1.19,0.0,9,271,2,-1.0,-1.8369701987210297e-16,-0.9988797155850335,-0.04732138832243232,6.0017,5.6434,3.9036,4.830100000000001,4.335143333333334
2023-09-29,5.6736,26.01,76.0,65.16,1.1,0.0,9,272,2,-1.0,-1.8369701987210297e-16,-0.9995462806873573,-0.03012030484690836,5.783,6.0017,4.067,5.098585714285714,4.353876666666666
2023-09-30,6.0977,25.33,71.21,22.15,1.32,0.0,9,273,2,-1.0,-1.8369701987210297e-16,-0.9999166586547379,-0.012910296075008843,5.6736,5.783,4.445,5.3281,4.32631
2023-10-01,5.8411,25.25,71.74,14.01,1.39,0.0,10,274,3,-0.8660254037844386,0.5000000000000001,-0.9999907397361901,0.004303538296243821,6.0977,5.6736,4.8046,5.5642,4.318413333333334
2023-10-02,4.8266,25.12,78.26,44.25,1.91,0.0,10,275,3,-0.8660254037844386,0.5000000000000001,-0.9997685019798909,0.021516097436222233,5.8411,6.0977,4.9454,5.7122714285714284,4.297076666666666
2023-10-03,5.8982,24.93,70.29,41.72,1.51,0.0,10,276,3,-0.8660254037844386,0.5000000000000001,-0.9992500112396835,0.03872228089217399,4.8266,5.8411,5.6434,5.6953000000000005,4.245356666666667
2023-10-04,6.3077,23.95,71.01,2.13,1.95,0.0,10,277,3,-0.8660254037844386,0.5000000000000001,-0.9984354211555643,0.05591699010060302,5.8982,4.8266,6.0017,5.731700000000001,4.23437
2023-10-05,5.9954,23.03,73.44,0.46,2.25,0.0,10,278,3,-0.8660254037844386,0.5000000000000001,-0.9973249731081555,0.07309512989807776,6.3077,5.8982,5.783,5.775414285714286,4.236883333333333
2023-10-06,6.3178,23.54,76.52,10.84,2.25,0.0,10,279,3,-0.8660254037844386,0.5000000000000001,-0.9959189961471792,0.0902516100310407,5.9954,6.3077,5.6736,5.805757142857142,4.260456666666667
2023-10-07,6.1133,24.39,77.06,4.86,2.18,0.0,10,280,3,-0.8660254037844386,0.5000000000000001,-0.994217906893952,0.10738134666416306,6.3178,5.9954,6.0977,5.897785714285715,4.3791633333333335
2023-10-08,6.0398,24.02,78.91,0.23,2.29,0.0,10,281,3,-0.8660254037844386,0.5000000000000001,-0.9922222094179324,0.12447926388678869,6.1133,6.3178,5.8411,5.900014285714286,4.487173333333334
2023-10-09,6.1243,24.11,79.16,0.24,2.21,0.0,10,282,3,-0.8660254037844386,0.5000000000000001,-0.989932495087353,0.141540295217043,6.0398,6.1133,4.8266,5.928399999999999,4.588266666666667
2023-10-10,5.9501,23.88,78.08,6.42,1.91,0.0,10,283,3,-0.8660254037844386,0.5000000000000001,-0.9873494423939864,0.15855938510313475,6.1243,6.0398,5.8982,6.113785714285714,4.6728499999999995
2023-10-11,5.7821,23.98,78.04,6.0,1.71,0.0,10,284,3,-0.8660254037844386,0.5000000000000001,-0.9844738167520923,0.17553149042142777,5.9501,6.1243,6.3077,6.1212,4.783323333333333
2023-10-12,5.7266,23.99,75.72,9.39,1.68,0.0,10,285,3,-0.8660254037844386,0.5000000000000001,-0.9813064702716093,0.19245158197082995,5.7821,5.9501,5.9954,6.046114285714286,4.8599466666666675
2023-10-13,5.6767,24.92,69.92,7.32,1.22,0.0,10,286,3,-0.8660254037844386,0.5000000000000001,-0.9778483415056567,0.20931464596304888,5.7266,5.7821,6.3178,6.007714285714285,4.96429
2023-10-14,4.4434,24.44,69.16,46.02,1.55,0.0,10,287,3,-0.8660254037844386,0.5000000000000001,-0.9741004551724206,0.22611568550828803,5.6767,5.7266,6.1133,5.916128571428572,5.076593333333333
2023-10-15,4.3109,24.73,69.41,56.01,1.23,0.0,10,288,3,-0.8660254037844386,0.5000000000000001,-0.970063921851507,0.2428497220959358,4.4434,5.6767,6.0398,5.6775714285714285,5.14765
2023-10-16,3.5141,24.91,73.69,66.84,1.36,0.24,10,289,3,-0.8660254037844386,0.5000000000000001,-0.965739937654855,0.25951179706979943,4.3109,4.4434,6.1243,5.430585714285714,5.23038
2023-10-17,4.6802,24.68,74.84,24.78,1.2,1.18,10,290,3,-0.8660254037844386,0.5000000000000001,-0.9611297838723007,0.27609697309746883,3.5141,4.3109,5.9501,5.0577,5.28878
2023-10-18,4.4086,24.79,69.17,20.3,0.74,0.03,10,291,3,-0.8660254037844386,0.5000000000000001,-0.9562348265919058,0.2926003356333479,4.6802,3.5141,5.7821,4.876285714285714,5.34661
2023-10-19,5.0191,23.24,75.53,10.4,1.39,0.0,10,292,3,-0.8660254037844386,0.5000000000000001,-0.9510565162951536,0.30901699437494723,4.4086,4.6802,5.7266,4.680071428571429,5.345596666666667
2023-10-20,5.3052,23.0,74.18,4.66,1.34,0.0,10,293,3,-0.8660254037844386,0.5000000000000001,-0.9455963874271428,0.3253420847119795,5.0191,4.4086,5.6767,4.579,5.320003333333333
2023-10-21,5.1672,23.12,68.41,7.59,1.14,0.0,10,294,3,-0.8660254037844386,0.5000000000000001,-0.9398560579418953,0.341570769167856,5.3052,5.0191,4.4434,4.5259285714285715,5.32154
2023-10-22,5.2222,22.39,69.43,7.62,1.33,0.0,10,295,3,-0.8660254037844386,0.5000000000000001,-0.9338372288229252,0.35769823883312546,5.1672,5.3052,4.3109,4.629328571428571,5.36366
2023-10-23,5.2061,21.61,72.09,4.89,1.62,0.0,10,296,3,-0.8660254037844386,0.5000000000000001,-0.9275416835791965,0.3737197147904692,5.2222,5.1672,3.5141,4.759514285714286,5.402166666666667
2023-10-24,5.1746,21.37,67.3,4.79,1.45,0.0,10,297,3,-0.8660254037844386,0.5000000000000001,-0.9209712877166347,0.38963044953078774,5.2061,5.2222,4.6802,5.001228571428571,5.427536666666667
2023-10-25,5.1636,21.46,65.68,2.54,1.33,0.0,10,298,3,-0.8660254037844386,0.5000000000000001,-0.9141279881853337,0.4054257283599973,5.1746,5.2061,4.4086,5.071857142857143,5.43987
2023-10-26,5.1938,22.35,57.45,10.42,1.19,0.0,10,299,3,-0.8660254037844386,0.5000000000000001,-0.9070138128026362,0.42110087079608916,5.1636,5.1746,5.0191,5.179714285714286,5.447143333333333
2023-10-27,5.4353,21.81,58.67,0.45,1.24,0.0,10,300,3,-0.8660254037844386,0.5000000000000001,-0.8996308696522434,0.4366512319560638,5.1938,5.1636,5.3052,5.204671428571428,5.432156666666667
2023-10-28,5.2073,21.08,64.32,16.26,1.42,0.0,10,301,3,-0.8660254037844386,0.5000000000000001,-0.8919813464595487,0.45207220393230374,5.4353,5.1938,5.1672,5.223257142857143,5.4132766666666665
2023-10-29,5.1744,21.27,65.49,7.88,1.64,0.0,10,302,3,-0.8660254037844386,0.5000000000000001,-0.8840675099433637,0.46735921715800205,5.2073,5.4353,5.2222,5.228985714285714,5.3940866666666665
2023-10-30,4.763,20.44,72.16,38.49,1.57,0.0,10,303,3,-0.8660254037844386,0.5000000000000001,-0.8758917051442433,0.48250774176121763,5.1744,5.2073,5.2061,5.222157142857142,5.377446666666668
2023-10-31,4.8151,21.35,70.42,53.21,1.76,0.0,10,304,3,-0.8660254037844386,0.5000000000000001,-0.8674563547295971,0.4975132889071803,4.763,5.1744,5.1746,5.158857142857143,5.332956666666666
2023-11-01,4.8835,21.67,72.54,3.35,1.38,0.0,11,305,3,-0.5000000000000004,0.8660254037844384,-0.858763958275803,0.5123714121284235,4.8151,4.763,5.1636,5.107500000000001,5.298756666666666
2023-11-02,4.7292,21.72,68.8,1.35,1.25,0.0,11,306,3,-0.5000000000000004,0.8660254037844384,-0.8498170915275277,0.5270777086423724,4.8835,4.8151,5.1938,5.067485714285715,5.300653333333334
2023-11-03,4.8012,21.78,64.19,0.04,1.38,0.0,11,307,3,-0.5000000000000004,0.8660254037844384,-0.8406184056344783,0.5416278206559811,4.7292,4.8835,5.4353,5.001114285714286,5.261686666666667
2023-11-04,4.4285,21.72,59.78,3.74,1.43,0.0,11,308,3,-0.5000000000000004,0.8660254037844384,-0.8311706263658079,0.5560174366570446,4.8012,4.7292,5.2073,4.910528571428571,5.21147
2023-11-05,4.1724,21.61,62.48,5.65,1.42,0.0,11,309,3,-0.5000000000000004,0.8660254037844384,-0.8214765533024145,0.5702422926917867,4.4285,4.8012,5.1744,4.799271428571428,5.15924
2023-11-06,4.1414,22.36,57.28,16.56,1.27,0.0,11,310,3,-0.5000000000000004,0.8660254037844384,-0.8115390590073611,0.5842981736283683,4.1724,4.4285,4.763,4.656128571428572,5.087726666666667
2023-11-07,4.1594,22.77,57.3,20.66,0.92,0.0,11,311,3,-0.5000000000000004,0.8660254037844384,-0.801361088174677,0.5981809144059159,4.1414,4.1724,4.8151,4.567328571428571,5.021996666666666
2023-11-08,4.2794,22.92,56.32,3.9,0.83,0.0,11,312,3,-0.5000000000000004,0.8660254037844384,-0.7909456567567774,0.6118864012687242,4.1594,4.1414,4.8835,4.473657142857143,4.959316666666667
2023-11-09,4.0838,23.28,54.3,7.51,0.87,0.0,11,313,3,-0.5000000000000004,0.8660254037844384,-0.780295851070776,0.6254105729852457,4.2794,4.1594,4.7292,4.387357142857143,4.897819999999999
2023-11-10,4.069,22.6,63.81,2.06,1.63,0.0,11,314,3,-0.5000000000000004,0.8660254037844384,-0.7694148268839381,0.6387494220515268,4.0838,4.2794,4.8012,4.295157142857143,4.835610000000001
2023-11-11,4.3901,22.16,63.19,4.69,1.64,0.0,11,315,3,-0.5000000000000004,0.8660254037844384,-0.7583058084785625,0.6518989958787125,4.069,4.0838,4.4285,4.190557142857142,4.778506666666667
2023-11-12,4.6702,19.92,59.82,7.57,1.56,0.0,11,316,3,-0.5000000000000004,0.8660254037844384,-0.7469720876965551,0.6648553979642866,4.3901,4.069,4.1724,4.185071428571429,4.733956666666667
2023-11-13,4.1364,19.11,62.23,32.64,1.62,0.0,11,317,3,-0.5000000000000004,0.8660254037844384,-0.7354170229639858,0.6776147890466887,4.6702,4.3901,4.1414,4.2561857142857145,4.700406666666667
2023-11-14,4.5689,19.45,61.15,13.75,1.62,0.0,11,318,3,-0.5000000000000004,0.8660254037844384,-0.7236440382959124,0.690173388242972,4.1364,4.6702,4.1594,4.255471428571428,4.690173333333333
2023-11-15,4.1784,19.22,61.88,0.01,1.79,0.0,11,319,3,-0.5000000000000004,0.8660254037844384,-0.711656622281775,0.7025274741691566,4.5689,4.1364,4.2794,4.313971428571429,4.6987733333333335
2023-11-16,3.9624,18.68,65.06,1.25,1.88,0.0,11,320,3,-0.5000000000000004,0.8660254037844384,-0.6994583270516471,0.7146733860429608,4.1784,4.5689,4.0838,4.299542857142858,4.720916666666667
2023-11-17,4.0872,18.55,63.31,0.41,1.79,0.0,11,321,3,-0.5000000000000004,0.8660254037844384,-0.6870527672236675,0.7266075247685652,3.9624,4.1784,4.069,4.2822000000000005,4.6969899999999996
2023-11-18,4.1309,19.42,65.22,0.85,1.51,0.0,11,322,3,-0.5000000000000004,0.8660254037844384,-0.6744436188329457,0.7383263540031063,4.0872,3.9624,4.3901,4.2848,4.686276666666667
2023-11-19,3.942,20.57,71.2,2.14,1.55,0.0,11,323,3,-0.5000000000000004,0.8660254037844384,-0.661634618242279,0.749826401204568,4.1309,4.0872,4.6702,4.247771428571428,4.656670000000001
2023-11-20,4.0663,21.24,71.08,0.53,1.25,0.0,11,324,3,-0.5000000000000004,0.8660254037844384,-0.6486295610349818,0.7611042586607742,3.942,4.1309,4.1364,4.143742857142857,4.61123
2023-11-21,3.594,20.87,68.76,3.75,1.23,0.0,11,325,3,-0.5000000000000004,0.8660254037844384,-0.6354323008901775,0.7721565844991641,4.0663,3.942,4.5689,4.133728571428572,4.574533333333333
2023-11-22,3.5842,20.14,63.09,2.58,1.05,0.0,11,326,3,-0.5000000000000004,0.8660254037844384,-0.622046748440868,0.7829801036770624,3.594,4.0663,4.1784,3.9944571428571427,4.5202599999999995
2023-11-23,3.6269,19.28,61.34,0.28,1.19,0.0,11,327,3,-0.5000000000000004,0.8660254037844384,-0.6084768701151264,0.7935716089521472,3.5842,3.594,3.9624,3.9095714285714287,4.466196666666667
2023-11-24,3.8546,19.2,58.87,0.89,1.33,0.0,11,328,3,-0.5000000000000004,0.8660254037844384,-0.594726686960764,0.8039279618328208,3.6269,3.5842,4.0872,3.8616428571428574,4.414606666666668
2023-11-25,4.3378,17.81,57.62,0.69,1.59,0.0,11,329,3,-0.5000000000000004,0.8660254037844384,-0.5808002734538013,0.8140460935082175,3.8546,3.6269,4.1309,3.828414285714285,4.370973333333334
2023-11-26,2.8174,16.35,58.69,69.31,1.58,0.0,11,330,3,-0.5000000000000004,0.8660254037844384,-0.5667017562911184,0.8239230057575536,4.3378,3.8546,3.942,3.8579714285714286,4.34244
2023-11-27,1.6464,16.8,80.74,96.45,1.88,6.88,11,331,3,-0.5000000000000004,0.8660254037844384,-0.5524353131676203,0.8335557718385695,2.8174,4.3378,4.0663,3.6973142857142856,4.255176666666666
2023-11-28,2.2848,18.87,86.82,64.17,1.19,2.51,11,332,3,-0.5000000000000004,0.8660254037844384,-0.5380051715382992,0.8429415373547832,1.6464,2.8174,3.594,3.351614285714285,4.13648
2023-11-29,1.8161,20.14,80.92,69.92,1.37,0.99,11,333,3,-0.5000000000000004,0.8660254037844384,-0.5234156073655503,0.8520775211013093,2.2848,1.6464,3.5842,3.1645857142857143,4.04016
2023-11-30,2.0071,20.65,84.61,62.2,2.41,7.27,11,334,3,-0.5000000000000004,0.8660254037844384,-0.5086709438521042,0.8609610158889945,1.8161,2.2848,3.6269,2.912,3.94193
2023-12-01,1.5007,19.87,86.27,77.78,1.74,5.27,12,335,0,-2.4492935982947064e-16,1.0,-0.49377555015997737,0.8695893893466109,2.0071,1.8161,3.8546,2.6805999999999996,3.84833
2023-12-02,1.7357,20.53,80.87,83.45,2.06,0.76,12,336,0,-2.4492935982947064e-16,1.0,-0.4787338401157883,0.8779600847008883,1.5007,2.0071,4.3378,2.3443285714285715,3.73557
2023-12-03,3.1505,21.02,74.67,51.06,2.36,0.21,12,337,0,-2.4492935982947064e-16,1.0,-0.4635502709028512,0.8860706215341378,1.7357,1.5007,2.8174,1.9726000000000001,3.6357866666666667
2023-12-04,1.9764,20.88,70.69,93.7,1.77,0.11,12,338,0,-2.4492935982947064e-16,1.0,-0.4482293417404106,0.893918596519257,3.1505,1.7357,1.6464,2.0201857142857143,3.580763333333333
2023-12-05,1.6154,19.72,77.68,81.86,2.46,0.01,12,339,0,-2.4492935982947064e-16,1.0,-0.4327755925504317,0.9015016841318838,1.9764,3.1505,2.2848,2.0673285714285714,3.4990266666666665
2023-12-06,2.1319,19.12,80.19,84.77,3.2,0.12,12,340,0,-2.4492935982947064e-16,1.0,-0.41719360261231697,0.9088176373395028,1.6154,1.9764,1.8161,1.9716999999999998,3.4137933333333335
2023-12-07,2.263,18.71,82.64,68.54,2.8,0.22,12,341,0,-2.4492935982947064e-16,1.0,-0.4014879892059737,0.9158642882672868,2.1319,1.6154,2.0071,2.0168142857142857,3.34681
2023-12-08,3.8234,19.47,76.97,14.36,1.11,0.0,12,342,0,-2.4492935982947064e-16,1.0,-0.38566340624360745,0.9226395488404875,2.263,2.1319,1.5007,2.0533714285714284,3.2835966666666665
2023-12-09,3.8038,18.63,73.33,17.23,1.15,0.0,12,343,0,-2.4492935982947064e-16,1.0,-0.3697245428906732,0.9291414114031743,3.8234,2.263,1.7357,2.3851857142857145,3.268396666666667
2023-12-10,4.0538,17.61,67.17,4.02,1.2,0.0,12,344,0,-2.4492935982947064e-16,1.0,-0.35367612217637207,0.935367949313148,3.8038,3.8234,3.1505,2.680628571428571,3.259063333333333
2023-12-11,4.3126,17.7,61.41,2.09,1.28,0.0,12,345,0,-2.4492935982947064e-16,1.0,-0.33752289959411347,0.941317317512847,4.0538,3.8038,1.9764,2.8096714285714284,3.2585566666666663
2023-12-12,3.9713,17.51,62.67,30.05,1.5,0.0,12,346,0,-2.4492935982947064e-16,1.0,-0.32126966169236515,0.9469877530760751,4.3126,4.0538,1.6154,3.1434142857142855,3.255973333333333
2023-12-13,4.3241,16.82,59.13,21.72,1.33,0.0,12,347,0,-2.4492935982947064e-16,1.0,-0.3049212246562894,0.9523775757303973,3.9713,4.3126,2.1319,3.4799714285714285,3.232676666666667
2023-12-14,4.5254,16.36,54.43,3.99,1.38,0.0,12,348,0,-2.4492935982947064e-16,1.0,-0.2884824328806098,0.9574851883550389,4.3241,3.9713,2.263,3.793142857142857,3.238933333333333
2023-12-15,4.3553,16.58,58.76,3.21,1.51,0.0,12,349,0,-2.4492935982947064e-16,1.0,-0.27195815753410524,0.9623090774541487,4.5254,4.3241,3.8234,4.116342857142857,3.237483333333333
2023-12-16,3.7826,17.03,60.11,16.57,1.07,0.0,12,350,0,-2.4492935982947064e-16,1.0,-0.2553532951161881,0.9668478136052773,4.3553,4.5254,3.8038,4.192328571428571,3.24338
2023-12-17,4.2595,16.77,59.91,6.71,1.34,0.0,12,351,0,-2.4492935982947064e-16,1.0,-0.23867276600594997,0.9711000518829505,3.7826,4.3553,4.0538,4.1893,3.2373866666666666
2023-12-18,4.368,15.47,56.91,9.51,1.7,0.0,12,352,0,-2.4492935982947064e-16,1.0,-0.22192151300416674,0.9750645322571945,4.2595,3.7826,4.3126,4.218685714285714,3.24313
2023-12-19,3.8093,15.18,52.65,85.23,1.68,0.0,12,353,0,-2.4492935982947064e-16,1.0,-0.20510449986861926,0.9787400799669153,4.368,4.2595,3.9713,4.2265999999999995,3.2510333333333334
2023-12-20,4.2283,13.79,49.61,83.48,1.58,0.0,12,354,0,-2.4492935982947064e-16,1.0,-0.1882267098432439,0.9821256058680006,3.8093,4.368,4.3241,4.203457142857142,3.2466099999999996
2023-12-21,4.1693,14.39,51.37,71.57,1.25,0.0,12,355,0,-2.4492935982947064e-16,1.0,-0.1712931441814778,0.9852201067560606,4.2283,3.8093,4.5254,4.1897714285714285,3.25201
2023-12-22,2.7665,14.8,51.63,96.21,1.29,0.0,12,356,0,-2.4492935982947064e-16,1.0,-0.154308820664281,0.9880226656636976,4.1693,4.2283,4.3553,4.1389000000000005,3.2711866666666665
2023-12-23,4.321,17.87,45.69,12.42,1.71,0.0,12,357,0,-2.4492935982947064e-16,1.0,-0.13727877211326517,0.9905324521322227,2.7665,4.1693,3.7826,3.9119285714285716,3.2439299999999998
2023-12-24,4.0428,17.48,54.01,6.02,1.44,0.0,12,358,0,-2.4492935982947064e-16,1.0,-0.12020804489935275,0.9927487224577402,4.321,2.7665,4.2595,3.988842857142857,3.2670666666666666
2023-12-25,3.7985,17.68,54.78,24.89,1.31,0.0,12,359,0,-2.4492935982947064e-16,1.0,-0.10310169744743544,0.9946708199115211,4.0428,4.321,4.368,3.957885714285714,3.2733399999999997
2023-12-26,4.0039,17.71,56.75,14.83,1.4,0.0,12,360,0,-2.4492935982947064e-16,1.0,-0.0859647987374467,0.9962981749346077,3.7985,4.0428,3.8093,3.876528571428571,3.2553633333333334
2023-12-27,3.9811,17.54,58.33,18.22,1.47,0.0,12,361,0,-2.4492935982947064e-16,1.0,-0.06880242680232064,0.9976303053065857,4.0039,3.7985,4.2283,3.9043285714285716,3.2949133333333336
2023-12-28,3.8671,17.47,58.91,36.63,1.23,0.0,12,362,0,-2.4492935982947064e-16,1.0,-0.05161966722325418,0.9986668162884759,3.9811,4.0039,4.1693,3.869014285714286,3.372736666666667
2023-12-29,3.5753,17.41,63.34,20.21,1.43,0.0,12,363,0,-2.4492935982947064e-16,1.0,-0.034421611622745804,0.9994074007397048,3.8671,3.9811,2.7665,3.8258428571428573,3.42548
2023-12-30,3.3115,17.85,66.8,17.5,1.4,0.0,12,364,0,-2.4492935982947064e-16,1.0,-0.01721335615583528,0.9998518392091162,3.5753,3.8671,4.321,3.9413857142857145,3.4841199999999994
2023-12-31,3.0835,18.63,67.83,19.58,1.4,0.0,12,365,0,-2.4492935982947064e-16,1.0,6.432490598706546e-16,1.0,3.3115,3.5753,4.0428,3.7971714285714286,3.5276
