Date,Solar_Irradiance_MJ_m2,Temperature_C,Relative_Humidity_pct,Cloud_Fraction,Wind_Speed_ms,Precipitation_mm,Month,Day_of_Year,Season,Month_sin,Month_cos,DOY_sin,DOY_cos,Solar_Lag_1,Solar_Lag_2,Solar_Lag_7,Solar_Roll7,Solar_Roll30
2019-01-31,2.7542,13.3,42.03,88.6,2.07,0.03,1,31,0,0.49999999999999994,0.8660254037844387,0.5086709438521044,0.8609610158889943,3.5342,4.6366,2.5656,3.6561285714285714,3.17752
2019-02-01,3.0744,13.51,51.54,65.86,1.43,0.0,2,32,0,0.8660254037844386,0.5000000000000001,0.5234156073655503,0.8520775211013093,2.7542,3.5342,3.2316,3.6830714285714286,3.1556633333333335
2019-02-02,2.2798,12.07,56.52,59.57,1.87,0.0,2,33,0,0.8660254037844386,0.5000000000000001,0.5380051715382996,0.8429415373547828,3.0744,2.7542,4.2499,3.6606142857142854,3.149783333333333
2019-02-03,2.4509,12.78,56.4,59.85,1.6,0.0,2,34,0,0.8660254037844386,0.5000000000000001,0.5524353131676196,0.8335557718385699,2.2798,3.0744,3.0922,3.3791714285714285,3.12704
2019-02-04,3.3535,13.98,48.33,47.39,1.47,0.0,2,35,0,0.8660254037844386,0.5000000000000001,0.5667017562911176,0.8239230057575542,2.4509,2.2798,4.2828,3.2875571428571426,3.13397
2019-02-05,2.7223,16.96,49.18,49.49,1.28,0.02,2,36,0,0.8660254037844386,0.5000000000000001,0.5808002734538009,0.8140460935082178,3.3535,2.4509,4.6366,3.1547999999999994,3.14505
2019-02-06,3.0703,17.5,71.34,50.11,2.28,3.84,2,37,0,0.8660254037844386,0.5000000000000001,0.5947266869607634,0.8039279618328213,2.7223,3.3535,3.5342,2.881328571428571,3.17517
2019-02-07,1.4297,16.32,75.74,81.04,3.25,10.76,2,38,0,0.8660254037844386,0.5000000000000001,0.6084768701151261,0.7935716089521474,3.0703,2.7223,2.7542,2.8150571428571425,3.1812499999999995
2019-02-08,4.6522,12.79,56.55,7.16,2.05,0.23,2,39,0,0.8660254037844386,0.5000000000000001,0.6220467484408675,0.7829801036770629,1.4297,3.0703,3.0744,2.6258428571428567,3.11942
2019-02-09,4.7534,11.93,49.2,3.54,2.61,0.0,2,40,0,0.8660254037844386,0.5000000000000001,0.6354323008901774,0.7721565844991642,4.6522,1.4297,2.2798,2.851242857142857,3.15054
2019-02-10,3.7337,12.85,44.8,72.59,1.49,0.0,2,41,0,0.8660254037844386,0.5000000000000001,0.6486295610349814,0.7611042586607747,4.7534,4.6522,2.4509,3.204614285714286,3.190593333333333
2019-02-11,3.7774,14.17,46.28,64.74,1.11,0.0,2,42,0,0.8660254037844386,0.5000000000000001,0.6616346182422783,0.7498264012045686,3.7337,4.7534,3.3535,3.3878714285714286,3.2112433333333334
2019-02-12,3.7738,15.61,42.6,82.61,0.92,0.0,2,43,0,0.8660254037844386,0.5000000000000001,0.6744436188329455,0.7383263540031065,3.7774,3.7337,2.7223,3.4484285714285714,3.242883333333333
2019-02-13,3.3389,16.68,41.56,97.76,0.95,0.0,2,44,0,0.8660254037844386,0.5000000000000001,0.6870527672236669,0.7266075247685656,3.7738,3.7774,3.0703,3.598642857142857,3.287676666666667
2019-02-14,2.0618,17.04,56.1,81.73,2.67,2.5,2,45,0,0.8660254037844386,0.5000000000000001,0.699458327051647,0.7146733860429609,3.3389,3.7738,1.4297,3.6370142857142858,3.2605799999999996
2019-02-15,2.8032,15.98,77.94,78.38,1.22,4.9,2,46,0,0.8660254037844386,0.5000000000000001,0.7116566222817746,0.7025274741691571,2.0618,3.3389,4.6522,3.727314285714286,3.225243333333333
2019-02-16,2.4331,15.24,72.56,73.97,1.36,0.08,2,47,0,0.8660254037844386,0.5000000000000001,0.7236440382959124,0.6901733882429719,2.8032,2.0618,4.7534,3.463171428571428,3.2124666666666664
2019-02-17,4.2331,14.73,55.01,55.47,2.23,0.0,2,48,0,0.8660254037844386,0.5000000000000001,0.7354170229639855,0.6776147890466889,2.4331,2.8032,3.7337,3.1317,3.1754100000000003
2019-02-18,3.287,17.07,44.98,77.14,1.52,0.09,2,49,0,0.8660254037844386,0.5000000000000001,0.7469720876965552,0.6648553979642865,4.2331,2.4331,3.7774,3.2030428571428575,3.19648
2019-02-19,3.7637,18.26,51.55,68.62,1.3,0.67,2,50,0,0.8660254037844386,0.5000000000000001,0.7583058084785624,0.6518989958787126,3.287,4.2331,3.7738,3.1329857142857143,3.187743333333333
2019-02-20,1.5782,18.0,59.04,99.55,1.92,1.37,2,51,0,0.8660254037844386,0.5000000000000001,0.7694148268839378,0.6387494220515272,3.7637,3.287,3.3389,3.131542857142857,3.1945433333333337
2019-02-21,3.9389,20.54,50.58,89.97,2.26,0.15,2,52,0,0.8660254037844386,0.5000000000000001,0.7802958510707755,0.6254105729852464,1.5782,3.7637,2.0618,2.8800142857142856,3.1899433333333334
2019-02-22,4.2648,18.46,58.68,30.12,2.75,0.0,2,53,0,0.8660254037844386,0.5000000000000001,0.7909456567567772,0.6118864012687243,3.9389,1.5782,2.8032,3.148171428571429,3.2564333333333333
2019-02-23,5.4046,14.79,48.33,44.82,2.96,0.0,2,54,0,0.8660254037844386,0.5000000000000001,0.8013610881746766,0.5981809144059165,4.2648,3.9389,2.4331,3.356971428571429,3.30404
2019-02-24,5.003,16.13,40.92,45.2,1.91,0.0,2,55,0,0.8660254037844386,0.5000000000000001,0.8115390590073611,0.5842981736283683,5.4046,4.2648,4.2331,3.7814714285714284,3.3986733333333334
2019-02-25,4.5749,16.82,42.04,49.27,1.25,0.0,2,56,0,0.8660254037844386,0.5000000000000001,0.8214765533024142,0.5702422926917871,5.003,5.4046,3.287,3.891457142857143,3.45772
2019-02-26,2.6923,16.36,51.12,94.69,1.54,2.54,2,57,0,0.8660254037844386,0.5000000000000001,0.8311706263658079,0.5560174366570446,4.5749,5.003,3.7637,4.075442857142858,3.4685533333333334
2019-02-27,3.7476,13.76,62.49,43.28,1.89,0.75,2,58,0,0.8660254037844386,0.5000000000000001,0.8406184056344782,0.5416278206559814,2.6923,4.5749,1.5782,3.9223857142857144,3.4552233333333335
2019-02-28,5.5517,14.0,49.59,7.01,2.08,0.0,2,59,0,0.8660254037844386,0.5000000000000001,0.8498170915275278,0.5270777086423722,3.7476,2.6923,3.9389,4.2323,3.4373833333333335
2019-03-01,5.3959,15.54,39.93,16.92,1.77,0.0,3,60,1,1.0,6.123233995736766e-17,0.8587639582758029,0.5123714121284237,5.5517,3.7476,4.2648,4.4627,3.467886666666667
2019-03-02,1.6985,16.57,52.56,99.72,1.67,6.42,3,61,1,1.0,6.123233995736766e-17,0.8674563547295969,0.49751328890718066,5.3959,5.5517,5.4046,4.624285714285714,3.5299433333333337
2019-03-03,3.5995,17.16,65.43,62.1,1.88,0.22,3,62,1,1.0,6.123233995736766e-17,0.8758917051442429,0.48250774176121847,1.6985,5.3959,5.003,4.094842857142857,3.4947533333333336
2019-03-04,4.1443,17.75,62.05,29.55,1.71,0.27,3,63,1,1.0,6.123233995736766e-17,0.8840675099433636,0.4673592171580022,3.5995,1.6985,4.5749,3.894342857142857,3.5122566666666666
2019-03-05,5.4017,17.12,51.86,15.94,2.24,0.0,3,64,1,1.0,6.123233995736766e-17,0.8919813464595485,0.45207220393230435,4.1443,3.5995,2.6923,3.8328285714285713,3.574406666666667
2019-03-06,6.0482,16.6,44.5,4.28,2.22,0.0,3,65,1,1.0,6.123233995736766e-17,0.8996308696522433,0.43665123195606403,5.4017,4.1443,3.7476,4.219885714285715,3.6727666666666665
2019-03-07,5.6054,18.11,38.22,8.73,1.75,0.0,3,66,1,1.0,6.123233995736766e-17,0.9070138128026359,0.4211008707960896,6.0482,5.4017,5.5517,4.548542857142857,3.7625900000000003
2019-03-08,5.0974,19.64,41.94,20.65,1.46,0.0,3,67,1,1.0,6.123233995736766e-17,0.9141279881853337,0.40542572835999735,5.6054,6.0482,5.3959,4.556214285714286,3.858693333333333
2019-03-09,5.3602,19.57,44.42,19.21,2.37,0.0,3,68,1,1.0,6.123233995736766e-17,0.9209712877166346,0.38963044953078796,5.0974,5.6054,1.6985,4.513571428571429,3.9262633333333334
2019-03-10,6.0761,19.31,42.91,0.2,1.73,0.0,3,69,1,1.0,6.123233995736766e-17,0.9275416835791966,0.37371971479046906,5.3602,5.0974,3.5995,5.036671428571429,4.05728
2019-03-11,5.0366,21.09,41.6,37.04,2.7,0.15,3,70,1,1.0,6.123233995736766e-17,0.9338372288229252,0.35769823883312546,6.0761,5.3602,4.1443,5.390471428571429,4.104743333333333
2019-03-12,4.4234,20.25,49.53,63.6,2.47,0.02,3,71,1,1.0,6.123233995736766e-17,0.9398560579418954,0.3415707691678556,5.0366,6.0761,5.4017,5.517942857142857,4.114183333333333
2019-03-13,2.5519,18.75,42.05,90.19,1.82,0.0,3,72,1,1.0,6.123233995736766e-17,0.9455963874271426,0.3253420847119801,4.4234,5.0366,6.0482,5.378185714285714,4.137173333333333
2019-03-14,3.6178,19.6,44.28,48.39,2.16,1.22,3,73,1,1.0,6.123233995736766e-17,0.9510565162951535,0.30901699437494745,2.5519,4.4234,5.6054,4.8787142857142864,4.096323333333333
2019-03-15,6.0247,19.24,46.77,1.8,2.16,0.0,3,74,1,1.0,6.123233995736766e-17,0.9562348265919056,0.29260033563334836,3.6178,2.5519,5.0974,4.594771428571429,4.091123333333333
2019-03-16,5.7161,19.56,42.35,45.15,1.99,0.0,3,75,1,1.0,6.123233995736766e-17,0.9611297838723007,0.27609697309746883,6.0247,3.6178,5.3602,4.727242857142857,4.18065
2019-03-17,5.9011,20.47,36.75,40.73,1.68,0.0,3,76,1,1.0,6.123233995736766e-17,0.9657399376548549,0.2595117970697999,5.7161,6.0247,6.0761,4.778085714285715,4.30246
2019-03-18,6.0526,20.84,37.72,23.1,1.59,0.0,3,77,1,1.0,6.123233995736766e-17,0.9700639218515071,0.2428497220959356,5.9011,5.7161,5.0366,4.753085714285715,4.405723333333333
2019-03-19,6.282,22.27,39.14,3.09,2.15,0.0,3,78,1,1.0,6.123233995736766e-17,0.9741004551724205,0.22611568550828828,6.0526,5.9011,4.4234,4.898228571428571,4.526373333333334
2019-03-20,5.6522,24.06,37.13,50.49,2.26,0.27,3,79,1,1.0,6.123233995736766e-17,0.9778483415056568,0.20931464596304847,6.282,6.0526,2.5519,5.163742857142857,4.59467
2019-03-21,5.8133,23.62,42.59,15.83,1.26,0.02,3,80,1,1.0,6.123233995736766e-17,0.9813064702716093,0.19245158197082998,5.6522,6.282,3.6178,5.606642857142857,4.673509999999999
2019-03-22,6.5722,22.79,31.29,3.97,3.15,0.0,3,81,1,1.0,6.123233995736766e-17,0.9844738167520922,0.1755314904214282,5.8133,5.6522,6.0247,5.920285714285714,4.741829999999999
2019-03-23,6.3929,22.53,34.86,8.69,3.4,0.0,3,82,1,1.0,6.123233995736766e-17,0.9873494423939864,0.15855938510313475,6.5722,5.8133,5.7161,5.9985,4.908296666666668
2019-03-24,6.3245,24.56,41.03,14.61,2.91,0.0,3,83,1,1.0,6.123233995736766e-17,0.989932495087353,0.141540295217043,6.3929,6.5722,5.9011,6.095185714285714,4.990096666666667
2019-03-25,5.387,23.89,42.13,41.91,2.28,0.01,3,84,1,1.0,6.123233995736766e-17,0.9922222094179323,0.12447926388678915,6.3245,6.3929,6.0526,6.155671428571429,5.058753333333333
2019-03-26,6.7886,23.4,35.68,0.96,2.65,0.0,3,85,1,1.0,6.123233995736766e-17,0.994217906893952,0.10738134666416309,5.387,6.3245,6.282,6.060585714285714,5.058166666666667
2019-03-27,5.5862,24.01,32.52,53.06,2.15,0.0,3,86,1,1.0,6.123233995736766e-17,0.995918996147179,0.09025161003104117,6.7886,5.387,5.6522,6.132957142857143,5.117686666666668
2019-03-28,6.0778,27.03,30.98,30.55,1.8,0.0,3,87,1,1.0,6.123233995736766e-17,0.9973249731081555,0.07309512989807777,5.5862,6.7886,5.8133,6.123528571428571,5.151396666666667
2019-03-29,6.2868,28.79,34.06,27.13,1.49,0.0,3,88,1,1.0,6.123233995736766e-17,0.9984354211555643,0.055916990100603484,6.0778,5.5862,6.5722,6.161314285714285,5.264246666666667
2019-03-30,6.2316,29.59,34.57,49.97,1.0,0.22,3,89,1,1.0,6.123233995736766e-17,0.9992500112396835,0.03872228089217446,6.2868,6.0778,6.3929,6.120542857142857,5.348886666666667
2019-03-31,6.5172,27.13,26.72,6.85,2.88,0.01,3,90,1,1.0,6.123233995736766e-17,0.9997685019798909,0.021516097436222254,6.2316,6.2868,6.3245,6.097499999999999,5.37155
2019-04-01,7.1906,25.45,24.6,4.78,2.85,0.0,4,91,1,0.8660254037844387,-0.4999999999999998,0.9999907397361901,0.004303538296244289,6.5172,6.2316,5.387,6.1250285714285715,5.408926666666668
2019-04-02,6.972,27.42,21.75,13.9,1.63,0.0,4,92,1,0.8660254037844387,-0.4999999999999998,0.9999166586547379,-0.01291029607500882,7.1906,6.5172,6.7886,6.382685714285714,5.591996666666666
2019-04-03,6.9434,28.54,22.53,4.8,1.73,0.0,4,93,1,0.8660254037844387,-0.4999999999999998,0.9995462806873573,-0.030120304846908114,6.972,7.1906,5.5862,6.408885714285714,5.704413333333334
2019-04-04,6.7104,29.88,25.93,15.54,1.48,0.0,4,94,1,0.8660254037844387,-0.4999999999999998,0.9988797155850336,-0.04732138832243185,6.9434,6.972,6.0778,6.602771428571429,5.797716666666667
2019-04-05,6.5124,31.11,26.92,25.28,1.28,0.0,4,95,1,0.8660254037844387,-0.4999999999999998,0.9979171608653922,-0.06450844944931623,6.7104,6.9434,6.2868,6.693142857142858,5.84134
2019-04-06,6.4805,32.15,28.1,46.02,1.65,0.0,4,96,1,0.8660254037844387,-0.4999999999999998,0.9966589017541702,-0.08167639533042241,6.5124,6.7104,6.2316,6.725371428571429,5.856813333333334
2019-04-07,5.5438,30.87,26.69,77.67,1.64,0.0,4,97,1,0.8660254037844387,-0.4999999999999998,0.9951053111006976,-0.09882013873287143,6.4805,6.5124,6.5172,6.760928571428572,5.885983333333333
2019-04-08,6.2904,29.78,27.78,32.24,1.43,1.23,4,98,1,0.8660254037844387,-0.4999999999999998,0.9932568492674143,-0.11593459959550041,5.5438,6.4805,7.1906,6.621871428571429,5.900863333333334
2019-04-09,6.6334,29.81,26.97,29.78,1.39,0.16,4,99,1,0.8660254037844387,-0.4999999999999998,0.9911140639934547,-0.1330147065341959,6.2904,5.5438,6.972,6.493271428571428,5.93187
2019-04-10,6.4891,31.7,23.45,24.88,1.45,0.0,4,100,1,0.8660254037844387,-0.4999999999999998,0.9886775902323405,-0.1500553983446526,6.6334,6.2904,6.9434,6.4449,5.950446666666666
2019-04-11,6.4289,32.1,26.95,37.9,2.09,0.0,4,101,1,0.8660254037844387,-0.4999999999999998,0.9859481499638304,-0.16705162550211924,6.4891,6.6334,6.7104,6.38,5.998863333333333
2019-04-12,5.7641,32.13,24.25,66.89,2.33,0.01,4,102,1,0.8660254037844387,-0.4999999999999998,0.9829265519799822,-0.18399835165768005,6.4289,6.4891,6.5124,6.339785714285713,6.065713333333333
2019-04-13,6.775,32.12,29.12,22.5,2.69,0.09,4,103,1,0.8660254037844387,-0.4999999999999998,0.9796136916454901,-0.20089055513063506,5.7641,6.4289,6.4805,6.232885714285715,6.172786666666666
2019-04-14,6.9122,32.44,27.56,17.98,3.09,0.0,4,104,1,0.8660254037844387,-0.4999999999999998,0.9760105506323683,-0.21772323039653177,6.775,5.7641,5.5438,6.274957142857143,6.278026666666666
2019-04-15,6.5676,33.51,27.35,43.83,3.56,0.0,4,105,1,0.8660254037844387,-0.4999999999999998,0.9721181966290613,-0.23449138957040985,6.9122,6.775,6.2904,6.470442857142857,6.3076099999999995
2019-04-16,2.8476,28.37,43.59,99.14,2.83,0.53,4,106,1,0.8660254037844387,-0.4999999999999998,0.9679377830240642,-0.25119006388481935,6.5676,6.9122,6.6334,6.510042857142857,6.335993333333334
2019-04-17,4.5242,23.42,67.98,90.18,2.74,15.18,4,107,1,0.8660254037844387,-0.4999999999999998,0.9634705485641488,-0.2678143051621742,2.8476,6.5676,6.4891,5.969214285714286,6.23421
2019-04-18,6.2914,24.64,57.4,30.33,1.38,1.78,4,108,1,0.8660254037844387,-0.4999999999999998,0.9587178169872964,-0.2843591872810034,4.5242,2.8476,6.4289,5.688514285714286,6.1832633333333336
2019-04-19,6.8244,26.47,41.33,5.41,1.83,0.0,4,109,1,0.8660254037844387,-0.4999999999999998,0.9536809966304457,-0.30081980763566735,6.2914,4.5242,5.7641,5.668871428571429,6.183576666666666
2019-04-20,6.8086,27.59,37.53,11.61,1.6,0.0,4,110,1,0.8660254037844387,-0.4999999999999998,0.9483615800121715,-0.3171912885891061,6.8244,6.2914,6.775,5.820342857142857,6.22265
2019-04-21,7.0963,29.92,33.14,3.49,2.01,0.0,4,111,1,0.8660254037844387,-0.4999999999999998,0.9427611433904207,-0.3334687789181868,6.8086,6.8244,6.9122,5.825142857142857,6.255826666666667
2019-04-22,7.1942,31.49,30.88,2.96,1.82,0.0,4,112,1,0.8660254037844387,-0.4999999999999998,0.9368813462954315,-0.3496474552512284,7.0963,6.8086,6.5676,5.851442857142857,6.273296666666666
2019-04-23,7.0913,32.75,31.42,4.34,1.89,0.0,4,113,1,0.8660254037844387,-0.4999999999999998,0.9307239310379795,-0.36572252349726897,7.1942,7.0963,2.8476,5.940957142857143,6.3000066666666665
2019-04-24,6.7416,33.42,29.27,32.01,1.29,0.0,4,114,1,0.8660254037844387,-0.4999999999999998,0.9242907221930933,-0.3816892202666588,7.0913,7.1942,4.5242,6.547200000000001,6.325566666666666
2019-04-25,6.2719,34.19,24.03,44.76,1.83,0.0,4,115,1,0.8660254037844387,-0.4999999999999998,0.9175836260593937,-0.39754281428255595,6.7416,7.0913,6.2914,6.863971428571429,6.37072
2019-04-26,6.877,33.65,24.76,20.13,2.8,0.24,4,116,1,0.8660254037844387,-0.4999999999999998,0.9106046300942162,-0.41327860778290415,6.2719,6.7416,6.8244,6.861185714285715,6.353496666666667
2019-04-27,7.3661,34.06,19.99,11.37,4.33,0.0,4,117,1,0.8660254037844387,-0.4999999999999998,0.9033558023246845,-0.4288919379124835,6.877,6.2719,6.8086,6.8687,6.396523333333334
2019-04-28,7.4227,33.99,17.23,10.49,3.97,0.0,4,118,1,0.8660254037844387,-0.4999999999999998,0.895839290734909,-0.44437817810461316,7.3661,6.877,7.0963,6.948342857142857,6.439466666666666
2019-04-29,7.3063,34.29,16.07,11.27,2.45,0.0,4,119,1,0.8660254037844387,-0.4999999999999998,0.8880573226294932,-0.45973273945210397,7.4227,7.3661,7.1942,6.9949714285714295,6.47733
2019-04-30,7.2473,34.17,15.18,35.66,2.46,0.0,4,120,1,0.8660254037844387,-0.4999999999999998,0.8800122039735357,-0.47495107206704995,7.3063,7.4227,7.0913,7.010985714285715,6.513153333333333
2019-05-01,7.1347,34.45,14.16,48.42,1.69,0.0,5,121,1,0.49999999999999994,-0.8660254037844387,0.8717063187093218,-0.4900286664290592,7.2473,7.3063,6.7416,7.033271428571429,6.53749
2019-05-02,6.3806,34.25,17.22,72.54,2.3,0.01,5,122,1,0.49999999999999994,-0.8660254037844387,0.8631421280499114,-0.5049610547215204,7.1347,7.2473,6.2719,7.089428571428571,6.535626666666667
2019-05-03,6.5381,33.09,21.77,67.52,1.7,0.69,5,123,1,0.49999999999999994,-0.8660254037844387,0.854322169749827,-0.5197438121555155,6.3806,7.1347,6.877,7.104957142857143,6.515913333333333
2019-05-04,7.2718,32.0,17.48,28.92,2.74,0.77,5,124,1,0.49999999999999994,-0.8660254037844387,0.8452490573530633,-0.5343725582809786,6.5381,6.3806,7.3661,7.0565428571428575,6.5024033333333335
2019-05-05,7.9493,32.1,14.15,10.72,3.14,0.0,5,125,1,0.49999999999999994,-0.8660254037844387,0.8359254794186372,-0.548842958284719,7.2718,6.5381,7.4227,7.043071428571428,6.521116666666667
2019-05-06,7.8862,33.04,12.43,30.61,3.1,0.0,5,126,1,0.49999999999999994,-0.8660254037844387,0.8263541987239096,-0.5631507242749186,7.9493,7.2718,7.3063,7.1183,6.5690133333333325
2019-05-07,7.0834,34.07,11.85,53.4,3.01,0.0,5,127,1,0.49999999999999994,-0.8660254037844387,0.8165380514459161,-0.5772916165517272,7.8862,7.9493,7.2473,7.201142857142857,6.61587
2019-05-08,7.14,35.14,14.89,61.4,3.39,0.0,5,128,1,0.49999999999999994,-0.8660254037844387,0.8064799463209448,-0.5912614448635781,7.0834,7.8862,7.1347,7.177728571428571,6.667190000000001
2019-05-09,6.9362,35.84,19.03,58.21,4.21,0.0,5,129,1,0.49999999999999994,-0.8660254037844387,0.7961828637826158,-0.6050560696488488,7.14,7.0834,6.3806,7.178485714285714,6.69551
2019-05-10,7.2154,35.79,20.52,64.0,3.51,0.0,5,130,1,0.49999999999999994,-0.8660254037844387,0.7856498550787147,-0.6186714032625031,6.9362,7.14,6.5381,7.257857142857143,6.705603333333333
2019-05-11,6.8501,34.99,24.91,48.71,2.63,0.0,5,131,1,0.49999999999999994,-0.8660254037844387,0.7748840413670407,-0.6321034111873487,7.2154,6.9362,7.2718,7.354614285714286,6.729813333333333
2019-05-12,5.7703,34.17,25.47,54.71,2.93,0.0,5,132,1,0.49999999999999994,-0.8660254037844387,0.7638886127905428,-0.6453481132295501,6.8501,7.2154,7.9493,7.294371428571429,6.743853333333333
2019-05-13,5.9758,34.63,22.78,62.79,1.5,0.09,5,133,1,0.49999999999999994,-0.8660254037844387,0.7526668275320085,-0.6584015846980488,5.7703,6.8501,7.8862,6.983085714285714,6.744060000000001
2019-05-14,6.6466,32.9,31.73,43.13,2.46,1.69,5,134,1,0.49999999999999994,-0.8660254037844387,0.7412220108485958,-0.6712599575675313,5.9758,5.7703,7.0834,6.710171428571428,6.717420000000001
2019-05-15,4.9987,34.09,26.85,61.05,1.11,0.17,5,135,1,0.49999999999999994,-0.8660254037844387,0.7295575540864875,-0.6839194216246106,6.6466,5.9758,7.14,6.647771428571429,6.708566666666667
2019-05-16,5.6316,33.74,29.3,48.56,1.94,2.96,5,136,1,0.49999999999999994,-0.8660254037844387,0.717676913675962,-0.6963762255968722,4.9987,6.6466,6.9362,6.341871428571429,6.65627
2019-05-17,6.3955,32.41,36.95,65.15,2.82,2.93,5,137,1,0.49999999999999994,-0.8660254037844387,0.705583610107178,-0.7086266782644596,5.6316,4.9987,7.2154,6.155500000000001,6.74907
2019-05-18,7.0632,29.45,48.9,26.53,2.45,1.96,5,138,1,0.49999999999999994,-0.8660254037844387,0.6932812268869777,-0.7206671495538609,6.3955,5.6316,6.8501,6.038371428571429,6.811446666666667
2019-05-19,7.5341,31.63,34.46,5.23,3.11,0.0,5,139,1,0.49999999999999994,-0.8660254037844387,0.6807734094770161,-0.7324940716135789,7.0632,6.3955,5.7703,6.068814285714287,6.837173333333334
2019-05-20,7.2931,33.54,26.76,9.17,2.73,0.0,5,140,1,0.49999999999999994,-0.8660254037844387,0.6680638642135335,-0.7441039398713607,7.5341,7.0632,5.9758,6.320785714285714,6.860830000000001
2019-05-21,6.5366,34.03,25.5,36.2,3.42,0.0,5,141,1,0.49999999999999994,-0.8660254037844387,0.6551563572090853,-0.7554933140726803,7.2931,7.5341,6.6466,6.508971428571429,6.8769800000000005
2019-05-22,5.0724,35.04,24.45,67.44,2.33,0.0,5,142,1,0.49999999999999994,-0.8660254037844387,0.6420547132365637,-0.766658819300159,6.5366,7.2931,4.9987,6.493257142857144,6.858323333333334
2019-05-23,6.2707,34.97,28.24,71.99,1.69,2.92,5,143,1,0.49999999999999994,-0.8660254037844387,0.6287628145958344,-0.7775971469736269,5.0724,6.5366,5.6316,6.503785714285714,6.7875966666666665
2019-05-24,6.257,33.88,35.38,38.99,2.62,0.03,5,144,1,0.49999999999999994,-0.8660254037844387,0.6152845999633276,-0.7883050558305255,6.2707,5.0724,6.3955,6.595085714285714,6.760243333333333
2019-05-25,7.7743,33.24,30.61,11.48,4.4,0.0,5,145,1,0.49999999999999994,-0.8660254037844387,0.6016240632249226,-0.7987793728863649,6.257,6.2707,7.0632,6.5752999999999995,6.74409
2019-05-26,7.8768,33.8,24.94,5.1,3.31,0.0,5,146,1,0.49999999999999994,-0.8660254037844387,0.5877852522924732,-0.8090169943749473,7.7743,6.257,7.5341,6.6768857142857145,6.794169999999999
2019-05-27,7.6817,35.11,19.9,10.1,3.45,0.0,5,147,1,0.49999999999999994,-0.8660254037844387,0.5737722679043246,-0.8190148866680801,7.8768,7.7743,7.2931,6.725842857142857,6.827496666666666
2019-05-28,7.8034,35.58,15.52,2.75,3.45,0.0,5,148,1,0.49999999999999994,-0.8660254037844387,0.5595892624101765,-0.8287700871745038,7.6817,7.8768,6.5366,6.781357142857142,6.838016666666666
2019-05-29,7.9387,37.31,16.29,5.55,3.06,0.0,5,149,1,0.49999999999999994,-0.8660254037844387,0.545240438540651,-0.8382797052177744,7.8034,7.6817,5.0724,6.962328571428571,6.8507066666666665
2019-05-30,7.6176,38.43,13.91,9.73,2.53,0.0,5,150,1,0.49999999999999994,-0.8660254037844387,0.5307300481619334,-0.8475409228928311,7.9387,7.8034,6.2707,7.3717999999999995,6.871786666666666
2019-05-31,7.3258,38.75,13.57,19.14,2.76,0.0,5,151,1,0.49999999999999994,-0.8660254037844387,0.5160623910158528,-0.8565509959010036,7.6176,7.9387,6.257,7.564214285714286,6.88413
2019-06-01,7.2233,39.91,16.3,48.3,1.68,0.0,6,152,2,1.2246467991473532e-16,-1.0,0.5012418134457758,-0.865307254363206,7.3258,7.6176,7.7743,7.716900000000001,6.890499999999999
2019-06-02,7.219,39.71,14.69,67.27,2.12,0.0,6,153,2,1.2246467991473532e-16,-1.0,0.48627270710868997,-0.8738071036110808,7.2233,7.3258,7.8768,7.638185714285713,6.91859
2019-06-03,6.8083,38.47,15.99,63.22,1.85,0.0,6,154,2,1.2246467991473532e-16,-1.0,0.4711595076738638,-0.8820480249558537,7.219,7.2233,7.6817,7.544214285714285,6.941286666666667
2019-06-04,6.8153,38.0,21.46,56.98,1.88,0.0,6,155,2,1.2246467991473532e-16,-1.0,0.4559066935084588,-0.8900275764346767,6.8083,7.219,7.8034,7.419442857142857,6.925836666666667
2019-06-05,6.7327,39.36,17.07,57.38,1.42,0.0,6,156,2,1.2246467991473532e-16,-1.0,0.440518784350495,-0.8977433935342337,6.8153,6.8083,7.9387,7.2782857142857145,6.888036666666667
2019-06-06,6.563,38.97,19.26,70.9,2.02,2.01,6,157,2,1.2246467991473532e-16,-1.0,0.42500033996955416,-0.9051931898913974,6.7327,6.8153,7.6176,7.106000000000001,6.849586666666667
2019-06-07,7.1239,36.58,20.59,42.72,2.05,0.24,6,158,2,1.2246467991473532e-16,-1.0,0.4093559588156213,-0.9123747579707273,6.563,6.7327,7.3258,6.955342857142857,6.83224
2019-06-08,7.5206,38.2,14.85,51.29,1.82,0.0,6,159,2,1.2246467991473532e-16,-1.0,0.39359027665646673,-0.9192859697186104,7.1239,6.563,7.2233,6.9265,6.8317033333333335
2019-06-09,7.5286,38.91,14.93,57.19,2.9,0.0,6,160,2,1.2246467991473532e-16,-1.0,0.3777079652039649,-0.9259247771938498,7.5206,7.1239,7.219,6.968971428571429,6.851183333333333
2019-06-10,7.1206,39.61,12.97,64.58,2.39,0.0,6,161,2,1.2246467991473532e-16,-1.0,0.36171373072976765,-0.9322892131745133,7.5286,7.5206,6.8083,7.0132,6.861623333333333
2019-06-11,6.3156,40.02,14.56,84.02,2.39,0.0,6,162,2,1.2246467991473532e-16,-1.0,0.3456123126707335,-0.9383773917408641,7.1206,7.5286,6.8153,7.057814285714286,6.87064
2019-06-12,6.7154,40.26,18.0,57.06,2.53,1.01,6,163,2,1.2246467991473532e-16,-1.0,0.3294084822245304,-0.9441875088341993,6.3156,7.1206,6.7327,6.986428571428571,6.888816666666666
2019-06-13,6.7968,38.1,27.02,70.53,2.07,0.0,6,164,2,1.2246467991473532e-16,-1.0,0.3131070409358269,-0.9497178427914316,6.7154,6.3156,6.563,6.983957142857142,6.91347
2019-06-14,7.5691,38.13,18.63,41.23,3.5,0.0,6,165,2,1.2246467991473532e-16,-1.0,0.29671281927349075,-0.9549667548552551,6.7968,6.7154,7.1239,7.0173571428571435,6.918476666666666
2019-06-15,6.8273,38.25,23.14,70.23,4.8,0.0,6,166,2,1.2246467991473532e-16,-1.0,0.28023067519921585,-0.9599326896597447,7.5691,6.7968,7.5206,7.080957142857144,7.004156666666668
2019-06-16,4.1294,37.03,34.06,82.04,5.14,0.07,6,167,2,1.2246467991473532e-16,-1.0,0.26366549272800704,-0.9646141756912435,6.8273,7.5691,7.5286,6.981914285714287,7.044013333333334
2019-06-17,3.0197,35.17,41.94,89.71,3.98,0.86,6,168,2,1.2246467991473532e-16,-1.0,0.24702218048093552,-0.9690098257244062,4.1294,6.8273,7.1206,6.496314285714285,6.968476666666666
2019-06-18,5.0458,34.1,45.49,75.37,2.25,1.7,6,169,2,1.2246467991473532e-16,-1.0,0.23030567023061221,-0.9731183372332619,3.0197,4.1294,6.3156,5.910471428571428,6.833693333333333
2019-06-19,6.4572,34.08,38.25,60.67,1.7,0.0,6,170,2,1.2246467991473532e-16,-1.0,0.21352091543979612,-0.9769384927771817,5.0458,3.0197,6.7154,5.729071428571428,6.75075
2019-06-20,7.1174,34.34,38.35,49.26,1.47,0.0,6,171,2,1.2246467991473532e-16,-1.0,0.19667288979357647,-0.980469160361632,6.4572,5.0458,6.7968,5.692185714285714,6.722886666666667
2019-06-21,5.969,36.39,25.91,72.6,1.33,0.0,6,172,2,1.2246467991473532e-16,-1.0,0.1797665857255624,-0.9837092937736097,7.1174,6.4572,7.5691,5.737985714285713,6.742246666666666
2019-06-22,6.858,37.3,24.37,22.21,1.53,0.0,6,173,2,1.2246467991473532e-16,-1.0,0.16280701293851715,-0.986657932891657,5.969,7.1174,6.8273,5.509399999999999,6.772133333333334
2019-06-23,6.9667,36.64,36.75,26.53,2.84,0.53,6,174,2,1.2246467991473532e-16,-1.0,0.1457991969198751,-0.9893142039703663,6.858,5.969,4.1294,5.5137857142857145,6.79171
2019-06-24,5.274,34.34,52.85,72.12,3.07,3.06,6,175,2,1.2246467991473532e-16,-1.0,0.12874817745258132,-0.99167731989929,6.9667,6.858,3.0197,5.9191142857142856,6.815366666666666
2019-06-25,5.6026,36.23,44.27,75.31,1.51,0.25,6,176,2,1.2246467991473532e-16,-1.0,0.11165900712169512,-0.993746580436178,5.274,6.9667,5.0458,6.241157142857142,6.732023333333333
2019-06-26,6.3629,38.05,33.18,46.19,2.64,0.04,6,177,2,1.2246467991473532e-16,-1.0,0.09453674981719912,-0.9955213724144752,5.6026,5.274,6.4572,6.3207,6.656216666666667
2019-06-27,6.2647,37.89,29.21,45.82,3.19,0.0,6,178,2,1.2246467991473532e-16,-1.0,0.07738647923346301,-0.9970011699250151,6.3629,5.6026,7.1174,6.307228571428572,6.612256666666667
2019-06-28,6.1176,38.04,32.23,39.82,3.12,0.0,6,179,2,1.2246467991473532e-16,-1.0,0.06021327736579302,-0.9981855344718586,6.2647,6.3629,5.969,6.185414285714286,6.560966666666667
2019-06-29,6.6156,38.83,28.29,42.88,3.04,0.0,6,180,2,1.2246467991473532e-16,-1.0,0.04302223300453059,-0.99907411510223,6.1176,6.2647,6.858,6.206642857142858,6.500263333333334
2019-06-30,6.1133,39.38,26.85,62.91,1.92,0.44,6,181,2,1.2246467991473532e-16,-1.0,0.02581844022713308,-0.9996666485105112,6.6156,6.1176,6.9667,6.172014285714286,6.466863333333333
2019-07-01,6.6281,39.06,26.11,63.86,1.47,0.19,7,182,2,-0.4999999999999997,-0.8660254037844388,0.008606996888688698,-0.9999629591162655,6.1133,6.6156,5.274,6.0501,6.426446666666666
2019-07-02,5.6174,39.01,25.65,72.73,1.86,0.01,7,183,2,-0.4999999999999997,-0.8660254037844388,-0.008606996888688009,-0.9999629591162655,6.6281,6.1133,5.6026,6.243542857142857,6.406606666666666
2019-07-03,5.9726,37.36,38.51,78.11,2.6,1.98,7,184,2,-0.4999999999999997,-0.8660254037844388,-0.02581844022713239,-0.9996666485105112,5.6174,6.6281,6.3629,6.245657142857143,6.353219999999999
2019-07-04,3.4128,37.28,37.41,96.14,1.42,0.44,7,185,2,-0.4999999999999997,-0.8660254037844388,-0.04302223300453034,-0.99907411510223,5.9726,5.6174,6.2647,6.1899,6.325363333333333
2019-07-05,2.8879,35.48,47.34,99.11,1.38,15.56,7,186,2,-0.4999999999999997,-0.8660254037844388,-0.060213277365792774,-0.9981855344718586,3.4128,5.9726,6.1176,5.7824857142857145,6.211946666666666
2019-07-06,5.521,35.07,50.95,86.1,2.08,1.22,7,187,2,-0.4999999999999997,-0.8660254037844388,-0.07738647923346322,-0.9970011699250151,2.8879,3.4128,6.6156,5.3210999999999995,6.083786666666667
2019-07-07,5.171,34.15,53.41,90.46,1.29,6.79,7,188,2,-0.4999999999999997,-0.8660254037844388,-0.09453674981719933,-0.9955213724144752,5.521,2.8879,6.1133,5.1647285714285704,6.049053333333333
2019-07-08,5.1902,36.36,47.71,86.56,1.45,1.9,7,189,2,-0.4999999999999997,-0.8660254037844388,-0.11165900712169444,-0.9937465804361781,5.171,5.521,6.6281,5.030114285714285,5.983956666666668
2019-07-09,3.5815,33.61,58.86,98.8,2.47,14.95,7,190,2,-0.4999999999999997,-0.8660254037844388,-0.12874817745258066,-0.99167731989929,5.1902,5.171,5.6174,4.8247,5.906276666666667
2019-07-10,5.0198,34.48,53.56,93.36,3.04,7.46,7,191,2,-0.4999999999999997,-0.8660254037844388,-0.14579919691987442,-0.9893142039703664,3.5815,5.1902,5.9726,4.533857142857142,5.774706666666666
2019-07-11,4.8074,34.81,50.41,98.75,3.79,5.12,7,192,2,-0.4999999999999997,-0.8660254037844388,-0.16280701293851646,-0.9866579328916572,5.0198,3.5815,3.4128,4.397742857142857,5.70468
2019-07-12,4.8703,35.32,44.7,97.6,4.08,0.24,7,193,2,-0.4999999999999997,-0.8660254037844388,-0.17976658572556214,-0.9837092937736098,4.8074,5.0198,2.8879,4.596971428571429,5.6544066666666675
2019-07-13,5.3458,35.46,42.1,90.88,4.06,1.01,7,194,2,-0.4999999999999997,-0.8660254037844388,-0.19667288979357622,-0.9804691603616321,4.8703,4.8074,5.521,4.880171428571429,5.592903333333334
2019-07-14,5.5327,35.24,42.39,90.36,2.5,1.13,7,195,2,-0.4999999999999997,-0.8660254037844388,-0.2135209154397959,-0.9769384927771817,5.3458,4.8703,5.171,4.855142857142857,5.544536666666668
2019-07-15,3.7536,33.1,61.06,95.42,1.67,27.03,7,196,2,-0.4999999999999997,-0.8660254037844388,-0.23030567023061196,-0.973118337233262,5.5327,5.3458,5.1902,4.906814285714286,5.476656666666666
2019-07-16,4.1539,31.62,66.18,81.24,1.36,17.2,7,197,2,-0.4999999999999997,-0.8660254037844388,-0.24702218048093527,-0.9690098257244063,3.7536,5.5327,3.5815,4.701585714285714,5.3742
2019-07-17,4.47,31.13,66.13,75.61,0.99,10.63,7,198,2,-0.4999999999999997,-0.8660254037844388,-0.2636654927280072,-0.9646141756912435,4.1539,3.7536,5.0198,4.783357142857143,5.375016666666666
2019-07-18,3.1032,30.42,69.9,93.96,0.54,3.29,7,199,2,-0.4999999999999997,-0.8660254037844388,-0.2802306751992161,-0.9599326896597445,4.47,4.1539,4.8074,4.704814285714286,5.423360000000001
2019-07-19,6.2261,33.31,56.68,66.26,0.87,0.78,7,200,2,-0.4999999999999997,-0.8660254037844388,-0.2967128192734901,-0.9549667548552553,3.1032,4.47,4.8703,4.4613571428571435,5.358606666666666
2019-07-20,4.7222,33.41,56.69,86.1,1.27,2.09,7,201,2,-0.4999999999999997,-0.8660254037844388,-0.3131070409358267,-0.9497178427914317,6.2261,3.1032,5.3458,4.655042857142857,5.350903333333333
2019-07-21,4.8502,32.84,62.51,74.55,1.74,7.09,7,202,2,-0.4999999999999997,-0.8660254037844388,-0.3294084822245302,-0.9441875088341994,4.7222,6.2261,5.5327,4.565957142857143,5.271063333333333
2019-07-22,5.6057,33.64,60.18,80.56,1.41,1.84,7,203,2,-0.4999999999999997,-0.8660254037844388,-0.3456123126707333,-0.9383773917408642,4.8502,4.7222,3.7536,4.468457142857143,5.233769999999999
2019-07-23,5.7571,34.03,59.55,81.58,1.08,4.5,7,204,2,-0.4999999999999997,-0.8660254037844388,-0.3617137307297674,-0.9322892131745134,5.6057,4.8502,4.1539,4.733042857142856,5.192026666666667
2019-07-24,4.9745,34.55,60.0,98.16,2.4,8.67,7,205,2,-0.4999999999999997,-0.8660254037844388,-0.37770796520396466,-0.9259247771938499,5.7571,5.6057,4.47,4.962071428571428,5.1517066666666675
2019-07-25,2.2075,29.94,78.5,99.35,1.68,10.94,7,206,2,-0.4999999999999997,-0.8660254037844388,-0.39359027665646645,-0.9192859697186105,4.9745,5.7571,3.1032,5.034142857142856,5.141723333333333
2019-07-26,2.6726,29.71,76.08,98.8,1.44,12.25,7,207,2,-0.4999999999999997,-0.8660254037844388,-0.4093559588156211,-0.9123747579707274,2.2075,4.9745,6.2261,4.906185714285714,5.028553333333333
2019-07-27,3.053,28.89,80.19,96.75,3.16,14.46,7,208,2,-0.4999999999999997,-0.8660254037844388,-0.42500033996955394,-0.9051931898913975,2.6726,2.2075,4.7222,4.398542857142857,4.905543333333332
2019-07-28,4.8216,29.72,77.63,89.02,3.49,3.6,7,209,2,-0.4999999999999997,-0.8660254037844388,-0.4405187843504952,-0.8977433935342336,3.053,2.6726,4.8502,4.160085714285715,4.798486666666666
2019-07-29,5.5056,31.02,72.45,74.36,3.35,0.64,7,210,2,-0.4999999999999997,-0.8660254037844388,-0.455906693508459,-0.8900275764346766,4.8216,3.053,5.6057,4.156,4.755286666666667
2019-07-30,4.6368,31.44,67.72,97.02,2.91,0.54,7,211,2,-0.4999999999999997,-0.8660254037844388,-0.47115950767386394,-0.8820480249558535,5.5056,4.8216,5.7571,4.1417,4.718286666666667
2019-07-31,4.5646,30.84,68.89,98.81,1.71,0.12,7,212,2,-0.4999999999999997,-0.8660254037844388,-0.4862727071086902,-0.8738071036110807,4.6368,5.5056,4.9745,3.981657142857143,4.6690700000000005
2019-08-01,5.1115,31.25,67.46,85.83,2.48,0.38,8,213,2,-0.8660254037844384,-0.5000000000000004,-0.5012418134457756,-0.8653072543632061,4.5646,4.6368,2.2075,3.9231000000000003,4.600286666666666
2019-08-02,3.4858,29.95,78.99,97.54,2.12,14.44,8,214,2,-0.8660254037844384,-0.5000000000000004,-0.5160623910158526,-0.8565509959010037,5.1115,4.5646,2.6726,4.337957142857143,4.583423333333333
2019-08-03,3.5374,28.93,83.91,96.75,2.0,3.47,8,215,2,-0.8660254037844384,-0.5000000000000004,-0.5307300481619331,-0.8475409228928312,3.4858,5.1115,3.053,4.454128571428571,4.5005299999999995
2019-08-04,3.769,29.02,84.78,97.27,0.78,7.69,8,216,2,-0.8660254037844384,-0.5000000000000004,-0.5452404385406507,-0.8382797052177745,3.5374,3.4858,4.8216,4.523328571428571,4.504683333333333
2019-08-05,4.3032,31.69,72.67,87.66,0.96,6.35,8,217,2,-0.8660254037844384,-0.5000000000000004,-0.5595892624101763,-0.828770087174504,3.769,3.5374,5.5056,4.372957142857143,4.5340533333333335
2019-08-06,1.2408,31.45,75.18,96.39,0.82,37.68,8,218,2,-0.8660254037844384,-0.5000000000000004,-0.5737722679043243,-0.8190148866680802,4.3032,3.769,4.6368,4.201185714285715,4.493460000000001
2019-08-07,4.0603,29.93,79.99,95.49,1.09,11.39,8,219,2,-0.8660254037844384,-0.5000000000000004,-0.5877852522924734,-0.8090169943749472,1.2408,4.3032,4.5646,3.716042857142857,4.362453333333333
2019-08-08,6.0029,30.2,77.19,76.8,1.6,0.16,8,220,2,-0.8660254037844384,-0.5000000000000004,-0.6016240632249227,-0.7987793728863648,4.0603,1.2408,5.1115,3.6439999999999997,4.324789999999999
2019-08-09,4.7455,29.8,77.29,88.86,4.14,1.1,8,221,2,-0.8660254037844384,-0.5000000000000004,-0.6152845999633277,-0.7883050558305253,6.0029,4.0603,3.4858,3.7713428571428573,4.405503333333333
2019-08-10,4.5415,28.97,79.33,72.21,3.47,1.32,8,222,2,-0.8660254037844384,-0.5000000000000004,-0.6287628145958345,-0.7775971469736268,4.7455,6.0029,3.5374,3.9513000000000003,4.3963600000000005
2019-08-11,5.8642,30.36,75.5,65.12,1.58,0.76,8,223,2,-0.8660254037844384,-0.5000000000000004,-0.6420547132365636,-0.7666588193001592,4.5415,4.7455,3.769,4.094742857142857,4.387496666666666
2019-08-12,4.4875,30.65,74.37,96.55,1.31,0.18,8,224,2,-0.8660254037844384,-0.5000000000000004,-0.655156357209085,-0.7554933140726804,5.8642,4.5415,4.3032,4.394057142857143,4.420626666666666
2019-08-13,3.5009,31.79,72.15,94.67,1.2,4.44,8,225,2,-0.8660254037844384,-0.5000000000000004,-0.6680638642135333,-0.7441039398713608,4.4875,5.8642,1.2408,4.420385714285714,4.392016666666667
2019-08-14,5.1958,30.87,76.14,85.7,1.43,7.16,8,226,2,-0.8660254037844384,-0.5000000000000004,-0.6807734094770159,-0.7324940716135792,3.5009,4.4875,4.0603,4.743257142857144,4.32429
2019-08-15,5.1449,29.31,82.43,84.54,2.75,12.37,8,227,2,-0.8660254037844384,-0.5000000000000004,-0.6932812268869771,-0.7206671495538615,5.1958,3.5009,6.0029,4.905471428571429,4.372363333333333
2019-08-16,4.2852,28.23,82.44,84.95,3.78,5.96,8,228,2,-0.8660254037844384,-0.5000000000000004,-0.7055836101071774,-0.70862667826446,5.1449,5.1958,4.7455,4.7829,4.405396666666666
2019-08-17,2.6755,28.22,86.93,97.98,3.64,7.53,8,229,2,-0.8660254037844384,-0.5000000000000004,-0.7176769136759615,-0.6963762255968726,4.2852,5.1449,4.5415,4.717142857142856,4.399236666666667
2019-08-18,2.8668,28.3,86.8,94.11,1.62,18.9,8,230,2,-0.8660254037844384,-0.5000000000000004,-0.7295575540864876,-0.6839194216246104,2.6755,4.2852,5.8642,4.450571428571428,4.38498
2019-08-19,5.495,29.07,79.24,61.68,1.71,3.45,8,231,2,-0.8660254037844384,-0.5000000000000004,-0.7412220108485957,-0.6712599575675315,2.8668,2.6755,4.4875,4.022371428571429,4.2730033333333335
2019-08-20,5.8116,28.76,78.17,62.51,2.06,0.46,8,232,2,-0.8660254037844384,-0.5000000000000004,-0.7526668275320083,-0.6584015846980489,5.495,2.8668,3.5009,4.1663,4.298763333333333
2019-08-21,6.0665,29.35,72.03,67.19,2.0,0.06,8,233,2,-0.8660254037844384,-0.5000000000000004,-0.7638886127905429,-0.64534811322955,5.8116,5.495,5.1958,4.4963999999999995,4.33081
2019-08-22,4.7434,29.36,69.42,90.1,1.51,0.21,8,234,2,-0.8660254037844384,-0.5000000000000004,-0.7748840413670406,-0.6321034111873488,6.0665,5.8116,5.1449,4.620785714285715,4.34617
2019-08-23,5.6438,30.45,66.36,64.41,1.14,1.71,8,235,2,-0.8660254037844384,-0.5000000000000004,-0.7856498550787144,-0.6186714032625032,4.7434,6.0665,4.2852,4.563428571428571,4.31238
2019-08-24,3.1027,31.47,63.56,98.65,1.18,0.79,8,236,2,-0.8660254037844384,-0.5000000000000004,-0.7961828637826154,-0.6050560696488494,5.6438,4.7434,2.6755,4.757514285714286,4.334689999999999
2019-08-25,3.2347,28.64,81.88,97.31,1.39,8.49,8,237,2,-0.8660254037844384,-0.5000000000000004,-0.8064799463209447,-0.5912614448635782,3.1027,5.6438,2.8668,4.818542857142857,4.36453
2019-08-26,5.9215,29.58,75.02,72.21,1.64,0.13,8,238,2,-0.8660254037844384,-0.5000000000000004,-0.8165380514459157,-0.5772916165517278,3.2347,3.1027,5.495,4.871099999999999,4.3832666666666675
2019-08-27,5.8949,30.9,70.27,64.72,1.2,0.0,8,239,2,-0.8660254037844384,-0.5000000000000004,-0.8263541987239094,-0.5631507242749187,5.9215,3.2347,5.8116,4.932028571428572,4.478883333333332
2019-08-28,6.0936,31.27,70.53,58.84,1.75,0.0,8,240,2,-0.8660254037844384,-0.5000000000000004,-0.8359254794186365,-0.5488429582847199,5.8949,5.9215,6.0665,4.943928571428572,4.51466
2019-08-29,5.4151,31.23,68.93,72.06,1.45,0.62,8,241,2,-0.8660254037844384,-0.5000000000000004,-0.8452490573530634,-0.5343725582809785,6.0936,5.8949,4.7434,4.947800000000001,4.534260000000001
2019-08-30,5.7331,30.69,72.79,66.49,0.99,0.65,8,242,2,-0.8660254037844384,-0.5000000000000004,-0.8543221697498269,-0.5197438121555157,5.4151,6.0936,5.6438,5.043757142857143,4.560203333333333
2019-08-31,5.4305,31.93,67.5,67.67,0.66,16.64,8,243,2,-0.8660254037844384,-0.5000000000000004,-0.8631421280499115,-0.5049610547215202,5.7331,5.4151,3.1027,5.056514285714286,4.599153333333334
2019-09-01,3.3125,29.96,80.35,96.24,1.62,12.23,9,244,2,-1.0,-1.8369701987210297e-16,-0.8717063187093217,-0.4900286664290594,5.4305,5.7331,3.2347,5.389057142857143,4.6097866666666665
2019-09-02,5.3261,30.74,75.19,49.42,0.81,0.32,9,245,2,-1.0,-1.8369701987210297e-16,-0.8800122039735356,-0.4749510720670502,3.3125,5.4305,5.9215,5.400171428571428,4.604010000000001
2019-09-03,4.457,32.24,65.95,69.28,0.7,0.55,9,246,2,-1.0,-1.8369701987210297e-16,-0.888057322629493,-0.4597327394521046,5.3261,3.3125,5.8949,5.3151142857142855,4.663633333333333
2019-09-04,4.0718,30.69,75.42,94.14,1.64,1.69,9,247,2,-1.0,-1.8369701987210297e-16,-0.8958392907349089,-0.4443781781046134,4.457,5.3261,6.0936,5.109699999999999,4.686566666666666
2019-09-05,4.4045,30.75,72.63,96.98,1.3,0.41,9,248,2,-1.0,-1.8369701987210297e-16,-0.9033558023246842,-0.4288919379124841,4.0718,4.457,5.4151,4.8208714285714285,4.678853333333333
2019-09-06,4.7249,30.97,72.01,81.48,0.73,0.96,9,249,2,-1.0,-1.8369701987210297e-16,-0.9106046300942162,-0.41327860778290443,4.4045,4.0718,5.7331,4.6765,4.7843100000000005
2019-09-07,3.7766,29.85,79.41,97.99,0.94,5.85,9,250,2,-1.0,-1.8369701987210297e-16,-0.9175836260593934,-0.3975428142825566,4.7249,4.4045,5.4305,4.532471428571428,4.806463333333332
2019-09-08,5.274,30.02,77.98,59.62,0.95,6.12,9,251,2,-1.0,-1.8369701987210297e-16,-0.9242907221930934,-0.3816892202666586,3.7766,4.7249,3.3125,4.2962,4.732253333333333
2019-09-09,5.502,31.25,67.66,29.06,0.83,0.88,9,252,2,-1.0,-1.8369701987210297e-16,-0.9307239310379793,-0.3657225234972692,5.274,3.7766,5.3261,4.576414285714286,4.74987
2019-09-10,5.1271,30.75,63.04,13.51,1.35,0.04,9,253,2,-1.0,-1.8369701987210297e-16,-0.9368813462954315,-0.34964745525122826,5.502,5.274,4.457,4.601542857142857,4.781886666666667
2019-09-11,5.3388,31.65,56.41,27.95,0.97,0.0,9,254,2,-1.0,-1.8369701987210297e-16,-0.9427611433904206,-0.33346877891818705,5.1271,5.502,4.0718,4.697271428571428,4.757316666666666
2019-09-12,4.4227,31.97,56.26,92.95,1.18,0.1,9,255,2,-1.0,-1.8369701987210297e-16,-0.9483615800121716,-0.31719128858910595,5.3388,5.1271,4.4045,4.878271428571429,4.785693333333334
2019-09-13,5.0551,30.92,69.42,64.07,2.18,0.45,9,256,2,-1.0,-1.8369701987210297e-16,-0.9536809966304455,-0.300819807635668,4.4227,5.3388,4.7249,4.880871428571429,4.81642
2019-09-14,4.0248,30.74,69.45,84.64,2.01,0.11,9,257,2,-1.0,-1.8369701987210297e-16,-0.9587178169872964,-0.2843591872810036,5.0551,4.4227,3.7766,4.928042857142858,4.81173
2019-09-15,3.6307,30.67,68.85,83.78,0.54,0.8,9,258,2,-1.0,-1.8369701987210297e-16,-0.9634705485641486,-0.26781430516217486,4.0248,5.0551,5.274,4.963500000000001,4.774393333333334
2019-09-16,4.991,30.9,64.08,23.08,1.4,0.62,9,259,2,-1.0,-1.8369701987210297e-16,-0.9679377830240642,-0.25119006388481957,3.6307,4.0248,5.502,4.728742857142857,4.752576666666667
2019-09-17,4.4539,30.93,62.71,54.08,1.27,1.84,9,260,2,-1.0,-1.8369701987210297e-16,-0.9721181966290612,-0.23449138957041052,4.991,3.6307,5.1271,4.655742857142856,4.829760000000001
2019-09-18,5.3858,30.89,62.45,17.16,1.41,0.0,9,261,2,-1.0,-1.8369701987210297e-16,-0.9760105506323682,-0.21772323039653224,4.4539,4.991,5.3388,4.559571428571429,4.8826633333333325
2019-09-19,4.2989,28.77,69.72,49.81,2.24,0.02,9,262,2,-1.0,-1.8369701987210297e-16,-0.9796136916454901,-0.20089055513063528,5.3858,4.4539,4.4227,4.566285714285715,4.8790233333333335
2019-09-20,4.7004,29.39,67.41,43.11,1.64,0.0,9,263,2,-1.0,-1.8369701987210297e-16,-0.9829265519799822,-0.18399835165767986,4.2989,5.3858,5.0551,4.5485999999999995,4.8286
2019-09-21,4.8463,29.76,67.61,44.45,1.0,6.45,9,264,2,-1.0,-1.8369701987210297e-16,-0.9859481499638303,-0.1670516255021195,4.7004,4.2989,4.0248,4.497928571428571,4.783063333333334
2019-09-22,2.7247,28.04,78.53,60.35,2.0,23.14,9,265,2,-1.0,-1.8369701987210297e-16,-0.9886775902323404,-0.15005539834465262,4.8463,4.7004,3.6307,4.615285714285714,4.7864933333333335
2019-09-23,4.4532,27.68,71.21,51.8,1.53,1.93,9,266,2,-1.0,-1.8369701987210297e-16,-0.9911140639934546,-0.13301470653419636,2.7247,4.8463,4.991,4.485857142857143,4.68919
2019-09-24,4.0678,27.79,73.6,35.31,1.76,1.81,9,267,2,-1.0,-1.8369701987210297e-16,-0.9932568492674143,-0.11593459959550066,4.4532,2.7247,4.4539,4.409028571428571,4.734206666666666
2019-09-25,4.241,27.42,77.18,38.24,1.93,2.43,9,268,2,-1.0,-1.8369701987210297e-16,-0.9951053111006974,-0.09882013873287211,4.0678,4.4532,5.3858,4.353871428571429,4.7619766666666665
2019-09-26,4.1194,26.89,79.1,69.11,2.56,1.55,9,269,2,-1.0,-1.8369701987210297e-16,-0.99665890175417,-0.08167639533042288,4.241,4.0678,4.2989,4.190328571428571,4.70596
2019-09-27,3.623,26.89,79.57,52.47,2.68,0.58,9,270,2,-1.0,-1.8369701987210297e-16,-0.9979171608653922,-0.06450844944931625,4.1194,4.241,4.7004,4.1646857142857145,4.646776666666667
2019-09-28,3.4404,26.62,80.73,73.99,3.31,4.52,9,271,2,-1.0,-1.8369701987210297e-16,-0.9988797155850335,-0.04732138832243232,3.623,4.1194,4.8463,4.010771428571429,4.564423333333334
2019-09-29,2.9911,26.73,75.99,80.84,2.55,1.26,9,272,2,-1.0,-1.8369701987210297e-16,-0.9995462806873573,-0.03012030484690836,3.4404,3.623,2.7247,3.8099285714285713,4.4986
2019-09-30,3.5009,26.19,77.54,55.48,2.18,0.68,9,273,2,-1.0,-1.8369701987210297e-16,-0.9999166586547379,-0.012910296075008843,2.9911,3.4404,4.4532,3.8479857142857137,4.4072000000000005
2019-10-01,3.7114,27.15,71.75,52.74,1.2,0.35,10,274,3,-0.8660254037844386,0.5000000000000001,-0.9999907397361901,0.004303538296243821,3.5009,2.9911,4.0678,3.711942857142857,4.342879999999999
2019-10-02,4.8511,27.73,66.8,13.88,0.95,0.84,10,275,3,-0.8660254037844386,0.5000000000000001,-0.9997685019798909,0.021516097436222233,3.7114,3.5009,4.241,3.661028571428571,4.356176666666667
2019-10-03,5.0525,27.1,66.03,31.32,1.18,6.74,10,276,3,-0.8660254037844386,0.5000000000000001,-0.9992500112396835,0.03872228089217399,4.8511,3.7114,4.1194,3.7481857142857145,4.340343333333333
2019-10-04,4.9428,26.16,66.92,33.31,1.71,5.18,10,277,3,-0.8660254037844386,0.5000000000000001,-0.9984354211555643,0.05591699010060302,5.0525,4.8511,3.623,3.881485714285714,4.360193333333333
2019-10-05,5.3213,25.91,62.72,10.0,2.23,0.0,10,278,3,-0.8660254037844386,0.5000000000000001,-0.9973249731081555,0.07309512989807776,4.9428,5.0525,3.4404,4.070028571428572,4.389226666666667
2019-10-06,5.227,25.77,61.28,18.08,1.82,0.0,10,279,3,-0.8660254037844386,0.5000000000000001,-0.9959189961471792,0.0902516100310407,5.3213,4.9428,2.9911,4.338728571428572,4.419786666666667
2019-10-07,4.2821,26.24,58.36,54.13,2.23,0.0,10,280,3,-0.8660254037844386,0.5000000000000001,-0.994217906893952,0.10738134666416306,5.227,5.3213,3.5009,4.658142857142857,4.436523333333333
2019-10-08,5.2685,25.98,53.89,0.01,1.76,0.0,10,281,3,-0.8660254037844386,0.5000000000000001,-0.9922222094179324,0.12447926388678869,4.2821,5.227,3.7114,4.769742857142857,4.453373333333333
2019-10-09,5.3474,26.33,52.59,3.59,1.08,0.0,10,282,3,-0.8660254037844386,0.5000000000000001,-0.989932495087353,0.141540295217043,5.2685,4.2821,4.8511,4.992185714285715,4.45319
2019-10-10,5.1269,26.1,53.16,5.94,1.21,0.0,10,283,3,-0.8660254037844386,0.5000000000000001,-0.9873494423939864,0.15855938510313475,5.3474,5.2685,5.0525,5.063085714285714,4.448036666666667
2019-10-11,4.9776,25.83,52.93,1.55,1.04,0.0,10,284,3,-0.8660254037844386,0.5000000000000001,-0.9844738167520923,0.17553149042142777,5.1269,5.3474,4.9428,5.073714285714286,4.44803
2019-10-12,4.6824,26.02,57.01,1.43,1.33,0.0,10,285,3,-0.8660254037844386,0.5000000000000001,-0.9813064702716093,0.19245158197082995,4.9776,5.1269,5.3213,5.078685714285714,4.43599
2019-10-13,4.5648,26.36,53.58,4.89,1.61,0.0,10,286,3,-0.8660254037844386,0.5000000000000001,-0.9778483415056567,0.20931464596304888,4.6824,4.9776,5.227,4.987414285714286,4.444646666666666
2019-10-14,4.5715,26.71,53.91,9.99,1.37,0.0,10,287,3,-0.8660254037844386,0.5000000000000001,-0.9741004551724206,0.22611568550828803,4.5648,4.6824,4.2821,4.892814285714286,4.428303333333333
2019-10-15,4.2965,26.41,52.14,0.6,1.33,0.0,10,288,3,-0.8660254037844386,0.5000000000000001,-0.970063921851507,0.2428497220959358,4.5715,4.5648,5.2685,4.934157142857143,4.446526666666667
2019-10-16,4.2079,26.11,51.65,1.05,1.23,0.06,10,289,3,-0.8660254037844386,0.5000000000000001,-0.965739937654855,0.25951179706979943,4.2965,4.5715,5.3474,4.7953,4.46872
2019-10-17,4.2533,26.78,52.82,1.68,0.93,0.0,10,290,3,-0.8660254037844386,0.5000000000000001,-0.9611297838723007,0.27609697309746883,4.2079,4.2965,5.1269,4.632514285714286,4.442616666666667
2019-10-18,4.0798,27.14,57.76,26.49,1.38,0.15,10,291,3,-0.8660254037844386,0.5000000000000001,-0.9562348265919058,0.2926003356333479,4.2533,4.2079,4.9776,4.507714285714286,4.43593
2019-10-19,3.5969,26.42,55.11,48.65,0.75,0.04,10,292,3,-0.8660254037844386,0.5000000000000001,-0.9510565162951536,0.30901699437494723,4.0798,4.2533,4.6824,4.3794571428571425,4.3923966666666665
2019-10-20,4.0673,24.84,47.41,28.73,1.9,0.0,10,293,3,-0.8660254037844386,0.5000000000000001,-0.9455963874271428,0.3253420847119795,3.5969,4.0798,4.5648,4.224385714285715,4.368996666666667
2019-10-21,4.597,23.85,48.9,9.13,2.41,0.0,10,294,3,-0.8660254037844386,0.5000000000000001,-0.9398560579418953,0.341570769167856,4.0673,3.5969,4.5715,4.153314285714286,4.347893333333333
2019-10-22,4.3366,23.5,45.31,29.66,2.47,0.0,10,295,3,-0.8660254037844386,0.5000000000000001,-0.9338372288229252,0.35769823883312546,4.597,4.0673,4.2965,4.156957142857143,4.339583333333334
2019-10-23,4.7086,24.15,41.77,25.89,1.76,0.0,10,296,3,-0.8660254037844386,0.5000000000000001,-0.9275416835791965,0.3737197147904692,4.3366,4.597,4.2079,4.162685714285715,4.393313333333333
2019-10-24,4.362,23.58,48.19,0.23,1.41,0.0,10,297,3,-0.8660254037844386,0.5000000000000001,-0.9209712877166347,0.38963044953078774,4.7086,4.3366,4.2533,4.234214285714286,4.4018266666666666
2019-10-25,4.1218,23.43,56.65,1.28,1.32,0.0,10,298,3,-0.8660254037844386,0.5000000000000001,-0.9141279881853337,0.4054257283599973,4.362,4.7086,4.0798,4.2497428571428575,4.4116333333333335
2019-10-26,4.0246,23.73,57.77,1.6,1.06,0.0,10,299,3,-0.8660254037844386,0.5000000000000001,-0.9070138128026362,0.42110087079608916,4.1218,4.362,3.5969,4.255742857142858,4.407659999999999
2019-10-27,3.666,23.99,48.49,8.45,1.46,0.0,10,300,3,-0.8660254037844386,0.5000000000000001,-0.8996308696522434,0.4366512319560638,4.0246,4.1218,4.0673,4.316842857142857,4.4045000000000005
2019-10-28,3.0113,24.08,49.86,46.11,1.37,0.0,10,301,3,-0.8660254037844386,0.5000000000000001,-0.8919813464595487,0.45207220393230374,3.666,4.0246,4.597,4.259514285714286,4.4059333333333335
2019-10-29,2.179,24.24,49.24,92.68,1.08,0.0,10,302,3,-0.8660254037844386,0.5000000000000001,-0.8840675099433637,0.46735921715800205,3.0113,3.666,4.3366,4.032985714285714,4.39163
2019-10-30,2.4811,25.07,42.23,70.3,1.27,0.0,10,303,3,-0.8660254037844386,0.5000000000000001,-0.8758917051442433,0.48250774176121763,2.179,3.0113,4.7086,3.7247571428571433,4.364559999999999
2019-10-31,3.6355,25.01,40.97,2.94,1.46,0.0,10,304,3,-0.8660254037844386,0.5000000000000001,-0.8674563547295971,0.4975132889071803,2.4811,2.179,4.362,3.406542857142857,4.330566666666667
2019-11-01,3.4274,24.36,46.12,38.5,1.17,0.0,11,305,3,-0.5000000000000004,0.8660254037844384,-0.858763958275803,0.5123714121284235,3.6355,2.4811,4.1218,3.3027571428571427,4.328036666666667
2019-11-02,2.7998,24.39,47.88,65.3,1.46,0.01,11,306,3,-0.5000000000000004,0.8660254037844384,-0.8498170915275277,0.5270777086423724,3.4274,3.6355,4.0246,3.203557142857143,4.28058
2019-11-03,1.8091,23.63,52.37,73.26,1.85,0.14,11,307,3,-0.5000000000000004,0.8660254037844384,-0.8406184056344783,0.5416278206559811,2.7998,3.4274,3.666,3.028585714285714,4.20549
2019-11-04,3.0098,23.43,54.12,4.87,2.51,0.14,11,308,3,-0.5000000000000004,0.8660254037844384,-0.8311706263658079,0.5560174366570446,1.8091,2.7998,3.0113,2.763314285714286,4.1010333333333335
2019-11-05,4.0262,22.74,50.83,0.86,2.48,0.0,11,309,3,-0.5000000000000004,0.8660254037844384,-0.8214765533024145,0.5702422926917867,3.0098,1.8091,2.179,2.7631,4.023983333333334
2019-11-06,3.5926,23.65,43.22,30.17,1.22,0.0,11,310,3,-0.5000000000000004,0.8660254037844384,-0.8115390590073611,0.5842981736283683,4.0262,3.0098,2.4811,3.026985714285714,3.9839566666666664
2019-11-07,1.4424,22.39,59.85,84.41,1.62,0.39,11,311,3,-0.5000000000000004,0.8660254037844384,-0.801361088174677,0.5981809144059159,3.5926,4.0262,3.6355,3.1857714285714285,3.9609733333333335
2019-11-08,3.4442,23.4,59.19,13.97,1.75,0.05,11,312,3,-0.5000000000000004,0.8660254037844384,-0.7909456567567774,0.6118864012687242,1.4424,3.5926,3.4274,2.8724714285714286,3.8334366666666666
2019-11-09,3.9118,22.78,49.6,0.37,2.4,0.0,11,313,3,-0.5000000000000004,0.8660254037844384,-0.780295851070776,0.6254105729852457,3.4442,1.4424,2.7998,2.8748714285714283,3.7699966666666667
2019-11-10,3.4238,21.62,44.3,3.75,2.41,0.0,11,314,3,-0.5000000000000004,0.8660254037844384,-0.7694148268839381,0.6387494220515268,3.9118,3.4442,1.8091,3.0337285714285716,3.729493333333333
2019-11-11,3.216,20.63,41.16,24.25,1.77,0.0,11,315,3,-0.5000000000000004,0.8660254037844384,-0.7583058084785625,0.6518989958787125,3.4238,3.9118,3.0098,3.2643999999999997,3.6777
2019-11-12,3.187,20.19,41.5,25.2,1.97,0.0,11,316,3,-0.5000000000000004,0.8660254037844384,-0.7469720876965551,0.6648553979642866,3.216,3.4238,4.0262,3.293857142857143,3.62882
2019-11-13,2.6162,21.01,43.81,66.1,1.44,0.0,11,317,3,-0.5000000000000004,0.8660254037844384,-0.7354170229639858,0.6776147890466887,3.187,3.216,3.5926,3.173971428571428,3.5828933333333333
2019-11-14,1.7074,21.87,48.01,87.88,0.99,0.0,11,318,3,-0.5000000000000004,0.8660254037844384,-0.7236440382959124,0.690173388242972,2.6162,3.187,1.4424,3.0344857142857142,3.5177166666666664
2019-11-15,2.8063,20.57,52.96,50.37,1.18,0.0,11,319,3,-0.5000000000000004,0.8660254037844384,-0.711656622281775,0.7025274741691566,1.7074,2.6162,3.4442,3.0723428571428575,3.4314133333333334
2019-11-16,3.1822,20.98,55.83,30.98,3.03,0.0,11,320,3,-0.5000000000000004,0.8660254037844384,-0.6994583270516471,0.7146733860429608,2.8063,1.7074,3.9118,2.981214285714285,3.384693333333333
2019-11-17,3.941,21.16,50.4,16.93,4.31,0.0,11,321,3,-0.5000000000000004,0.8660254037844384,-0.6870527672236675,0.7266075247685652,3.1822,2.8063,3.4238,2.876985714285714,3.34899
2019-11-18,3.8765,19.46,52.27,51.5,2.58,0.0,11,322,3,-0.5000000000000004,0.8660254037844384,-0.6744436188329457,0.7383263540031063,3.941,3.1822,3.216,2.9508714285714284,3.3443633333333334
2019-11-19,3.7176,19.71,47.71,21.27,1.52,0.0,11,323,3,-0.5000000000000004,0.8660254037844384,-0.661634618242279,0.749826401204568,3.8765,3.941,3.187,3.045228571428571,3.3536833333333336
2019-11-20,3.7123,20.23,41.92,8.21,0.83,0.0,11,324,3,-0.5000000000000004,0.8660254037844384,-0.6486295610349818,0.7611042586607742,3.7176,3.8765,2.6162,3.1210285714285715,3.342026666666667
2019-11-21,2.9566,19.58,45.38,62.64,1.14,0.0,11,325,3,-0.5000000000000004,0.8660254037844384,-0.6354323008901775,0.7721565844991641,3.7123,3.7176,1.7074,3.277614285714286,3.312536666666667
2019-11-22,2.8558,19.96,47.93,65.39,1.39,0.0,11,326,3,-0.5000000000000004,0.8660254037844384,-0.622046748440868,0.7829801036770624,2.9566,3.7123,2.8063,3.4560714285714282,3.2665366666666666
2019-11-23,2.4617,20.78,52.55,68.89,2.47,0.0,11,327,3,-0.5000000000000004,0.8660254037844384,-0.6084768701151264,0.7935716089521472,2.8558,2.9566,3.1822,3.463142857142857,3.2047766666666666
2019-11-24,2.693,21.44,58.38,72.2,2.35,0.0,11,328,3,-0.5000000000000004,0.8660254037844384,-0.594726686960764,0.8039279618328208,2.4617,2.8558,3.941,3.3602142857142856,3.141433333333333
2019-11-25,3.049,22.17,50.31,35.37,1.17,0.0,11,329,3,-0.5000000000000004,0.8660254037844384,-0.5808002734538013,0.8140460935082175,2.693,2.4617,3.8765,3.1819285714285717,3.0938066666666666
2019-11-26,2.7852,21.61,54.3,77.4,1.41,0.0,11,330,3,-0.5000000000000004,0.8660254037844384,-0.5667017562911184,0.8239230057575536,3.049,2.693,3.7176,3.063714285714286,3.0612866666666667
2019-11-27,2.4283,20.46,58.52,47.43,1.94,0.2,11,331,3,-0.5000000000000004,0.8660254037844384,-0.5524353131676203,0.8335557718385695,2.7852,3.049,3.7123,2.9305142857142856,3.0319266666666667
2019-11-28,1.7966,19.89,79.52,49.36,3.16,8.52,11,332,3,-0.5000000000000004,0.8660254037844384,-0.5380051715382992,0.8429415373547832,2.4283,2.7852,2.9566,2.7470857142857144,3.012493333333333
2019-11-29,2.7509,18.32,80.21,4.04,1.51,4.15,11,333,3,-0.5000000000000004,0.8660254037844384,-0.5234156073655503,0.8520775211013093,1.7966,2.4283,2.8558,2.5813714285714284,2.9997466666666663
2019-11-30,2.8296,16.88,64.27,7.4,1.83,0.0,11,334,3,-0.5000000000000004,0.8660254037844384,-0.5086709438521042,0.8609610158889945,2.7509,1.7966,2.4617,2.5663857142857145,3.00874
2019-12-01,2.9016,15.73,52.23,7.47,1.93,0.0,12,335,0,-2.4492935982947064e-16,1.0,-0.49377555015997737,0.8695893893466109,2.8296,2.7509,2.693,2.6189428571428572,2.9818766666666665
2019-12-02,3.4769,15.02,46.21,0.78,2.05,0.0,12,336,0,-2.4492935982947064e-16,1.0,-0.4787338401157883,0.8779600847008883,2.9016,2.8296,3.049,2.648742857142857,2.96435
2019-12-03,3.8966,15.21,44.3,10.8,2.03,0.0,12,337,0,-2.4492935982947064e-16,1.0,-0.4635502709028512,0.8860706215341378,3.4769,2.9016,2.7852,2.7098714285714287,2.9869199999999996
2019-12-04,3.3168,15.45,38.96,40.35,1.43,0.0,12,338,0,-2.4492935982947064e-16,1.0,-0.4482293417404106,0.893918596519257,3.8966,3.4769,2.4283,2.868642857142857,3.056503333333333
2019-12-05,2.7648,16.07,38.18,58.47,0.75,0.0,12,339,0,-2.4492935982947064e-16,1.0,-0.4327755925504317,0.9015016841318838,3.3168,3.8966,1.7966,2.9955714285714286,3.0667366666666664
2019-12-06,2.6335,16.89,40.5,70.05,0.73,0.0,12,340,0,-2.4492935982947064e-16,1.0,-0.41719360261231697,0.9088176373395028,2.7648,3.3168,2.7509,3.1338857142857144,3.0246899999999997
2019-12-07,2.7178,17.61,45.3,9.62,0.92,0.0,12,341,0,-2.4492935982947064e-16,1.0,-0.4014879892059737,0.9158642882672868,2.6335,2.7648,2.8296,3.117114285714286,2.99272
2019-12-08,2.6292,17.15,49.85,4.78,0.96,0.0,12,342,0,-2.4492935982947064e-16,1.0,-0.38566340624360745,0.9226395488404875,2.7178,2.6335,2.9016,3.101142857142857,3.0352333333333332
2019-12-09,2.4842,15.48,51.06,6.07,0.96,0.0,12,343,0,-2.4492935982947064e-16,1.0,-0.3697245428906732,0.9291414114031743,2.6292,2.7178,3.4769,3.0622285714285717,3.0080666666666667
2019-12-10,2.5133,15.88,44.54,11.15,1.22,0.0,12,344,0,-2.4492935982947064e-16,1.0,-0.35367612217637207,0.935367949313148,2.4842,2.6292,3.8966,2.920414285714286,2.96048
2019-12-11,2.047,16.45,43.17,64.13,0.89,0.0,12,345,0,-2.4492935982947064e-16,1.0,-0.33752289959411347,0.941317317512847,2.5133,2.4842,3.3168,2.7228000000000003,2.93013
2019-12-12,1.3092,15.52,62.93,96.78,2.19,12.65,12,346,0,-2.4492935982947064e-16,1.0,-0.32126966169236515,0.9469877530760751,2.047,2.5133,2.7648,2.5414,2.891163333333333
2019-12-13,0.8659,15.18,87.83,91.43,2.0,26.34,12,347,0,-2.4492935982947064e-16,1.0,-0.3049212246562894,0.9523775757303973,1.3092,2.047,2.6335,2.3334571428571427,2.82857
2019-12-14,1.9985,13.77,70.02,73.72,1.11,0.1,12,348,0,-2.4492935982947064e-16,1.0,-0.2884824328806098,0.9574851883550389,0.8659,1.3092,2.7178,2.080942857142857,2.770226666666667
2019-12-15,2.6009,13.01,58.09,28.71,1.69,0.0,12,349,0,-2.4492935982947064e-16,1.0,-0.27195815753410524,0.9623090774541487,1.9985,0.8659,2.6292,1.9781857142857144,2.77993
2019-12-16,0.8014,11.31,69.08,88.07,2.14,0.0,12,350,0,-2.4492935982947064e-16,1.0,-0.2553532951161881,0.9668478136052773,2.6009,1.9985,2.4842,1.9741428571428572,2.7730833333333336
2019-12-17,1.038,10.7,68.59,85.33,2.08,0.0,12,351,0,-2.4492935982947064e-16,1.0,-0.23867276600594997,0.9711000518829505,0.8014,2.6009,2.5133,1.7337428571428573,2.6937233333333332
2019-12-18,2.221,10.32,61.57,75.48,1.93,0.0,12,352,0,-2.4492935982947064e-16,1.0,-0.22192151300416674,0.9750645322571945,1.038,0.8014,2.047,1.5229857142857142,2.596956666666667
2019-12-19,1.5792,11.15,53.53,77.13,1.22,0.0,12,353,0,-2.4492935982947064e-16,1.0,-0.20510449986861926,0.9787400799669153,2.221,1.038,1.3092,1.547842857142857,2.5417733333333334
2019-12-20,1.8826,12.84,53.73,85.31,1.25,0.0,12,354,0,-2.4492935982947064e-16,1.0,-0.1882267098432439,0.9821256058680006,1.5792,2.221,0.8659,1.5864142857142858,2.470493333333333
2019-12-21,1.8437,14.46,61.31,68.32,1.78,0.0,12,355,0,-2.4492935982947064e-16,1.0,-0.1712931441814778,0.9852201067560606,1.8826,1.5792,1.9985,1.731657142857143,2.4095033333333333
2019-12-22,2.033,12.17,61.69,75.16,2.25,0.0,12,356,0,-2.4492935982947064e-16,1.0,-0.154308820664281,0.9880226656636976,1.8437,1.8826,2.6009,1.7095428571428573,2.372406666666667
2019-12-23,2.069,11.95,52.72,69.4,1.84,0.0,12,357,0,-2.4492935982947064e-16,1.0,-0.13727877211326517,0.9905324521322227,2.033,1.8437,0.8014,1.6284142857142856,2.34498
2019-12-24,2.1506,10.65,50.31,57.3,1.22,0.0,12,358,0,-2.4492935982947064e-16,1.0,-0.12020804489935275,0.9927487224577402,2.069,2.033,1.038,1.8095,2.3318900000000005
2019-12-25,1.8991,9.79,53.33,76.22,1.92,0.0,12,359,0,-2.4492935982947064e-16,1.0,-0.10310169744743544,0.9946708199115211,2.1506,2.069,2.221,1.9684428571428572,2.3138099999999997
2019-12-26,2.2025,9.14,52.22,63.44,2.24,0.0,12,360,0,-2.4492935982947064e-16,1.0,-0.0859647987374467,0.9962981749346077,1.8991,2.1506,1.5792,1.9224571428571429,2.27548
2019-12-27,2.2205,7.52,60.38,54.13,1.53,0.0,12,361,0,-2.4492935982947064e-16,1.0,-0.06880242680232064,0.9976303053065857,2.2025,1.8991,1.8826,2.0115000000000003,2.2560566666666664
2019-12-28,1.6094,7.48,56.31,68.68,1.36,0.0,12,362,0,-2.4492935982947064e-16,1.0,-0.05161966722325418,0.9986668162884759,2.2205,2.2025,1.8437,2.0597714285714286,2.24913
2019-12-29,1.8977,8.9,49.97,54.52,1.01,0.0,12,363,0,-2.4492935982947064e-16,1.0,-0.034421611622745804,0.9994074007397048,1.6094,2.2205,2.033,2.0263,2.2428900000000005
2019-12-30,0.6996,8.55,54.65,97.53,1.46,0.0,12,364,0,-2.4492935982947064e-16,1.0,-0.01721335615583528,0.9998518392091162,1.8977,1.6094,2.069,2.0069714285714286,2.2144500000000003
2019-12-31,2.057,8.04,56.81,66.67,1.19,0.0,12,365,0,-2.4492935982947064e-16,1.0,6.432490598706546e-16,1.0,0.6996,1.8977,2.1506,1.8113428571428571,2.14345
2020-01-01,2.8546,10.65,48.65,69.85,1.54,0.0,1,1,0,0.49999999999999994,0.8660254037844387,0.017213356155834685,0.9998518392091162,2.057,0.6996,1.8991,1.7979714285714283,2.1152966666666666
2020-01-02,3.0194,12.48,72.65,45.45,1.48,0.06,1,2,0,0.49999999999999994,0.8660254037844387,0.03442161162274574,0.9994074007397048,2.8546,2.057,2.2025,1.9344714285714286,2.0945533333333333
2020-01-03,3.0859,14.64,74.02,8.07,1.14,0.06,1,3,0,0.49999999999999994,0.8660254037844387,0.051619667223253764,0.998666816288476,3.0194,2.8546,2.2205,2.051171428571428,2.065313333333333
2020-01-04,2.5205,13.88,66.9,11.58,1.38,0.09,1,4,0,0.49999999999999994,0.8660254037844387,0.06880242680231986,0.9976303053065857,3.0859,3.0194,1.6094,2.1748,2.0576166666666666
2020-01-05,2.9916,12.81,54.56,36.86,1.61,0.0,1,5,0,0.49999999999999994,0.8660254037844387,0.08596479873744647,0.9962981749346078,2.5205,3.0859,1.8977,2.3049571428571434,2.0494733333333333
2020-01-06,1.5031,13.7,55.23,90.59,1.5,0.02,1,6,0,0.49999999999999994,0.8660254037844387,0.10310169744743485,0.9946708199115211,2.9916,2.5205,0.6996,2.4612285714285713,2.06141
2020-01-07,1.6507,14.59,75.14,97.67,2.0,0.89,1,7,0,0.49999999999999994,0.8660254037844387,0.1202080448993527,0.9927487224577402,1.5031,2.9916,2.057,2.576014285714286,2.02092
2020-01-08,0.6134,13.18,86.74,95.63,1.79,9.69,1,8,0,0.49999999999999994,0.8660254037844387,0.13727877211326478,0.9905324521322229,1.6507,1.5031,2.8546,2.5179714285714287,1.9883033333333333
2020-01-09,2.9129,9.67,67.72,48.45,2.59,0.15,1,9,0,0.49999999999999994,0.8660254037844387,0.15430882066428117,0.9880226656636976,0.6134,1.6507,3.0194,2.1978,1.9259433333333333
2020-01-10,3.786,8.99,55.02,29.24,2.1,0.0,1,10,0,0.49999999999999994,0.8660254037844387,0.1712931441814776,0.9852201067560606,2.9129,0.6134,3.0859,2.1825857142857146,1.9392633333333333
2020-01-11,3.7214,10.4,43.57,34.7,1.54,0.0,1,11,0,0.49999999999999994,0.8660254037844387,0.1882267098432442,0.9821256058680006,3.786,2.9129,2.5205,2.2826,1.9972299999999998
2020-01-12,3.695,13.13,38.27,32.94,1.22,0.0,1,12,0,0.49999999999999994,0.8660254037844387,0.2051044998686192,0.9787400799669153,3.7214,3.786,2.9916,2.454157142857143,2.077636666666667
2020-01-13,2.2711,14.82,57.85,81.58,2.15,0.27,1,13,0,0.49999999999999994,0.8660254037844387,0.2219215130041655,0.9750645322571948,3.695,3.7214,1.5031,2.554642857142857,2.1719399999999998
2020-01-14,2.2894,14.25,70.79,40.22,1.43,0.02,1,14,0,0.49999999999999994,0.8660254037844387,0.2386727660059501,0.9711000518829505,2.2711,3.695,1.6507,2.664357142857143,2.1810266666666664
2020-01-15,2.5512,13.32,67.25,33.65,1.33,0.0,1,15,0,0.49999999999999994,0.8660254037844387,0.255353295116187,0.9668478136052775,2.2894,2.2711,0.6134,2.7556000000000003,2.170643333333333
2020-01-16,1.2043,12.64,81.97,92.38,1.96,3.03,1,16,0,0.49999999999999994,0.8660254037844387,0.2719581575341055,0.9623090774541486,2.5512,2.2894,2.9129,3.0324285714285715,2.22897
2020-01-17,2.3383,12.85,76.27,66.86,1.57,7.54,1,17,0,0.49999999999999994,0.8660254037844387,0.288482432880609,0.9574851883550393,1.2043,2.5512,3.786,2.7883428571428572,2.2345133333333336
2020-01-18,1.6865,12.95,67.51,61.15,1.3,0.0,1,18,0,0.49999999999999994,0.8660254037844387,0.30492122465628907,0.9523775757303974,2.3383,1.2043,3.7214,2.581528571428571,2.238423333333333
2020-01-19,3.1397,11.06,66.46,43.63,1.92,0.0,1,19,0,0.49999999999999994,0.8660254037844387,0.3212696616923644,0.9469877530760753,1.6865,2.3383,3.695,2.290828571428572,2.242
2020-01-20,2.2138,11.01,67.55,97.7,1.42,0.0,1,20,0,0.49999999999999994,0.8660254037844387,0.3375228995941133,0.9413173175128471,3.1397,1.6865,2.2711,2.2115,2.2839033333333334
2020-01-21,2.4365,13.13,50.6,66.59,1.18,0.0,1,21,0,0.49999999999999994,0.8660254037844387,0.3536761221763716,0.9353679493131483,2.2138,3.1397,2.2894,2.203314285714286,2.29624
2020-01-22,2.647,12.91,51.7,43.47,2.05,0.0,1,22,0,0.49999999999999994,0.8660254037844387,0.3697245428906731,0.9291414114031743,2.4365,2.2138,2.5512,2.2243285714285714,2.3096900000000002
2020-01-23,4.1803,11.36,58.68,15.51,3.52,0.0,1,23,0,0.49999999999999994,0.8660254037844387,0.38566340624360707,0.9226395488404876,2.647,2.4365,1.2043,2.2380142857142857,2.328956666666667
2020-01-24,4.5626,11.46,48.89,18.95,2.95,0.0,1,24,0,0.49999999999999994,0.8660254037844387,0.401487989205973,0.9158642882672872,4.1803,2.647,2.3383,2.6631571428571426,2.3966133333333337
2020-01-25,3.8746,11.77,47.91,15.37,1.42,0.0,1,25,0,0.49999999999999994,0.8660254037844387,0.4171936026123168,0.9088176373395029,4.5626,4.1803,1.6865,2.9809142857142854,2.4853966666666665
2020-01-26,4.032,14.12,54.88,11.01,1.62,0.0,1,26,0,0.49999999999999994,0.8660254037844387,0.4327755925504312,0.901501684131884,3.8746,4.5626,3.1397,3.2935000000000003,2.5411333333333332
2020-01-27,2.5303,15.98,58.08,80.24,1.66,0.44,1,27,0,0.49999999999999994,0.8660254037844387,0.4482293417404106,0.893918596519257,4.032,3.8746,2.2138,3.4209714285714283,2.601516666666667
2020-01-28,2.387,14.23,74.55,79.39,1.93,5.96,1,28,0,0.49999999999999994,0.8660254037844387,0.4635502709028509,0.886070621534138,2.5303,4.032,2.4365,3.4661857142857144,2.6322133333333335
2020-01-29,3.6922,13.94,68.64,32.03,1.27,1.26,1,29,0,0.49999999999999994,0.8660254037844387,0.47873384011578846,0.8779600847008882,2.387,2.5303,2.647,3.4591142857142856,2.648523333333334
2020-01-30,4.3414,12.01,61.52,1.72,2.38,0.0,1,30,0,0.49999999999999994,0.8660254037844387,0.49377555015997715,0.869589389346611,3.6922,2.387,4.1803,3.6084285714285715,2.748276666666667
2020-01-31,4.1878,11.83,57.77,9.48,1.81,0.0,1,31,0,0.49999999999999994,0.8660254037844387,0.5086709438521044,0.8609610158889943,4.3414,3.6922,4.5626,3.631442857142857,2.8244233333333333
2020-02-01,4.1652,12.39,53.14,9.68,1.35,0.0,2,32,0,0.8660254037844386,0.5000000000000001,0.5234156073655503,0.8520775211013093,4.1878,4.3414,3.8746,3.5779,2.868863333333334
2020-02-02,4.1856,11.46,59.41,15.19,2.04,0.0,2,33,0,0.8660254037844386,0.5000000000000001,0.5380051715382996,0.8429415373547828,4.1652,4.1878,4.032,3.6194142857142855,2.907056666666667
2020-02-03,4.4395,12.08,55.59,1.5,1.49,0.0,2,34,0,0.8660254037844386,0.5000000000000001,0.5524353131676196,0.8335557718385699,4.1856,4.1652,2.5303,3.6413571428571427,2.943713333333333
2020-02-04,3.895,12.61,49.46,10.0,1.2,0.0,2,35,0,0.8660254037844386,0.5000000000000001,0.5667017562911176,0.8239230057575542,4.4395,4.1856,2.387,3.9141,3.0076799999999997
2020-02-05,3.8258,12.66,51.35,25.14,2.04,0.0,2,36,0,0.8660254037844386,0.5000000000000001,0.5808002734538009,0.8140460935082178,3.895,4.4395,3.6922,4.129528571428571,3.0377933333333336
2020-02-06,4.0495,12.14,53.86,0.42,1.41,0.0,2,37,0,0.8660254037844386,0.5000000000000001,0.5947266869607634,0.8039279618328213,3.8258,3.895,4.3414,4.148614285714285,3.115216666666667
2020-02-07,4.0951,12.41,51.66,5.04,1.57,0.0,2,38,0,0.8660254037844386,0.5000000000000001,0.6084768701151261,0.7935716089521474,4.0495,3.8258,4.1878,4.106914285714287,3.1951766666666668
2020-02-08,4.2907,11.94,56.28,0.17,1.89,0.0,2,39,0,0.8660254037844386,0.5000000000000001,0.6220467484408675,0.7829801036770629,4.0951,4.0495,4.1652,4.093671428571429,3.3112333333333335
2020-02-09,4.2919,12.83,53.56,34.06,1.51,0.0,2,40,0,0.8660254037844386,0.5000000000000001,0.6354323008901774,0.7721565844991642,4.2907,4.0951,4.1856,4.1116,3.35716
2020-02-10,4.2086,13.52,48.55,5.69,1.55,0.0,2,41,0,0.8660254037844386,0.5000000000000001,0.6486295610349814,0.7611042586607747,4.2919,4.2907,4.4395,4.126785714285714,3.3740233333333336
2020-02-11,4.1566,14.23,48.24,18.51,1.37,0.0,2,42,0,0.8660254037844386,0.5000000000000001,0.6616346182422783,0.7498264012045686,4.2086,4.2919,3.895,4.0938,3.390263333333334
2020-02-12,4.2893,15.65,49.44,11.35,2.32,0.0,2,43,0,0.8660254037844386,0.5000000000000001,0.6744436188329455,0.7383263540031065,4.1566,4.2086,3.8258,4.131171428571429,3.40565
2020-02-13,4.7815,18.71,51.77,1.7,3.6,0.0,2,44,0,0.8660254037844386,0.5000000000000001,0.6870527672236669,0.7266075247685656,4.2893,4.1566,4.0495,4.197385714285715,3.4729233333333336
2020-02-14,5.1288,17.74,47.16,4.34,4.06,0.0,2,45,0,0.8660254037844386,0.5000000000000001,0.699458327051647,0.7146733860429609,4.7815,4.2893,4.0951,4.301957142857143,3.5559933333333333
2020-02-15,5.4775,15.62,40.25,0.47,2.85,0.0,2,46,0,0.8660254037844386,0.5000000000000001,0.7116566222817746,0.7025274741691571,5.1288,4.7815,4.2907,4.449628571428572,3.6419133333333336
2020-02-16,5.3304,16.12,38.31,0.26,2.05,0.0,2,47,0,0.8660254037844386,0.5000000000000001,0.7236440382959124,0.6901733882429719,5.4775,5.1288,4.2919,4.619171428571428,3.7843533333333332
2020-02-17,5.1674,16.46,35.09,5.71,2.16,0.0,2,48,0,0.8660254037844386,0.5000000000000001,0.7354170229639855,0.6776147890466889,5.3304,5.4775,4.2086,4.767528571428572,3.88409
2020-02-18,5.4437,16.31,35.2,8.82,2.16,0.0,2,49,0,0.8660254037844386,0.5000000000000001,0.7469720876965552,0.6648553979642865,5.1674,5.3304,4.1566,4.9045,4.00012
2020-02-19,4.1753,18.39,32.59,66.41,2.3,0.0,2,50,0,0.8660254037844386,0.5000000000000001,0.7583058084785624,0.6518989958787126,5.4437,5.1674,4.2893,5.0883714285714285,4.07692
2020-02-20,4.3613,19.08,41.89,57.03,3.74,1.75,2,51,0,0.8660254037844386,0.5000000000000001,0.7694148268839378,0.6387494220515272,4.1753,5.4437,4.7815,5.0720857142857145,4.1423033333333334
2020-02-21,1.7657,17.18,66.77,72.83,3.3,9.08,2,52,0,0.8660254037844386,0.5000000000000001,0.7802958510707755,0.6254105729852464,4.3613,4.1753,5.1288,5.012057142857143,4.206463333333334
2020-02-22,3.4634,17.31,69.15,25.89,1.65,0.08,2,53,0,0.8660254037844386,0.5000000000000001,0.7909456567567772,0.6118864012687243,1.7657,4.3613,5.4775,4.531614285714285,4.177086666666667
2020-02-23,3.5414,19.26,58.34,30.83,0.89,0.29,2,54,0,0.8660254037844386,0.5000000000000001,0.8013610881746766,0.5981809144059165,3.4634,1.7657,5.3304,4.243885714285715,4.1531899999999995
2020-02-24,4.3944,18.91,57.48,2.65,1.87,0.0,2,55,0,0.8660254037844386,0.5000000000000001,0.8115390590073611,0.5842981736283683,3.5414,3.4634,5.1674,3.9883142857142855,4.11915
2020-02-25,4.439,18.45,54.38,19.05,1.66,0.57,2,56,0,0.8660254037844386,0.5000000000000001,0.8214765533024142,0.5702422926917871,4.3944,3.5414,5.4437,3.8778857142857137,4.136476666666667
2020-02-26,4.6152,18.91,58.02,10.41,1.5,0.0,2,57,0,0.8660254037844386,0.5000000000000001,0.8311706263658079,0.5560174366570446,4.439,4.3944,4.1753,3.7343571428571423,4.150043333333333
2020-02-27,3.9708,18.11,62.36,53.52,1.56,0.0,2,58,0,0.8660254037844386,0.5000000000000001,0.8406184056344782,0.5416278206559814,4.6152,4.439,4.3613,3.7971999999999997,4.219539999999999
2020-02-28,3.9799,19.58,61.01,72.74,2.91,0.0,2,59,0,0.8660254037844386,0.5000000000000001,0.8498170915275278,0.5270777086423722,3.9708,4.6152,1.7657,3.7414142857142854,4.272333333333333
2020-02-29,3.9017,19.94,66.2,60.65,2.61,5.39,2,60,0,0.8660254037844386,0.5000000000000001,0.8587639582758029,0.5123714121284237,3.9799,3.9708,3.4634,4.057728571428571,4.281923333333333
2020-03-01,4.9493,20.47,65.14,33.25,1.48,1.02,3,61,1,1.0,6.123233995736766e-17,0.8674563547295969,0.49751328890718066,3.9017,3.9799,3.5414,4.120342857142857,4.267266666666667
2020-03-02,4.8799,20.93,53.4,7.85,1.14,0.0,3,62,1,1.0,6.123233995736766e-17,0.8758917051442429,0.48250774176121847,4.9493,3.9017,4.3944,4.321471428571429,4.292649999999999
2020-03-03,4.8048,21.0,48.75,2.91,1.48,0.0,3,63,1,1.0,6.123233995736766e-17,0.8840675099433636,0.4673592171580022,4.8799,4.9493,4.439,4.390828571428571,4.316473333333334
2020-03-04,4.2782,21.23,52.15,39.59,1.48,4.16,3,64,1,1.0,6.123233995736766e-17,0.8919813464595485,0.45207220393230435,4.8048,4.8799,4.6152,4.443085714285714,4.337113333333334
2020-03-05,4.188,20.19,71.64,70.47,2.43,6.15,3,65,1,1.0,6.123233995736766e-17,0.8996308696522433,0.43665123195606403,4.2782,4.8048,3.9708,4.3949428571428575,4.331736666666667
2020-03-06,3.3353,17.96,81.39,89.32,3.09,37.97,3,66,1,1.0,6.123233995736766e-17,0.9070138128026359,0.4211008707960896,4.188,4.2782,3.9799,4.425971428571429,4.341503333333334
2020-03-07,3.3718,18.0,66.53,55.79,1.47,0.16,3,67,1,1.0,6.123233995736766e-17,0.9141279881853337,0.40542572835999735,3.3353,4.188,3.9017,4.333885714285715,4.325153333333333
2020-03-08,5.6021,18.14,55.99,22.31,1.67,0.0,3,68,1,1.0,6.123233995736766e-17,0.9209712877166346,0.38963044953078796,3.3718,3.3353,4.9493,4.258185714285714,4.3025633333333335
2020-03-09,5.9021,17.52,55.0,2.23,2.89,0.0,3,69,1,1.0,6.123233995736766e-17,0.9275416835791966,0.37371971479046906,5.6021,3.3718,4.8799,4.351442857142858,4.352796666666666
2020-03-10,5.1713,18.18,48.01,39.91,1.34,0.0,3,70,1,1.0,6.123233995736766e-17,0.9338372288229252,0.35769823883312546,5.9021,5.6021,4.8048,4.497471428571429,4.40651
2020-03-11,4.7047,19.97,63.72,58.44,2.35,0.53,3,71,1,1.0,6.123233995736766e-17,0.9398560579418954,0.3415707691678556,5.1713,5.9021,4.2782,4.549828571428572,4.4358233333333335
2020-03-12,5.2574,21.01,62.18,38.62,2.09,1.86,3,72,1,1.0,6.123233995736766e-17,0.9455963874271426,0.3253420847119801,4.7047,5.1713,4.188,4.610757142857143,4.4523600000000005
2020-03-13,5.6726,20.02,43.93,18.09,1.36,1.99,3,73,1,1.0,6.123233995736766e-17,0.9510565162951535,0.30901699437494745,5.2574,4.7047,3.3353,4.763528571428572,4.489053333333334
2020-03-14,3.7512,16.97,59.4,57.08,1.48,4.09,3,74,1,1.0,6.123233995736766e-17,0.9562348265919056,0.29260033563334836,5.6726,5.2574,3.3718,5.097428571428572,4.535163333333332
2020-03-15,5.4192,17.73,54.72,20.73,0.9,2.8,3,75,1,1.0,6.123233995736766e-17,0.9611297838723007,0.27609697309746883,3.7512,5.6726,5.6021,5.151628571428572,4.50082
2020-03-16,4.7419,19.27,55.0,44.23,1.48,0.0,3,76,1,1.0,6.123233995736766e-17,0.9657399376548549,0.2595117970697999,5.4192,3.7512,5.9021,5.125500000000001,4.5104999999999995
2020-03-17,6.1486,20.39,51.54,0.36,2.13,0.0,3,77,1,1.0,6.123233995736766e-17,0.9700639218515071,0.2428497220959356,4.7419,5.4192,5.1713,4.959757142857143,4.48598
2020-03-18,5.9179,21.42,50.0,18.07,2.15,0.0,3,78,1,1.0,6.123233995736766e-17,0.9741004551724205,0.22611568550828828,6.1486,4.7419,4.7047,5.099371428571429,4.513253333333333
2020-03-19,6.0355,22.65,53.47,18.42,1.58,0.0,3,79,1,1.0,6.123233995736766e-17,0.9778483415056568,0.20931464596304847,5.9179,6.1486,5.2574,5.272685714285714,4.53827
2020-03-20,5.101,23.72,50.62,64.71,0.97,0.01,3,80,1,1.0,6.123233995736766e-17,0.9813064702716093,0.19245158197082998,6.0355,5.9179,5.6726,5.383842857142858,4.557996666666667
2020-03-21,5.1722,24.72,44.77,49.27,0.81,0.0,3,81,1,1.0,6.123233995736766e-17,0.9844738167520922,0.1755314904214282,5.101,6.0355,3.7512,5.302185714285714,4.588853333333334
2020-03-22,6.2294,24.18,45.67,27.04,1.74,0.0,3,82,1,1.0,6.123233995736766e-17,0.9873494423939864,0.15855938510313475,5.1722,5.101,5.4192,5.505185714285714,4.615883333333334
2020-03-23,5.7492,23.77,48.31,53.63,1.37,0.0,3,83,1,1.0,6.123233995736766e-17,0.989932495087353,0.141540295217043,6.2294,5.1722,4.7419,5.620928571428571,4.7646733333333335
2020-03-24,4.1554,24.48,48.4,80.07,1.34,0.48,3,84,1,1.0,6.123233995736766e-17,0.9922222094179323,0.12447926388678915,5.7492,6.2294,6.1486,5.7648285714285725,4.840866666666667
2020-03-25,5.9969,25.36,48.98,45.32,2.13,0.0,3,85,1,1.0,6.123233995736766e-17,0.994217906893952,0.10738134666416309,4.1554,5.7492,5.9179,5.480085714285715,4.8613333333333335
2020-03-26,3.6838,24.0,54.76,81.67,2.63,0.24,3,86,1,1.0,6.123233995736766e-17,0.995918996147179,0.09025161003104117,5.9969,4.1554,6.0355,5.491371428571428,4.914750000000001
2020-03-27,3.2815,22.54,63.23,79.48,2.21,3.74,3,87,1,1.0,6.123233995736766e-17,0.9973249731081555,0.07309512989807777,3.6838,5.9969,5.101,5.1554142857142855,4.889576666666667
2020-03-28,6.9158,22.74,55.7,7.07,2.32,0.04,3,88,1,1.0,6.123233995736766e-17,0.9984354211555643,0.055916990100603484,3.2815,3.6838,5.1722,4.895485714285714,4.84512
2020-03-29,6.7966,23.1,45.17,0.18,3.21,0.0,3,89,1,1.0,6.123233995736766e-17,0.9992500112396835,0.03872228089217446,6.9158,3.2815,6.2294,5.144571428571429,4.943286666666667
2020-03-30,6.9031,22.86,46.48,9.91,2.92,0.0,3,90,1,1.0,6.123233995736766e-17,0.9997685019798909,0.021516097436222254,6.7966,6.9158,5.7492,5.2256,5.037176666666666
2020-03-31,5.9753,23.69,47.46,47.68,2.64,0.01,3,91,1,1.0,6.123233995736766e-17,0.9999907397361901,0.004303538296244289,6.9031,6.7966,4.1554,5.390442857142857,5.137223333333333
2020-04-01,6.6914,25.71,49.42,13.73,1.82,0.67,4,92,1,0.8660254037844387,-0.4999999999999998,0.9999166586547379,-0.01291029607500882,5.9753,6.9031,5.9969,5.650428571428571,5.171423333333333
2020-04-02,6.7226,24.36,46.16,11.81,3.13,0.0,4,93,1,0.8660254037844387,-0.4999999999999998,0.9995462806873573,-0.030120304846908114,6.6914,5.9753,3.6838,5.749642857142858,5.231806666666667
2020-04-03,7.2497,23.15,40.75,17.43,2.95,0.0,4,94,1,0.8660254037844387,-0.4999999999999998,0.9988797155850336,-0.04732138832243185,6.7226,6.6914,3.2815,6.183757142857142,5.295733333333334
2020-04-04,7.2694,23.96,39.21,0.25,2.5,0.0,4,95,1,0.8660254037844387,-0.4999999999999998,0.9979171608653922,-0.06450844944931623,7.2497,6.7226,6.9158,6.750642857142856,5.394783333333334
2020-04-05,6.6307,25.81,39.12,11.89,1.53,0.0,4,96,1,0.8660254037844387,-0.4999999999999998,0.9966589017541702,-0.08167639533042241,7.2694,7.2497,6.7966,6.801157142857143,5.497496666666666
2020-04-06,7.0678,26.62,34.49,7.84,2.46,0.0,4,97,1,0.8660254037844387,-0.4999999999999998,0.9951053111006976,-0.09882013873287143,6.6307,7.2694,6.9031,6.777457142857143,5.607343333333334
2020-04-07,6.793,26.81,37.94,53.1,2.7,0.0,4,98,1,0.8660254037844387,-0.4999999999999998,0.9932568492674143,-0.11593459959550041,7.0678,6.6307,5.9753,6.800985714285714,5.730543333333332
2020-04-08,6.9754,25.96,40.49,24.89,2.63,0.0,4,99,1,0.8660254037844387,-0.4999999999999998,0.9911140639934547,-0.1330147065341959,6.793,7.0678,6.6914,6.917800000000001,5.77024
2020-04-09,6.7774,25.51,38.14,46.01,2.49,0.0,4,100,1,0.8660254037844387,-0.4999999999999998,0.9886775902323405,-0.1500553983446526,6.9754,6.793,6.7226,6.9583714285714295,5.806016666666666
2020-04-10,6.8366,27.89,35.3,18.56,2.15,0.0,4,101,1,0.8660254037844387,-0.4999999999999998,0.9859481499638304,-0.16705162550211924,6.7774,6.9754,7.2497,6.966200000000001,5.859553333333333
2020-04-11,6.8945,29.14,35.87,21.55,1.97,0.0,4,102,1,0.8660254037844387,-0.4999999999999998,0.9829265519799822,-0.18399835165768005,6.8366,6.7774,7.2694,6.907185714285714,5.930616666666666
2020-04-12,7.0392,28.96,36.52,39.87,2.87,0.0,4,103,1,0.8660254037844387,-0.4999999999999998,0.9796136916454901,-0.20089055513063506,6.8945,6.8366,6.6307,6.853628571428572,5.985186666666666
2020-04-13,6.7178,30.33,39.78,46.34,2.47,0.0,4,104,1,0.8660254037844387,-0.4999999999999998,0.9760105506323683,-0.21772323039653177,7.0392,6.8945,7.0678,6.911985714285715,6.03074
2020-04-14,5.6674,32.34,36.41,82.57,0.98,0.0,4,105,1,0.8660254037844387,-0.4999999999999998,0.9721181966290613,-0.23449138957040985,6.7178,7.0392,6.793,6.861985714285715,6.129626666666667
2020-04-15,6.1212,31.98,27.76,54.43,1.65,0.0,4,106,1,0.8660254037844387,-0.4999999999999998,0.9679377830240642,-0.25119006388481935,5.6674,6.7178,6.9754,6.701185714285714,6.1379
2020-04-16,6.4978,30.81,31.38,64.68,2.59,0.0,4,107,1,0.8660254037844387,-0.4999999999999998,0.9634705485641488,-0.2678143051621742,6.1212,5.6674,6.7774,6.579157142857143,6.1838766666666665
2020-04-17,6.2155,29.68,30.04,65.42,1.52,0.05,4,108,1,0.8660254037844387,-0.4999999999999998,0.9587178169872964,-0.2843591872810034,6.4978,6.1212,6.8366,6.539214285714286,6.195516666666666
2020-04-18,6.0187,29.8,32.88,77.56,1.96,2.06,4,109,1,0.8660254037844387,-0.4999999999999998,0.9536809966304457,-0.30081980763566735,6.2155,6.4978,6.8945,6.450485714285714,6.205436666666667
2020-04-19,6.6672,28.88,40.73,51.53,2.26,1.36,4,110,1,0.8660254037844387,-0.4999999999999998,0.9483615800121715,-0.3171912885891061,6.0187,6.2155,7.0392,6.325371428571429,6.204876666666666
2020-04-20,3.6631,24.65,48.49,70.15,2.4,0.07,4,111,1,0.8660254037844387,-0.4999999999999998,0.9427611433904207,-0.3334687789181868,6.6672,6.0187,6.7178,6.272228571428571,6.257083333333332
2020-04-21,6.5786,27.72,44.75,29.2,1.83,0.01,4,112,1,0.8660254037844387,-0.4999999999999998,0.9368813462954315,-0.3496474552512284,3.6631,6.6672,5.6674,5.8358428571428576,6.206779999999999
2020-04-22,7.237,28.48,35.47,33.61,1.74,0.0,4,113,1,0.8660254037844387,-0.4999999999999998,0.9307239310379795,-0.36572252349726897,6.5786,3.6631,6.1212,5.9660142857142855,6.218419999999999
2020-04-23,4.4556,28.45,36.28,79.92,2.18,0.19,4,114,1,0.8660254037844387,-0.4999999999999998,0.9242907221930933,-0.3816892202666588,7.237,6.5786,6.4978,6.125414285714285,6.268013333333332
2020-04-24,7.2523,30.77,32.51,20.49,1.4,0.01,4,115,1,0.8660254037844387,-0.4999999999999998,0.9175836260593937,-0.39754281428255595,4.4556,7.237,6.2155,5.833671428571429,6.27802
2020-04-25,5.9035,31.94,29.52,56.09,1.03,0.1,4,116,1,0.8660254037844387,-0.4999999999999998,0.9106046300942162,-0.41327860778290415,7.2523,4.4556,6.0187,5.9817857142857145,6.319866666666667
2020-04-26,4.0992,30.15,41.13,53.86,2.54,11.86,4,117,1,0.8660254037844387,-0.4999999999999998,0.9033558023246845,-0.4288919379124835,5.9035,7.2523,6.6672,5.9653285714285715,6.393856666666666
2020-04-27,6.9706,28.01,51.82,8.41,3.26,1.69,4,118,1,0.8660254037844387,-0.4999999999999998,0.895839290734909,-0.44437817810461316,4.0992,5.9035,3.6631,5.598471428571428,6.4211133333333335
2020-04-28,6.2832,28.88,48.66,29.27,1.57,0.42,4,119,1,0.8660254037844387,-0.4999999999999998,0.8880573226294932,-0.45973273945210397,6.9706,4.0992,6.5786,6.070971428571427,6.42294
2020-04-29,6.2532,30.99,40.89,36.09,1.04,0.0,4,120,1,0.8660254037844387,-0.4999999999999998,0.8800122039735357,-0.47495107206704995,6.2832,6.9706,7.237,6.028771428571429,6.405826666666667
2020-04-30,6.4994,31.94,40.54,58.16,1.17,0.05,4,121,1,0.8660254037844387,-0.4999999999999998,0.8717063187093218,-0.4900286664290592,6.2532,6.2832,4.4556,5.888228571428571,6.384163333333333
2020-05-01,6.8923,32.37,39.08,3.14,1.99,0.35,5,122,1,0.49999999999999994,-0.8660254037844387,0.8631421280499114,-0.5049610547215204,6.4994,6.2532,7.2523,6.1802,6.401633333333334
2020-05-02,7.111,32.65,38.61,48.67,2.46,0.0,5,123,1,0.49999999999999994,-0.8660254037844387,0.854322169749827,-0.5197438121555155,6.8923,6.4994,5.9035,6.128771428571428,6.40833
2020-05-03,4.1297,31.26,43.39,90.09,2.69,8.73,5,124,1,0.49999999999999994,-0.8660254037844387,0.8452490573530633,-0.5343725582809786,7.111,6.8923,4.0992,6.301271428571428,6.4212766666666665
2020-05-04,6.6034,30.68,48.83,43.04,1.46,0.31,5,125,1,0.49999999999999994,-0.8660254037844387,0.8359254794186372,-0.548842958284719,4.1297,7.111,6.9706,6.305628571428572,6.317276666666666
2020-05-05,7.0531,31.56,41.75,17.09,1.4,0.07,5,126,1,0.49999999999999994,-0.8660254037844387,0.8263541987239096,-0.5631507242749186,6.6034,4.1297,6.2832,6.253171428571428,6.2950766666666675
2020-05-06,5.4365,31.67,35.47,70.01,1.59,0.17,5,127,1,0.49999999999999994,-0.8660254037844387,0.8165380514459161,-0.5772916165517272,7.0531,6.6034,6.2532,6.363157142857142,6.3091566666666665
2020-05-07,7.621,30.16,45.41,16.01,2.16,3.85,5,128,1,0.49999999999999994,-0.8660254037844387,0.8064799463209448,-0.5912614448635781,5.4365,7.0531,6.4994,6.246485714285714,6.25478
2020-05-08,7.565,32.75,33.04,1.58,1.62,0.0,5,129,1,0.49999999999999994,-0.8660254037844387,0.7961828637826158,-0.6050560696488488,7.621,5.4365,6.8923,6.406714285714286,6.282380000000001
2020-05-09,7.2187,33.4,30.61,38.35,1.44,0.0,5,130,1,0.49999999999999994,-0.8660254037844387,0.7856498550787147,-0.6186714032625031,7.565,7.621,7.111,6.502814285714286,6.302033333333333
2020-05-10,3.4289,30.98,44.02,93.01,2.03,7.12,5,131,1,0.49999999999999994,-0.8660254037844387,0.7748840413670407,-0.6321034111873487,7.2187,7.565,4.1297,6.518199999999999,6.316743333333333
2020-05-11,6.0163,30.14,46.03,77.33,1.89,0.0,5,132,1,0.49999999999999994,-0.8660254037844387,0.7638886127905428,-0.6453481132295501,3.4289,7.2187,6.6034,6.418085714285715,6.203153333333333
2020-05-12,6.4188,31.41,37.9,64.82,1.2,0.22,5,133,1,0.49999999999999994,-0.8660254037844387,0.7526668275320085,-0.6584015846980488,6.0163,3.4289,7.0531,6.334214285714286,6.17388
2020-05-13,3.9077,32.66,34.93,80.17,1.43,0.18,5,134,1,0.49999999999999994,-0.8660254037844387,0.7412220108485958,-0.6712599575675313,6.4188,6.0163,5.4365,6.243600000000001,6.1532
2020-05-14,6.7615,33.67,35.71,49.51,1.26,0.02,5,135,1,0.49999999999999994,-0.8660254037844387,0.7295575540864875,-0.6839194216246106,3.9077,6.4188,7.621,6.0252,6.05953
2020-05-15,7.0716,33.41,33.82,20.16,3.31,0.09,5,136,1,0.49999999999999994,-0.8660254037844387,0.717676913675962,-0.6963762255968722,6.7615,3.9077,7.565,5.902414285714285,6.096
2020-05-16,7.6356,33.13,28.31,4.49,3.9,0.0,5,137,1,0.49999999999999994,-0.8660254037844387,0.705583610107178,-0.7086266782644596,7.0716,6.7615,7.2187,5.831928571428572,6.12768
2020-05-17,6.6514,34.34,25.48,40.91,2.17,0.0,5,138,1,0.49999999999999994,-0.8660254037844387,0.6932812268869777,-0.7206671495538609,7.6356,7.0716,3.4289,5.891485714285714,6.165606666666666
2020-05-18,7.3142,34.03,22.57,39.05,2.49,0.0,5,139,1,0.49999999999999994,-0.8660254037844387,0.6807734094770161,-0.7324940716135789,6.6514,7.6356,6.0163,6.351842857142857,6.180136666666667
2020-05-19,7.5792,33.72,17.27,46.6,2.62,0.0,5,140,1,0.49999999999999994,-0.8660254037844387,0.6680638642135335,-0.7441039398713607,7.3142,6.6514,6.4188,6.537257142857143,6.22332
2020-05-20,8.1835,33.12,18.47,7.27,2.95,0.0,5,141,1,0.49999999999999994,-0.8660254037844387,0.6551563572090853,-0.7554933140726803,7.5792,7.3142,3.9077,6.703028571428571,6.25372
2020-05-21,7.9397,34.13,17.42,4.3,3.89,0.0,5,142,1,0.49999999999999994,-0.8660254037844387,0.6420547132365637,-0.766658819300159,8.1835,7.5792,6.7615,7.3138571428571435,6.4044
2020-05-22,7.969,36.52,15.93,11.42,1.86,0.0,5,143,1,0.49999999999999994,-0.8660254037844387,0.6287628145958344,-0.7775971469736269,7.9397,8.1835,7.0716,7.482171428571429,6.44977
2020-05-23,7.0056,38.66,15.66,50.88,2.01,0.0,5,144,1,0.49999999999999994,-0.8660254037844387,0.6152845999633276,-0.7883050558305255,7.969,7.9397,7.6356,7.610371428571428,6.47417
2020-05-24,7.579,38.32,15.52,41.07,3.19,0.0,5,145,1,0.49999999999999994,-0.8660254037844387,0.6016240632249226,-0.7987793728863649,7.0056,7.969,6.6514,7.520371428571429,6.55917
2020-05-25,7.9462,37.83,18.47,29.95,3.06,0.0,5,146,1,0.49999999999999994,-0.8660254037844387,0.5877852522924732,-0.8090169943749473,7.579,7.0056,7.3142,7.6528857142857145,6.570060000000001
2020-05-26,7.5576,38.37,15.49,52.06,3.35,0.0,5,147,1,0.49999999999999994,-0.8660254037844387,0.5737722679043246,-0.8190148866680801,7.9462,7.579,7.5792,7.743171428571429,6.6381499999999996
2020-05-27,7.0279,38.92,14.54,66.47,2.09,0.0,5,148,1,0.49999999999999994,-0.8660254037844387,0.5595892624101765,-0.8287700871745038,7.5576,7.9462,8.1835,7.740085714285714,6.75343
2020-05-28,6.2282,36.75,26.53,73.96,4.83,0.02,5,149,1,0.49999999999999994,-0.8660254037844387,0.545240438540651,-0.8382797052177744,7.0279,7.5576,7.9397,7.575,6.75534
2020-05-29,5.8711,34.91,32.66,98.51,4.37,3.28,5,150,1,0.49999999999999994,-0.8660254037844387,0.5307300481619334,-0.8475409228928311,6.2282,7.0279,7.969,7.330500000000001,6.7535066666666665
2020-05-30,6.323,31.65,43.82,57.53,2.81,8.01,5,151,1,0.49999999999999994,-0.8660254037844387,0.5160623910158528,-0.8565509959010036,5.8711,6.2282,7.0056,7.0308,6.74077
2020-05-31,5.2262,29.66,55.57,82.25,1.3,19.66,5,152,1,0.49999999999999994,-0.8660254037844387,0.5012418134457758,-0.865307254363206,6.323,5.8711,7.579,6.933285714285715,6.734889999999999
2020-06-01,6.9643,31.02,50.07,51.9,1.83,1.36,6,153,2,1.2246467991473532e-16,-1.0,0.48627270710868997,-0.8738071036110808,5.2262,6.323,7.9462,6.5971714285714285,6.679353333333333
2020-06-02,6.7135,31.92,45.23,67.61,1.4,2.3,6,154,2,1.2246467991473532e-16,-1.0,0.4711595076738638,-0.8820480249558537,6.9643,5.2262,7.5576,6.456899999999999,6.674463333333334
2020-06-03,6.8263,33.32,40.7,62.19,1.25,0.12,6,155,2,1.2246467991473532e-16,-1.0,0.4559066935084588,-0.8900275764346767,6.7135,6.9643,7.0279,6.336314285714287,6.76059
2020-06-04,3.4286,31.8,47.52,98.12,2.31,3.03,6,156,2,1.2246467991473532e-16,-1.0,0.440518784350495,-0.8977433935342337,6.8263,6.7135,6.2282,6.307514285714285,6.768019999999999
2020-06-05,5.9009,31.1,48.71,82.42,1.92,0.57,6,157,2,1.2246467991473532e-16,-1.0,0.42500033996955416,-0.9051931898913974,3.4286,6.8263,5.8711,5.907571428571429,6.647203333333334
2020-06-06,6.5506,31.45,46.92,68.3,1.7,0.62,6,158,2,1.2246467991473532e-16,-1.0,0.4093559588156213,-0.9123747579707273,5.9009,3.4286,6.323,5.911828571428572,6.662683333333333
2020-06-07,6.1474,32.46,47.06,57.06,1.44,7.69,6,159,2,1.2246467991473532e-16,-1.0,0.39359027665646673,-0.9192859697186104,6.5506,5.9009,5.2262,5.944342857142857,6.627003333333334
2020-06-08,7.1201,33.31,42.82,64.22,1.54,0.08,6,160,2,1.2246467991473532e-16,-1.0,0.3777079652039649,-0.9259247771938498,6.1474,6.5506,6.9643,6.0759428571428575,6.57975
2020-06-09,7.0373,35.16,38.61,56.85,1.66,0.02,6,161,2,1.2246467991473532e-16,-1.0,0.36171373072976765,-0.9322892131745133,7.1201,6.1474,6.7135,6.0982,6.576463333333334
2020-06-10,6.5405,36.36,36.95,73.81,1.51,0.02,6,162,2,1.2246467991473532e-16,-1.0,0.3456123126707335,-0.9383773917408641,7.0373,7.1201,6.8263,6.144457142857142,6.696743333333333
2020-06-11,6.5813,36.53,37.36,40.69,1.31,0.09,6,163,2,1.2246467991473532e-16,-1.0,0.3294084822245304,-0.9441875088341993,6.5405,7.0373,3.4286,6.103628571428572,6.714216666666667
2020-06-12,6.0494,37.27,35.85,36.34,1.16,0.0,6,164,2,1.2246467991473532e-16,-1.0,0.3131070409358269,-0.9497178427914316,6.5813,6.5405,5.9009,6.554014285714286,6.719633333333333
2020-06-13,4.121,36.62,35.26,81.9,1.68,0.1,6,165,2,1.2246467991473532e-16,-1.0,0.29671281927349075,-0.9549667548552551,6.0494,6.5813,6.5506,6.575228571428572,6.7910233333333325
2020-06-14,5.9148,36.06,37.18,57.56,1.47,0.51,6,166,2,1.2246467991473532e-16,-1.0,0.28023067519921585,-0.9599326896597447,4.121,6.0494,6.1474,6.228142857142857,6.703006666666667
2020-06-15,6.7939,36.41,33.6,35.92,1.26,0.06,6,167,2,1.2246467991473532e-16,-1.0,0.26366549272800704,-0.9646141756912435,5.9148,4.121,7.1201,6.194914285714285,6.664446666666667
2020-06-16,6.7774,36.84,24.35,59.12,1.34,0.08,6,168,2,1.2246467991473532e-16,-1.0,0.24702218048093552,-0.9690098257244062,6.7939,5.9148,7.0373,6.148314285714285,6.6363900000000005
2020-06-17,7.0289,36.2,28.93,40.74,1.76,0.03,6,169,2,1.2246467991473532e-16,-1.0,0.23030567023061221,-0.9731183372332619,6.7774,6.7939,6.5405,6.111185714285715,6.6405899999999995
2020-06-18,7.0087,36.92,31.28,47.02,2.11,0.36,6,170,2,1.2246467991473532e-16,-1.0,0.21352091543979612,-0.9769384927771817,7.0289,6.7774,6.5813,6.180957142857143,6.63108
2020-06-19,6.1882,37.8,31.93,81.13,2.07,0.0,6,171,2,1.2246467991473532e-16,-1.0,0.19667288979357647,-0.980469160361632,7.0087,7.0289,6.0494,6.242014285714286,6.612063333333333
2020-06-20,4.7575,37.92,34.46,81.24,2.19,2.87,6,172,2,1.2246467991473532e-16,-1.0,0.1797665857255624,-0.9837092937736097,6.1882,7.0087,4.121,6.261842857142857,6.545553333333333
2020-06-21,6.5707,35.59,42.69,64.46,1.74,0.05,6,173,2,1.2246467991473532e-16,-1.0,0.16280701293851715,-0.986657932891657,4.7575,6.1882,5.9148,6.352771428571429,6.4394800000000005
2020-06-22,6.6761,34.3,47.89,49.65,1.48,8.06,6,174,2,1.2246467991473532e-16,-1.0,0.1457991969198751,-0.9893142039703663,6.5707,4.7575,6.7939,6.446471428571429,6.39287
2020-06-23,6.4502,34.31,49.71,64.06,3.53,1.16,6,175,2,1.2246467991473532e-16,-1.0,0.12874817745258132,-0.99167731989929,6.6761,6.5707,6.7774,6.429642857142857,6.381886666666667
2020-06-24,4.1851,33.17,58.96,92.62,2.51,1.86,6,176,2,1.2246467991473532e-16,-1.0,0.11165900712169512,-0.993746580436178,6.4502,6.6761,7.0289,6.3829,6.34426
2020-06-25,5.5042,34.7,54.81,81.99,1.53,3.93,6,177,2,1.2246467991473532e-16,-1.0,0.09453674981719912,-0.9955213724144752,4.1851,6.4502,7.0087,5.976642857142857,6.218890000000001
2020-06-26,5.1089,34.31,54.76,74.23,1.89,0.22,6,178,2,1.2246467991473532e-16,-1.0,0.07738647923346301,-0.9970011699250151,5.5042,4.1851,6.1882,5.761714285714285,6.1504433333333335
2020-06-27,5.8546,37.26,39.75,77.63,3.57,0.56,6,179,2,1.2246467991473532e-16,-1.0,0.06021327736579302,-0.9981855344718586,5.1089,5.5042,4.7575,5.607528571428572,6.086476666666666
2020-06-28,6.3026,37.44,38.99,82.48,3.68,0.2,6,180,2,1.2246467991473532e-16,-1.0,0.04302223300453059,-0.99907411510223,5.8546,5.1089,6.5707,5.764257142857143,6.074023333333333
2020-06-29,5.8298,37.66,36.9,94.8,2.74,0.43,6,181,2,1.2246467991473532e-16,-1.0,0.02581844022713308,-0.9996666485105112,6.3026,5.8546,6.6761,5.725957142857142,6.088406666666667
2020-06-30,5.6971,35.02,49.62,95.04,2.51,2.14,6,182,2,1.2246467991473532e-16,-1.0,0.008606996888688698,-0.9999629591162655,5.8298,6.3026,6.4502,5.6050571428571425,6.071966666666667
2020-07-01,4.9416,36.08,44.8,95.55,1.54,0.26,7,183,2,-0.4999999999999997,-0.8660254037844388,-0.008606996888688009,-0.9999629591162655,5.6971,5.8298,4.1851,5.497471428571428,6.087663333333333
2020-07-02,5.5313,36.19,45.85,73.21,2.24,3.82,7,184,2,-0.4999999999999997,-0.8660254037844388,-0.02581844022713239,-0.9996666485105112,4.9416,5.6971,5.5042,5.605542857142857,6.02024
2020-07-03,5.521,36.94,45.15,76.73,2.14,3.85,7,185,2,-0.4999999999999997,-0.8660254037844388,-0.04302223300453034,-0.99907411510223,5.5313,4.9416,5.1089,5.609414285714286,5.980833333333334
2020-07-04,5.4691,37.1,44.15,81.13,2.71,2.27,7,186,2,-0.4999999999999997,-0.8660254037844388,-0.060213277365792774,-0.9981855344718586,5.521,5.5313,5.8546,5.668285714285714,5.937323333333334
2020-07-05,5.3777,31.4,69.04,79.29,1.83,21.62,7,187,2,-0.4999999999999997,-0.8660254037844388,-0.07738647923346322,-0.9970011699250151,5.4691,5.521,6.3026,5.613214285714285,6.00534
2020-07-06,4.9409,33.47,53.64,93.63,1.53,0.18,7,188,2,-0.4999999999999997,-0.8660254037844388,-0.09453674981719933,-0.9955213724144752,5.3777,5.4691,5.8298,5.481085714285714,5.9879
2020-07-07,4.4508,29.93,69.84,87.41,4.22,10.88,7,189,2,-0.4999999999999997,-0.8660254037844388,-0.11165900712169444,-0.9937465804361781,4.9409,5.3777,5.6971,5.354100000000001,5.934243333333334
2020-07-08,4.3927,31.14,67.13,89.69,2.55,3.29,7,190,2,-0.4999999999999997,-0.8660254037844388,-0.12874817745258066,-0.99167731989929,4.4508,4.9409,4.9416,5.176057142857142,5.87769
2020-07-09,5.9376,33.49,59.02,72.8,1.96,1.58,7,191,2,-0.4999999999999997,-0.8660254037844388,-0.14579919691987442,-0.9893142039703664,4.3927,4.4508,5.5313,5.097642857142857,5.7867766666666665
2020-07-10,5.6885,35.76,48.42,84.08,3.73,1.88,7,192,2,-0.4999999999999997,-0.8660254037844388,-0.16280701293851646,-0.9866579328916572,5.9376,4.3927,5.521,5.155685714285714,5.75012
2020-07-11,5.4482,34.82,52.15,83.16,2.64,3.9,7,193,2,-0.4999999999999997,-0.8660254037844388,-0.17976658572556214,-0.9837092937736098,5.6885,5.9376,5.4691,5.179614285714286,5.72172
2020-07-12,5.4482,33.47,57.19,80.99,1.3,3.88,7,194,2,-0.4999999999999997,-0.8660254037844388,-0.19667288979357622,-0.9804691603616321,5.4482,5.6885,5.3777,5.176628571428571,5.68395
2020-07-13,6.7884,34.0,54.58,59.75,2.33,0.0,7,195,2,-0.4999999999999997,-0.8660254037844388,-0.2135209154397959,-0.9769384927771817,5.4482,5.4482,4.9409,5.1867,5.6639100000000004
2020-07-14,6.1937,35.47,45.06,78.43,1.48,0.0,7,196,2,-0.4999999999999997,-0.8660254037844388,-0.23030567023061196,-0.973118337233262,6.7884,5.4482,4.4508,5.450628571428571,5.752823333333334
2020-07-15,5.0479,34.56,49.81,59.01,2.68,0.12,7,197,2,-0.4999999999999997,-0.8660254037844388,-0.24702218048093527,-0.9690098257244063,6.1937,6.7884,4.3927,5.6996142857142855,5.7621199999999995
2020-07-16,5.0532,33.74,54.73,90.98,3.21,0.75,7,198,2,-0.4999999999999997,-0.8660254037844388,-0.2636654927280072,-0.9646141756912435,5.0479,6.1937,5.9376,5.793214285714286,5.70392
2020-07-17,4.7172,32.7,64.36,87.76,2.53,14.68,7,199,2,-0.4999999999999997,-0.8660254037844388,-0.2802306751992161,-0.9599326896597445,5.0532,5.0479,5.6885,5.666871428571429,5.646446666666667
2020-07-18,3.9355,33.22,64.27,93.74,1.23,16.49,7,200,2,-0.4999999999999997,-0.8660254037844388,-0.2967128192734901,-0.9549667548552553,4.7172,5.0532,5.4482,5.5281142857142855,5.569389999999999
2020-07-19,3.8712,32.57,70.35,85.02,2.16,15.68,7,201,2,-0.4999999999999997,-0.8660254037844388,-0.3131070409358267,-0.9497178427914317,3.9355,4.7172,5.4482,5.312014285714286,5.466950000000001
2020-07-20,4.0524,33.67,61.08,95.8,2.56,12.68,7,202,2,-0.4999999999999997,-0.8660254037844388,-0.3294084822245302,-0.9441875088341994,3.8712,3.9355,6.7884,5.086728571428572,5.389716666666667
2020-07-21,3.9266,31.48,72.15,97.23,1.53,13.9,7,203,2,-0.4999999999999997,-0.8660254037844388,-0.3456123126707333,-0.9383773917408642,4.0524,3.8712,6.1937,4.6958714285714285,5.3662133333333335
2020-07-22,3.3202,28.55,82.11,91.53,1.3,28.18,7,204,2,-0.4999999999999997,-0.8660254037844388,-0.3617137307297674,-0.9322892131745134,3.9266,4.0524,5.0479,4.372,5.278076666666666
2020-07-23,6.6022,30.15,69.45,46.13,1.84,0.34,7,205,2,-0.4999999999999997,-0.8660254037844388,-0.37770796520396466,-0.9259247771938499,3.3202,3.9266,5.0532,4.125185714285714,5.166213333333332
2020-07-24,5.7374,30.61,66.57,79.82,2.23,0.86,7,206,2,-0.4999999999999997,-0.8660254037844388,-0.39359027665646645,-0.9192859697186105,6.6022,3.3202,4.7172,4.346471428571428,5.171279999999999
2020-07-25,4.8701,30.51,69.98,83.05,2.23,3.09,7,207,2,-0.4999999999999997,-0.8660254037844388,-0.4093559588156211,-0.9123747579707274,5.7374,6.6022,3.9355,4.492214285714286,5.223023333333333
2020-07-26,6.2767,30.7,70.96,45.56,1.23,6.41,7,208,2,-0.4999999999999997,-0.8660254037844388,-0.42500033996955394,-0.9051931898913975,4.8701,5.7374,3.8712,4.625728571428572,5.201886666666667
2020-07-27,6.1399,32.87,59.49,67.13,1.89,0.64,7,209,2,-0.4999999999999997,-0.8660254037844388,-0.4405187843504952,-0.8977433935342336,6.2767,4.8701,4.0524,4.969371428571429,5.240813333333333
2020-07-28,5.9549,33.66,61.7,92.89,1.92,9.68,7,210,2,-0.4999999999999997,-0.8660254037844388,-0.455906693508459,-0.8900275764346766,6.1399,6.2767,3.9266,5.2675857142857145,5.250323333333333
2020-07-29,4.447,32.25,67.28,97.15,2.29,11.15,7,211,2,-0.4999999999999997,-0.8660254037844388,-0.47115950767386394,-0.8820480249558535,5.9549,6.1399,3.3202,5.557342857142857,5.238733333333333
2020-07-30,4.0668,29.33,80.17,93.52,1.25,14.06,7,212,2,-0.4999999999999997,-0.8660254037844388,-0.4862727071086902,-0.8738071036110807,4.447,5.9549,6.6022,5.7183142857142855,5.19264
2020-07-31,4.7023,30.84,74.8,92.94,1.31,6.4,7,213,2,-0.4999999999999997,-0.8660254037844388,-0.5012418134457756,-0.8653072543632061,4.0668,4.447,5.7374,5.356114285714285,5.138296666666667
2020-08-01,4.7681,31.59,70.23,95.63,1.44,3.73,8,214,2,-0.8660254037844384,-0.5000000000000004,-0.5160623910158526,-0.8565509959010037,4.7023,4.0668,4.8701,5.208242857142857,5.130319999999999
2020-08-02,6.3394,31.96,66.49,60.52,1.8,0.75,8,215,2,-0.8660254037844384,-0.5000000000000004,-0.5307300481619331,-0.8475409228928312,4.7681,4.7023,6.2767,5.193671428571428,5.10488
2020-08-03,5.1252,32.62,68.15,95.2,2.19,0.94,8,216,2,-0.8660254037844384,-0.5000000000000004,-0.5452404385406507,-0.8382797052177745,6.3394,4.7681,6.1399,5.202628571428572,5.13216
2020-08-04,5.467,32.75,67.88,73.5,1.72,0.9,8,217,2,-0.8660254037844384,-0.5000000000000004,-0.5595892624101763,-0.828770087174504,5.1252,6.3394,5.9549,5.057671428571429,5.120696666666666
2020-08-05,3.3394,31.51,70.77,93.54,1.85,1.44,8,218,2,-0.8660254037844384,-0.5000000000000004,-0.5737722679043243,-0.8190148866680802,5.467,5.1252,4.447,4.987971428571428,5.1236733333333335
2020-08-06,5.9582,31.28,70.14,78.93,4.39,2.2,8,219,2,-0.8660254037844384,-0.5000000000000004,-0.5877852522924734,-0.8090169943749472,3.3394,5.467,4.0668,4.829742857142857,5.07029
2020-08-07,5.1142,31.24,71.99,80.1,3.17,1.03,8,220,2,-0.8660254037844384,-0.5000000000000004,-0.6016240632249227,-0.7987793728863648,5.9582,3.3394,4.7023,5.099942857142857,5.120536666666666
2020-08-08,6.1644,32.28,68.19,60.49,0.84,5.28,8,221,2,-0.8660254037844384,-0.5000000000000004,-0.6152845999633277,-0.7883050558305253,5.1142,5.9582,4.7681,5.158785714285714,5.144586666666667
2020-08-09,3.9283,32.29,68.06,96.37,0.66,4.54,8,222,2,-0.8660254037844384,-0.5000000000000004,-0.6287628145958345,-0.7775971469736268,6.1644,5.1142,6.3394,5.358257142857143,5.152146666666667
2020-08-10,4.109,30.59,78.02,98.11,1.92,5.2,8,223,2,-0.8660254037844384,-0.5000000000000004,-0.6420547132365636,-0.7666588193001592,3.9283,6.1644,5.1252,5.013814285714285,5.093473333333334
2020-08-11,3.8371,29.26,85.53,93.16,1.86,17.59,8,224,2,-0.8660254037844384,-0.5000000000000004,-0.655156357209085,-0.7554933140726804,4.109,3.9283,5.467,4.8686428571428575,5.048833333333333
2020-08-12,4.4273,30.92,79.06,95.29,1.91,11.17,8,225,2,-0.8660254037844384,-0.5000000000000004,-0.6680638642135333,-0.7441039398713608,3.8371,4.109,3.3394,4.635800000000001,4.9951300000000005
2020-08-13,1.2823,29.18,87.46,98.67,1.39,15.95,8,226,2,-0.8660254037844384,-0.5000000000000004,-0.6807734094770159,-0.7324940716135792,4.4273,3.8371,5.9582,4.791214285714285,4.916426666666667
2020-08-14,3.745,28.63,87.63,92.75,1.91,11.54,8,227,2,-0.8660254037844384,-0.5000000000000004,-0.6932812268869771,-0.7206671495538615,1.2823,4.4273,5.1142,4.123228571428571,4.752713333333333
2020-08-15,4.8187,29.72,80.26,72.2,2.3,0.53,8,228,2,-0.8660254037844384,-0.5000000000000004,-0.7055836101071774,-0.70862667826446,3.745,1.2823,6.1644,3.927628571428571,4.7092833333333335
2020-08-16,4.9394,30.54,78.65,79.52,1.81,0.18,8,229,2,-0.8660254037844384,-0.5000000000000004,-0.7176769136759615,-0.6963762255968726,4.8187,3.745,3.9283,3.7353857142857145,4.701466666666666
2020-08-17,4.2797,31.06,77.07,84.12,1.72,1.97,8,230,2,-0.8660254037844384,-0.5000000000000004,-0.7295575540864876,-0.6839194216246104,4.9394,4.8187,4.109,3.8798285714285714,4.708873333333333
2020-08-18,4.3651,30.52,80.73,93.91,1.33,5.55,8,231,2,-0.8660254037844384,-0.5000000000000004,-0.7412220108485957,-0.6712599575675315,4.2797,4.9394,3.8371,3.9042142857142856,4.720346666666667
2020-08-19,0.9038,29.98,84.86,98.79,0.98,16.01,8,232,2,-0.8660254037844384,-0.5000000000000004,-0.7526668275320083,-0.6584015846980489,4.3651,4.2797,4.4273,3.979642857142857,4.73681
2020-08-20,2.3412,27.99,90.13,99.34,1.93,25.43,8,233,2,-0.8660254037844384,-0.5000000000000004,-0.7638886127905429,-0.64534811322955,0.9038,4.3651,1.2823,3.4762857142857144,4.631856666666666
2020-08-21,5.7394,28.19,81.39,74.36,2.71,0.16,8,234,2,-0.8660254037844384,-0.5000000000000004,-0.7748840413670406,-0.6321034111873488,2.3412,0.9038,3.745,3.627557142857143,4.57901
2020-08-22,5.3621,28.34,81.03,71.53,2.9,0.17,8,235,2,-0.8660254037844384,-0.5000000000000004,-0.7856498550787144,-0.6186714032625032,5.7394,2.3412,4.8187,3.9124714285714286,4.65965
2020-08-23,4.7582,28.36,82.92,57.14,3.27,1.39,8,236,2,-0.8660254037844384,-0.5000000000000004,-0.7961828637826154,-0.6050560696488494,5.3621,5.7394,4.9394,3.9901000000000004,4.618313333333333
2020-08-24,4.8187,28.8,80.1,58.91,3.07,0.21,8,237,2,-0.8660254037844384,-0.5000000000000004,-0.8064799463209447,-0.5912614448635782,4.7582,5.3621,4.2797,3.9642142857142857,4.585673333333333
2020-08-25,4.4242,29.16,79.91,63.42,2.41,0.04,8,238,2,-0.8660254037844384,-0.5000000000000004,-0.8165380514459157,-0.5772916165517278,4.8187,4.7582,4.3651,4.041214285714285,4.58396
2020-08-26,5.6599,29.85,76.93,60.48,1.92,0.1,8,239,2,-0.8660254037844384,-0.5000000000000004,-0.8263541987239094,-0.5631507242749187,4.4242,4.8187,0.9038,4.049657142857143,4.52221
2020-08-27,5.0498,29.39,81.61,78.97,1.44,7.29,8,240,2,-0.8660254037844384,-0.5000000000000004,-0.8359254794186365,-0.5488429582847199,5.6599,4.4242,2.3412,4.729100000000001,4.506209999999999
2020-08-28,3.2227,29.63,79.08,81.6,0.98,18.28,8,241,2,-0.8660254037844384,-0.5000000000000004,-0.8452490573530634,-0.5343725582809785,5.0498,5.6599,5.7394,5.116042857142857,4.476039999999999
2020-08-29,5.0038,29.0,80.06,63.68,1.56,5.97,8,242,2,-0.8660254037844384,-0.5000000000000004,-0.8543221697498269,-0.5197438121555157,3.2227,5.0498,5.3621,4.756514285714286,4.43523
2020-08-30,3.4502,28.07,81.54,69.31,4.88,0.37,8,243,2,-0.8660254037844384,-0.5000000000000004,-0.8631421280499115,-0.5049610547215202,5.0038,3.2227,4.7582,4.705328571428572,4.4664633333333335
2020-08-31,5.1694,28.69,76.99,56.34,2.79,0.06,8,244,2,-0.8660254037844384,-0.5000000000000004,-0.8717063187093217,-0.4900286664290594,3.4502,5.0038,4.8187,4.518471428571429,4.424726666666667
2020-09-01,5.7466,29.55,75.65,51.3,1.5,0.0,9,245,2,-1.0,-1.8369701987210297e-16,-0.8800122039735356,-0.4749510720670502,5.1694,3.4502,4.4242,4.5685714285714285,4.438103333333333
2020-09-02,4.9354,28.85,78.06,90.14,0.94,0.0,9,246,2,-1.0,-1.8369701987210297e-16,-0.888057322629493,-0.4597327394521046,5.7466,5.1694,5.6599,4.757485714285714,4.4183433333333335
2020-09-03,4.8331,29.11,78.3,66.3,2.25,0.01,9,247,2,-1.0,-1.8369701987210297e-16,-0.8958392907349089,-0.4443781781046134,4.9354,5.7466,5.0498,4.653985714285715,4.412016666666667
2020-09-04,4.6656,29.77,76.28,59.43,1.69,0.29,9,248,2,-1.0,-1.8369701987210297e-16,-0.9033558023246842,-0.4288919379124841,4.8331,4.9354,3.2227,4.623028571428571,4.390886666666666
2020-09-05,5.3546,29.96,74.73,56.62,1.16,2.46,9,249,2,-1.0,-1.8369701987210297e-16,-0.9106046300942162,-0.41327860778290443,4.6656,4.8331,5.0038,4.8291571428571425,4.435093333333333
2020-09-06,5.4526,29.44,74.8,49.57,1.04,0.76,9,250,2,-1.0,-1.8369701987210297e-16,-0.9175836260593934,-0.3975428142825566,5.3546,4.6656,3.4502,4.879271428571428,4.414973333333333
2020-09-07,4.8019,29.98,72.21,55.05,1.03,7.42,9,251,2,-1.0,-1.8369701987210297e-16,-0.9242907221930934,-0.3816892202666586,5.4526,5.3546,5.1694,5.165328571428572,4.426253333333333
2020-09-08,5.5102,29.8,70.64,41.7,1.66,0.75,9,252,2,-1.0,-1.8369701987210297e-16,-0.9307239310379793,-0.3657225234972692,4.8019,5.4526,5.7466,5.1128285714285715,4.380836666666666
2020-09-09,5.7619,30.15,66.45,37.9,1.65,0.0,9,253,2,-1.0,-1.8369701987210297e-16,-0.9368813462954315,-0.34964745525122826,5.5102,4.8019,4.9354,5.079057142857143,4.433566666666667
2020-09-10,5.9808,30.66,65.53,32.41,1.95,0.0,9,254,2,-1.0,-1.8369701987210297e-16,-0.9427611433904206,-0.33346877891818705,5.7619,5.5102,4.8331,5.197128571428571,4.488663333333333
2020-09-11,5.8896,31.0,62.95,40.87,1.46,0.0,9,255,2,-1.0,-1.8369701987210297e-16,-0.9483615800121716,-0.31719128858910595,5.9808,5.7619,4.6656,5.361085714285714,4.56012
2020-09-12,5.6153,30.31,62.61,31.95,1.47,0.0,9,256,2,-1.0,-1.8369701987210297e-16,-0.9536809966304455,-0.300819807635668,5.8896,5.9808,5.3546,5.5359428571428575,4.608863333333333
2020-09-13,5.0707,30.83,58.41,52.2,1.26,0.02,9,257,2,-1.0,-1.8369701987210297e-16,-0.9587178169872964,-0.2843591872810036,5.6153,5.8896,5.4526,5.573185714285715,4.753296666666667
2020-09-14,4.5012,30.43,55.98,72.55,1.38,0.11,9,258,2,-1.0,-1.8369701987210297e-16,-0.9634705485641486,-0.26781430516217486,5.0707,5.6153,4.8019,5.518628571428572,4.797486666666667
2020-09-15,4.9951,30.64,54.07,26.9,1.36,0.0,9,259,2,-1.0,-1.8369701987210297e-16,-0.9679377830240642,-0.25119006388481957,4.5012,5.0707,5.5102,5.475671428571429,4.786903333333333
2020-09-16,5.3746,31.47,57.27,32.28,1.5,0.0,9,260,2,-1.0,-1.8369701987210297e-16,-0.9721181966290612,-0.23449138957041052,4.9951,4.5012,5.7619,5.402085714285714,4.78876
2020-09-17,5.7883,31.74,57.11,30.6,2.44,0.0,9,261,2,-1.0,-1.8369701987210297e-16,-0.9760105506323682,-0.21772323039653224,5.3746,4.9951,5.9808,5.346757142857143,4.825256666666666
2020-09-18,5.6707,31.88,53.55,32.07,2.41,0.0,9,262,2,-1.0,-1.8369701987210297e-16,-0.9796136916454901,-0.20089055513063528,5.7883,5.3746,5.8896,5.3192571428571425,4.872696666666666
2020-09-19,5.2157,31.84,51.78,65.54,1.5,0.0,9,263,2,-1.0,-1.8369701987210297e-16,-0.9829265519799822,-0.18399835165767986,5.6707,5.7883,5.6153,5.287985714285715,5.031593333333333
2020-09-20,5.3467,30.74,55.09,41.22,1.86,0.0,9,264,2,-1.0,-1.8369701987210297e-16,-0.9859481499638303,-0.1670516255021195,5.2157,5.6707,5.0707,5.2309,5.12741
2020-09-21,5.1067,31.06,51.79,54.53,1.77,0.0,9,265,2,-1.0,-1.8369701987210297e-16,-0.9886775902323404,-0.15005539834465262,5.3467,5.2157,4.5012,5.270328571428571,5.11432
2020-09-22,5.2015,31.44,60.02,51.24,1.47,1.87,9,266,2,-1.0,-1.8369701987210297e-16,-0.9911140639934546,-0.13301470653419636,5.1067,5.3467,4.9951,5.356828571428571,5.105806666666666
2020-09-23,4.9039,30.75,64.69,56.42,1.79,0.62,9,267,2,-1.0,-1.8369701987210297e-16,-0.9932568492674143,-0.11593459959550066,5.2015,5.1067,5.3746,5.386314285714286,5.120583333333333
2020-09-24,4.9704,31.27,57.44,42.0,1.67,0.02,9,268,2,-1.0,-1.8369701987210297e-16,-0.9951053111006974,-0.09882013873287211,4.9039,5.2015,5.7883,5.319071428571428,5.123423333333333
2020-09-25,5.6558,30.79,45.9,13.76,2.08,0.06,9,269,2,-1.0,-1.8369701987210297e-16,-0.99665890175417,-0.08167639533042288,4.9704,4.9039,5.6707,5.202228571428571,5.14163
2020-09-26,4.3471,29.91,46.85,49.49,1.48,0.0,9,270,2,-1.0,-1.8369701987210297e-16,-0.9979171608653922,-0.06450844944931625,5.6558,4.9704,5.2157,5.2001,5.141493333333333
2020-09-27,5.507,29.53,46.65,35.63,1.29,0.0,9,271,2,-1.0,-1.8369701987210297e-16,-0.9988797155850335,-0.04732138832243232,4.3471,5.6558,5.3467,5.076014285714286,5.11807
2020-09-28,5.7046,29.76,43.04,11.19,1.82,0.0,9,272,2,-1.0,-1.8369701987210297e-16,-0.9995462806873573,-0.03012030484690836,5.507,4.3471,5.1067,5.098914285714286,5.194213333333333
2020-09-29,5.5841,28.48,45.66,23.62,2.3,0.0,9,273,2,-1.0,-1.8369701987210297e-16,-0.9999166586547379,-0.012910296075008843,5.7046,5.507,5.2015,5.184328571428572,5.217573333333333
2020-09-30,5.7406,28.03,46.09,8.14,2.44,0.0,9,274,2,-1.0,-1.8369701987210297e-16,-0.9999907397361901,0.004303538296243821,5.5841,5.7046,4.9039,5.238985714285714,5.288703333333333
2020-10-01,5.6813,28.45,41.74,4.48,2.22,0.0,10,275,3,-0.8660254037844386,0.5000000000000001,-0.9997685019798909,0.021516097436222233,5.7406,5.5841,4.9704,5.358514285714286,5.307743333333334
2020-10-02,5.7792,28.83,38.92,14.18,1.59,0.0,10,276,3,-0.8660254037844386,0.5000000000000001,-0.9992500112396835,0.03872228089217399,5.6813,5.7406,5.6558,5.460071428571429,5.3055666666666665
2020-10-03,5.6779,28.11,36.83,6.66,1.75,0.0,10,277,3,-0.8660254037844386,0.5000000000000001,-0.9984354211555643,0.05591699010060302,5.7792,5.6813,4.3471,5.4777000000000005,5.333693333333333
2020-10-04,5.712,27.33,36.03,7.23,1.67,0.0,10,278,3,-0.8660254037844386,0.5000000000000001,-0.9973249731081555,0.07309512989807776,5.6779,5.7792,5.507,5.667814285714286,5.3618533333333325
2020-10-05,5.8294,27.6,36.51,20.3,2.04,0.0,10,279,3,-0.8660254037844386,0.5000000000000001,-0.9959189961471792,0.0902516100310407,5.712,5.6779,5.7046,5.6971,5.396733333333334
2020-10-06,5.7533,27.62,34.67,26.51,1.99,0.0,10,280,3,-0.8660254037844386,0.5000000000000001,-0.994217906893952,0.10738134666416306,5.8294,5.712,5.5841,5.714928571428572,5.41256
2020-10-07,5.6719,27.71,34.79,17.66,1.6,0.0,10,281,3,-0.8660254037844386,0.5000000000000001,-0.9922222094179324,0.12447926388678869,5.7533,5.8294,5.7406,5.7391000000000005,5.422583333333333
2020-10-08,5.4715,27.6,34.8,14.19,1.71,0.0,10,282,3,-0.8660254037844386,0.5000000000000001,-0.989932495087353,0.141540295217043,5.6719,5.7533,5.6813,5.729285714285715,5.451583333333334
2020-10-09,5.2452,27.6,36.76,13.41,1.21,0.0,10,283,3,-0.8660254037844386,0.5000000000000001,-0.9873494423939864,0.15855938510313475,5.4715,5.6719,5.7792,5.699314285714286,5.450293333333334
2020-10-10,5.1326,27.68,39.89,3.43,1.81,0.0,10,284,3,-0.8660254037844386,0.5000000000000001,-0.9844738167520923,0.17553149042142777,5.2452,5.4715,5.6779,5.623028571428571,5.43307
2020-10-11,4.9531,27.51,39.49,25.37,1.72,0.0,10,285,3,-0.8660254037844386,0.5000000000000001,-0.9813064702716093,0.19245158197082995,5.1326,5.2452,5.712,5.545128571428571,5.404796666666666
2020-10-12,4.9282,27.78,36.59,6.75,1.15,0.0,10,286,3,-0.8660254037844386,0.5000000000000001,-0.9778483415056567,0.20931464596304888,4.9531,5.1326,5.8294,5.436714285714286,5.3735800000000005
2020-10-13,4.0176,28.36,38.25,29.64,1.05,0.0,10,287,3,-0.8660254037844386,0.5000000000000001,-0.9741004551724206,0.22611568550828803,4.9282,4.9531,5.7533,5.307971428571428,5.350676666666667
2020-10-14,3.955,28.21,41.65,33.04,1.07,0.0,10,288,3,-0.8660254037844386,0.5000000000000001,-0.970063921851507,0.2428497220959358,4.0176,4.9282,5.6719,5.060014285714286,5.315573333333334
2020-10-15,4.2362,28.03,36.95,14.21,1.51,0.0,10,289,3,-0.8660254037844386,0.5000000000000001,-0.965739937654855,0.25951179706979943,3.955,4.0176,5.4715,4.814742857142856,5.297366666666666
2020-10-16,4.4981,26.93,33.16,6.43,1.66,0.0,10,290,3,-0.8660254037844386,0.5000000000000001,-0.9611297838723007,0.27609697309746883,4.2362,3.955,5.2452,4.638271428571429,5.272069999999999
2020-10-17,4.3646,27.0,31.91,13.75,1.54,0.0,10,291,3,-0.8660254037844386,0.5000000000000001,-0.9562348265919058,0.2926003356333479,4.4981,4.2362,5.1326,4.531542857142858,5.242853333333333
2020-10-18,4.1983,25.98,31.77,25.29,2.23,0.0,10,292,3,-0.8660254037844386,0.5000000000000001,-0.9510565162951536,0.30901699437494723,4.3646,4.4981,4.9531,4.421828571428572,5.195396666666667
2020-10-19,4.6543,24.85,31.35,26.5,2.24,0.0,10,293,3,-0.8660254037844386,0.5000000000000001,-0.9455963874271428,0.3253420847119795,4.1983,4.3646,4.9282,4.314,5.146316666666666
2020-10-20,5.1439,24.93,27.29,12.49,2.08,0.0,10,294,3,-0.8660254037844386,0.5000000000000001,-0.9398560579418953,0.341570769167856,4.6543,4.1983,4.0176,4.274871428571428,5.127603333333334
2020-10-21,4.7282,26.22,23.42,12.85,1.56,0.0,10,295,3,-0.8660254037844386,0.5000000000000001,-0.9338372288229252,0.35769823883312546,5.1439,4.6543,3.955,4.435771428571429,5.120843333333334
2020-10-22,3.8777,26.75,31.78,34.27,1.1,0.0,10,296,3,-0.8660254037844386,0.5000000000000001,-0.9275416835791965,0.3737197147904692,4.7282,5.1439,4.2362,4.546228571428571,5.108226666666667
2020-10-23,4.3104,25.81,32.75,4.19,1.73,0.0,10,297,3,-0.8660254037844386,0.5000000000000001,-0.9209712877166347,0.38963044953078774,3.8777,4.7282,4.4981,4.495014285714285,5.0641
2020-10-24,4.2794,24.87,27.27,3.99,1.74,0.0,10,298,3,-0.8660254037844386,0.5000000000000001,-0.9141279881853337,0.4054257283599973,4.3104,3.8777,4.3646,4.4682,5.044316666666666
2020-10-25,4.0834,24.74,24.73,17.9,1.41,0.0,10,299,3,-0.8660254037844386,0.5000000000000001,-0.9070138128026362,0.42110087079608916,4.2794,4.3104,4.1983,4.456028571428571,5.021283333333333
2020-10-26,4.0375,24.34,26.47,11.06,1.67,0.0,10,300,3,-0.8660254037844386,0.5000000000000001,-0.8996308696522434,0.4366512319560638,4.0834,4.2794,4.6543,4.439614285714286,4.96887
2020-10-27,3.9293,23.01,30.0,16.03,2.01,0.0,10,301,3,-0.8660254037844386,0.5000000000000001,-0.8919813464595487,0.45207220393230374,4.0375,4.0834,5.1439,4.3515,4.95855
2020-10-28,3.8753,22.76,24.15,17.55,1.25,0.0,10,302,3,-0.8660254037844386,0.5000000000000001,-0.8840675099433637,0.46735921715800205,3.9293,4.0375,4.7282,4.177985714285715,4.905960000000001
2020-10-29,3.6312,22.45,25.93,19.61,1.11,0.0,10,303,3,-0.8660254037844386,0.5000000000000001,-0.8758917051442433,0.48250774176121763,3.8753,3.9293,3.8777,4.0561428571428575,4.844983333333333
2020-10-30,4.074,22.44,28.33,11.11,1.85,0.0,10,304,3,-0.8660254037844386,0.5000000000000001,-0.8674563547295971,0.4975132889071803,3.6312,3.8753,4.3104,4.020928571428572,4.779886666666667
2020-10-31,3.9768,22.07,29.39,3.35,2.64,0.0,10,305,3,-0.8660254037844386,0.5000000000000001,-0.858763958275803,0.5123714121284235,4.074,3.6312,4.2794,3.987157142857143,4.724333333333334
2020-11-01,4.1167,21.21,23.45,15.0,2.33,0.0,11,306,3,-0.5000000000000004,0.8660254037844384,-0.8498170915275277,0.5270777086423724,3.9768,4.074,4.0834,3.9439285714285712,4.667516666666668
2020-11-02,4.3226,21.0,25.39,16.29,2.17,0.0,11,307,3,-0.5000000000000004,0.8660254037844384,-0.8406184056344783,0.5416278206559811,4.1167,3.9768,4.0375,3.948685714285714,4.6121
2020-11-03,4.3699,21.61,23.74,22.77,1.58,0.0,11,308,3,-0.5000000000000004,0.8660254037844384,-0.8311706263658079,0.5560174366570446,4.3226,4.1167,3.9293,3.9894142857142856,4.5669233333333334
2020-11-04,3.6636,21.75,25.87,59.3,1.85,0.0,11,309,3,-0.5000000000000004,0.8660254037844384,-0.8214765533024145,0.5702422926917867,4.3699,4.3226,3.8753,4.052357142857143,4.522186666666666
2020-11-05,3.2458,21.59,24.58,54.07,1.77,0.0,11,310,3,-0.5000000000000004,0.8660254037844384,-0.8115390590073611,0.5842981736283683,3.6636,4.3699,3.6312,4.022114285714286,4.4499933333333335
2020-11-06,3.3305,21.81,24.8,38.25,1.8,0.0,11,311,3,-0.5000000000000004,0.8660254037844384,-0.801361088174677,0.5981809144059159,3.2458,3.6636,4.074,3.967057142857143,4.36641
2020-11-07,3.3914,21.54,28.4,39.19,1.87,0.0,11,312,3,-0.5000000000000004,0.8660254037844384,-0.7909456567567774,0.6118864012687242,3.3305,3.2458,3.9768,3.860842857142857,4.288363333333334
2020-11-08,2.7792,21.23,29.6,50.93,1.45,0.0,11,313,3,-0.5000000000000004,0.8660254037844384,-0.780295851070776,0.6254105729852457,3.3914,3.3305,4.1167,3.777214285714286,4.219026666666666
2020-11-09,3.3701,20.07,33.23,56.87,1.54,0.0,11,314,3,-0.5000000000000004,0.8660254037844384,-0.7694148268839381,0.6387494220515268,2.7792,3.3914,4.3226,3.5861428571428573,4.136826666666667
2020-11-10,3.3802,22.31,28.72,38.45,1.16,0.0,11,315,3,-0.5000000000000004,0.8660254037844384,-0.7583058084785625,0.6518989958787125,3.3701,2.7792,4.3699,3.450071428571428,4.078076666666666
2020-11-11,3.528,22.28,32.78,4.37,1.29,0.0,11,316,3,-0.5000000000000004,0.8660254037844384,-0.7469720876965551,0.6648553979642866,3.3802,3.3701,3.6636,3.3086857142857147,4.025646666666666
2020-11-12,3.5911,21.43,38.93,3.11,1.09,0.0,11,317,3,-0.5000000000000004,0.8660254037844384,-0.7354170229639858,0.6776147890466887,3.528,3.3802,3.2458,3.2893142857142856,3.9789733333333337
2020-11-13,3.5405,21.1,36.59,2.46,1.42,0.0,11,318,3,-0.5000000000000004,0.8660254037844384,-0.7236440382959124,0.690173388242972,3.5911,3.528,3.3305,3.3386428571428572,3.9647566666666667
2020-11-14,2.9861,21.77,31.49,26.99,1.09,0.0,11,319,3,-0.5000000000000004,0.8660254037844384,-0.711656622281775,0.7025274741691566,3.5405,3.5911,3.3914,3.3686428571428566,3.95094
2020-11-15,3.001,22.47,41.19,31.74,1.91,1.91,11,320,3,-0.5000000000000004,0.8660254037844384,-0.6994583270516471,0.7146733860429608,2.9861,3.5405,2.7792,3.310742857142857,3.90927
2020-11-16,2.6801,20.41,65.18,52.52,1.84,3.15,11,321,3,-0.5000000000000004,0.8660254037844384,-0.6870527672236675,0.7266075247685652,3.001,2.9861,3.3701,3.3424285714285715,3.859366666666667
2020-11-17,3.2731,19.19,56.22,13.41,2.05,0.0,11,322,3,-0.5000000000000004,0.8660254037844384,-0.6744436188329457,0.7383263540031063,2.6801,3.001,3.3802,3.2438571428571428,3.8032166666666667
2020-11-18,3.3065,18.37,45.1,2.7,1.53,0.0,11,323,3,-0.5000000000000004,0.8660254037844384,-0.661634618242279,0.749826401204568,3.2731,2.6801,3.528,3.2285571428571425,3.7723766666666667
2020-11-19,2.958,17.67,36.83,4.93,1.83,0.0,11,324,3,-0.5000000000000004,0.8660254037844384,-0.6486295610349818,0.7611042586607742,3.3065,3.2731,3.5911,3.1969142857142856,3.7274499999999997
2020-11-20,3.5866,17.24,35.19,2.48,2.89,0.0,11,325,3,-0.5000000000000004,0.8660254037844384,-0.6354323008901775,0.7721565844991641,2.958,3.3065,3.5405,3.1064714285714286,3.6545866666666664
2020-11-21,4.074,16.38,37.13,4.57,3.4,0.0,11,326,3,-0.5000000000000004,0.8660254037844384,-0.622046748440868,0.7829801036770624,3.5866,2.958,2.9861,3.1130571428571434,3.616533333333334
2020-11-22,3.7637,16.2,28.39,28.27,2.22,0.0,11,327,3,-0.5000000000000004,0.8660254037844384,-0.6084768701151264,0.7935716089521472,4.074,3.5866,3.001,3.2684714285714285,3.623076666666667
2020-11-23,3.1632,17.85,22.88,30.59,1.18,0.0,11,328,3,-0.5000000000000004,0.8660254037844384,-0.594726686960764,0.8039279618328208,3.7637,4.074,2.6801,3.3774285714285712,3.6048533333333332
2020-11-24,2.7173,18.08,23.67,58.23,0.95,0.0,11,329,3,-0.5000000000000004,0.8660254037844384,-0.5808002734538013,0.8140460935082175,3.1632,3.7637,3.2731,3.446442857142857,3.567646666666667
2020-11-25,1.8406,18.4,27.09,98.55,1.01,0.0,11,330,3,-0.5000000000000004,0.8660254037844384,-0.5667017562911184,0.8239230057575536,2.7173,3.1632,3.3065,3.367042857142857,3.5221099999999996
2020-11-26,2.7862,17.42,50.54,43.7,2.59,0.21,11,331,3,-0.5000000000000004,0.8660254037844384,-0.5524353131676203,0.8335557718385695,1.8406,2.7173,2.958,3.1576285714285715,3.44888
2020-11-27,4.1011,17.63,44.13,5.36,2.86,0.0,11,332,3,-0.5000000000000004,0.8660254037844384,-0.5380051715382992,0.8429415373547832,2.7862,1.8406,3.5866,3.133085714285714,3.4107766666666666
2020-11-28,4.0675,16.58,41.63,8.65,2.52,0.0,11,333,3,-0.5000000000000004,0.8660254037844384,-0.5234156073655503,0.8520775211013093,4.1011,2.7862,4.074,3.206585714285714,3.4183033333333337
2020-11-29,3.9538,16.21,34.17,9.71,1.66,0.0,11,334,3,-0.5000000000000004,0.8660254037844384,-0.5086709438521042,0.8609610158889945,4.0675,4.1011,3.7637,3.2056571428571425,3.432846666666667
2020-11-30,3.7507,17.0,33.06,19.05,1.56,0.0,11,335,3,-0.5000000000000004,0.8660254037844384,-0.49377555015997737,0.8695893893466109,3.9538,4.0675,3.1632,3.232814285714286,3.42884
2020-12-01,3.5611,17.02,39.08,8.02,1.56,0.0,12,336,0,-2.4492935982947064e-16,1.0,-0.4787338401157883,0.8779600847008883,3.7507,3.9538,2.7173,3.3167428571428568,3.4213033333333334
2020-12-02,3.654,17.78,43.13,1.98,2.3,0.0,12,337,0,-2.4492935982947064e-16,1.0,-0.4635502709028512,0.8860706215341378,3.5611,3.7507,1.8406,3.4372857142857143,3.4027833333333333
2020-12-03,3.2597,18.09,45.52,18.12,1.4,0.0,12,338,0,-2.4492935982947064e-16,1.0,-0.4482293417404106,0.893918596519257,3.654,3.5611,2.7862,3.696342857142857,3.3804966666666667
2020-12-04,3.421,19.71,34.27,11.76,1.01,0.0,12,339,0,-2.4492935982947064e-16,1.0,-0.4327755925504317,0.9015016841318838,3.2597,3.654,4.1011,3.763985714285714,3.34349
2020-12-05,3.4735,19.62,30.46,24.49,1.44,0.0,12,340,0,-2.4492935982947064e-16,1.0,-0.41719360261231697,0.9088176373395028,3.421,3.2597,4.0675,3.6668285714285713,3.3354033333333333
2020-12-06,3.4442,19.44,35.32,12.22,1.36,0.0,12,341,0,-2.4492935982947064e-16,1.0,-0.4014879892059737,0.9158642882672868,3.4735,3.421,3.9538,3.581971428571429,3.3429933333333333
2020-12-07,2.8176,18.91,38.12,31.11,2.16,0.0,12,342,0,-2.4492935982947064e-16,1.0,-0.38566340624360745,0.9226395488404875,3.4442,3.4735,3.7507,3.5091714285714284,3.346783333333333
2020-12-08,3.137,19.19,38.14,16.97,1.34,0.0,12,343,0,-2.4492935982947064e-16,1.0,-0.3697245428906732,0.9291414114031743,2.8176,3.4442,3.5611,3.375871428571428,3.327656666666667
2020-12-09,3.4512,20.08,37.86,19.82,1.67,0.0,12,344,0,-2.4492935982947064e-16,1.0,-0.35367612217637207,0.935367949313148,3.137,2.8176,3.654,3.315285714285714,3.339583333333333
2020-12-10,3.3557,20.18,44.8,15.44,1.49,0.0,12,345,0,-2.4492935982947064e-16,1.0,-0.33752289959411347,0.941317317512847,3.4512,3.137,3.2597,3.2863142857142855,3.342286666666667
2020-12-11,2.0417,20.66,45.22,43.83,1.17,0.0,12,346,0,-2.4492935982947064e-16,1.0,-0.32126966169236515,0.9469877530760751,3.3557,3.4512,3.421,3.3000285714285718,3.34147
2020-12-12,1.8698,19.26,59.32,67.05,1.54,1.84,12,347,0,-2.4492935982947064e-16,1.0,-0.3049212246562894,0.9523775757303973,2.0417,3.3557,3.4735,3.1029857142857145,3.291926666666667
2020-12-13,2.8721,15.34,51.71,37.39,2.89,0.05,12,348,0,-2.4492935982947064e-16,1.0,-0.2884824328806098,0.9574851883550389,1.8698,2.0417,3.4442,2.873885714285714,3.23455
2020-12-14,3.241,13.06,46.52,38.02,2.24,0.0,12,349,0,-2.4492935982947064e-16,1.0,-0.27195815753410524,0.9623090774541487,2.8721,1.8698,2.8176,2.792157142857143,3.2122700000000006
2020-12-15,2.9774,12.32,45.29,20.55,2.08,0.0,12,350,0,-2.4492935982947064e-16,1.0,-0.2553532951161881,0.9668478136052773,3.241,2.8721,3.137,2.852642857142857,3.220766666666667
2020-12-16,3.1224,12.74,39.86,14.44,3.04,0.0,12,351,0,-2.4492935982947064e-16,1.0,-0.23867276600594997,0.9711000518829505,2.9774,3.241,3.4512,2.8298428571428573,3.2199799999999996
2020-12-17,3.4994,10.2,36.6,25.47,3.02,0.0,12,352,0,-2.4492935982947064e-16,1.0,-0.22192151300416674,0.9750645322571945,3.1224,2.9774,3.3557,2.7828714285714287,3.234723333333333
2020-12-18,3.8438,11.3,33.4,0.43,3.14,0.0,12,353,0,-2.4492935982947064e-16,1.0,-0.20510449986861926,0.9787400799669153,3.4994,3.1224,2.0417,2.8034,3.2422666666666666
2020-12-19,3.8594,12.7,29.62,4.66,2.84,0.0,12,354,0,-2.4492935982947064e-16,1.0,-0.1882267098432439,0.9821256058680006,3.8438,3.4994,1.8698,3.0608428571428568,3.2601766666666667
2020-12-20,3.4942,13.5,28.49,39.61,2.55,0.0,12,355,0,-2.4492935982947064e-16,1.0,-0.1712931441814778,0.9852201067560606,3.8594,3.8438,2.8721,3.3450714285714285,3.290223333333333
2020-12-21,3.1951,13.65,38.52,63.62,2.19,0.0,12,356,0,-2.4492935982947064e-16,1.0,-0.154308820664281,0.9880226656636976,3.4942,3.8594,3.241,3.4339428571428567,3.2871433333333333
2020-12-22,3.2597,15.28,34.77,47.18,1.6,0.0,12,357,0,-2.4492935982947064e-16,1.0,-0.13727877211326517,0.9905324521322227,3.1951,3.4942,2.9774,3.427385714285714,3.2578466666666666
2020-12-23,3.0391,14.76,36.77,11.5,1.62,0.0,12,358,0,-2.4492935982947064e-16,1.0,-0.12020804489935275,0.9927487224577402,3.2597,3.1951,3.1224,3.467714285714286,3.2410466666666666
2020-12-24,3.0878,14.06,40.37,6.65,1.81,0.0,12,359,0,-2.4492935982947064e-16,1.0,-0.10310169744743544,0.9946708199115211,3.0391,3.2597,3.4994,3.4558142857142857,3.23691
2020-12-25,3.318,13.2,40.0,5.77,2.2,0.0,12,360,0,-2.4492935982947064e-16,1.0,-0.0859647987374467,0.9962981749346077,3.0878,3.0391,3.8438,3.3970142857142855,3.24926
2020-12-26,3.1327,13.95,38.05,35.95,2.0,0.0,12,361,0,-2.4492935982947064e-16,1.0,-0.06880242680232064,0.9976303053065857,3.318,3.0878,3.8594,3.3219000000000003,3.298506666666667
2020-12-27,2.9203,15.72,34.17,62.73,1.56,0.0,12,362,0,-2.4492935982947064e-16,1.0,-0.05161966722325418,0.9986668162884759,3.1327,3.318,3.4942,3.2180857142857144,3.3100566666666666
2020-12-28,3.4306,11.85,34.04,10.39,2.6,0.0,12,363,0,-2.4492935982947064e-16,1.0,-0.034421611622745804,0.9994074007397048,2.9203,3.1327,3.1951,3.1361,3.2706966666666664
2020-12-29,3.4973,11.2,40.33,1.26,2.67,0.0,12,364,0,-2.4492935982947064e-16,1.0,-0.01721335615583528,0.9998518392091162,3.4306,2.9203,3.2597,3.1697428571428574,3.2494666666666663
2020-12-30,2.7506,10.19,48.21,40.0,2.26,0.0,12,365,0,-2.4492935982947064e-16,1.0,6.432490598706546e-16,1.0,3.4973,3.4306,3.0391,3.2036857142857142,3.2342500000000003
2020-12-31,2.4845,10.78,39.56,81.18,1.86,0.0,12,366,0,-2.4492935982947064e-16,1.0,0.017213356155833904,0.9998518392091162,2.7506,3.4973,3.0878,3.162471428571429,3.2009133333333333
2021-01-01,1.9769,13.36,31.89,42.64,0.88,0.0,1,1,0,0.49999999999999994,0.8660254037844387,0.017213356155834685,0.9998518392091162,2.4845,2.7506,3.318,3.076285714285714,3.1650266666666664
2021-01-02,1.165,13.5,53.98,64.98,1.49,7.36,1,2,0,0.49999999999999994,0.8660254037844387,0.03442161162274574,0.9994074007397048,1.9769,2.4845,3.1327,2.8846999999999996,3.1091233333333332
2021-01-03,0.8064,15.79,87.44,73.91,2.64,18.79,1,3,0,0.49999999999999994,0.8660254037844387,0.051619667223253764,0.998666816288476,1.165,1.9769,2.9203,2.6036,3.0393
2021-01-04,2.2315,17.43,76.5,75.77,1.79,0.12,1,4,0,0.49999999999999994,0.8660254037844387,0.06880242680231986,0.9976303053065857,0.8064,1.165,3.4306,2.301614285714286,2.9521466666666663
2021-01-05,1.7654,17.53,73.36,75.07,2.12,2.98,1,5,0,0.49999999999999994,0.8660254037844387,0.08596479873744647,0.9962981749346078,2.2315,0.8064,3.4973,2.130314285714286,2.9107466666666664
2021-01-06,1.4309,16.49,74.58,80.39,0.93,8.24,1,6,0,0.49999999999999994,0.8660254037844387,0.10310169744743485,0.9946708199115211,1.7654,2.2315,2.7506,1.8829,2.8547866666666666
2021-01-07,1.6466,14.49,76.34,71.44,1.56,0.32,1,7,0,0.49999999999999994,0.8660254037844387,0.1202080448993527,0.9927487224577402,1.4309,1.7654,2.4845,1.6943714285714286,2.8085633333333333
2021-01-08,1.3214,15.48,71.88,93.08,1.01,0.44,1,8,0,0.49999999999999994,0.8660254037844387,0.13727877211326478,0.9905324521322229,1.6466,1.4309,1.9769,1.5746714285714287,2.758883333333333
2021-01-09,1.985,15.88,64.41,40.18,1.88,0.91,1,9,0,0.49999999999999994,0.8660254037844387,0.15430882066428117,0.9880226656636976,1.3214,1.6466,1.165,1.4810285714285711,2.6878900000000003
2021-01-10,3.083,12.98,58.13,30.65,2.81,0.0,1,10,0,0.49999999999999994,0.8660254037844387,0.1712931441814776,0.9852201067560606,1.985,1.3214,0.8064,1.5981714285714286,2.6422000000000003
2021-01-11,3.0634,11.0,53.02,39.25,2.86,0.0,1,11,0,0.49999999999999994,0.8660254037844387,0.1882267098432442,0.9821256058680006,3.083,1.985,2.2315,1.9234000000000002,2.67691
2021-01-12,3.2993,11.24,48.85,34.02,2.55,0.0,1,12,0,0.49999999999999994,0.8660254037844387,0.2051044998686192,0.9787400799669153,3.0634,3.083,1.7654,2.042242857142857,2.7166966666666665
2021-01-13,3.0108,10.09,46.81,55.84,2.16,0.0,1,13,0,0.49999999999999994,0.8660254037844387,0.2219215130041655,0.9750645322571948,3.2993,3.0634,1.4309,2.2613714285714286,2.7309366666666666
2021-01-14,2.8171,12.06,39.14,80.38,1.13,0.0,1,14,0,0.49999999999999994,0.8660254037844387,0.2386727660059501,0.9711000518829505,3.0108,3.2993,1.6466,2.487071428571429,2.723263333333333
2021-01-15,3.0425,12.65,37.15,56.13,1.07,0.0,1,15,0,0.49999999999999994,0.8660254037844387,0.255353295116187,0.9668478136052775,2.8171,3.0108,1.3214,2.654285714285714,2.7179200000000003
2021-01-16,2.5387,10.91,45.45,67.84,1.72,0.0,1,16,0,0.49999999999999994,0.8660254037844387,0.2719581575341055,0.9623090774541486,3.0425,2.8171,1.985,2.9001571428571427,2.715256666666667
2021-01-17,1.7292,10.94,48.03,93.72,1.57,0.0,1,17,0,0.49999999999999994,0.8660254037844387,0.288482432880609,0.9574851883550393,2.5387,3.0425,3.083,2.979257142857143,2.6832333333333334
2021-01-18,1.6056,13.73,40.97,63.73,1.65,0.0,1,18,0,0.49999999999999994,0.8660254037844387,0.30492122465628907,0.9523775757303974,1.7292,2.5387,3.0634,2.785857142857143,2.6127466666666668
2021-01-19,2.6297,14.92,49.95,27.08,1.95,0.0,1,19,0,0.49999999999999994,0.8660254037844387,0.3212696616923644,0.9469877530760753,1.6056,1.7292,3.2993,2.5776,2.53762
2021-01-20,3.5383,13.54,50.16,41.68,3.26,0.0,1,20,0,0.49999999999999994,0.8660254037844387,0.3375228995941133,0.9413173175128471,2.6297,1.6056,3.0108,2.4819428571428572,2.5088033333333333
2021-01-21,4.2403,13.09,51.09,11.27,2.94,0.0,1,21,0,0.49999999999999994,0.8660254037844387,0.3536761221763716,0.9353679493131483,3.5383,2.6297,2.8171,2.5573,2.520243333333333
2021-01-22,2.6635,13.32,41.61,58.01,1.26,0.0,1,22,0,0.49999999999999994,0.8660254037844387,0.3697245428906731,0.9291414114031743,4.2403,3.5383,3.0425,2.760614285714286,2.5529300000000004
2021-01-23,3.0374,14.04,40.74,65.68,2.04,0.0,1,23,0,0.49999999999999994,0.8660254037844387,0.38566340624360707,0.9226395488404876,2.6635,4.2403,2.5387,2.7064714285714286,2.54041
2021-01-24,1.8019,12.08,55.76,72.51,1.8,0.0,1,24,0,0.49999999999999994,0.8660254037844387,0.401487989205973,0.9158642882672872,3.0374,2.6635,1.7292,2.777714285714286,2.53873
2021-01-25,2.2442,10.83,50.87,59.74,1.45,0.0,1,25,0,0.49999999999999994,0.8660254037844387,0.4171936026123168,0.9088176373395029,1.8019,3.0374,1.6056,2.7881,2.4881933333333337
2021-01-26,3.3574,11.92,49.09,33.02,1.6,0.0,1,26,0,0.49999999999999994,0.8660254037844387,0.4327755925504312,0.901501684131884,2.2442,1.8019,2.6297,2.8793285714285717,2.4585766666666666
2021-01-27,3.9386,12.1,44.89,13.44,1.8,0.0,1,27,0,0.49999999999999994,0.8660254037844387,0.4482293417404106,0.893918596519257,3.3574,2.2442,3.5383,2.9832857142857145,2.4731466666666666
2021-01-28,2.9119,11.34,40.75,49.98,1.37,0.0,1,28,0,0.49999999999999994,0.8660254037844387,0.4635502709028509,0.886070621534138,3.9386,3.3574,4.2403,3.0404714285714287,2.4900800000000003
2021-01-29,3.8618,11.3,41.0,35.4,2.34,0.0,1,29,0,0.49999999999999994,0.8660254037844387,0.47873384011578846,0.8779600847008882,2.9119,3.9386,2.6635,2.8507000000000002,2.470566666666666
2021-01-30,4.4131,12.1,40.98,17.53,2.37,0.0,1,30,0,0.49999999999999994,0.8660254037844387,0.49377555015997715,0.869589389346611,3.8618,2.9119,3.0374,3.0218857142857147,2.5076066666666668
2021-01-31,4.5722,14.11,34.11,7.37,1.38,0.0,1,31,0,0.49999999999999994,0.8660254037844387,0.5086709438521044,0.8609610158889943,4.4131,3.8618,1.8019,3.2184142857142857,2.5718933333333336
2021-02-01,4.4218,15.93,32.33,11.87,1.55,0.0,2,32,0,0.8660254037844386,0.5000000000000001,0.5234156073655503,0.8520775211013093,4.5722,4.4131,2.2442,3.6141714285714284,2.6584033333333337
2021-02-02,4.4345,16.45,34.59,4.26,1.21,0.0,2,33,0,0.8660254037844386,0.5000000000000001,0.5380051715382996,0.8429415373547828,4.4218,4.5722,3.3574,3.925257142857143,2.7669633333333334
2021-02-03,4.008,16.25,39.76,25.76,1.83,0.05,2,34,0,0.8660254037844386,0.5000000000000001,0.5524353131676196,0.8335557718385699,4.4345,4.4218,3.9386,4.079128571428571,2.8879
2021-02-04,2.7024,16.17,55.01,65.82,2.09,3.03,2,35,0,0.8660254037844386,0.5000000000000001,0.5667017562911176,0.8239230057575542,4.008,4.4345,2.9119,4.089042857142857,2.947116666666667
2021-02-05,4.0682,14.6,64.45,4.33,1.49,0.09,2,36,0,0.8660254037844386,0.5000000000000001,0.5808002734538009,0.8140460935082178,2.7024,4.008,3.8618,4.059114285714285,2.97835
2021-02-06,4.801,14.29,50.01,1.01,2.24,0.0,2,37,0,0.8660254037844386,0.5000000000000001,0.5947266869607634,0.8039279618328213,4.0682,2.7024,4.4131,4.0886000000000005,3.06626
2021-02-07,4.825,14.51,48.46,4.13,2.36,0.0,2,38,0,0.8660254037844386,0.5000000000000001,0.6084768701151261,0.7935716089521474,4.801,4.0682,4.5722,4.144014285714285,3.171406666666667
2021-02-08,4.4818,15.13,47.19,17.22,1.74,0.0,2,39,0,0.8660254037844386,0.5000000000000001,0.6220467484408675,0.7829801036770629,4.825,4.801,4.4218,4.180128571428571,3.288193333333333
2021-02-09,4.2881,17.63,42.11,46.89,1.66,0.0,2,40,0,0.8660254037844386,0.5000000000000001,0.6354323008901774,0.7721565844991642,4.4818,4.825,4.4345,4.1887,3.37142
2021-02-10,4.6548,19.2,37.49,30.14,1.08,0.0,2,41,0,0.8660254037844386,0.5000000000000001,0.6486295610349814,0.7611042586607747,4.2881,4.4818,4.008,4.167785714285714,3.41159
2021-02-11,4.3855,17.5,42.78,33.87,1.33,0.0,2,42,0,0.8660254037844386,0.5000000000000001,0.6616346182422783,0.7498264012045686,4.6548,4.2881,2.7024,4.260185714285714,3.4646366666666664
2021-02-12,3.4613,17.82,44.74,56.75,1.35,0.0,2,43,0,0.8660254037844386,0.5000000000000001,0.6744436188329455,0.7383263540031065,4.3855,4.6548,4.0682,4.500628571428572,3.5008433333333335
2021-02-13,3.2974,18.3,36.03,64.02,1.26,0.0,2,44,0,0.8660254037844386,0.5000000000000001,0.6870527672236669,0.7266075247685656,3.4613,4.3855,4.801,4.413928571428571,3.5158600000000004
2021-02-14,4.3094,19.38,32.4,37.55,1.23,0.0,2,45,0,0.8660254037844386,0.5000000000000001,0.699458327051647,0.7146733860429609,3.2974,3.4613,4.825,4.199128571428572,3.5318699999999996
2021-02-15,4.3673,20.37,31.05,8.56,0.75,0.0,2,46,0,0.8660254037844386,0.5000000000000001,0.7116566222817746,0.7025274741691571,4.3094,3.2974,4.4818,4.125471428571428,3.5741000000000005
2021-02-16,4.3126,19.49,37.21,8.34,1.04,0.0,2,47,0,0.8660254037844386,0.5000000000000001,0.7236440382959124,0.6901733882429719,4.3673,4.3094,4.2881,4.109114285714286,3.6350533333333335
2021-02-17,4.451,18.61,40.96,13.43,1.3,0.0,2,48,0,0.8660254037844386,0.5000000000000001,0.7354170229639855,0.6776147890466889,4.3126,4.3673,4.6548,4.112614285714286,3.7211666666666665
2021-02-18,4.4719,19.21,33.83,14.15,1.14,0.0,2,49,0,0.8660254037844386,0.5000000000000001,0.7469720876965552,0.6648553979642865,4.451,4.3126,4.3855,4.0835,3.8160133333333333
2021-02-19,4.5314,18.24,37.18,16.27,1.47,0.0,2,50,0,0.8660254037844386,0.5000000000000001,0.7583058084785624,0.6518989958787126,4.4719,4.451,3.4613,4.095842857142857,3.87742
2021-02-20,4.391,17.76,37.4,36.68,1.66,0.0,2,51,0,0.8660254037844386,0.5000000000000001,0.7694148268839378,0.6387494220515272,4.5314,4.4719,3.2974,4.248714285714286,3.9105233333333334
2021-02-21,4.8665,18.11,37.8,17.6,2.0,0.0,2,52,0,0.8660254037844386,0.5000000000000001,0.7802958510707755,0.6254105729852464,4.391,4.5314,4.3094,4.404942857142857,3.9155466666666667
2021-02-22,4.9169,20.06,33.36,8.55,1.94,0.0,2,53,0,0.8660254037844386,0.5000000000000001,0.7909456567567772,0.6118864012687243,4.8665,4.391,4.3673,4.484528571428571,3.9889799999999997
2021-02-23,5.2966,21.89,29.39,2.66,1.45,0.0,2,54,0,0.8660254037844386,0.5000000000000001,0.8013610881746766,0.5981809144059165,4.9169,4.8665,4.3126,4.5630428571428565,4.05163
2021-02-24,5.3294,23.44,26.88,1.49,1.44,0.0,2,55,0,0.8660254037844386,0.5000000000000001,0.8115390590073611,0.5842981736283683,5.2966,4.9169,4.451,4.703614285714286,4.16812
2021-02-25,5.3506,23.01,29.05,1.79,1.9,0.0,2,56,0,0.8660254037844386,0.5000000000000001,0.8214765533024142,0.5702422926917871,5.3294,5.2966,4.4719,4.8290999999999995,4.2709600000000005
2021-02-26,5.5226,24.48,31.53,4.07,2.45,0.0,2,57,0,0.8660254037844386,0.5000000000000001,0.8311706263658079,0.5560174366570446,5.3506,5.3294,4.5314,4.954628571428572,4.337400000000001
2021-02-27,5.2366,23.97,36.86,28.59,2.07,0.38,2,58,0,0.8660254037844386,0.5000000000000001,0.8406184056344782,0.5416278206559814,5.5226,5.3506,4.391,5.096228571428571,4.390199999999999
2021-02-28,5.3854,22.85,30.13,33.67,1.91,0.0,2,59,0,0.8660254037844386,0.5000000000000001,0.8498170915275278,0.5270777086423722,5.2366,5.5226,4.8665,5.217028571428571,4.46769
2021-03-01,5.7197,21.17,22.95,1.44,2.97,0.0,3,60,1,1.0,6.123233995736766e-17,0.8587639582758029,0.5123714121284237,5.3854,5.2366,4.9169,5.291157142857143,4.518476666666667
2021-03-02,6.0156,20.75,23.79,16.37,3.38,0.0,3,61,1,1.0,6.123233995736766e-17,0.8674563547295969,0.49751328890718066,5.7197,5.3854,5.2966,5.405842857142857,4.562029999999999
2021-03-03,5.9378,22.65,20.64,7.36,2.47,0.0,3,62,1,1.0,6.123233995736766e-17,0.8758917051442429,0.48250774176121847,6.0156,5.7197,5.3294,5.508557142857143,4.610143333333334
2021-03-04,5.886,24.49,19.09,3.18,1.37,0.0,3,63,1,1.0,6.123233995736766e-17,0.8840675099433636,0.4673592171580022,5.9378,6.0156,5.3506,5.595471428571429,4.660676666666666
2021-03-05,5.6868,23.61,20.91,0.87,3.0,0.0,3,64,1,1.0,6.123233995736766e-17,0.8919813464595485,0.45207220393230435,5.886,5.9378,5.5226,5.671957142857143,4.70906
2021-03-06,6.0338,24.74,18.83,4.41,2.88,0.0,3,65,1,1.0,6.123233995736766e-17,0.8996308696522433,0.43665123195606403,5.6868,5.886,5.2366,5.6954142857142855,4.765020000000001
2021-03-07,5.7029,25.6,18.83,6.8,1.58,0.0,3,66,1,1.0,6.123233995736766e-17,0.9070138128026359,0.4211008707960896,6.0338,5.6868,5.3854,5.8093,4.876066666666667
2021-03-08,4.8449,25.16,24.21,31.52,1.94,0.03,3,67,1,1.0,6.123233995736766e-17,0.9141279881853337,0.40542572835999735,5.7029,6.0338,5.7197,5.854657142857143,4.930556666666666
2021-03-09,5.1206,26.6,24.96,65.06,1.15,0.0,3,68,1,1.0,6.123233995736766e-17,0.9209712877166346,0.38963044953078796,4.8449,5.7029,6.0156,5.729685714285714,4.93202
2021-03-10,5.346,26.22,30.75,19.82,1.37,0.2,3,69,1,1.0,6.123233995736766e-17,0.9275416835791966,0.37371971479046906,5.1206,4.8449,5.9378,5.601828571428571,4.941873333333333
2021-03-11,5.5066,26.39,23.64,18.53,0.96,0.0,3,70,1,1.0,6.123233995736766e-17,0.9338372288229252,0.35769823883312546,5.346,5.1206,5.886,5.5172857142857135,4.97068
2021-03-12,2.8644,23.03,42.65,92.44,2.31,1.73,3,71,1,1.0,6.123233995736766e-17,0.9398560579418954,0.3415707691678556,5.5066,5.346,5.6868,5.463085714285715,5.0112966666666665
2021-03-13,5.4454,24.08,52.5,32.41,1.49,0.03,3,72,1,1.0,6.123233995736766e-17,0.9455963874271426,0.3253420847119801,2.8644,5.5066,6.0338,5.059885714285714,4.951616666666666
2021-03-14,5.9213,25.45,29.45,7.1,2.2,0.0,3,73,1,1.0,6.123233995736766e-17,0.9510565162951535,0.30901699437494745,5.4454,2.8644,5.7029,4.975828571428571,4.986946666666667
2021-03-15,5.135,24.98,27.41,48.14,1.91,0.0,3,74,1,1.0,6.123233995736766e-17,0.9562348265919056,0.29260033563334836,5.9213,5.4454,4.8449,5.007028571428571,5.068946666666666
2021-03-16,4.812,25.4,28.67,52.03,2.37,0.0,3,75,1,1.0,6.123233995736766e-17,0.9611297838723007,0.27609697309746883,5.135,5.9213,5.1206,5.048471428571429,5.1302
2021-03-17,5.1665,26.69,28.75,43.68,1.82,0.0,3,76,1,1.0,6.123233995736766e-17,0.9657399376548549,0.2595117970697999,4.812,5.135,5.346,5.004385714285713,5.146953333333332
2021-03-18,4.6793,27.63,26.82,83.95,1.39,0.0,3,77,1,1.0,6.123233995736766e-17,0.9700639218515071,0.2428497220959356,5.1665,4.812,5.5066,4.978742857142857,5.173593333333333
2021-03-19,4.979,27.88,28.85,53.36,2.01,0.0,3,78,1,1.0,6.123233995736766e-17,0.9741004551724205,0.22611568550828828,4.6793,5.1665,2.8644,4.860557142857142,5.185816666666667
2021-03-20,6.145,26.75,25.74,12.63,2.44,0.0,3,79,1,1.0,6.123233995736766e-17,0.9778483415056568,0.20931464596304847,4.979,4.6793,5.4454,5.162642857142857,5.203416666666667
2021-03-21,6.1157,27.72,24.73,13.67,1.28,0.0,3,80,1,1.0,6.123233995736766e-17,0.9813064702716093,0.19245158197082998,6.145,4.979,5.9213,5.262585714285714,5.2591866666666665
2021-03-22,4.705,26.91,25.02,61.81,2.09,0.0,3,81,1,1.0,6.123233995736766e-17,0.9844738167520922,0.1755314904214282,6.1157,6.145,5.135,5.290357142857142,5.311996666666667
2021-03-23,4.0514,28.01,26.88,88.43,1.51,0.04,3,82,1,1.0,6.123233995736766e-17,0.9873494423939864,0.15855938510313475,4.705,6.1157,4.812,5.228928571428571,5.322463333333333
2021-03-24,5.7499,26.39,26.77,36.64,1.93,0.05,3,83,1,1.0,6.123233995736766e-17,0.989932495087353,0.141540295217043,4.0514,4.705,5.1665,5.120271428571429,5.295293333333333
2021-03-25,5.7482,24.86,27.82,69.65,3.54,0.0,3,84,1,1.0,6.123233995736766e-17,0.9922222094179323,0.12447926388678915,5.7499,4.0514,4.6793,5.203614285714286,5.32306
2021-03-26,6.4428,24.78,29.2,20.57,2.58,0.0,3,85,1,1.0,6.123233995736766e-17,0.994217906893952,0.10738134666416309,5.7482,5.7499,4.979,5.356314285714285,5.338113333333333
2021-03-27,6.3696,27.17,25.45,12.66,1.7,0.0,3,86,1,1.0,6.123233995736766e-17,0.995918996147179,0.09025161003104117,6.4428,5.7482,6.145,5.565428571428571,5.375226666666666
2021-03-28,6.1502,29.12,21.9,15.88,1.22,0.0,3,87,1,1.0,6.123233995736766e-17,0.9973249731081555,0.07309512989807777,6.3696,6.4428,6.1157,5.597514285714287,5.409193333333333
2021-03-29,6.3055,30.32,18.78,50.67,1.89,0.0,3,88,1,1.0,6.123233995736766e-17,0.9984354211555643,0.055916990100603484,6.1502,6.3696,4.705,5.602442857142857,5.430113333333334
2021-03-30,6.2136,30.65,16.8,17.13,3.84,0.0,3,89,1,1.0,6.123233995736766e-17,0.9992500112396835,0.03872228089217446,6.3055,6.1502,4.0514,5.831085714285714,5.465743333333333
2021-03-31,7.4297,28.56,11.49,1.87,4.56,0.0,3,90,1,1.0,6.123233995736766e-17,0.9997685019798909,0.021516097436222254,6.2136,6.3055,5.7499,6.139971428571428,5.49335
2021-04-01,7.6121,26.44,7.3,1.26,4.19,0.0,4,91,1,0.8660254037844387,-0.4999999999999998,0.9999907397361901,0.004303538296244289,7.4297,6.2136,5.7482,6.379942857142857,5.55035
2021-04-02,7.447,25.93,9.19,5.67,2.3,0.0,4,92,1,0.8660254037844387,-0.4999999999999998,0.9999166586547379,-0.01291029607500882,7.6121,7.4297,6.4428,6.646214285714286,5.603566666666667
2021-04-03,7.5293,25.93,6.84,7.83,1.89,0.0,4,93,1,0.8660254037844387,-0.4999999999999998,0.9995462806873573,-0.030120304846908114,7.447,7.6121,6.3696,6.789671428571429,5.653873333333333
2021-04-04,7.2586,27.35,8.62,5.19,2.19,0.0,4,94,1,0.8660254037844387,-0.4999999999999998,0.9988797155850336,-0.04732138832243185,7.5293,7.447,6.1502,6.955342857142858,5.7086500000000004
2021-04-05,5.9791,29.26,12.56,80.08,1.44,0.0,4,95,1,0.8660254037844387,-0.4999999999999998,0.9979171608653922,-0.06450844944931623,7.2586,7.5293,6.3055,7.113685714285714,5.761043333333333
2021-04-06,5.9369,30.92,12.74,52.79,1.36,0.0,4,96,1,0.8660254037844387,-0.4999999999999998,0.9966589017541702,-0.08167639533042241,5.9791,7.2586,6.2136,7.067057142857144,5.75922
2021-04-07,6.0574,29.93,23.43,46.18,2.94,0.0,4,97,1,0.8660254037844387,-0.4999999999999998,0.9951053111006976,-0.09882013873287143,5.9369,5.9791,7.4297,7.027528571428571,5.7670200000000005
2021-04-08,6.667,27.87,14.89,15.94,2.33,0.0,4,98,1,0.8660254037844387,-0.4999999999999998,0.9932568492674143,-0.11593459959550041,6.0574,5.9369,7.6121,6.831485714285714,5.807436666666667
2021-04-09,7.3562,27.93,13.37,13.72,2.38,0.0,4,99,1,0.8660254037844387,-0.4999999999999998,0.9911140639934547,-0.1330147065341959,6.667,6.0574,7.447,6.696471428571429,5.858983333333334
2021-04-10,7.2326,28.89,14.92,10.67,2.22,0.0,4,100,1,0.8660254037844387,-0.4999999999999998,0.9886775902323405,-0.1500553983446526,7.3562,6.667,7.5293,6.6835,5.92599
2021-04-11,7.3946,29.72,15.57,10.8,2.29,0.0,4,101,1,0.8660254037844387,-0.4999999999999998,0.9859481499638304,-0.16705162550211924,7.2326,7.3562,7.2586,6.641114285714286,5.983523333333334
2021-04-12,6.7354,31.11,16.37,32.1,2.09,0.0,4,102,1,0.8660254037844387,-0.4999999999999998,0.9829265519799822,-0.18399835165768005,7.3946,7.2326,5.9791,6.660542857142857,6.13453
2021-04-13,7.0222,32.01,18.03,20.65,2.68,0.0,4,103,1,0.8660254037844387,-0.4999999999999998,0.9796136916454901,-0.20089055513063506,6.7354,7.3946,5.9369,6.768585714285715,6.17753
2021-04-14,6.582,32.49,19.51,39.7,2.56,0.0,4,104,1,0.8660254037844387,-0.4999999999999998,0.9760105506323683,-0.21772323039653177,7.0222,6.7354,6.0574,6.923628571428572,6.214226666666666
2021-04-15,6.6194,32.77,17.12,44.08,1.93,0.0,4,105,1,0.8660254037844387,-0.4999999999999998,0.9721181966290613,-0.23449138957040985,6.582,7.0222,6.667,6.998571428571429,6.26246
2021-04-16,5.5265,32.81,19.77,71.47,1.86,0.85,4,106,1,0.8660254037844387,-0.4999999999999998,0.9679377830240642,-0.25119006388481935,6.6194,6.582,7.3562,6.991771428571428,6.322706666666667
2021-04-17,6.6557,29.53,31.78,25.84,2.97,0.98,4,107,1,0.8660254037844387,-0.4999999999999998,0.9634705485641488,-0.2678143051621742,5.5265,6.6194,7.2326,6.730385714285714,6.3347066666666665
2021-04-18,7.0901,29.58,27.62,20.27,2.06,0.0,4,108,1,0.8660254037844387,-0.4999999999999998,0.9587178169872964,-0.2843591872810034,6.6557,5.5265,7.3946,6.647971428571429,6.400586666666666
2021-04-19,6.7562,31.24,20.84,29.5,2.06,0.02,4,109,1,0.8660254037844387,-0.4999999999999998,0.9536809966304457,-0.30081980763566735,7.0901,6.6557,6.7354,6.604471428571429,6.470956666666667
2021-04-20,4.2876,28.68,23.21,83.83,2.3,0.08,4,110,1,0.8660254037844387,-0.4999999999999998,0.9483615800121715,-0.3171912885891061,6.7562,7.0901,7.0222,6.607442857142857,6.49133
2021-04-21,6.6989,27.44,32.17,37.12,2.44,1.02,4,111,1,0.8660254037844387,-0.4999999999999998,0.9427611433904207,-0.3334687789181868,4.2876,6.7562,6.582,6.216785714285714,6.430393333333333
2021-04-22,7.2142,27.33,32.2,22.03,1.22,0.04,4,112,1,0.8660254037844387,-0.4999999999999998,0.9368813462954315,-0.3496474552512284,6.6989,4.2876,6.6194,6.233485714285714,6.496856666666667
2021-04-23,5.9213,29.35,24.16,51.42,2.98,0.23,4,113,1,0.8660254037844387,-0.4999999999999998,0.9307239310379795,-0.36572252349726897,7.2142,6.6989,5.5265,6.3184571428571425,6.602283333333333
2021-04-24,7.6195,27.47,28.25,5.19,3.34,0.01,4,114,1,0.8660254037844387,-0.4999999999999998,0.9242907221930933,-0.3816892202666588,5.9213,7.2142,6.6557,6.374857142857143,6.607996666666667
2021-04-25,7.8547,28.9,17.59,0.69,2.92,0.0,4,115,1,0.8660254037844387,-0.4999999999999998,0.9175836260593937,-0.39754281428255595,7.6195,5.9213,7.0901,6.512542857142857,6.670373333333333
2021-04-26,7.931,31.06,13.63,0.44,2.31,0.0,4,116,1,0.8660254037844387,-0.4999999999999998,0.9106046300942162,-0.41327860778290415,7.8547,7.6195,6.7562,6.621771428571428,6.717436666666667
2021-04-27,7.1978,33.37,13.85,26.86,2.01,0.0,4,117,1,0.8660254037844387,-0.4999999999999998,0.9033558023246845,-0.4288919379124835,7.931,7.8547,4.2876,6.7896,6.769483333333334
2021-04-28,6.7193,33.97,13.15,48.87,2.03,0.0,4,118,1,0.8660254037844387,-0.4999999999999998,0.895839290734909,-0.44437817810461316,7.1978,7.931,6.6989,7.205342857142858,6.804403333333334
2021-04-29,6.0715,34.67,17.88,59.04,1.98,0.0,4,119,1,0.8660254037844387,-0.4999999999999998,0.8880573226294932,-0.45973273945210397,6.7193,7.1978,7.2142,7.208257142857143,6.818196666666667
2021-04-30,6.239,34.66,17.1,72.83,1.11,0.36,4,120,1,0.8660254037844387,-0.4999999999999998,0.8800122039735357,-0.47495107206704995,6.0715,6.7193,5.9213,7.045014285714286,6.81346
2021-05-01,6.2621,33.73,19.57,71.06,1.31,0.98,5,121,1,0.49999999999999994,-0.8660254037844387,0.8717063187093218,-0.4900286664290592,6.239,6.0715,7.6195,7.0904,6.77377
2021-05-02,5.3491,33.6,21.42,82.61,1.55,0.04,5,122,1,0.49999999999999994,-0.8660254037844387,0.8631421280499114,-0.5049610547215204,6.2621,6.239,7.8547,6.896485714285715,6.72877
2021-05-03,6.2162,33.92,23.81,59.26,1.76,0.0,5,123,1,0.49999999999999994,-0.8660254037844387,0.854322169749827,-0.5197438121555155,5.3491,6.2621,7.931,6.538542857142858,6.65884
2021-05-04,6.1922,34.77,20.39,62.37,1.11,0.0,5,124,1,0.49999999999999994,-0.8660254037844387,0.8452490573530633,-0.5343725582809786,6.2162,5.3491,7.1978,6.293571428571428,6.615069999999999
2021-05-05,6.5256,33.54,20.14,41.36,1.31,0.0,5,125,1,0.49999999999999994,-0.8660254037844387,0.8359254794186372,-0.548842958284719,6.1922,6.2162,6.7193,6.149914285714286,6.5795233333333325
2021-05-06,5.2032,33.0,29.94,65.79,1.94,5.43,5,126,1,0.49999999999999994,-0.8660254037844387,0.8263541987239096,-0.5631507242749186,6.5256,6.1922,6.0715,6.122242857142857,6.59774
2021-05-07,6.4824,31.59,35.56,45.74,1.17,0.66,5,127,1,0.49999999999999994,-0.8660254037844387,0.8165380514459161,-0.5772916165517272,5.2032,6.5256,6.239,5.9982,6.573283333333333
2021-05-08,6.4572,32.11,29.22,43.46,1.23,0.0,5,128,1,0.49999999999999994,-0.8660254037844387,0.8064799463209448,-0.5912614448635781,6.4824,5.2032,6.2621,6.032971428571429,6.58745
2021-05-09,5.7713,33.1,26.83,70.11,1.59,0.13,5,129,1,0.49999999999999994,-0.8660254037844387,0.7961828637826158,-0.6050560696488488,6.4572,6.4824,5.3491,6.060842857142857,6.580456666666666
2021-05-10,5.2308,34.56,24.96,80.5,1.26,1.28,5,130,1,0.49999999999999994,-0.8660254037844387,0.7856498550787147,-0.6186714032625031,5.7713,6.4572,6.2162,6.121157142857143,6.5276266666666665
2021-05-11,6.6554,33.78,25.38,72.75,1.96,0.01,5,131,1,0.49999999999999994,-0.8660254037844387,0.7748840413670407,-0.6321034111873487,5.2308,5.7713,6.1922,5.980385714285714,6.4609
2021-05-12,6.5203,34.07,24.67,63.61,1.62,0.46,5,132,1,0.49999999999999994,-0.8660254037844387,0.7638886127905428,-0.6453481132295501,6.6554,5.2308,6.5256,6.046557142857142,6.43626
2021-05-13,5.6662,30.93,36.53,62.68,1.3,1.97,5,133,1,0.49999999999999994,-0.8660254037844387,0.7526668275320085,-0.6584015846980488,6.5203,6.6554,5.2032,6.0458,6.42909
2021-05-14,6.8278,31.86,32.87,43.12,1.06,0.0,5,134,1,0.49999999999999994,-0.8660254037844387,0.7412220108485958,-0.6712599575675313,5.6662,6.5203,6.4824,6.111942857142857,6.38389
2021-05-15,5.0302,33.51,26.98,59.21,0.89,0.0,5,135,1,0.49999999999999994,-0.8660254037844387,0.7295575540864875,-0.6839194216246106,6.8278,5.6662,6.4572,6.161285714285714,6.392083333333334
2021-05-16,7.2746,34.12,21.22,36.98,1.55,0.02,5,136,1,0.49999999999999994,-0.8660254037844387,0.717676913675962,-0.6963762255968722,5.0302,6.8278,5.7713,5.957428571428571,6.33911
2021-05-17,3.4001,33.43,22.31,95.92,2.63,0.0,5,137,1,0.49999999999999994,-0.8660254037844387,0.705583610107178,-0.7086266782644596,7.2746,5.0302,5.2308,6.172185714285715,6.39738
2021-05-18,1.896,30.03,38.56,99.15,3.8,2.15,5,138,1,0.49999999999999994,-0.8660254037844387,0.6932812268869777,-0.7206671495538609,3.4001,7.2746,6.6554,5.910657142857143,6.28886
2021-05-19,1.387,25.52,67.6,99.11,4.11,50.91,5,139,1,0.49999999999999994,-0.8660254037844387,0.6807734094770161,-0.7324940716135789,1.896,3.4001,6.5203,5.230742857142857,6.115723333333333
2021-05-20,5.1079,24.92,74.53,51.91,4.88,36.98,5,140,1,0.49999999999999994,-0.8660254037844387,0.6680638642135335,-0.7441039398713607,1.387,1.896,5.6662,4.497414285714286,5.936750000000001
2021-05-21,4.9999,28.26,57.33,44.93,1.09,6.72,5,141,1,0.49999999999999994,-0.8660254037844387,0.6551563572090853,-0.7554933140726803,5.1079,1.387,6.8278,4.417657142857143,5.9640933333333335
2021-05-22,7.3087,29.68,52.14,39.72,1.85,1.81,5,142,1,0.49999999999999994,-0.8660254037844387,0.6420547132365637,-0.766658819300159,4.9999,5.1079,5.0302,4.156528571428572,5.90746
2021-05-23,6.3257,28.72,45.34,35.57,1.91,0.0,5,143,1,0.49999999999999994,-0.8660254037844387,0.6287628145958344,-0.7775971469736269,7.3087,4.9999,7.2746,4.482028571428571,5.91061
2021-05-24,7.2336,29.25,38.26,1.17,3.9,0.0,5,144,1,0.49999999999999994,-0.8660254037844387,0.6152845999633276,-0.7883050558305255,6.3257,7.3087,3.4001,4.346471428571428,5.9240900000000005
2021-05-25,8.07,31.03,36.13,1.91,3.85,0.0,5,145,1,0.49999999999999994,-0.8660254037844387,0.6016240632249226,-0.7987793728863649,7.2336,6.3257,1.896,4.894114285714286,5.911226666666667
2021-05-26,7.6666,32.27,34.92,8.14,2.41,0.0,5,146,1,0.49999999999999994,-0.8660254037844387,0.5877852522924732,-0.8090169943749473,8.07,7.2336,1.387,5.776114285714286,5.918403333333333
2021-05-27,7.4834,33.18,29.87,12.35,1.6,0.0,5,147,1,0.49999999999999994,-0.8660254037844387,0.5737722679043246,-0.8190148866680801,7.6666,8.07,5.1079,6.6732000000000005,5.90959
2021-05-28,7.5094,31.76,36.89,13.76,2.03,0.0,5,148,1,0.49999999999999994,-0.8660254037844387,0.5595892624101765,-0.8287700871745038,7.4834,7.6666,4.9999,7.012557142857142,5.91911
2021-05-29,7.2614,31.87,52.33,40.11,3.65,0.66,5,149,1,0.49999999999999994,-0.8660254037844387,0.545240438540651,-0.8382797052177744,7.5094,7.4834,7.3087,7.3710571428571425,5.945446666666666
2021-05-30,6.7915,32.06,53.2,64.92,2.32,0.47,5,150,1,0.49999999999999994,-0.8660254037844387,0.5307300481619334,-0.8475409228928311,7.2614,7.5094,6.3257,7.3643,5.985110000000001
2021-05-31,6.5491,34.94,39.83,49.69,1.16,0.0,5,151,1,0.49999999999999994,-0.8660254037844387,0.5160623910158528,-0.8565509959010036,6.7915,7.2614,7.2336,7.430842857142857,6.003526666666667
2021-06-01,5.2406,31.43,45.88,89.15,1.4,18.58,6,152,2,1.2246467991473532e-16,-1.0,0.5012418134457758,-0.865307254363206,6.5491,6.7915,8.07,7.333057142857143,6.013093333333333
2021-06-02,6.0497,31.86,40.34,83.19,1.04,0.02,6,153,2,1.2246467991473532e-16,-1.0,0.48627270710868997,-0.8738071036110808,5.2406,6.5491,7.6666,6.928857142857143,6.009476666666667
2021-06-03,6.8918,32.34,41.23,61.82,1.17,0.0,6,154,2,1.2246467991473532e-16,-1.0,0.4711595076738638,-0.8820480249558537,6.0497,5.2406,7.4834,6.697871428571427,6.0039266666666675
2021-06-04,6.1536,33.99,41.36,79.34,1.26,0.9,6,155,2,1.2246467991473532e-16,-1.0,0.4559066935084588,-0.8900275764346767,6.8918,6.0497,7.5094,6.613357142857143,6.027246666666667
2021-06-05,6.8707,34.33,42.31,70.66,1.68,0.93,6,156,2,1.2246467991473532e-16,-1.0,0.440518784350495,-0.8977433935342337,6.1536,6.8918,7.2614,6.419671428571428,6.014846666666667
2021-06-06,7.2065,33.74,44.34,61.9,1.71,0.01,6,157,2,1.2246467991473532e-16,-1.0,0.42500033996955416,-0.9051931898913974,6.8707,6.1536,6.7915,6.363857142857142,6.07043
2021-06-07,6.8875,34.94,41.06,61.76,2.42,0.0,6,158,2,1.2246467991473532e-16,-1.0,0.4093559588156213,-0.9123747579707273,7.2065,6.8707,6.5491,6.4231428571428575,6.094566666666667
2021-06-08,6.7313,35.98,37.89,78.2,3.96,0.0,6,159,2,1.2246467991473532e-16,-1.0,0.39359027665646673,-0.9192859697186104,6.8875,7.2065,5.2406,6.471485714285714,6.10891
2021-06-09,6.3672,36.69,38.4,70.73,3.01,0.0,6,160,2,1.2246467991473532e-16,-1.0,0.3777079652039649,-0.9259247771938498,6.7313,6.8875,6.0497,6.684442857142857,6.140910000000001
2021-06-10,6.0636,33.62,51.79,93.28,2.86,4.57,6,161,2,1.2246467991473532e-16,-1.0,0.36171373072976765,-0.9322892131745133,6.3672,6.7313,6.8918,6.7298,6.17879
2021-06-11,6.3506,32.49,56.1,74.21,2.34,3.71,6,162,2,1.2246467991473532e-16,-1.0,0.3456123126707335,-0.9383773917408641,6.0636,6.3672,6.1536,6.611485714285714,6.159063333333334
2021-06-12,6.2705,32.62,58.37,77.29,2.58,12.24,6,163,2,1.2246467991473532e-16,-1.0,0.3294084822245304,-0.9441875088341993,6.3506,6.0636,6.8707,6.639628571428572,6.153406666666666
2021-06-13,5.6371,31.91,60.6,76.51,2.19,0.83,6,164,2,1.2246467991473532e-16,-1.0,0.3131070409358269,-0.9497178427914316,6.2705,6.3506,7.2065,6.553885714285714,6.17355
2021-06-14,6.7447,33.48,43.91,68.81,1.2,0.06,6,165,2,1.2246467991473532e-16,-1.0,0.29671281927349075,-0.9549667548552551,5.6371,6.2705,6.8875,6.329685714285715,6.133859999999999
2021-06-15,5.9904,32.99,49.43,78.39,2.09,0.49,6,166,2,1.2246467991473532e-16,-1.0,0.28023067519921585,-0.9599326896597447,6.7447,5.6371,6.7313,6.309285714285715,6.19101
2021-06-16,5.2673,31.76,52.88,81.8,0.83,4.39,6,167,2,1.2246467991473532e-16,-1.0,0.26366549272800704,-0.9646141756912435,5.9904,6.7447,6.3672,6.203442857142856,6.148203333333333
2021-06-17,5.3074,31.67,56.66,76.24,1.15,23.96,6,168,2,1.2246467991473532e-16,-1.0,0.24702218048093552,-0.9690098257244062,5.2673,5.9904,6.0636,6.046314285714287,6.210443333333333
2021-06-18,5.7667,31.22,57.42,55.43,1.52,5.99,6,169,2,1.2246467991473532e-16,-1.0,0.23030567023061221,-0.9731183372332619,5.3074,5.2673,6.3506,5.938285714285714,6.324156666666666
2021-06-19,5.2812,29.99,61.65,66.98,1.61,6.88,6,170,2,1.2246467991473532e-16,-1.0,0.21352091543979612,-0.9769384927771817,5.7667,5.3074,6.2705,5.854871428571428,6.4701466666666665
2021-06-20,4.8766,30.68,62.29,82.43,1.5,2.07,6,171,2,1.2246467991473532e-16,-1.0,0.19667288979357647,-0.980469160361632,5.2812,5.7667,5.6371,5.7135428571428575,6.475923333333332
2021-06-21,6.3187,33.08,47.51,72.32,1.72,0.21,6,172,2,1.2246467991473532e-16,-1.0,0.1797665857255624,-0.9837092937736097,4.8766,5.2812,6.7447,5.6049,6.471813333333333
2021-06-22,6.5837,33.93,42.91,59.75,1.97,0.0,6,173,2,1.2246467991473532e-16,-1.0,0.16280701293851715,-0.986657932891657,6.3187,4.8766,5.9904,5.544042857142856,6.438813333333333
2021-06-23,6.565,34.29,41.47,41.09,0.97,0.0,6,174,2,1.2246467991473532e-16,-1.0,0.1457991969198751,-0.9893142039703663,6.5837,6.3187,5.2673,5.6288,6.447413333333333
2021-06-24,5.561,33.64,45.37,73.25,1.5,0.0,6,175,2,1.2246467991473532e-16,-1.0,0.12874817745258132,-0.99167731989929,6.565,6.5837,5.3074,5.814185714285713,6.425126666666667
2021-06-25,6.6017,33.49,44.71,69.0,1.72,3.27,6,176,2,1.2246467991473532e-16,-1.0,0.11165900712169512,-0.993746580436178,5.561,6.565,5.7667,5.850414285714286,6.341493333333333
2021-06-26,6.151,32.38,43.08,73.32,1.22,1.01,6,177,2,1.2246467991473532e-16,-1.0,0.09453674981719912,-0.9955213724144752,6.6017,5.561,5.2812,5.9697000000000005,6.305996666666667
2021-06-27,6.0974,33.59,44.51,76.69,1.38,0.04,6,178,2,1.2246467991473532e-16,-1.0,0.07738647923346301,-0.9970011699250151,6.151,6.6017,4.8766,6.093957142857143,6.261583333333333
2021-06-28,6.3074,34.49,44.13,73.52,1.11,0.0,6,179,2,1.2246467991473532e-16,-1.0,0.06021327736579302,-0.9981855344718586,6.0974,6.151,6.3187,6.268357142857143,6.214516666666667
2021-06-29,7.0927,35.78,34.83,52.25,2.53,0.0,6,180,2,1.2246467991473532e-16,-1.0,0.04302223300453059,-0.99907411510223,6.3074,6.0974,6.5837,6.266742857142858,6.182716666666666
2021-06-30,6.882,36.64,33.63,71.82,3.88,0.0,6,181,2,1.2246467991473532e-16,-1.0,0.02581844022713308,-0.9996666485105112,7.0927,6.3074,6.565,6.339457142857143,6.192756666666667
2021-07-01,6.7162,37.37,35.46,72.85,2.62,0.01,7,182,2,-0.4999999999999997,-0.8660254037844388,0.008606996888688698,-0.9999629591162655,6.882,7.0927,5.561,6.384742857142856,6.203853333333333
2021-07-02,5.9182,36.9,38.87,76.55,1.8,2.53,7,183,2,-0.4999999999999997,-0.8660254037844388,-0.008606996888688009,-0.9999629591162655,6.7162,6.882,6.6017,6.549771428571428,6.25304
2021-07-03,4.9942,34.4,50.2,85.92,2.3,3.75,7,184,2,-0.4999999999999997,-0.8660254037844388,-0.02581844022713239,-0.9996666485105112,5.9182,6.7162,6.151,6.452128571428572,6.248656666666666
2021-07-04,6.7229,34.5,43.51,61.58,1.39,0.03,7,185,2,-0.4999999999999997,-0.8660254037844388,-0.04302223300453034,-0.99907411510223,4.9942,5.9182,6.0974,6.286871428571429,6.185403333333334
2021-07-05,6.3298,35.16,39.67,75.87,1.44,0.0,7,186,2,-0.4999999999999997,-0.8660254037844388,-0.060213277365792774,-0.9981855344718586,6.7229,4.9942,6.3074,6.376228571428571,6.20438
2021-07-06,6.739,36.01,40.39,71.72,2.43,0.0,7,187,2,-0.4999999999999997,-0.8660254037844388,-0.07738647923346322,-0.9970011699250151,6.3298,6.7229,7.0927,6.379428571428571,6.18635
2021-07-07,6.8345,36.92,38.41,71.91,2.59,0.0,7,188,2,-0.4999999999999997,-0.8660254037844388,-0.09453674981719933,-0.9955213724144752,6.739,6.3298,6.882,6.328899999999999,6.170766666666666
2021-07-08,6.4351,37.66,36.94,81.16,1.78,0.25,7,189,2,-0.4999999999999997,-0.8660254037844388,-0.11165900712169444,-0.9937465804361781,6.8345,6.739,6.7162,6.322114285714285,6.169
2021-07-09,5.503,35.05,49.78,78.16,1.54,5.82,7,190,2,-0.4999999999999997,-0.8660254037844388,-0.12874817745258066,-0.99167731989929,6.4351,6.8345,5.9182,6.281957142857143,6.159126666666666
2021-07-10,6.3782,34.78,46.81,47.27,2.5,0.07,7,191,2,-0.4999999999999997,-0.8660254037844388,-0.14579919691987442,-0.9893142039703664,5.503,6.4351,4.9942,6.222642857142858,6.13032
2021-07-11,5.0854,33.34,56.85,88.97,3.7,0.3,7,192,2,-0.4999999999999997,-0.8660254037844388,-0.16280701293851646,-0.9866579328916572,6.3782,5.503,6.7229,6.420357142857143,6.140806666666666
2021-07-12,4.1719,31.78,62.1,93.58,3.72,3.36,7,193,2,-0.4999999999999997,-0.8660254037844388,-0.17976658572556214,-0.9837092937736098,5.0854,6.3782,6.3298,6.186428571428571,6.098633333333334
2021-07-13,2.55,29.95,72.68,99.33,2.93,8.73,7,194,2,-0.4999999999999997,-0.8660254037844388,-0.19667288979357622,-0.9804691603616321,4.1719,5.0854,6.739,5.878157142857142,6.02868
2021-07-14,2.2481,29.65,75.3,99.15,2.57,22.7,7,195,2,-0.4999999999999997,-0.8660254037844388,-0.2135209154397959,-0.9769384927771817,2.55,4.1719,6.8345,5.2797285714285715,5.925776666666667
2021-07-15,5.6465,32.16,61.98,91.61,3.05,5.89,7,196,2,-0.4999999999999997,-0.8660254037844388,-0.23030567023061196,-0.973118337233262,2.2481,2.55,6.4351,4.624528571428571,5.77589
2021-07-16,6.3115,33.89,55.93,58.49,2.19,1.83,7,197,2,-0.4999999999999997,-0.8660254037844388,-0.24702218048093527,-0.9690098257244063,5.6465,2.2481,5.503,4.511871428571429,5.764426666666666
2021-07-17,5.5466,34.26,56.4,93.61,1.44,1.04,7,198,2,-0.4999999999999997,-0.8660254037844388,-0.2636654927280072,-0.9646141756912435,6.3115,5.6465,6.3782,4.627371428571428,5.7992333333333335
2021-07-18,2.9342,31.52,72.71,98.55,1.96,22.08,7,199,2,-0.4999999999999997,-0.8660254037844388,-0.2802306751992161,-0.9599326896597445,5.5466,6.3115,5.0854,4.508571428571428,5.8072066666666675
2021-07-19,0.7673,28.47,90.13,94.44,2.52,61.74,7,200,2,-0.4999999999999997,-0.8660254037844388,-0.2967128192734901,-0.9549667548552553,2.9342,5.5466,4.1719,4.201257142857143,5.71279
2021-07-20,3.6233,28.28,87.79,97.02,0.92,37.5,7,201,2,-0.4999999999999997,-0.8660254037844388,-0.3131070409358267,-0.9497178427914317,0.7673,2.9342,2.55,3.714885714285714,5.562326666666666
2021-07-21,5.0309,28.52,86.74,87.99,1.07,12.76,7,202,2,-0.4999999999999997,-0.8660254037844388,-0.3294084822245302,-0.9441875088341994,3.6233,0.7673,2.2481,3.868214285714285,5.520549999999999
2021-07-22,4.0392,29.67,81.28,97.88,1.74,11.56,7,203,2,-0.4999999999999997,-0.8660254037844388,-0.3456123126707333,-0.9383773917408642,5.0309,3.6233,5.6465,4.265757142857143,5.477623333333333
2021-07-23,4.8326,29.43,85.05,86.38,1.59,5.06,7,204,2,-0.4999999999999997,-0.8660254037844388,-0.3617137307297674,-0.9322892131745134,4.0392,5.0309,6.3115,4.036142857142857,5.392806666666667
2021-07-24,5.3933,30.56,78.82,80.28,0.97,0.13,7,205,2,-0.4999999999999997,-0.8660254037844388,-0.37770796520396466,-0.9259247771938499,4.8326,4.0392,5.5466,3.824871428571428,5.3350599999999995
2021-07-25,6.0559,31.31,77.0,78.87,1.14,0.01,7,206,2,-0.4999999999999997,-0.8660254037844388,-0.39359027665646645,-0.9192859697186105,5.3933,4.8326,2.9342,3.802971428571429,5.329470000000001
2021-07-26,2.6599,29.14,82.74,98.81,1.11,10.59,7,207,2,-0.4999999999999997,-0.8660254037844388,-0.4093559588156211,-0.9123747579707274,6.0559,5.3933,0.7673,4.248928571428571,5.311276666666666
2021-07-27,2.4566,29.39,84.81,98.04,1.61,28.82,7,208,2,-0.4999999999999997,-0.8660254037844388,-0.42500033996955394,-0.9051931898913975,2.6599,6.0559,3.6233,4.5193,5.194906666666667
2021-07-28,0.9115,28.03,88.46,98.96,1.03,38.87,7,209,2,-0.4999999999999997,-0.8660254037844388,-0.4405187843504952,-0.8977433935342336,2.4566,2.6599,5.0309,4.352628571428572,5.073546666666666
2021-07-29,3.893,28.19,87.39,98.29,0.81,9.96,7,210,2,-0.4999999999999997,-0.8660254037844388,-0.455906693508459,-0.8900275764346766,0.9115,2.4566,4.0392,3.7641428571428572,4.893683333333334
2021-07-30,3.3312,28.48,87.25,97.79,1.65,28.45,7,211,2,-0.4999999999999997,-0.8660254037844388,-0.47115950767386394,-0.8820480249558535,3.893,0.9115,4.8326,3.743257142857143,4.787026666666667
2021-07-31,5.2006,28.85,84.79,86.87,2.23,10.88,7,212,2,-0.4999999999999997,-0.8660254037844388,-0.4862727071086902,-0.8738071036110807,3.3312,3.893,5.3933,3.5287714285714284,4.668666666666667
2021-08-01,3.1598,30.24,76.21,97.04,0.6,11.06,8,213,2,-0.8660254037844384,-0.5000000000000004,-0.5012418134457756,-0.8653072543632061,5.2006,3.3312,6.0559,3.501242857142857,4.618146666666666
2021-08-02,3.6878,29.21,84.09,94.41,1.39,2.12,8,214,2,-0.8660254037844384,-0.5000000000000004,-0.5160623910158526,-0.8565509959010037,3.1598,5.2006,2.6599,3.0875142857142857,4.5262
2021-08-03,4.4926,28.9,84.96,81.17,2.36,1.36,8,215,2,-0.8660254037844384,-0.5000000000000004,-0.5307300481619331,-0.8475409228928312,3.6878,3.1598,2.4566,3.2343571428571427,4.482653333333333
2021-08-04,5.304,28.51,85.0,80.23,2.3,0.03,8,216,2,-0.8660254037844384,-0.5000000000000004,-0.5452404385406507,-0.8382797052177745,4.4926,3.6878,0.9115,3.525214285714285,4.40831
2021-08-05,5.1137,28.87,84.04,81.4,1.44,0.08,8,217,2,-0.8660254037844384,-0.5000000000000004,-0.5595892624101763,-0.828770087174504,5.304,4.4926,3.893,4.152714285714286,4.374116666666667
2021-08-06,4.8182,29.1,76.63,92.17,0.75,0.05,8,218,2,-0.8660254037844384,-0.5000000000000004,-0.5737722679043243,-0.8190148866680802,5.1137,5.304,3.3312,4.327100000000001,4.31994
2021-08-07,3.2314,27.05,87.48,96.94,1.12,12.61,8,219,2,-0.8660254037844384,-0.5000000000000004,-0.5877852522924734,-0.8090169943749472,4.8182,5.1137,5.2006,4.539528571428571,4.25273
2021-08-08,2.6566,29.42,80.03,96.18,0.58,2.89,8,220,2,-0.8660254037844384,-0.5000000000000004,-0.6016240632249227,-0.7987793728863648,3.2314,4.8182,3.1598,4.258214285714286,4.14594
2021-08-09,3.229,28.86,83.08,97.08,0.92,10.72,8,221,2,-0.8660254037844384,-0.5000000000000004,-0.6152845999633277,-0.7883050558305253,2.6566,3.2314,3.6878,4.186328571428572,4.0510600000000005
2021-08-10,5.9863,29.63,81.29,56.58,1.57,0.75,8,222,2,-0.8660254037844384,-0.5000000000000004,-0.6287628145958345,-0.7775971469736268,3.229,2.6566,4.4926,4.120785714285715,3.9460866666666665
2021-08-11,6.3874,29.0,76.98,77.15,2.46,0.01,8,223,2,-0.8660254037844384,-0.5000000000000004,-0.6420547132365636,-0.7666588193001592,5.9863,3.229,5.304,4.334171428571429,3.976116666666667
2021-08-12,6.241,29.01,78.56,67.54,1.83,0.07,8,224,2,-0.8660254037844384,-0.5000000000000004,-0.655156357209085,-0.7554933140726804,6.3874,5.9863,5.1137,4.488942857142857,4.049966666666666
2021-08-13,5.664,29.54,79.19,90.12,1.82,1.67,8,225,2,-0.8660254037844384,-0.5000000000000004,-0.6680638642135333,-0.7441039398713608,6.241,6.3874,4.8182,4.649985714285714,4.173
2021-08-14,6.4618,29.78,80.39,51.75,2.23,0.22,8,226,2,-0.8660254037844384,-0.5000000000000004,-0.6807734094770159,-0.7324940716135792,5.664,6.241,3.2314,4.770814285714286,4.286863333333334
2021-08-15,6.4138,29.76,76.03,52.82,1.96,0.03,8,227,2,-0.8660254037844384,-0.5000000000000004,-0.6932812268869771,-0.7206671495538615,6.4618,5.664,2.6566,5.2323,4.31404
2021-08-16,6.3168,29.91,73.45,51.56,1.34,0.15,8,228,2,-0.8660254037844384,-0.5000000000000004,-0.7055836101071774,-0.70862667826446,6.4138,6.4618,3.229,5.769042857142858,4.317449999999999
2021-08-17,6.2609,30.26,70.01,45.16,1.34,0.0,8,229,2,-0.8660254037844384,-0.5000000000000004,-0.7176769136759615,-0.6963762255968726,6.3168,6.4138,5.9863,6.210157142857144,4.343123333333334
2021-08-18,5.8279,29.63,72.37,58.25,1.26,0.0,8,230,2,-0.8660254037844384,-0.5000000000000004,-0.7295575540864876,-0.6839194216246104,6.2609,6.3168,6.3874,6.249385714285715,4.454013333333334
2021-08-19,4.332,29.68,78.25,81.44,1.46,1.62,8,231,2,-0.8660254037844384,-0.5000000000000004,-0.7412220108485957,-0.6712599575675315,5.8279,6.2609,6.241,6.1694571428571425,4.6227
2021-08-20,1.8742,26.92,90.53,98.84,2.68,44.83,8,232,2,-0.8660254037844384,-0.5000000000000004,-0.7526668275320083,-0.6584015846980489,4.332,5.8279,5.664,5.896742857142856,4.646323333333333
2021-08-21,3.269,27.49,90.34,96.82,2.48,20.03,8,233,2,-0.8660254037844384,-0.5000000000000004,-0.7638886127905429,-0.64534811322955,1.8742,4.332,6.4618,5.355342857142857,4.5411
2021-08-22,4.1743,28.43,85.24,85.6,2.04,0.63,8,234,2,-0.8660254037844384,-0.5000000000000004,-0.7748840413670406,-0.6321034111873488,3.269,1.8742,6.4138,4.899228571428572,4.515426666666667
2021-08-23,4.7789,29.08,82.74,81.61,0.79,0.51,8,235,2,-0.8660254037844384,-0.5000000000000004,-0.7856498550787144,-0.6186714032625032,4.1743,3.269,6.3168,4.579300000000001,4.493483333333333
2021-08-24,3.7514,28.67,82.74,96.19,1.01,1.61,8,236,2,-0.8660254037844384,-0.5000000000000004,-0.7961828637826154,-0.6050560696488494,4.7789,4.1743,6.2609,4.3595999999999995,4.473003333333334
2021-08-25,6.139,28.49,80.95,72.38,2.31,2.74,8,237,2,-0.8660254037844384,-0.5000000000000004,-0.8064799463209447,-0.5912614448635782,3.7514,4.7789,5.8279,4.0011,4.396186666666667
2021-08-26,5.4619,28.58,80.38,96.07,2.32,0.05,8,238,2,-0.8660254037844384,-0.5000000000000004,-0.8165380514459157,-0.5772916165517278,6.139,3.7514,4.332,4.045542857142857,4.512156666666667
2021-08-27,5.8054,29.69,74.34,73.82,1.3,6.35,8,239,2,-0.8660254037844384,-0.5000000000000004,-0.8263541987239094,-0.5631507242749187,5.4619,6.139,1.8742,4.206957142857143,4.612333333333334
2021-08-28,4.2689,29.18,78.76,84.47,0.85,8.61,8,240,2,-0.8660254037844384,-0.5000000000000004,-0.8359254794186365,-0.5488429582847199,5.8054,5.4619,3.269,4.7685571428571425,4.775463333333334
2021-08-29,3.8659,28.81,82.71,86.99,1.14,1.28,8,241,2,-0.8660254037844384,-0.5000000000000004,-0.8452490573530634,-0.5343725582809785,4.2689,5.8054,4.1743,4.9114,4.7879933333333335
2021-08-30,4.6694,27.74,85.41,53.3,1.77,1.01,8,242,2,-0.8660254037844384,-0.5000000000000004,-0.8543221697498269,-0.5197438121555157,3.8659,4.2689,4.7789,4.867342857142858,4.805816666666668
2021-08-31,1.5434,26.81,87.03,88.55,1.92,8.76,8,243,2,-0.8660254037844384,-0.5000000000000004,-0.8631421280499115,-0.5049610547215202,4.6694,3.8659,3.7514,4.8517,4.7881100000000005
2021-09-01,0.96,26.64,88.3,99.54,2.04,36.07,9,244,2,-1.0,-1.8369701987210297e-16,-0.8717063187093217,-0.4900286664290594,1.5434,4.6694,6.139,4.536271428571429,4.73423
2021-09-02,4.8943,26.57,89.38,78.43,1.51,17.27,9,245,2,-1.0,-1.8369701987210297e-16,-0.8800122039735356,-0.4749510720670502,0.96,1.5434,5.4619,3.7964142857142855,4.643303333333334
2021-09-03,5.2567,27.1,89.41,77.78,1.94,16.8,9,246,2,-1.0,-1.8369701987210297e-16,-0.888057322629493,-0.4597327394521046,4.8943,0.96,5.8054,3.7153285714285715,4.656693333333333
2021-09-04,3.859,27.71,87.15,91.34,1.46,11.04,9,247,2,-1.0,-1.8369701987210297e-16,-0.8958392907349089,-0.4443781781046134,5.2567,4.8943,4.2689,3.636942857142857,4.655116666666666
2021-09-05,5.3203,28.59,83.91,59.93,0.74,3.8,9,248,2,-1.0,-1.8369701987210297e-16,-0.9033558023246842,-0.4288919379124841,3.859,5.2567,3.8659,3.578385714285715,4.613293333333333
2021-09-06,4.9874,28.94,84.59,66.52,1.24,4.12,9,249,2,-1.0,-1.8369701987210297e-16,-0.9106046300942162,-0.41327860778290443,5.3203,3.859,4.6694,3.786157142857143,4.6300300000000005
2021-09-07,3.6209,28.53,87.35,93.52,2.23,2.55,9,250,2,-1.0,-1.8369701987210297e-16,-0.9175836260593934,-0.3975428142825566,4.9874,5.3203,1.5434,3.831585714285714,4.688563333333334
2021-09-08,4.8336,27.75,86.82,42.98,3.37,0.16,9,251,2,-1.0,-1.8369701987210297e-16,-0.9242907221930934,-0.3816892202666586,3.6209,4.9874,0.96,4.128371428571429,4.720706666666667
2021-09-09,4.0274,27.6,87.05,64.6,2.14,3.58,9,252,2,-1.0,-1.8369701987210297e-16,-0.9307239310379793,-0.3657225234972692,4.8336,3.6209,4.8943,4.681742857142857,4.774193333333333
2021-09-10,4.1023,27.11,88.74,78.12,2.75,17.09,9,253,2,-1.0,-1.8369701987210297e-16,-0.9368813462954315,-0.34964745525122826,4.0274,4.8336,5.2567,4.557899999999999,4.708896666666666
2021-09-11,1.0231,26.53,92.99,99.01,2.87,15.42,9,254,2,-1.0,-1.8369701987210297e-16,-0.9427611433904206,-0.33346877891818705,4.1023,4.0274,3.859,4.392985714285714,4.632726666666667
2021-09-12,4.7376,26.6,88.72,85.57,1.79,9.76,9,255,2,-1.0,-1.8369701987210297e-16,-0.9483615800121716,-0.31719128858910595,1.0231,4.1023,5.3203,3.9878571428571425,4.458796666666666
2021-09-13,2.9952,27.52,82.46,94.18,1.45,6.13,9,256,2,-1.0,-1.8369701987210297e-16,-0.9536809966304455,-0.300819807635668,4.7376,1.0231,4.9874,3.904614285714285,4.4279166666666665
2021-09-14,4.9942,27.67,79.73,65.66,1.72,0.8,9,257,2,-1.0,-1.8369701987210297e-16,-0.9587178169872964,-0.2843591872810036,2.9952,4.7376,3.6209,3.620014285714286,4.312363333333334
2021-09-15,4.951,27.14,83.6,54.46,2.24,0.89,9,258,2,-1.0,-1.8369701987210297e-16,-0.9634705485641486,-0.26781430516217486,4.9942,2.9952,4.8336,3.8162,4.265043333333333
2021-09-16,2.4425,26.47,86.03,87.45,2.2,10.07,9,259,2,-1.0,-1.8369701987210297e-16,-0.9679377830240642,-0.25119006388481957,4.951,4.9942,4.0274,3.8329714285714287,4.219516666666666
2021-09-17,3.2743,25.95,86.37,76.12,2.56,1.2,9,260,2,-1.0,-1.8369701987210297e-16,-0.9721181966290612,-0.23449138957041052,2.4425,4.951,4.1023,3.6065571428571426,4.0922366666666665
2021-09-18,4.5883,26.86,87.1,38.68,2.46,0.01,9,261,2,-1.0,-1.8369701987210297e-16,-0.9760105506323682,-0.21772323039653224,3.2743,2.4425,1.0231,3.4882714285714287,4.007116666666667
2021-09-19,5.5459,27.72,86.11,15.67,1.9,0.02,9,262,2,-1.0,-1.8369701987210297e-16,-0.9796136916454901,-0.20089055513063528,4.5883,3.2743,4.7376,3.9975857142857145,4.01566
2021-09-20,5.3827,28.15,85.83,23.32,1.71,0.0,9,263,2,-1.0,-1.8369701987210297e-16,-0.9829265519799822,-0.18399835165767986,5.5459,4.5883,2.9952,4.1130571428571425,4.13805
2021-09-21,4.272,28.05,85.98,56.79,1.76,12.91,9,264,2,-1.0,-1.8369701987210297e-16,-0.9859481499638303,-0.1670516255021195,5.3827,5.5459,4.9942,4.454128571428571,4.208506666666667
2021-09-22,2.9194,26.61,91.73,95.74,1.62,7.11,9,265,2,-1.0,-1.8369701987210297e-16,-0.9886775902323404,-0.15005539834465262,4.272,5.3827,4.951,4.350957142857142,4.211763333333334
2021-09-23,4.493,25.67,88.73,85.81,1.72,9.8,9,266,2,-1.0,-1.8369701987210297e-16,-0.9911140639934546,-0.13301470653419636,2.9194,4.272,2.4425,4.060728571428571,4.149780000000001
2021-09-24,4.0769,26.58,83.82,82.58,1.57,4.9,9,267,2,-1.0,-1.8369701987210297e-16,-0.9932568492674143,-0.11593459959550066,4.493,2.9194,3.2743,4.353657142857143,4.1745
2021-09-25,4.0886,27.39,84.86,40.47,1.28,2.47,9,268,2,-1.0,-1.8369701987210297e-16,-0.9951053111006974,-0.09882013873287211,4.0769,4.493,4.5883,4.4683142857142855,4.105763333333333
2021-09-26,3.9881,26.99,86.6,45.36,1.62,0.38,9,269,2,-1.0,-1.8369701987210297e-16,-0.99665890175417,-0.08167639533042288,4.0886,4.0769,5.5459,4.396928571428572,4.059986666666666
2021-09-27,5.0906,27.3,81.98,41.34,1.3,0.0,9,270,2,-1.0,-1.8369701987210297e-16,-0.9979171608653922,-0.06450844944931625,3.9881,4.0886,5.3827,4.174385714285714,3.9994099999999997
2021-09-28,5.3971,27.09,84.15,29.14,2.16,0.36,9,271,2,-1.0,-1.8369701987210297e-16,-0.9988797155850335,-0.04732138832243232,5.0906,3.9881,4.272,4.132657142857143,4.0268
2021-09-29,5.2294,26.67,85.82,19.53,2.37,0.03,9,272,2,-1.0,-1.8369701987210297e-16,-0.9995462806873573,-0.03012030484690836,5.3971,5.0906,2.9194,4.293385714285714,4.07784
2021-09-30,4.8931,27.37,84.59,24.61,1.78,2.54,9,273,2,-1.0,-1.8369701987210297e-16,-0.9999166586547379,-0.012910296075008843,5.2294,5.3971,4.493,4.623385714285715,4.0965066666666665
2021-10-01,4.7726,28.28,81.8,23.54,0.91,3.53,10,274,3,-0.8660254037844386,0.5000000000000001,-0.9999907397361901,0.004303538296243821,4.8931,5.2294,4.0769,4.680542857142858,4.208163333333333
2021-10-02,4.7534,28.53,80.0,15.68,0.96,0.11,10,275,3,-0.8660254037844386,0.5000000000000001,-0.9997685019798909,0.021516097436222233,4.7726,4.8931,4.0886,4.779928571428571,4.33525
2021-10-03,5.2109,28.18,80.49,11.44,1.66,0.03,10,276,3,-0.8660254037844386,0.5000000000000001,-0.9992500112396835,0.03872228089217399,4.7534,4.7726,3.9881,4.874899999999999,4.3305533333333335
2021-10-04,5.4137,28.81,73.35,25.28,0.99,0.24,10,277,3,-0.8660254037844386,0.5000000000000001,-0.9984354211555643,0.05591699010060302,5.2109,4.7534,5.0906,5.049585714285714,4.329026666666667
2021-10-05,5.1113,27.6,79.91,58.96,1.42,4.77,10,278,3,-0.8660254037844386,0.5000000000000001,-0.9973249731081555,0.07309512989807776,5.4137,5.2109,5.3971,5.095742857142858,4.38085
2021-10-06,5.0683,27.07,81.48,9.79,1.21,0.06,10,279,3,-0.8660254037844386,0.5000000000000001,-0.9959189961471792,0.0902516100310407,5.1113,5.4137,5.2294,5.054914285714285,4.373883333333334
2021-10-07,5.1367,25.84,78.61,6.33,1.46,0.0,10,280,3,-0.8660254037844386,0.5000000000000001,-0.994217906893952,0.10738134666416306,5.0683,5.1113,4.8931,5.0319,4.376580000000001
2021-10-08,5.267,25.93,70.4,0.7,1.46,0.0,10,281,3,-0.8660254037844386,0.5000000000000001,-0.9922222094179324,0.12447926388678869,5.1367,5.0683,4.7726,5.0667,4.427106666666666
2021-10-09,5.4127,25.68,65.04,1.23,1.55,0.0,10,282,3,-0.8660254037844386,0.5000000000000001,-0.989932495087353,0.141540295217043,5.267,5.1367,4.7534,5.137328571428571,4.441553333333333
2021-10-10,5.3088,26.63,61.95,1.34,1.15,0.0,10,283,3,-0.8660254037844386,0.5000000000000001,-0.9873494423939864,0.15855938510313475,5.4127,5.267,5.2109,5.231514285714286,4.48773
2021-10-11,5.1175,26.62,63.19,1.44,1.05,0.0,10,284,3,-0.8660254037844386,0.5000000000000001,-0.9844738167520923,0.17553149042142777,5.3088,5.4127,5.4137,5.2455,4.527946666666667
2021-10-12,5.2608,25.73,66.23,0.69,1.16,0.0,10,285,3,-0.8660254037844386,0.5000000000000001,-0.9813064702716093,0.19245158197082995,5.1175,5.3088,5.1113,5.2031857142857145,4.664426666666667
2021-10-13,5.4874,23.86,67.35,0.9,2.18,0.0,10,286,3,-0.8660254037844386,0.5000000000000001,-0.9778483415056567,0.20931464596304888,5.2608,5.1175,5.0683,5.224542857142857,4.681866666666666
2021-10-14,5.3184,23.17,64.66,1.95,1.93,0.0,10,287,3,-0.8660254037844386,0.5000000000000001,-0.9741004551724206,0.22611568550828803,5.4874,5.2608,5.1367,5.284414285714285,4.76494
2021-10-15,5.1077,25.64,65.03,13.51,1.31,0.0,10,288,3,-0.8660254037844386,0.5000000000000001,-0.970063921851507,0.2428497220959358,5.3184,5.4874,5.267,5.310371428571429,4.775746666666667
2021-10-16,4.7621,26.46,60.81,20.28,1.21,0.05,10,289,3,-0.8660254037844386,0.5000000000000001,-0.965739937654855,0.25951179706979943,5.1077,5.3184,5.4127,5.287614285714286,4.78097
2021-10-17,2.0674,25.63,74.57,98.67,1.39,15.71,10,290,3,-0.8660254037844386,0.5000000000000001,-0.9611297838723007,0.27609697309746883,4.7621,5.1077,5.3088,5.1946714285714295,4.858289999999999
2021-10-18,1.1422,22.13,93.11,88.24,3.4,71.1,10,291,3,-0.8660254037844386,0.5000000000000001,-0.9562348265919058,0.2926003356333479,2.0674,4.7621,5.1175,4.7316142857142856,4.81806
2021-10-19,4.7378,22.85,83.32,11.09,3.03,0.01,10,292,3,-0.8660254037844386,0.5000000000000001,-0.9510565162951536,0.30901699437494723,1.1422,2.0674,5.2608,4.163714285714286,4.70319
2021-10-20,4.5274,22.35,74.72,0.43,1.86,0.08,10,293,3,-0.8660254037844386,0.5000000000000001,-0.9455963874271428,0.3253420847119795,4.7378,1.1422,5.4874,4.0889999999999995,4.676253333333333
2021-10-21,5.2776,21.38,67.54,0.43,2.05,0.0,10,294,3,-0.8660254037844386,0.5000000000000001,-0.9398560579418953,0.341570769167856,4.5274,4.7378,5.3184,3.9518571428571425,4.647743333333334
2021-10-22,5.1672,22.45,69.17,0.26,1.76,0.0,10,295,3,-0.8660254037844386,0.5000000000000001,-0.9338372288229252,0.35769823883312546,5.2776,4.5274,5.1077,3.946028571428571,4.681263333333333
2021-10-23,4.704,22.59,80.1,2.76,1.76,0.0,10,296,3,-0.8660254037844386,0.5000000000000001,-0.9275416835791965,0.3737197147904692,5.1672,5.2776,4.7621,3.9545285714285714,4.75619
2021-10-24,3.726,22.61,78.96,59.71,1.59,19.29,10,297,3,-0.8660254037844386,0.5000000000000001,-0.9209712877166347,0.38963044953078774,4.704,5.1672,2.0674,3.946228571428571,4.763223333333333
2021-10-25,4.2034,21.66,80.04,2.24,1.37,3.65,10,298,3,-0.8660254037844386,0.5000000000000001,-0.9141279881853337,0.4054257283599973,3.726,4.704,1.1422,4.183171428571429,4.751526666666667
2021-10-26,4.566,20.37,72.63,1.05,1.75,0.0,10,299,3,-0.8660254037844386,0.5000000000000001,-0.9070138128026362,0.42110087079608916,4.2034,3.726,4.7378,4.620485714285714,4.755353333333333
2021-10-27,4.5494,19.39,68.46,3.28,1.57,0.0,10,300,3,-0.8660254037844386,0.5000000000000001,-0.8996308696522434,0.4366512319560638,4.566,4.2034,4.5274,4.595942857142857,4.774616666666666
2021-10-28,4.5324,19.81,69.23,26.36,1.3,0.0,10,301,3,-0.8660254037844386,0.5000000000000001,-0.8919813464595487,0.45207220393230374,4.5494,4.566,5.2776,4.599085714285714,4.756576666666666
2021-10-29,4.3421,21.45,58.89,43.64,0.84,0.0,10,302,3,-0.8660254037844386,0.5000000000000001,-0.8840675099433637,0.46735921715800205,4.5324,4.5494,5.1672,4.492628571428571,4.727753333333334
2021-10-30,4.3764,19.19,71.35,51.44,2.05,0.0,10,303,3,-0.8660254037844386,0.5000000000000001,-0.8758917051442433,0.48250774176121763,4.3421,4.5324,4.704,4.374757142857143,4.698176666666667
2021-10-31,4.3843,20.03,64.25,32.13,1.68,0.0,10,304,3,-0.8660254037844386,0.5000000000000001,-0.8674563547295971,0.4975132889071803,4.3764,4.3421,3.726,4.327957142857143,4.680953333333333
2021-11-01,4.2125,19.49,67.24,12.16,1.57,0.0,11,305,3,-0.5000000000000004,0.8660254037844384,-0.858763958275803,0.5123714121284235,4.3843,4.3764,4.2034,4.422,4.668009999999999
2021-11-02,3.8618,18.56,73.43,3.52,1.86,0.0,11,306,3,-0.5000000000000004,0.8660254037844384,-0.8498170915275277,0.5270777086423724,4.2125,4.3843,4.566,4.4233,4.649979999999999
2021-11-03,3.697,19.36,74.27,16.39,1.31,0.0,11,307,3,-0.5000000000000004,0.8660254037844384,-0.8406184056344783,0.5416278206559811,3.8618,4.2125,4.5494,4.3227,4.605010000000001
2021-11-04,3.3742,19.59,70.07,9.81,1.12,0.0,11,308,3,-0.5000000000000004,0.8660254037844384,-0.8311706263658079,0.5560174366570446,3.697,3.8618,4.5324,4.200928571428571,4.547786666666667
2021-11-05,2.665,19.76,63.49,43.92,0.99,0.0,11,309,3,-0.5000000000000004,0.8660254037844384,-0.8214765533024145,0.5702422926917867,3.3742,3.697,4.3421,4.035471428571428,4.489883333333334
2021-11-06,3.1169,18.05,68.92,37.81,1.92,0.0,11,310,3,-0.5000000000000004,0.8660254037844384,-0.8115390590073611,0.5842981736283683,2.665,3.3742,4.3764,3.7958857142857143,4.409773333333334
2021-11-07,3.4226,19.08,68.12,45.5,1.7,0.0,11,311,3,-0.5000000000000004,0.8660254037844384,-0.801361088174677,0.5981809144059159,3.1169,2.665,4.3843,3.6159571428571433,4.342446666666667
2021-11-08,3.1166,18.69,68.52,43.66,1.6,0.0,11,312,3,-0.5000000000000004,0.8660254037844384,-0.7909456567567774,0.6118864012687242,3.4226,3.1169,4.2125,3.4785714285714286,4.280966666666667
2021-11-09,3.606,19.06,66.82,46.29,1.71,0.0,11,313,3,-0.5000000000000004,0.8660254037844384,-0.780295851070776,0.6254105729852457,3.1166,3.4226,3.8618,3.322014285714286,4.20443
2021-11-10,3.355,19.68,60.41,41.17,1.48,0.0,11,314,3,-0.5000000000000004,0.8660254037844384,-0.7694148268839381,0.6387494220515268,3.606,3.1166,3.697,3.285471428571429,4.14767
2021-11-11,3.0948,19.85,55.51,53.89,1.08,0.0,11,315,3,-0.5000000000000004,0.8660254037844384,-0.7583058084785625,0.6518989958787125,3.355,3.606,3.3742,3.236614285714286,4.08892
2021-11-12,3.0031,18.92,59.08,45.88,1.28,0.0,11,316,3,-0.5000000000000004,0.8660254037844384,-0.7469720876965551,0.6648553979642866,3.0948,3.355,2.665,3.1967,4.01672
2021-11-13,3.4346,17.19,63.55,32.53,1.69,0.0,11,317,3,-0.5000000000000004,0.8660254037844384,-0.7354170229639858,0.6776147890466887,3.0031,3.0948,3.1169,3.245,3.9339099999999996
2021-11-14,3.3175,17.43,56.44,35.84,1.27,0.0,11,318,3,-0.5000000000000004,0.8660254037844384,-0.7236440382959124,0.690173388242972,3.4346,3.0031,3.4226,3.2903857142857142,3.8711166666666665
2021-11-15,3.1488,16.82,55.82,27.5,1.28,0.0,11,319,3,-0.5000000000000004,0.8660254037844384,-0.711656622281775,0.7025274741691566,3.3175,3.4346,3.1166,3.2753714285714284,3.8114433333333335
2021-11-16,3.5004,15.67,59.55,53.22,1.42,0.0,11,320,3,-0.5000000000000004,0.8660254037844384,-0.6994583270516471,0.7146733860429608,3.1488,3.3175,3.606,3.2799714285714288,3.7576666666666667
2021-11-17,3.3905,16.69,54.17,59.59,0.99,0.0,11,321,3,-0.5000000000000004,0.8660254037844384,-0.6870527672236675,0.7266075247685652,3.5004,3.1488,3.355,3.264885714285714,3.8054333333333332
2021-11-18,3.5292,17.34,56.22,62.61,0.71,0.0,11,322,3,-0.5000000000000004,0.8660254037844384,-0.6744436188329457,0.7383263540031063,3.3905,3.5004,3.0948,3.2699571428571423,3.8803766666666664
2021-11-19,2.9954,17.47,56.13,80.9,1.22,0.0,11,323,3,-0.5000000000000004,0.8660254037844384,-0.661634618242279,0.749826401204568,3.5292,3.3905,3.0031,3.332014285714286,3.8400900000000004
2021-11-20,2.7278,15.08,74.49,75.66,1.55,0.0,11,324,3,-0.5000000000000004,0.8660254037844384,-0.6486295610349818,0.7611042586607742,2.9954,3.5292,3.4346,3.330914285714286,3.789023333333333
2021-11-21,3.5935,16.12,67.6,36.54,2.01,0.0,11,325,3,-0.5000000000000004,0.8660254037844384,-0.6354323008901775,0.7721565844991641,2.7278,2.9954,3.3175,3.229942857142857,3.7040300000000004
2021-11-22,4.1786,15.58,59.92,27.23,2.96,0.0,11,326,3,-0.5000000000000004,0.8660254037844384,-0.622046748440868,0.7829801036770624,3.5935,2.7278,3.1488,3.269371428571428,3.6515733333333333
2021-11-23,4.056,16.14,52.59,35.55,1.7,0.0,11,327,3,-0.5000000000000004,0.8660254037844384,-0.6084768701151264,0.7935716089521472,4.1786,3.5935,3.5004,3.416485714285714,3.6340600000000003
2021-11-24,3.9295,16.08,54.77,35.54,1.3,0.0,11,328,3,-0.5000000000000004,0.8660254037844384,-0.594726686960764,0.8039279618328208,4.056,4.1786,3.3905,3.495857142857143,3.6450600000000004
2021-11-25,3.6658,16.44,61.67,17.57,0.94,0.0,11,329,3,-0.5000000000000004,0.8660254037844384,-0.5808002734538013,0.8140460935082175,3.9295,4.056,3.5292,3.572857142857143,3.63593
2021-11-26,3.6048,17.1,56.03,7.42,0.91,0.0,11,330,3,-0.5000000000000004,0.8660254037844384,-0.5667017562911184,0.8239230057575536,3.6658,3.9295,2.9954,3.5923714285714285,3.6059233333333336
2021-11-27,3.2323,15.52,69.96,2.76,1.47,0.0,11,331,3,-0.5000000000000004,0.8660254037844384,-0.5524353131676203,0.8335557718385695,3.6048,3.6658,2.7278,3.6794285714285713,3.5744366666666663
2021-11-28,3.4046,17.1,66.21,20.55,1.04,0.0,11,332,3,-0.5000000000000004,0.8660254037844384,-0.5380051715382992,0.8429415373547832,3.2323,3.6048,3.5935,3.7515,3.5311000000000003
2021-11-29,3.2957,16.42,61.4,36.57,1.63,0.0,11,333,3,-0.5000000000000004,0.8660254037844384,-0.5234156073655503,0.8520775211013093,3.4046,3.2323,4.1786,3.7245142857142857,3.49985
2021-11-30,3.431,16.12,60.09,66.85,1.89,0.0,11,334,3,-0.5000000000000004,0.8660254037844384,-0.5086709438521042,0.8609610158889945,3.2957,3.4046,4.056,3.5983857142857145,3.463826666666667
2021-12-01,1.9054,14.81,66.52,99.56,0.85,0.0,12,335,0,-2.4492935982947064e-16,1.0,-0.49377555015997737,0.8695893893466109,3.431,3.2957,3.9295,3.5091,3.43205
2021-12-02,1.3368,14.34,69.75,96.53,1.16,0.01,12,336,0,-2.4492935982947064e-16,1.0,-0.4787338401157883,0.8779600847008883,1.9054,3.431,3.6658,3.219942857142857,3.3551466666666667
2021-12-03,2.1581,15.72,59.67,72.97,1.03,0.62,12,337,0,-2.4492935982947064e-16,1.0,-0.4635502709028512,0.8860706215341378,1.3368,1.9054,3.6048,2.8872285714285715,3.27098
2021-12-04,3.6096,18.05,52.07,0.93,0.91,0.0,12,338,0,-2.4492935982947064e-16,1.0,-0.4482293417404106,0.893918596519257,2.1581,1.3368,3.2323,2.6805571428571433,3.2196833333333337
2021-12-05,2.4566,17.94,61.05,54.95,1.18,0.02,12,339,0,-2.4492935982947064e-16,1.0,-0.4327755925504317,0.9015016841318838,3.6096,2.1581,3.4046,2.7344571428571425,3.2275300000000002
2021-12-06,2.8567,17.28,71.02,36.18,1.63,0.31,12,340,0,-2.4492935982947064e-16,1.0,-0.41719360261231697,0.9088176373395028,2.4566,3.6096,3.2957,2.5990285714285717,3.220583333333333
2021-12-07,3.6835,14.76,66.55,0.89,2.12,0.0,12,341,0,-2.4492935982947064e-16,1.0,-0.4014879892059737,0.9158642882672868,2.8567,2.4566,3.431,2.536314285714286,3.21191
2021-12-08,3.7241,14.8,57.26,2.34,1.53,0.0,12,342,0,-2.4492935982947064e-16,1.0,-0.38566340624360745,0.9226395488404875,3.6835,2.8567,1.9054,2.5723857142857143,3.220606666666667
2021-12-09,3.3754,15.66,52.27,8.68,0.76,0.0,12,343,0,-2.4492935982947064e-16,1.0,-0.3697245428906732,0.9291414114031743,3.7241,3.6835,1.3368,2.8322,3.2408566666666667
2021-12-10,3.2902,14.46,63.08,7.54,1.43,0.0,12,344,0,-2.4492935982947064e-16,1.0,-0.35367612217637207,0.935367949313148,3.3754,3.7241,2.1581,3.1234285714285717,3.2331700000000003
2021-12-11,3.4891,14.47,54.96,8.27,1.42,0.0,12,345,0,-2.4492935982947064e-16,1.0,-0.33752289959411347,0.941317317512847,3.2902,3.3754,3.6096,3.2851571428571424,3.23101
2021-12-12,3.2885,14.87,52.54,32.04,0.98,0.0,12,346,0,-2.4492935982947064e-16,1.0,-0.32126966169236515,0.9469877530760751,3.4891,3.2902,2.4566,3.267942857142857,3.244153333333333
2021-12-13,2.7396,11.77,68.96,45.46,1.35,0.0,12,347,0,-2.4492935982947064e-16,1.0,-0.3049212246562894,0.9523775757303973,3.2885,3.4891,2.8567,3.3867857142857143,3.2536666666666667
2021-12-14,2.4634,13.49,67.35,8.54,1.09,0.0,12,348,0,-2.4492935982947064e-16,1.0,-0.2884824328806098,0.9574851883550389,2.7396,3.2885,3.6835,3.3700571428571426,3.2305
2021-12-15,2.3827,13.2,63.63,10.46,1.5,0.0,12,349,0,-2.4492935982947064e-16,1.0,-0.27195815753410524,0.9623090774541487,2.4634,2.7396,3.7241,3.195757142857143,3.2020299999999997
2021-12-16,2.028,12.44,57.88,44.15,1.63,0.0,12,350,0,-2.4492935982947064e-16,1.0,-0.2553532951161881,0.9668478136052773,2.3827,2.4634,3.3754,3.0041285714285713,3.176493333333333
2021-12-17,3.1658,10.01,57.21,6.18,3.05,0.0,12,351,0,-2.4492935982947064e-16,1.0,-0.23867276600594997,0.9711000518829505,2.028,2.3827,3.2902,2.811642857142857,3.1274133333333336
2021-12-18,3.4046,8.6,50.5,27.03,3.04,0.0,12,352,0,-2.4492935982947064e-16,1.0,-0.22192151300416674,0.9750645322571945,3.1658,2.028,3.4891,2.7938714285714283,3.119923333333333
2021-12-19,3.8494,8.07,50.02,7.94,2.57,0.0,12,353,0,-2.4492935982947064e-16,1.0,-0.20510449986861926,0.9787400799669153,3.4046,3.1658,3.2885,2.7818,3.1157699999999995
2021-12-20,3.7243,9.78,44.72,17.28,1.77,0.0,12,354,0,-2.4492935982947064e-16,1.0,-0.1882267098432439,0.9821256058680006,3.8494,3.4046,2.7396,2.8619285714285714,3.1442366666666666
2021-12-21,3.5734,12.48,39.03,12.26,1.22,0.0,12,355,0,-2.4492935982947064e-16,1.0,-0.1712931441814778,0.9852201067560606,3.7243,3.8494,2.4634,3.0026,3.1774533333333332
2021-12-22,3.4939,13.2,43.99,24.4,1.09,0.0,12,356,0,-2.4492935982947064e-16,1.0,-0.154308820664281,0.9880226656636976,3.5734,3.7243,2.3827,3.1611714285714285,3.1767833333333333
2021-12-23,2.9119,13.14,50.91,22.32,1.38,0.0,12,357,0,-2.4492935982947064e-16,1.0,-0.13727877211326517,0.9905324521322227,3.4939,3.5734,2.028,3.319914285714286,3.1539599999999997
2021-12-24,2.8555,13.41,58.81,17.21,1.29,0.0,12,358,0,-2.4492935982947064e-16,1.0,-0.12020804489935275,0.9927487224577402,2.9119,3.4939,3.1658,3.4461857142857144,3.115823333333333
2021-12-25,2.8433,14.23,57.25,31.7,0.91,0.0,12,359,0,-2.4492935982947064e-16,1.0,-0.10310169744743544,0.9946708199115211,2.8555,2.9119,3.4046,3.401857142857143,3.0800233333333336
2021-12-26,1.5132,13.61,65.98,98.48,1.3,0.08,12,360,0,-2.4492935982947064e-16,1.0,-0.0859647987374467,0.9962981749346077,2.8433,2.8555,3.8494,3.3216714285714284,3.0526066666666667
2021-12-27,2.653,14.99,69.4,45.86,1.44,1.4,12,361,0,-2.4492935982947064e-16,1.0,-0.06880242680232064,0.9976303053065857,1.5132,2.8433,3.7243,2.9879285714285717,2.982886666666667
2021-12-28,1.051,13.85,75.1,97.67,1.0,0.69,12,362,0,-2.4492935982947064e-16,1.0,-0.05161966722325418,0.9986668162884759,2.653,1.5132,3.5734,2.8348857142857145,2.9635766666666665
2021-12-29,3.089,12.96,68.88,14.18,1.62,0.52,12,363,0,-2.4492935982947064e-16,1.0,-0.034421611622745804,0.9994074007397048,1.051,2.653,3.4939,2.474542857142857,2.8851233333333335
2021-12-30,2.844,10.98,48.55,41.06,1.18,0.0,12,364,0,-2.4492935982947064e-16,1.0,-0.01721335615583528,0.9998518392091162,3.089,1.051,2.9119,2.4167,2.878233333333333
2021-12-31,3.1142,10.78,52.23,43.37,1.58,0.0,12,365,0,-2.4492935982947064e-16,1.0,6.432490598706546e-16,1.0,2.844,3.089,2.8555,2.407,2.8586666666666662
2022-01-01,3.2326,12.15,51.69,5.46,1.0,0.0,1,1,0,0.49999999999999994,0.8660254037844387,0.017213356155834685,0.9998518392091162,3.1142,2.844,2.8433,2.443957142857143,2.89896
2022-01-02,2.9018,12.78,53.86,36.71,1.25,0.0,1,2,0,0.49999999999999994,0.8660254037844387,0.03442161162274574,0.9994074007397048,3.2326,3.1142,1.5132,2.4995714285714286,2.962153333333333
2022-01-03,3.1644,13.44,50.34,33.5,1.11,0.0,1,3,0,0.49999999999999994,0.8660254037844387,0.051619667223253764,0.998666816288476,2.9018,3.2326,2.653,2.697942857142857,2.9869433333333335
2022-01-04,2.7694,15.64,48.2,82.31,0.97,0.0,1,4,0,0.49999999999999994,0.8660254037844387,0.06880242680231986,0.9976303053065857,3.1644,2.9018,1.051,2.771,2.9721033333333335
2022-01-05,0.774,13.32,68.57,99.73,1.84,8.67,1,5,0,0.49999999999999994,0.8660254037844387,0.08596479873744647,0.9962981749346078,2.7694,3.1644,3.089,3.0164857142857144,2.9825299999999997
2022-01-06,2.2596,13.44,86.68,79.78,2.76,0.67,1,6,0,0.49999999999999994,0.8660254037844387,0.10310169744743485,0.9946708199115211,0.774,2.7694,2.844,2.6857714285714285,2.9131066666666663
2022-01-07,1.5086,14.48,88.36,92.2,2.84,2.06,1,7,0,0.49999999999999994,0.8660254037844387,0.1202080448993527,0.9927487224577402,2.2596,0.774,3.1142,2.6022857142857143,2.8656433333333333
2022-01-08,0.5033,15.06,91.91,97.69,3.66,27.46,1,8,0,0.49999999999999994,0.8660254037844387,0.13727877211326478,0.9905324521322229,1.5086,2.2596,3.2326,2.3729142857142853,2.791793333333333
2022-01-09,1.1626,14.3,91.16,94.82,1.23,12.54,1,9,0,0.49999999999999994,0.8660254037844387,0.15430882066428117,0.9880226656636976,0.5033,1.5086,2.9018,1.9830142857142856,2.6960566666666663
2022-01-10,3.0182,11.13,81.0,37.21,1.69,1.22,1,10,0,0.49999999999999994,0.8660254037844387,0.1712931441814776,0.9852201067560606,1.1626,0.5033,3.1644,1.734557142857143,2.6251366666666667
2022-01-11,3.2234,10.31,75.84,27.71,1.53,0.09,1,11,0,0.49999999999999994,0.8660254037844387,0.1882267098432442,0.9821256058680006,3.0182,1.1626,2.7694,1.7136714285714285,2.60944
2022-01-12,2.713,10.62,77.28,40.14,1.34,0.01,1,12,0,0.49999999999999994,0.8660254037844387,0.2051044998686192,0.9787400799669153,3.2234,3.0182,0.774,1.7785285714285715,2.60727
2022-01-13,2.1838,11.99,75.83,54.25,0.74,0.0,1,13,0,0.49999999999999994,0.8660254037844387,0.2219215130041655,0.9750645322571948,2.713,3.2234,2.2596,2.0555285714285714,2.606383333333333
2022-01-14,1.6262,11.41,78.08,75.25,0.92,0.0,1,14,0,0.49999999999999994,0.8660254037844387,0.2386727660059501,0.9711000518829505,2.1838,2.713,1.5086,2.0447,2.5970633333333333
2022-01-15,0.9221,10.56,78.34,99.44,1.34,0.0,1,15,0,0.49999999999999994,0.8660254037844387,0.255353295116187,0.9668478136052775,1.6262,2.1838,0.5033,2.0615,2.5718466666666666
2022-01-16,2.3479,11.15,69.72,78.76,1.24,0.0,1,16,0,0.49999999999999994,0.8660254037844387,0.2719581575341055,0.9623090774541486,0.9221,1.6262,1.1626,2.1213285714285712,2.5349833333333334
2022-01-17,2.1478,10.84,70.24,77.05,0.96,0.0,1,17,0,0.49999999999999994,0.8660254037844387,0.288482432880609,0.9574851883550393,2.3479,0.9221,3.0182,2.290657142857143,2.5077200000000004
2022-01-18,2.5874,10.33,76.04,55.77,1.66,0.0,1,18,0,0.49999999999999994,0.8660254037844387,0.30492122465628907,0.9523775757303974,2.1478,2.3479,3.2234,2.166314285714286,2.4658266666666666
2022-01-19,2.3539,10.18,77.95,77.36,1.11,0.0,1,19,0,0.49999999999999994,0.8660254037844387,0.3212696616923644,0.9469877530760753,2.5874,2.1478,2.713,2.075457142857143,2.42376
2022-01-20,1.9894,12.47,78.1,75.35,0.85,0.79,1,20,0,0.49999999999999994,0.8660254037844387,0.3375228995941133,0.9413173175128471,2.3539,2.5874,2.1838,2.0241571428571428,2.3780799999999997
2022-01-21,2.3126,13.34,77.23,75.16,0.91,0.05,1,21,0,0.49999999999999994,0.8660254037844387,0.3536761221763716,0.9353679493131483,1.9894,2.3539,1.6262,1.9963857142857144,2.32528
2022-01-22,1.0183,10.86,89.11,97.94,4.39,10.05,1,22,0,0.49999999999999994,0.8660254037844387,0.3697245428906731,0.9291414114031743,2.3126,1.9894,0.9221,2.0944428571428575,2.285903333333333
2022-01-23,1.283,11.55,87.92,80.96,1.59,11.51,1,23,0,0.49999999999999994,0.8660254037844387,0.38566340624360707,0.9226395488404876,1.0183,2.3126,2.3479,2.1081857142857143,2.222783333333333
2022-01-24,2.0592,10.79,80.61,66.23,1.27,0.13,1,24,0,0.49999999999999994,0.8660254037844387,0.401487989205973,0.9158642882672872,1.283,1.0183,2.1478,1.956057142857143,2.1703666666666668
2022-01-25,1.32,10.33,82.9,67.79,1.44,0.01,1,25,0,0.49999999999999994,0.8660254037844387,0.4171936026123168,0.9088176373395029,2.0592,1.283,2.5874,1.9434,2.14423
2022-01-26,2.7115,9.84,82.38,51.86,1.75,0.01,1,26,0,0.49999999999999994,0.8660254037844387,0.4327755925504312,0.901501684131884,1.32,2.0592,2.3539,1.762342857142857,2.1377900000000003
2022-01-27,3.9048,10.14,73.47,16.49,2.21,0.0,1,27,0,0.49999999999999994,0.8660254037844387,0.4482293417404106,0.893918596519257,2.7115,1.32,1.9894,1.8134285714285716,2.13974
2022-01-28,4.4304,10.26,63.86,0.18,2.48,0.0,1,28,0,0.49999999999999994,0.8660254037844387,0.4635502709028509,0.886070621534138,3.9048,2.7115,2.3126,2.087057142857143,2.234866666666667
2022-01-29,4.5058,11.43,61.96,0.31,1.79,0.0,1,29,0,0.49999999999999994,0.8660254037844387,0.47873384011578846,0.8779600847008882,4.4304,3.9048,1.0183,2.3896,2.27958
2022-01-30,4.4705,12.49,67.69,2.89,2.46,0.0,1,30,0,0.49999999999999994,0.8660254037844387,0.49377555015997715,0.869589389346611,4.5058,4.4304,1.283,2.8878142857142857,2.3349733333333336
2022-01-31,3.2573,14.75,60.51,32.43,1.1,0.0,1,31,0,0.49999999999999994,0.8660254037844387,0.5086709438521044,0.8609610158889943,4.4705,4.5058,2.0592,3.3431714285714285,2.3801833333333335
2022-02-01,3.1054,14.24,62.99,48.42,1.55,0.0,2,32,0,0.8660254037844386,0.5000000000000001,0.5234156073655503,0.8520775211013093,3.2573,4.4705,1.32,3.514328571428571,2.381006666666667
2022-02-02,3.6014,13.05,60.32,72.6,1.62,0.0,2,33,0,0.8660254037844386,0.5000000000000001,0.5380051715382996,0.8429415373547828,3.1054,3.2573,2.7115,3.7693857142857143,2.387793333333333
2022-02-03,1.0606,12.45,72.66,87.3,2.99,8.65,2,34,0,0.8660254037844386,0.5000000000000001,0.5524353131676196,0.8335557718385699,3.6014,3.1054,3.9048,3.8965142857142854,2.40236
2022-02-04,2.2169,11.25,85.13,75.24,2.19,0.69,2,35,0,0.8660254037844386,0.5000000000000001,0.5667017562911176,0.8239230057575542,1.0606,3.6014,4.4304,3.4902,2.3454
2022-02-05,3.761,11.69,71.1,49.74,1.33,0.06,2,36,0,0.8660254037844386,0.5000000000000001,0.5808002734538009,0.8140460935082178,2.2169,1.0606,4.5058,3.173985714285714,2.3934966666666666
2022-02-06,4.637,13.08,58.74,9.26,1.24,0.0,2,37,0,0.8660254037844386,0.5000000000000001,0.5947266869607634,0.8039279618328213,3.761,2.2169,4.4705,3.067585714285714,2.443543333333333
2022-02-07,4.2763,14.34,60.52,39.54,1.3,0.0,2,38,0,0.8660254037844386,0.5000000000000001,0.6084768701151261,0.7935716089521474,4.637,3.761,3.2573,3.091371428571428,2.547823333333333
2022-02-08,3.9694,16.07,66.26,35.56,0.92,2.18,2,39,0,0.8660254037844386,0.5000000000000001,0.6220467484408675,0.7829801036770629,4.2763,4.637,3.1054,3.236942857142857,2.67359
2022-02-09,3.1094,13.75,88.45,58.34,1.28,9.85,2,40,0,0.8660254037844386,0.5000000000000001,0.6354323008901774,0.7721565844991642,3.9694,4.2763,3.6014,3.3603714285714283,2.76715
2022-02-10,4.5226,12.93,73.3,15.44,2.12,0.0,2,41,0,0.8660254037844386,0.5000000000000001,0.6486295610349814,0.7611042586607747,3.1094,3.9694,1.0606,3.290085714285714,2.77019
2022-02-11,4.8226,12.24,63.74,0.07,2.66,0.0,2,42,0,0.8660254037844386,0.5000000000000001,0.6616346182422783,0.7498264012045686,4.5226,3.1094,2.2169,3.7846571428571423,2.8134966666666665
2022-02-12,5.3412,13.35,57.62,0.11,2.17,0.0,2,43,0,0.8660254037844386,0.5000000000000001,0.6744436188329455,0.7383263540031065,4.8226,4.5226,3.761,4.156899999999999,2.8838166666666667
2022-02-13,4.8737,15.41,49.79,0.16,1.17,0.0,2,44,0,0.8660254037844386,0.5000000000000001,0.6870527672236669,0.7266075247685656,5.3412,4.8226,4.637,4.382642857142857,2.989063333333333
2022-02-14,5.0477,15.48,54.54,0.79,1.21,0.0,2,45,0,0.8660254037844386,0.5000000000000001,0.699458327051647,0.7146733860429609,4.8737,5.3412,4.2763,4.416457142857142,3.097313333333333
2022-02-15,4.8247,16.2,57.54,2.2,1.2,0.0,2,46,0,0.8660254037844386,0.5000000000000001,0.7116566222817746,0.7025274741691571,5.0477,4.8737,3.9694,4.526657142857142,3.2348333333333334
2022-02-16,4.9445,16.83,55.11,0.37,1.64,0.0,2,47,0,0.8660254037844386,0.5000000000000001,0.7236440382959124,0.6901733882429719,4.8247,5.0477,3.1094,4.648842857142857,3.317393333333334
2022-02-17,5.0587,16.25,55.68,0.75,1.54,0.0,2,48,0,0.8660254037844386,0.5000000000000001,0.7354170229639855,0.6776147890466889,4.9445,4.8247,4.5226,4.911,3.410616666666667
2022-02-18,4.8926,16.78,51.73,21.93,1.41,0.12,2,49,0,0.8660254037844386,0.5000000000000001,0.7469720876965552,0.6648553979642865,5.0587,4.9445,4.8226,4.987585714285714,3.492993333333333
2022-02-19,5.0671,16.02,55.98,9.04,2.08,0.01,2,50,0,0.8660254037844386,0.5000000000000001,0.7583058084785624,0.6518989958787126,4.8926,5.0587,5.3412,4.997585714285714,3.5776166666666667
2022-02-20,5.0028,15.12,55.86,0.34,2.79,0.0,2,51,0,0.8660254037844386,0.5000000000000001,0.7694148268839378,0.6387494220515272,5.0671,4.8926,4.8737,4.958428571428572,3.6802066666666664
2022-02-21,5.5546,16.25,47.17,3.51,1.72,0.0,2,52,0,0.8660254037844386,0.5000000000000001,0.7802958510707755,0.6254105729852464,5.0028,5.0671,5.0477,4.976871428571428,3.76988
2022-02-22,5.207,17.03,52.83,30.9,3.71,0.0,2,53,0,0.8660254037844386,0.5000000000000001,0.7909456567567772,0.6118864012687243,5.5546,5.0028,4.8247,5.049285714285714,3.92109
2022-02-23,3.9326,16.42,61.15,56.05,2.39,0.0,2,54,0,0.8660254037844386,0.5000000000000001,0.8013610881746766,0.5981809144059165,5.207,5.5546,4.9445,5.1039,4.051889999999999
2022-02-24,3.8561,17.75,63.03,51.6,1.12,0.01,2,55,0,0.8660254037844386,0.5000000000000001,0.8115390590073611,0.5842981736283683,3.9326,5.207,5.0587,4.9593428571428575,4.1143366666666665
2022-02-25,4.3805,18.99,55.2,39.05,1.46,2.25,2,56,0,0.8660254037844386,0.5000000000000001,0.8214765533024142,0.5702422926917871,3.8561,3.9326,4.8926,4.787542857142857,4.198873333333333
2022-02-26,4.0313,16.99,64.97,69.69,3.52,4.02,2,57,0,0.8660254037844386,0.5000000000000001,0.8311706263658079,0.5560174366570446,4.3805,3.8561,5.0671,4.714385714285713,4.254506666666667
2022-02-27,4.9812,17.2,63.0,20.12,2.02,0.01,2,58,0,0.8660254037844386,0.5000000000000001,0.8406184056344782,0.5416278206559814,4.0313,4.3805,5.0028,4.566414285714286,4.258723333333333
2022-02-28,5.6246,16.21,57.24,6.81,2.05,0.0,2,59,0,0.8660254037844386,0.5000000000000001,0.8498170915275278,0.5270777086423722,4.9812,4.0313,5.5546,4.563328571428571,4.277083333333334
2022-03-01,5.3774,17.66,47.73,4.57,1.44,0.0,3,60,1,1.0,6.123233995736766e-17,0.8587639582758029,0.5123714121284237,5.6246,4.9812,5.207,4.573328571428571,4.314376666666666
2022-03-02,5.4463,18.97,48.71,9.31,1.47,0.0,3,61,1,1.0,6.123233995736766e-17,0.8674563547295969,0.49751328890718066,5.3774,5.6246,3.9326,4.597671428571429,4.3446066666666665
2022-03-03,5.089,20.16,48.23,34.81,1.2,0.0,3,62,1,1.0,6.123233995736766e-17,0.8758917051442429,0.48250774176121847,5.4463,5.3774,3.8561,4.813914285714286,4.417573333333333
2022-03-04,5.2174,19.12,58.76,10.46,1.95,0.0,3,63,1,1.0,6.123233995736766e-17,0.8840675099433636,0.4673592171580022,5.089,5.4463,4.3805,4.990042857142856,4.483693333333333
2022-03-05,5.8411,18.31,57.04,5.0,2.25,0.0,3,64,1,1.0,6.123233995736766e-17,0.8919813464595485,0.45207220393230435,5.2174,5.089,4.0313,5.1096,4.537559999999999
2022-03-06,4.631,19.58,48.31,93.58,1.09,0.0,3,65,1,1.0,6.123233995736766e-17,0.8996308696522433,0.43665123195606403,5.8411,5.2174,4.9812,5.368142857142857,4.69691
2022-03-07,5.0194,20.52,46.45,44.93,1.06,0.0,3,66,1,1.0,6.123233995736766e-17,0.9070138128026359,0.4211008707960896,4.631,5.8411,5.6246,5.318114285714286,4.777379999999999
2022-03-08,5.1715,21.4,46.47,20.34,1.77,0.0,3,67,1,1.0,6.123233995736766e-17,0.9141279881853337,0.40542572835999735,5.0194,4.631,5.3774,5.231657142857143,4.819326666666666
2022-03-09,5.2925,21.67,46.1,59.22,2.21,0.0,3,68,1,1.0,6.123233995736766e-17,0.9209712877166346,0.38963044953078796,5.1715,5.0194,5.4463,5.202242857142857,4.837143333333333
2022-03-10,5.382,21.67,47.65,36.63,2.37,0.0,3,69,1,1.0,6.123233995736766e-17,0.9275416835791966,0.37371971479046906,5.2925,5.1715,5.089,5.180271428571429,4.871016666666666
2022-03-11,5.8538,21.74,49.44,1.4,2.24,0.0,3,70,1,1.0,6.123233995736766e-17,0.9338372288229252,0.35769823883312546,5.382,5.2925,5.2174,5.222128571428571,4.918103333333333
2022-03-12,6.197,21.73,45.53,3.81,2.04,0.0,3,71,1,1.0,6.123233995736766e-17,0.9398560579418954,0.3415707691678556,5.8538,5.382,5.8411,5.3130428571428565,5.0095833333333335
2022-03-13,5.6861,24.66,43.0,16.55,1.9,0.0,3,72,1,1.0,6.123233995736766e-17,0.9455963874271426,0.3253420847119801,6.197,5.8538,4.631,5.363885714285715,5.065396666666667
2022-03-14,5.9443,25.7,45.33,10.73,1.64,0.0,3,73,1,1.0,6.123233995736766e-17,0.9510565162951535,0.30901699437494745,5.6861,6.197,5.0194,5.514614285714286,5.09418
2022-03-15,5.7821,26.71,46.54,8.19,1.87,0.0,3,74,1,1.0,6.123233995736766e-17,0.9562348265919056,0.29260033563334836,5.9443,5.6861,5.1715,5.646742857142857,5.114283333333334
2022-03-16,6.161,26.2,44.93,5.76,2.65,0.0,3,75,1,1.0,6.123233995736766e-17,0.9611297838723007,0.27609697309746883,5.7821,5.9443,5.2925,5.7339714285714285,5.144563333333333
2022-03-17,5.7866,26.1,45.29,13.82,1.37,0.0,3,76,1,1.0,6.123233995736766e-17,0.9657399376548549,0.2595117970697999,6.161,5.7821,5.382,5.858042857142856,5.181673333333333
2022-03-18,5.197,27.38,49.39,6.61,1.7,0.0,3,77,1,1.0,6.123233995736766e-17,0.9700639218515071,0.2428497220959356,5.7866,6.161,5.8538,5.915842857142857,5.213736666666666
2022-03-19,5.6047,28.37,41.2,18.93,1.26,0.0,3,78,1,1.0,6.123233995736766e-17,0.9741004551724205,0.22611568550828828,5.197,5.7866,6.197,5.822014285714286,5.222153333333333
2022-03-20,6.0674,29.05,36.97,22.93,0.99,0.0,3,79,1,1.0,6.123233995736766e-17,0.9778483415056568,0.20931464596304847,5.6047,5.197,5.6861,5.7374,5.240353333333333
2022-03-21,5.6676,28.07,36.23,35.79,1.6,0.0,3,80,1,1.0,6.123233995736766e-17,0.9813064702716093,0.19245158197082998,6.0674,5.6047,5.9443,5.791871428571429,5.279513333333333
2022-03-22,6.1363,26.86,36.66,1.39,2.95,0.0,3,81,1,1.0,6.123233995736766e-17,0.9844738167520922,0.1755314904214282,5.6676,6.0674,5.7821,5.752342857142858,5.29953
2022-03-23,5.6606,27.66,31.33,30.35,1.6,0.0,3,82,1,1.0,6.123233995736766e-17,0.9873494423939864,0.15855938510313475,6.1363,5.6676,6.161,5.802942857142858,5.3373133333333325
2022-03-24,6.0598,27.53,32.83,15.07,1.82,0.0,3,83,1,1.0,6.123233995736766e-17,0.989932495087353,0.141540295217043,5.6606,6.1363,5.7866,5.731457142857143,5.340846666666667
2022-03-25,6.3235,26.72,32.66,30.16,2.36,0.0,3,84,1,1.0,6.123233995736766e-17,0.9922222094179323,0.12447926388678915,6.0598,5.6606,5.197,5.770485714285714,5.369273333333334
2022-03-26,6.6854,25.96,30.66,0.85,3.12,0.0,3,85,1,1.0,6.123233995736766e-17,0.994217906893952,0.10738134666416309,6.3235,6.0598,5.6047,5.931414285714285,5.44897
2022-03-27,6.618,27.64,25.49,8.5,2.29,0.0,3,86,1,1.0,6.123233995736766e-17,0.995918996147179,0.09025161003104117,6.6854,6.3235,6.0674,6.0858,5.543279999999999
2022-03-28,6.6528,29.29,21.92,17.01,1.42,0.0,3,87,1,1.0,6.123233995736766e-17,0.9973249731081555,0.07309512989807777,6.618,6.6854,5.6676,6.164457142857143,5.617863333333333
2022-03-29,6.7944,29.52,24.92,9.91,1.9,0.0,3,88,1,1.0,6.123233995736766e-17,0.9984354211555643,0.055916990100603484,6.6528,6.618,6.1363,6.305199999999999,5.705246666666667
2022-03-30,6.6041,30.09,24.41,19.13,1.22,0.0,3,89,1,1.0,6.123233995736766e-17,0.9992500112396835,0.03872228089217446,6.7944,6.6528,5.6606,6.399214285714286,5.765686666666666
2022-03-31,6.3778,29.88,27.67,20.15,1.53,0.0,3,90,1,1.0,6.123233995736766e-17,0.9997685019798909,0.021516097436222254,6.6041,6.7944,6.0598,6.534,5.798336666666668
2022-04-01,7.0946,28.84,24.84,2.5,2.43,0.0,4,91,1,0.8660254037844387,-0.4999999999999998,0.9999907397361901,0.004303538296244289,6.3778,6.6041,6.3235,6.579428571428571,5.831683333333332
2022-04-02,7.1225,29.3,20.27,11.1,1.31,0.0,4,92,1,0.8660254037844387,-0.4999999999999998,0.9999166586547379,-0.01291029607500882,7.0946,6.3778,6.6854,6.689585714285714,5.886626666666667
2022-04-03,7.2667,29.76,18.98,3.03,1.83,0.0,4,93,1,0.8660254037844387,-0.4999999999999998,0.9995462806873573,-0.030120304846908114,7.1225,7.0946,6.618,6.75202857142857,5.95441
2022-04-04,7.0318,30.02,17.78,6.47,2.08,0.0,4,94,1,0.8660254037844387,-0.4999999999999998,0.9988797155850336,-0.04732138832243185,7.2667,7.1225,6.6528,6.8447000000000005,6.0227200000000005
2022-04-05,6.9218,29.71,19.83,26.85,2.05,0.0,4,95,1,0.8660254037844387,-0.4999999999999998,0.9979171608653922,-0.06450844944931623,7.0318,7.2667,6.7944,6.898842857142857,6.06241
2022-04-06,6.8136,30.87,18.38,15.36,1.92,0.0,4,96,1,0.8660254037844387,-0.4999999999999998,0.9966589017541702,-0.08167639533042241,6.9218,7.0318,6.6041,6.9170428571428575,6.13877
2022-04-07,7.1083,31.83,17.95,2.23,1.73,0.0,4,97,1,0.8660254037844387,-0.4999999999999998,0.9951053111006976,-0.09882013873287143,6.8136,6.9218,6.3778,6.946971428571429,6.198576666666667
2022-04-08,7.2526,32.98,17.08,0.85,1.54,0.0,4,98,1,0.8660254037844387,-0.4999999999999998,0.9932568492674143,-0.11593459959550041,7.1083,6.8136,7.0946,7.051328571428572,6.263136666666667
2022-04-09,6.893,33.91,15.61,16.07,1.52,0.0,4,99,1,0.8660254037844387,-0.4999999999999998,0.9911140639934547,-0.1330147065341959,7.2526,7.1083,7.1225,7.073900000000001,6.328473333333334
2022-04-10,6.8798,32.88,17.08,10.99,2.36,0.0,4,100,1,0.8660254037844387,-0.4999999999999998,0.9886775902323405,-0.1500553983446526,6.893,7.2526,7.2667,7.041114285714286,6.37884
2022-04-11,7.045,34.06,15.69,32.81,1.76,0.0,4,101,1,0.8660254037844387,-0.4999999999999998,0.9859481499638304,-0.16705162550211924,6.8798,6.893,7.0318,6.985842857142857,6.41304
2022-04-12,4.656,34.07,14.35,94.1,1.4,0.0,4,102,1,0.8660254037844387,-0.4999999999999998,0.9829265519799822,-0.18399835165768005,7.045,6.8798,6.9218,6.987728571428572,6.441306666666667
2022-04-13,6.7704,32.56,18.04,42.86,1.63,0.0,4,103,1,0.8660254037844387,-0.4999999999999998,0.9796136916454901,-0.20089055513063506,4.656,7.045,6.8136,6.664042857142857,6.406969999999999
2022-04-14,6.4195,32.11,17.32,56.6,2.13,0.0,4,104,1,0.8660254037844387,-0.4999999999999998,0.9760105506323683,-0.21772323039653177,6.7704,4.656,7.1083,6.657871428571428,6.434506666666666
2022-04-15,6.5683,31.62,18.63,37.84,2.23,0.04,4,105,1,0.8660254037844387,-0.4999999999999998,0.9721181966290613,-0.23449138957040985,6.4195,6.7704,7.2526,6.559471428571428,6.455753333333334
2022-04-16,7.0366,32.28,14.92,21.33,1.58,0.0,4,106,1,0.8660254037844387,-0.4999999999999998,0.9679377830240642,-0.25119006388481935,6.5683,6.4195,6.893,6.461714285714286,6.46933
2022-04-17,6.9797,32.25,16.6,44.39,1.71,0.0,4,107,1,0.8660254037844387,-0.4999999999999998,0.9634705485641488,-0.2678143051621742,7.0366,6.5683,6.8798,6.482228571428571,6.510996666666667
2022-04-18,6.7757,34.0,14.1,17.62,1.98,0.0,4,108,1,0.8660254037844387,-0.4999999999999998,0.9587178169872964,-0.2843591872810034,6.9797,7.0366,7.045,6.4965,6.57042
2022-04-19,6.504,35.23,14.11,39.05,2.32,0.0,4,109,1,0.8660254037844387,-0.4999999999999998,0.9536809966304457,-0.30081980763566735,6.7757,6.9797,4.656,6.458028571428571,6.609453333333334
2022-04-20,6.793,34.61,17.46,48.5,3.19,0.0,4,110,1,0.8660254037844387,-0.4999999999999998,0.9483615800121715,-0.3171912885891061,6.504,6.7757,6.7704,6.722028571428572,6.624006666666667
2022-04-21,3.03,30.59,30.48,75.9,2.33,0.06,4,111,1,0.8660254037844387,-0.4999999999999998,0.9427611433904207,-0.3334687789181868,6.793,6.504,6.4195,6.725257142857143,6.66152
2022-04-22,6.7034,31.71,27.41,32.81,1.42,0.0,4,112,1,0.8660254037844387,-0.4999999999999998,0.9368813462954315,-0.3496474552512284,3.03,6.793,6.5683,6.241042857142857,6.557976666666667
2022-04-23,7.1458,32.36,16.62,8.38,2.09,0.0,4,113,1,0.8660254037844387,-0.4999999999999998,0.9307239310379795,-0.36572252349726897,6.7034,3.03,7.0366,6.260342857142858,6.592736666666666
2022-04-24,7.2257,32.77,16.62,8.94,3.22,0.0,4,114,1,0.8660254037844387,-0.4999999999999998,0.9242907221930933,-0.3816892202666588,7.1458,6.7034,6.9797,6.275942857142857,6.628936666666666
2022-04-25,6.8503,33.71,15.76,33.72,2.44,0.0,4,115,1,0.8660254037844387,-0.4999999999999998,0.9175836260593937,-0.39754281428255595,7.2257,7.1458,6.7757,6.311085714285714,6.659009999999999
2022-04-26,6.8326,34.82,14.87,36.69,2.32,0.0,4,116,1,0.8660254037844387,-0.4999999999999998,0.9106046300942162,-0.41327860778290415,6.8503,7.2257,6.504,6.321742857142857,6.664506666666667
2022-04-27,7.4364,34.61,11.9,0.05,2.28,0.0,4,117,1,0.8660254037844387,-0.4999999999999998,0.9033558023246845,-0.4288919379124835,6.8326,6.8503,6.793,6.368685714285713,6.67166
2022-04-28,7.0296,36.03,10.67,22.67,1.72,0.0,4,118,1,0.8660254037844387,-0.4999999999999998,0.895839290734909,-0.44437817810461316,7.4364,6.8326,3.03,6.4605999999999995,6.69778
2022-04-29,7.032,36.52,13.12,37.94,2.53,0.0,4,119,1,0.8660254037844387,-0.4999999999999998,0.8880573226294932,-0.45973273945210397,7.0296,7.4364,6.7034,7.0319714285714285,6.70562
2022-04-30,7.2146,36.95,10.88,22.74,1.78,0.0,4,120,1,0.8660254037844387,-0.4999999999999998,0.8800122039735357,-0.47495107206704995,7.032,7.0296,7.1458,7.078914285714285,6.719883333333333
2022-05-01,6.649,35.43,13.41,47.87,2.79,0.0,5,121,1,0.49999999999999994,-0.8660254037844387,0.8717063187093218,-0.4900286664290592,7.2146,7.032,7.2257,7.088742857142857,6.747776666666667
2022-05-02,6.8018,35.4,19.12,40.47,3.04,0.0,5,122,1,0.49999999999999994,-0.8660254037844387,0.8631421280499114,-0.5049610547215204,6.649,7.2146,6.8503,7.0063571428571425,6.732923333333333
2022-05-03,5.8394,34.72,22.8,72.93,1.63,0.0,5,123,1,0.49999999999999994,-0.8660254037844387,0.854322169749827,-0.5197438121555155,6.8018,6.649,6.8326,6.999428571428572,6.7222333333333335
2022-05-04,5.5534,35.23,24.61,63.66,1.98,4.91,5,124,1,0.49999999999999994,-0.8660254037844387,0.8452490573530633,-0.5343725582809786,5.8394,6.8018,7.4364,6.857542857142858,6.6746566666666665
2022-05-05,6.1687,32.5,34.95,36.35,1.63,0.17,5,125,1,0.49999999999999994,-0.8660254037844387,0.8359254794186372,-0.548842958284719,5.5534,5.8394,7.0296,6.5885428571428575,6.625376666666667
2022-05-06,5.8478,33.93,28.74,28.83,1.74,0.0,5,126,1,0.49999999999999994,-0.8660254037844387,0.8263541987239096,-0.5631507242749186,6.1687,5.5534,7.032,6.4655571428571434,6.600273333333333
2022-05-07,6.8227,34.53,24.03,17.89,1.55,0.0,5,127,1,0.49999999999999994,-0.8660254037844387,0.8165380514459161,-0.5772916165517272,5.8478,6.1687,7.2146,6.296385714285714,6.56808
2022-05-08,6.8777,35.02,20.21,21.89,1.45,0.0,5,128,1,0.49999999999999994,-0.8660254037844387,0.8064799463209448,-0.5912614448635781,6.8227,5.8478,6.649,6.2404,6.55856
2022-05-09,6.5705,34.58,27.55,25.13,2.38,0.0,5,129,1,0.49999999999999994,-0.8660254037844387,0.7961828637826158,-0.6050560696488488,6.8777,6.8227,6.8018,6.273071428571429,6.546063333333334
2022-05-10,6.1596,35.13,33.02,31.57,2.31,0.0,5,130,1,0.49999999999999994,-0.8660254037844387,0.7856498550787147,-0.6186714032625031,6.5705,6.8777,5.8394,6.240028571428572,6.535313333333333
2022-05-11,6.276,35.96,31.65,21.64,2.07,0.09,5,131,1,0.49999999999999994,-0.8660254037844387,0.7748840413670407,-0.6321034111873487,6.1596,6.5705,5.5534,6.2857714285714295,6.511306666666667
2022-05-12,6.5726,37.27,28.59,22.61,2.22,0.0,5,132,1,0.49999999999999994,-0.8660254037844387,0.7638886127905428,-0.6453481132295501,6.276,6.1596,6.1687,6.389,6.485673333333334
2022-05-13,7.1798,37.65,19.95,22.39,2.28,0.09,5,133,1,0.49999999999999994,-0.8660254037844387,0.7526668275320085,-0.6584015846980488,6.5726,6.276,5.8478,6.4467,6.5495600000000005
2022-05-14,7.4974,38.23,12.47,30.63,2.55,0.0,5,134,1,0.49999999999999994,-0.8660254037844387,0.7412220108485958,-0.6712599575675313,7.1798,6.5726,6.8227,6.636985714285714,6.563206666666668
2022-05-15,7.5154,37.89,10.53,41.05,2.19,0.0,5,135,1,0.49999999999999994,-0.8660254037844387,0.7295575540864875,-0.6839194216246106,7.4974,7.1798,6.8777,6.733371428571429,6.599136666666666
2022-05-16,5.9083,37.37,13.64,67.49,2.42,0.0,5,136,1,0.49999999999999994,-0.8660254037844387,0.717676913675962,-0.6963762255968722,7.5154,7.4974,6.5705,6.824471428571428,6.630706666666667
2022-05-17,6.4015,36.15,15.13,68.31,1.46,0.03,5,137,1,0.49999999999999994,-0.8660254037844387,0.705583610107178,-0.7086266782644596,5.9083,7.5154,6.1596,6.729871428571428,6.593096666666667
2022-05-18,6.3446,36.36,16.75,52.77,1.7,0.0,5,138,1,0.49999999999999994,-0.8660254037844387,0.6932812268869777,-0.7206671495538609,6.4015,5.9083,6.276,6.764428571428572,6.573823333333333
2022-05-19,6.8129,37.47,16.1,40.38,2.18,0.0,5,139,1,0.49999999999999994,-0.8660254037844387,0.6807734094770161,-0.7324940716135789,6.3446,6.4015,6.5726,6.774228571428572,6.559453333333333
2022-05-20,6.4258,38.75,14.61,69.16,2.66,0.0,5,140,1,0.49999999999999994,-0.8660254037844387,0.6680638642135335,-0.7441039398713607,6.8129,6.3446,7.1798,6.8085571428571425,6.56975
2022-05-21,5.8279,35.8,22.12,86.16,2.8,0.7,5,141,1,0.49999999999999994,-0.8660254037844387,0.6551563572090853,-0.7554933140726803,6.4258,6.8129,7.4974,6.700842857142858,6.55751
2022-05-22,6.8244,34.56,21.34,49.86,1.33,0.0,5,142,1,0.49999999999999994,-0.8660254037844387,0.6420547132365637,-0.766658819300159,5.8279,6.4258,7.5154,6.462342857142858,6.650773333333333
2022-05-23,4.1623,31.15,39.39,75.04,3.67,19.43,5,143,1,0.49999999999999994,-0.8660254037844387,0.6287628145958344,-0.7775971469736269,6.8244,5.8279,5.9083,6.363628571428571,6.654806666666667
2022-05-24,6.4486,28.68,54.26,32.01,2.4,10.39,5,144,1,0.49999999999999994,-0.8660254037844387,0.6152845999633276,-0.7883050558305255,4.1623,6.8244,6.4015,6.114200000000001,6.5553566666666665
2022-05-25,6.4615,30.41,44.22,16.11,1.23,0.01,5,145,1,0.49999999999999994,-0.8660254037844387,0.6016240632249226,-0.7987793728863649,6.4486,4.1623,6.3446,6.120928571428571,6.5294533333333336
2022-05-26,6.6252,32.07,39.34,28.49,1.52,0.0,5,146,1,0.49999999999999994,-0.8660254037844387,0.5877852522924732,-0.8090169943749473,6.4615,6.4486,6.8129,6.137628571428571,6.516493333333333
2022-05-27,6.4805,34.04,37.21,45.92,1.75,0.01,5,147,1,0.49999999999999994,-0.8660254037844387,0.5737722679043246,-0.8190148866680801,6.6252,6.4615,6.4258,6.1108142857142855,6.50958
2022-05-28,6.163,36.72,33.59,55.85,2.0,0.4,5,148,1,0.49999999999999994,-0.8660254037844387,0.5595892624101765,-0.8287700871745038,6.4805,6.6252,5.8279,6.118628571428572,6.477716666666667
2022-05-29,6.3869,34.64,33.99,48.67,1.83,0.19,5,149,1,0.49999999999999994,-0.8660254037844387,0.545240438540651,-0.8382797052177744,6.163,6.4805,6.8244,6.166499999999999,6.44883
2022-05-30,6.2155,33.93,39.21,76.25,1.03,5.07,5,150,1,0.49999999999999994,-0.8660254037844387,0.5307300481619334,-0.8475409228928311,6.3869,6.163,4.1623,6.104,6.427326666666667
2022-05-31,6.2059,33.67,30.13,33.67,1.28,0.14,5,151,1,0.49999999999999994,-0.8660254037844387,0.5160623910158528,-0.8565509959010036,6.2155,6.3869,6.4486,6.397314285714286,6.394023333333334
2022-06-01,6.5234,35.96,23.79,56.45,2.12,0.0,6,152,2,1.2246467991473532e-16,-1.0,0.5012418134457758,-0.865307254363206,6.2059,6.2155,6.4615,6.362642857142857,6.379253333333334
2022-06-02,6.6199,36.06,21.66,72.1,1.95,0.0,6,153,2,1.2246467991473532e-16,-1.0,0.48627270710868997,-0.8738071036110808,6.5234,6.2059,6.6252,6.371485714285713,6.369973333333333
2022-06-03,7.0853,36.37,19.68,57.13,2.21,0.0,6,154,2,1.2246467991473532e-16,-1.0,0.4711595076738638,-0.8820480249558537,6.6199,6.5234,6.4805,6.370728571428571,6.39599
2022-06-04,7.5182,36.8,16.84,55.24,1.33,0.0,6,155,2,1.2246467991473532e-16,-1.0,0.4559066935084588,-0.8900275764346767,7.0853,6.6199,6.163,6.457128571428571,6.447053333333333
2022-06-05,7.4146,37.04,19.28,53.13,2.11,0.0,6,156,2,1.2246467991473532e-16,-1.0,0.440518784350495,-0.8977433935342337,7.5182,7.0853,6.3869,6.650728571428572,6.4920366666666665
2022-06-06,7.4762,37.5,15.24,62.18,1.73,0.0,6,157,2,1.2246467991473532e-16,-1.0,0.42500033996955416,-0.9051931898913974,7.4146,7.5182,6.2155,6.797542857142857,6.544263333333333
2022-06-07,6.4778,37.79,15.74,80.89,2.36,0.0,6,158,2,1.2246467991473532e-16,-1.0,0.4093559588156213,-0.9123747579707273,7.4762,7.4146,6.2059,6.977642857142857,6.566046666666667
2022-06-08,6.7759,37.05,17.91,71.96,3.78,0.0,6,159,2,1.2246467991473532e-16,-1.0,0.39359027665646673,-0.9192859697186104,6.4778,7.4762,6.5234,7.016485714285714,6.552716666666667
2022-06-09,6.4858,38.1,18.98,72.99,2.12,0.0,6,160,2,1.2246467991473532e-16,-1.0,0.3777079652039649,-0.9259247771938498,6.7759,6.4778,6.6199,7.052557142857142,6.559563333333333
2022-06-10,6.348,37.83,20.43,81.63,3.59,0.0,6,161,2,1.2246467991473532e-16,-1.0,0.36171373072976765,-0.9322892131745133,6.4858,6.7759,7.0853,7.0334,6.570436666666667
2022-06-11,6.697,38.18,20.46,76.11,4.14,0.0,6,162,2,1.2246467991473532e-16,-1.0,0.3456123126707335,-0.9383773917408641,6.348,6.4858,7.5182,6.928071428571428,6.5728366666666656
2022-06-12,7.0159,38.44,20.51,66.81,3.17,0.0,6,163,2,1.2246467991473532e-16,-1.0,0.3294084822245304,-0.9441875088341993,6.697,6.348,7.4146,6.810757142857143,6.576983333333333
2022-06-13,5.4746,39.33,20.56,79.82,3.41,0.0,6,164,2,1.2246467991473532e-16,-1.0,0.3131070409358269,-0.9497178427914316,7.0159,6.697,7.4762,6.7538,6.5715200000000005
2022-06-14,5.1341,38.16,31.84,80.46,4.78,0.0,6,165,2,1.2246467991473532e-16,-1.0,0.29671281927349075,-0.9549667548552551,5.4746,7.0159,6.4778,6.4678571428571425,6.504093333333333
2022-06-15,7.1105,38.67,32.0,33.48,3.64,0.26,6,166,2,1.2246467991473532e-16,-1.0,0.28023067519921585,-0.9599326896597447,5.1341,5.4746,6.7759,6.2759,6.424716666666667
2022-06-16,6.7889,37.78,35.62,51.55,2.54,0.66,6,167,2,1.2246467991473532e-16,-1.0,0.26366549272800704,-0.9646141756912435,7.1105,5.1341,6.4858,6.3237000000000005,6.46479
2022-06-17,5.195,33.64,55.03,81.65,1.86,12.85,6,168,2,1.2246467991473532e-16,-1.0,0.24702218048093552,-0.9690098257244062,6.7889,7.1105,6.348,6.367,6.477703333333333
2022-06-18,4.9582,31.57,57.97,87.74,1.06,11.14,6,169,2,1.2246467991473532e-16,-1.0,0.23030567023061221,-0.9731183372332619,5.195,6.7889,6.697,6.202285714285715,6.439383333333334
2022-06-19,3.0293,31.01,58.84,98.97,1.33,3.82,6,170,2,1.2246467991473532e-16,-1.0,0.21352091543979612,-0.9769384927771817,4.9582,5.195,7.0159,5.953885714285714,6.37756
2022-06-20,4.2638,32.74,41.42,98.52,1.05,0.01,6,171,2,1.2246467991473532e-16,-1.0,0.19667288979357647,-0.980469160361632,3.0293,4.9582,5.4746,5.384371428571428,6.264343333333333
2022-06-21,4.9627,32.66,41.32,78.89,1.54,0.1,6,172,2,1.2246467991473532e-16,-1.0,0.1797665857255624,-0.9837092937736097,4.2638,3.0293,5.1341,5.2114,6.212206666666666
2022-06-22,6.27,33.75,41.08,68.13,1.58,0.02,6,173,2,1.2246467991473532e-16,-1.0,0.16280701293851715,-0.986657932891657,4.9627,4.2638,7.1105,5.186914285714286,6.15015
2022-06-23,7.0174,33.46,38.36,35.89,3.39,0.0,6,174,2,1.2246467991473532e-16,-1.0,0.1457991969198751,-0.9893142039703663,6.27,4.9627,6.7889,5.066842857142857,6.220406666666666
2022-06-24,7.3793,33.24,31.36,38.59,2.65,0.0,6,175,2,1.2246467991473532e-16,-1.0,0.12874817745258132,-0.99167731989929,7.0174,6.27,5.195,5.099485714285714,6.239366666666667
2022-06-25,7.2374,34.68,28.69,59.78,0.91,0.0,6,176,2,1.2246467991473532e-16,-1.0,0.11165900712169512,-0.993746580436178,7.3793,7.0174,4.9582,5.411528571428571,6.26996
2022-06-26,6.5232,35.37,30.69,35.33,2.38,0.1,6,177,2,1.2246467991473532e-16,-1.0,0.09453674981719912,-0.9955213724144752,7.2374,7.3793,3.0293,5.737128571428571,6.290366666666667
2022-06-27,5.8908,36.4,42.39,46.52,2.35,0.0,6,178,2,1.2246467991473532e-16,-1.0,0.07738647923346301,-0.9970011699250151,6.5232,7.2374,4.2638,6.236257142857143,6.29179
2022-06-28,5.0244,37.84,37.93,89.81,1.83,0.09,6,179,2,1.2246467991473532e-16,-1.0,0.06021327736579302,-0.9981855344718586,5.8908,6.5232,4.9627,6.468685714285714,6.282716666666667
2022-06-29,4.8871,38.36,39.37,96.43,2.29,3.22,6,180,2,1.2246467991473532e-16,-1.0,0.04302223300453059,-0.99907411510223,5.0244,5.8908,6.27,6.4775,6.237300000000001
2022-06-30,1.05,30.97,74.53,99.66,2.54,19.88,6,181,2,1.2246467991473532e-16,-1.0,0.02581844022713308,-0.9996666485105112,4.8871,5.0244,7.0174,6.279942857142857,6.19302
2022-07-01,3.4346,30.79,70.42,98.46,2.68,12.31,7,182,2,-0.4999999999999997,-0.8660254037844388,0.008606996888688698,-0.9999629591162655,1.05,4.8871,7.3793,5.427457142857143,6.021156666666667
2022-07-02,5.189,32.3,60.74,85.03,2.22,3.2,7,183,2,-0.4999999999999997,-0.8660254037844388,-0.008606996888688009,-0.9999629591162655,3.4346,1.05,7.2374,4.863928571428572,5.918196666666666
2022-07-03,5.3988,33.75,56.24,65.8,2.58,0.4,7,184,2,-0.4999999999999997,-0.8660254037844388,-0.02581844022713239,-0.9996666485105112,5.189,3.4346,6.5232,4.5713,5.870500000000001
2022-07-04,5.5538,34.53,54.6,61.58,1.31,1.02,7,185,2,-0.4999999999999997,-0.8660254037844388,-0.04302223300453034,-0.99907411510223,5.3988,5.189,5.8908,4.410671428571429,5.814283333333334
2022-07-05,5.376,33.66,53.58,81.14,2.39,0.94,7,186,2,-0.4999999999999997,-0.8660254037844388,-0.060213277365792774,-0.9981855344718586,5.5538,5.3988,5.0244,4.362528571428571,5.748803333333333
2022-07-06,5.8531,34.57,49.95,46.51,3.3,1.83,7,187,2,-0.4999999999999997,-0.8660254037844388,-0.07738647923346322,-0.9970011699250151,5.376,5.5538,4.8871,4.412757142857143,5.68085
2022-07-07,6.6432,35.2,48.39,57.25,3.05,0.06,7,188,2,-0.4999999999999997,-0.8660254037844388,-0.09453674981719933,-0.9955213724144752,5.8531,5.376,1.05,4.550757142857143,5.626746666666666
2022-07-08,6.798,36.16,45.96,59.93,1.74,0.01,7,189,2,-0.4999999999999997,-0.8660254037844388,-0.11165900712169444,-0.9937465804361781,6.6432,5.8531,3.4346,5.349785714285715,5.63226
2022-07-09,3.0336,32.89,55.44,91.42,2.88,4.06,7,190,2,-0.4999999999999997,-0.8660254037844388,-0.12874817745258066,-0.99167731989929,6.798,6.6432,5.189,5.830271428571429,5.632996666666667
2022-07-10,4.4062,32.35,57.0,94.06,1.94,0.17,7,191,2,-0.4999999999999997,-0.8660254037844388,-0.14579919691987442,-0.9893142039703664,3.0336,6.798,5.3988,5.522357142857143,5.517923333333333
2022-07-11,5.9141,34.47,52.85,46.05,1.6,2.68,7,192,2,-0.4999999999999997,-0.8660254037844388,-0.16280701293851646,-0.9866579328916572,4.4062,3.0336,5.5538,5.380557142857143,5.453196666666667
2022-07-12,3.7778,33.32,59.13,77.4,1.68,19.25,7,193,2,-0.4999999999999997,-0.8660254037844388,-0.17976658572556214,-0.9837092937736098,5.9141,4.4062,5.376,5.432028571428572,5.4271
2022-07-13,5.1305,34.47,54.07,66.81,1.51,0.15,7,194,2,-0.4999999999999997,-0.8660254037844388,-0.19667288979357622,-0.9804691603616321,3.7778,5.9141,5.8531,5.203714285714286,5.319163333333333
2022-07-14,5.8051,34.35,51.59,61.52,3.37,0.19,7,195,2,-0.4999999999999997,-0.8660254037844388,-0.2135209154397959,-0.9769384927771817,5.1305,3.7778,6.6432,5.100485714285715,5.307693333333334
2022-07-15,6.4927,35.0,46.73,36.81,3.99,0.25,7,196,2,-0.4999999999999997,-0.8660254037844388,-0.23030567023061196,-0.973118337233262,5.8051,5.1305,6.798,4.980757142857143,5.33006
2022-07-16,3.1966,33.12,56.32,90.58,3.08,11.37,7,197,2,-0.4999999999999997,-0.8660254037844388,-0.24702218048093527,-0.9690098257244063,6.4927,5.8051,3.0336,4.937142857142858,5.309466666666666
2022-07-17,5.2418,34.61,53.58,83.35,2.41,0.72,7,198,2,-0.4999999999999997,-0.8660254037844388,-0.2636654927280072,-0.9646141756912435,3.1966,6.4927,4.4062,4.960428571428571,5.189723333333333
2022-07-18,6.4589,35.56,51.19,32.23,1.85,0.52,7,199,2,-0.4999999999999997,-0.8660254037844388,-0.2802306751992161,-0.9599326896597445,5.2418,3.1966,5.9141,5.0798,5.191283333333333
2022-07-19,5.5956,35.77,51.94,76.04,1.31,1.61,7,200,2,-0.4999999999999997,-0.8660254037844388,-0.2967128192734901,-0.9549667548552553,6.4589,5.2418,3.7778,5.157628571428572,5.2413066666666674
2022-07-20,2.3633,32.27,70.18,98.68,1.17,15.97,7,201,2,-0.4999999999999997,-0.8660254037844388,-0.3131070409358267,-0.9497178427914317,5.5956,6.4589,5.1305,5.417314285714285,5.326849999999999
2022-07-21,3.5558,29.13,81.61,97.57,1.12,10.44,7,202,2,-0.4999999999999997,-0.8660254037844388,-0.3294084822245302,-0.9441875088341994,2.3633,5.5956,5.8051,5.021999999999999,5.2635
2022-07-22,4.0678,31.17,68.34,97.1,1.66,2.23,7,203,2,-0.4999999999999997,-0.8660254037844388,-0.3456123126707333,-0.9383773917408642,3.5558,2.3633,6.4927,4.70067142857143,5.2166033333333335
2022-07-23,4.397,30.8,70.18,94.44,3.77,4.52,7,204,2,-0.4999999999999997,-0.8660254037844388,-0.3617137307297674,-0.9322892131745134,4.0678,3.5558,3.1966,4.354257142857143,5.143196666666667
2022-07-24,5.2877,30.8,67.0,84.1,3.63,1.33,7,205,2,-0.4999999999999997,-0.8660254037844388,-0.37770796520396466,-0.9259247771938499,4.397,4.0678,5.2418,4.525742857142857,5.05585
2022-07-25,5.5483,31.23,63.86,59.44,3.66,0.81,7,206,2,-0.4999999999999997,-0.8660254037844388,-0.39359027665646645,-0.9192859697186105,5.2877,4.397,6.4589,4.5323,4.98613
2022-07-26,5.0503,30.62,69.13,76.55,3.1,3.53,7,207,2,-0.4999999999999997,-0.8660254037844388,-0.4093559588156211,-0.9123747579707274,5.5483,5.2877,5.5956,4.402214285714286,4.929826666666666
2022-07-27,4.5694,30.64,67.08,91.17,2.36,8.05,7,208,2,-0.4999999999999997,-0.8660254037844388,-0.42500033996955394,-0.9051931898913975,5.0503,5.5483,2.3633,4.324314285714286,4.880730000000001
2022-07-28,4.7916,29.7,77.7,92.31,1.49,14.38,7,209,2,-0.4999999999999997,-0.8660254037844388,-0.4405187843504952,-0.8977433935342336,4.5694,5.0503,3.5558,4.6394714285714285,4.836683333333334
2022-07-29,3.305,29.5,78.73,98.63,1.29,8.73,7,210,2,-0.4999999999999997,-0.8660254037844388,-0.455906693508459,-0.8900275764346766,4.7916,4.5694,4.0678,4.816014285714286,4.828923333333333
2022-07-30,3.799,29.62,77.14,97.82,1.38,7.54,7,211,2,-0.4999999999999997,-0.8660254037844388,-0.47115950767386394,-0.8820480249558535,3.305,4.7916,4.397,4.7070428571428575,4.776186666666667
2022-07-31,4.4695,30.18,74.0,91.45,1.38,8.1,7,212,2,-0.4999999999999997,-0.8660254037844388,-0.4862727071086902,-0.8738071036110807,3.799,3.305,5.2877,4.621614285714286,4.86782
2022-08-01,5.0054,29.86,76.28,82.95,1.88,2.34,8,213,2,-0.8660254037844384,-0.5000000000000004,-0.5012418134457756,-0.8653072543632061,4.4695,3.799,5.5483,4.504728571428571,4.902316666666667
2022-08-02,6.0022,31.43,69.04,69.5,1.28,0.56,8,214,2,-0.8660254037844384,-0.5000000000000004,-0.5160623910158526,-0.8565509959010037,5.0054,4.4695,5.0503,4.4271714285714285,4.8961966666666665
2022-08-03,4.4635,31.91,65.37,92.94,0.72,1.24,8,215,2,-0.8660254037844384,-0.5000000000000004,-0.5307300481619331,-0.8475409228928312,6.0022,5.0054,4.5694,4.563157142857143,4.916309999999999
2022-08-04,3.5707,30.62,72.74,98.1,1.86,7.83,8,216,2,-0.8660254037844384,-0.5000000000000004,-0.5452404385406507,-0.8382797052177745,4.4635,6.0022,4.7916,4.5480285714285715,4.879966666666666
2022-08-05,3.2042,30.23,73.22,83.21,1.92,5.93,8,217,2,-0.8660254037844384,-0.5000000000000004,-0.5595892624101763,-0.828770087174504,3.5707,4.4635,3.305,4.373614285714286,4.819789999999999
2022-08-06,3.8191,31.27,69.44,94.89,1.03,0.6,8,218,2,-0.8660254037844384,-0.5000000000000004,-0.5737722679043243,-0.8190148866680802,3.2042,3.5707,3.799,4.359214285714286,4.731493333333334
2022-08-07,1.5684,28.84,80.31,99.18,1.81,3.81,8,219,2,-0.8660254037844384,-0.5000000000000004,-0.5877852522924734,-0.8090169943749472,3.8191,3.2042,4.4695,4.362085714285714,4.637356666666666
2022-08-08,5.9688,31.04,70.55,73.35,1.6,3.12,8,220,2,-0.8660254037844384,-0.5000000000000004,-0.6016240632249227,-0.7987793728863648,1.5684,3.8191,5.0054,3.9476428571428572,4.4630366666666665
2022-08-09,5.9815,31.63,65.84,69.94,1.68,0.06,8,221,2,-0.8660254037844384,-0.5000000000000004,-0.6152845999633277,-0.7883050558305253,5.9688,1.5684,6.0022,4.085271428571429,4.560876666666667
2022-08-10,6.3965,32.87,58.98,65.16,2.8,0.0,8,222,2,-0.8660254037844384,-0.5000000000000004,-0.6287628145958345,-0.7775971469736268,5.9815,5.9688,4.4635,4.082314285714285,4.613386666666667
2022-08-11,2.5157,30.11,67.52,95.48,4.17,0.44,8,223,2,-0.8660254037844384,-0.5000000000000004,-0.6420547132365636,-0.7666588193001592,6.3965,5.9815,3.5707,4.358457142857143,4.629466666666667
2022-08-12,6.1862,31.38,61.73,60.31,3.48,0.03,8,224,2,-0.8660254037844384,-0.5000000000000004,-0.655156357209085,-0.7554933140726804,2.5157,6.3965,3.2042,4.207742857142857,4.587396666666667
2022-08-13,5.22,31.8,62.51,66.54,2.95,0.0,8,225,2,-0.8660254037844384,-0.5000000000000004,-0.6680638642135333,-0.7441039398713608,6.1862,2.5157,3.8191,4.633742857142857,4.622586666666666
2022-08-14,3.1094,31.25,67.19,90.65,1.75,2.59,8,226,2,-0.8660254037844384,-0.5000000000000004,-0.6807734094770159,-0.7324940716135792,5.22,6.1862,1.5684,4.833871428571428,4.603083333333333
2022-08-15,4.5828,29.16,72.1,85.68,3.08,9.71,8,227,2,-0.8660254037844384,-0.5000000000000004,-0.6932812268869771,-0.7206671495538615,3.1094,5.22,5.9688,5.054014285714286,4.490306666666667
2022-08-16,3.5376,29.98,67.42,70.29,5.79,0.95,8,228,2,-0.8660254037844384,-0.5000000000000004,-0.7055836101071774,-0.70862667826446,4.5828,3.1094,5.9815,4.856014285714286,4.536513333333334
2022-08-17,5.7283,30.54,65.89,59.65,3.52,0.08,8,229,2,-0.8660254037844384,-0.5000000000000004,-0.7176769136759615,-0.6963762255968726,3.5376,4.5828,6.3965,4.506885714285715,4.479706666666667
2022-08-18,6.0722,31.77,63.11,43.05,2.09,0.0,8,230,2,-0.8660254037844384,-0.5000000000000004,-0.7295575540864876,-0.6839194216246104,5.7283,3.5376,2.5157,4.411428571428572,4.455353333333333
2022-08-19,5.7686,31.6,64.2,74.08,2.59,1.72,8,231,2,-0.8660254037844384,-0.5000000000000004,-0.7412220108485957,-0.6712599575675315,6.0722,5.7283,6.1862,4.919499999999999,4.47124
2022-08-20,3.8834,30.25,68.16,92.42,0.76,3.61,8,232,2,-0.8660254037844384,-0.5000000000000004,-0.7526668275320083,-0.6584015846980489,5.7686,6.0722,5.22,4.859842857142858,4.58475
2022-08-21,5.1564,31.2,60.06,89.16,1.44,0.72,8,233,2,-0.8660254037844384,-0.5000000000000004,-0.7638886127905429,-0.64534811322955,3.8834,5.7686,3.1094,4.6689,4.595669999999999
2022-08-22,4.8974,32.14,61.29,95.19,2.47,0.78,8,234,2,-0.8660254037844384,-0.5000000000000004,-0.7748840413670406,-0.6321034111873488,5.1564,3.8834,4.5828,4.961328571428571,4.6319566666666665
2022-08-23,5.2961,31.06,62.5,67.43,5.12,0.4,8,235,2,-0.8660254037844384,-0.5000000000000004,-0.7856498550787144,-0.6186714032625032,4.8974,5.1564,3.5376,5.006271428571429,4.6486366666666665
2022-08-24,4.1669,30.26,65.17,94.53,2.94,2.03,8,236,2,-0.8660254037844384,-0.5000000000000004,-0.7961828637826154,-0.6050560696488494,5.2961,4.8974,5.7283,5.257485714285714,4.648916666666667
2022-08-25,5.2058,31.33,60.99,45.59,1.21,0.17,8,237,2,-0.8660254037844384,-0.5000000000000004,-0.8064799463209447,-0.5912614448635782,4.1669,5.2961,6.0722,5.034428571428571,4.602869999999999
2022-08-26,5.2615,31.39,60.74,37.42,2.47,0.0,8,238,2,-0.8660254037844384,-0.5000000000000004,-0.8165380514459157,-0.5772916165517278,5.2058,4.1669,5.7686,4.910657142857143,4.608053333333333
2022-08-27,5.7163,31.51,59.53,49.68,3.32,0.0,8,239,2,-0.8660254037844384,-0.5000000000000004,-0.8263541987239094,-0.5631507242749187,5.2615,5.2058,3.8834,4.838214285714286,4.631123333333333
2022-08-28,5.3561,31.76,56.93,80.68,2.42,0.09,8,240,2,-0.8660254037844384,-0.5000000000000004,-0.8359254794186365,-0.5488429582847199,5.7163,5.2615,5.1564,5.1000571428571435,4.661946666666666
2022-08-29,4.7786,31.79,57.25,80.36,0.76,2.6,8,241,2,-0.8660254037844384,-0.5000000000000004,-0.8452490573530634,-0.5343725582809785,5.3561,5.7163,4.8974,5.128585714285714,4.730316666666666
2022-08-30,4.7479,31.12,65.19,77.7,1.02,7.39,8,242,2,-0.8660254037844384,-0.5000000000000004,-0.8543221697498269,-0.5197438121555157,4.7786,5.3561,5.2961,5.111614285714286,4.762969999999999
2022-08-31,5.4403,32.82,57.54,46.92,1.84,0.01,8,243,2,-0.8660254037844384,-0.5000000000000004,-0.8631421280499115,-0.5049610547215202,4.7479,4.7786,4.1669,5.0333,4.7722500000000005
2022-09-01,5.4024,33.06,57.59,66.9,1.45,0.52,9,244,2,-1.0,-1.8369701987210297e-16,-0.8717063187093217,-0.4900286664290594,5.4403,4.7479,5.2058,5.2152142857142865,4.786746666666667
2022-09-02,4.5658,32.32,57.34,85.03,0.77,3.61,9,245,2,-1.0,-1.8369701987210297e-16,-0.8800122039735356,-0.4749510720670502,5.4024,5.4403,5.2615,5.2433,4.766753333333333
2022-09-03,6.5309,32.29,54.97,20.36,2.47,0.01,9,246,2,-1.0,-1.8369701987210297e-16,-0.888057322629493,-0.4597327394521046,4.5658,5.4024,5.7163,5.143914285714286,4.770163333333333
2022-09-04,6.5964,33.12,50.68,7.92,2.38,0.0,9,247,2,-1.0,-1.8369701987210297e-16,-0.8958392907349089,-0.4443781781046134,6.5309,4.5658,5.3561,5.260285714285715,4.868836666666667
2022-09-05,6.2455,32.43,54.32,9.62,1.65,0.02,9,248,2,-1.0,-1.8369701987210297e-16,-0.9033558023246842,-0.4288919379124841,6.5964,6.5309,4.7786,5.4374714285714285,4.98191
2022-09-06,5.5385,32.52,51.71,27.36,1.35,0.0,9,249,2,-1.0,-1.8369701987210297e-16,-0.9106046300942162,-0.41327860778290443,6.2455,6.5964,4.7479,5.647028571428571,5.062790000000001
2022-09-07,5.7386,32.84,49.65,16.12,1.62,0.0,9,250,2,-1.0,-1.8369701987210297e-16,-0.9175836260593934,-0.3975428142825566,5.5385,6.2455,5.4403,5.759971428571428,5.195126666666667
2022-09-08,5.4528,32.13,50.67,11.18,1.11,0.02,9,251,2,-1.0,-1.8369701987210297e-16,-0.9242907221930934,-0.3816892202666586,5.7386,5.5385,5.4024,5.802585714285714,5.187453333333333
2022-09-09,5.0174,32.52,52.12,19.73,0.91,0.21,9,252,2,-1.0,-1.8369701987210297e-16,-0.9307239310379793,-0.3657225234972692,5.4528,5.7386,4.5658,5.809785714285715,5.16983
2022-09-10,4.5139,31.58,65.32,39.41,1.47,5.38,9,253,2,-1.0,-1.8369701987210297e-16,-0.9368813462954315,-0.34964745525122826,5.0174,5.4528,6.5309,5.8743,5.12386
2022-09-11,5.478,31.67,63.53,11.93,1.47,2.66,9,254,2,-1.0,-1.8369701987210297e-16,-0.9427611433904206,-0.33346877891818705,4.5139,5.0174,6.5964,5.586157142857144,5.190466666666667
2022-09-12,5.7022,31.25,60.07,11.12,2.11,1.19,9,255,2,-1.0,-1.8369701987210297e-16,-0.9483615800121716,-0.31719128858910595,5.478,4.5139,6.2455,5.426385714285715,5.166860000000001
2022-09-13,5.34,31.07,60.18,48.02,3.28,0.56,9,256,2,-1.0,-1.8369701987210297e-16,-0.9536809966304455,-0.300819807635668,5.7022,5.478,5.5385,5.348771428571429,5.182933333333334
2022-09-14,3.2455,29.87,64.6,88.39,3.86,2.81,9,257,2,-1.0,-1.8369701987210297e-16,-0.9587178169872964,-0.2843591872810036,5.34,5.7022,5.7386,5.3204142857142855,5.257286666666666
2022-09-15,2.6359,27.75,80.04,93.27,3.43,11.97,9,258,2,-1.0,-1.8369701987210297e-16,-0.9634705485641486,-0.26781430516217486,3.2455,5.34,5.4528,4.964257142857143,5.21271
2022-09-16,2.0407,26.96,82.39,93.67,2.34,14.08,9,259,2,-1.0,-1.8369701987210297e-16,-0.9679377830240642,-0.25119006388481957,2.6359,3.2455,5.0174,4.5618428571428575,5.182653333333334
2022-09-17,5.1041,29.02,69.68,36.48,1.86,3.74,9,260,2,-1.0,-1.8369701987210297e-16,-0.9721181966290612,-0.23449138957041052,2.0407,2.6359,4.5139,4.1366000000000005,5.059733333333333
2022-09-18,5.359,29.32,65.33,18.98,1.58,3.25,9,261,2,-1.0,-1.8369701987210297e-16,-0.9760105506323682,-0.21772323039653224,5.1041,2.0407,5.478,4.220914285714286,5.027463333333333
2022-09-19,3.5083,29.2,66.75,50.82,1.32,12.29,9,262,2,-1.0,-1.8369701987210297e-16,-0.9796136916454901,-0.20089055513063528,5.359,5.1041,5.7022,4.203914285714285,5.01381
2022-09-20,3.8023,29.6,74.24,76.31,0.89,18.12,9,263,2,-1.0,-1.8369701987210297e-16,-0.9829265519799822,-0.18399835165767986,3.5083,5.359,5.34,3.8905,5.001306666666666
2022-09-21,2.4118,28.74,78.67,95.38,1.44,22.78,9,264,2,-1.0,-1.8369701987210297e-16,-0.9859481499638303,-0.1670516255021195,3.8023,3.5083,3.2455,3.6708285714285713,4.95617
2022-09-22,1.6697,27.68,87.84,99.67,2.24,71.85,9,265,2,-1.0,-1.8369701987210297e-16,-0.9886775902323404,-0.15005539834465262,2.4118,3.8023,2.6359,3.5517285714285713,4.873316666666667
2022-09-23,1.6687,26.94,89.98,99.52,2.55,30.58,9,266,2,-1.0,-1.8369701987210297e-16,-0.9911140639934546,-0.13301470653419636,1.6697,2.4118,2.0407,3.4137,4.752436666666666
2022-09-24,1.2178,26.32,90.98,99.58,2.82,40.63,9,267,2,-1.0,-1.8369701987210297e-16,-0.9932568492674143,-0.11593459959550066,1.6687,1.6697,5.1041,3.3605571428571426,4.669163333333333
2022-09-25,3.5302,27.25,82.97,68.46,1.87,10.25,9,268,2,-1.0,-1.8369701987210297e-16,-0.9951053111006974,-0.09882013873287211,1.2178,1.6687,5.359,2.8053714285714286,4.536230000000001
2022-09-26,5.0976,26.52,83.96,15.3,1.64,0.41,9,269,2,-1.0,-1.8369701987210297e-16,-0.99665890175417,-0.08167639533042288,3.5302,1.2178,3.5083,2.5441142857142856,4.4785200000000005
2022-09-27,5.6582,26.55,80.53,5.23,1.55,0.0,9,270,2,-1.0,-1.8369701987210297e-16,-0.9979171608653922,-0.06450844944931625,5.0976,3.5302,3.8023,2.7711571428571427,4.4578966666666675
2022-09-28,5.4758,27.18,77.51,6.03,1.19,0.02,9,271,2,-1.0,-1.8369701987210297e-16,-0.9988797155850335,-0.04732138832243232,5.6582,5.0976,2.4118,3.0362857142857145,4.467966666666667
2022-09-29,5.491,26.93,78.98,3.16,1.32,0.0,9,272,2,-1.0,-1.8369701987210297e-16,-0.9995462806873573,-0.03012030484690836,5.4758,5.6582,1.6697,3.474,4.491206666666667
2022-09-30,5.2754,26.49,82.0,4.33,1.39,0.0,9,273,2,-1.0,-1.8369701987210297e-16,-0.9999166586547379,-0.012910296075008843,5.491,5.4758,1.6687,4.0199,4.515976666666666
2022-10-01,5.2694,26.85,74.76,6.08,1.34,0.0,10,274,3,-0.8660254037844386,0.5000000000000001,-0.9999907397361901,0.004303538296243821,5.2754,5.491,1.2178,4.535142857142858,4.51048
2022-10-02,5.4996,26.28,73.05,1.55,1.54,0.0,10,275,3,-0.8660254037844386,0.5000000000000001,-0.9997685019798909,0.021516097436222233,5.2694,5.2754,3.5302,5.113942857142858,4.506046666666666
2022-10-03,5.6266,25.04,75.61,0.8,2.35,0.0,10,276,3,-0.8660254037844386,0.5000000000000001,-0.9992500112396835,0.03872228089217399,5.4996,5.2694,5.0976,5.395285714285714,4.5371733333333335
2022-10-04,4.9718,26.22,72.23,21.67,1.23,0.0,10,277,3,-0.8660254037844386,0.5000000000000001,-0.9984354211555643,0.05591699010060302,5.6266,5.4996,5.6582,5.470857142857143,4.50703
2022-10-05,3.9113,27.65,76.26,32.37,0.99,0.06,10,278,3,-0.8660254037844386,0.5000000000000001,-0.9973249731081555,0.07309512989807776,4.9718,5.6266,5.4758,5.3728,4.452876666666667
2022-10-06,3.6454,25.75,86.38,61.32,1.26,2.66,10,279,3,-0.8660254037844386,0.5000000000000001,-0.9959189961471792,0.0902516100310407,3.9113,4.9718,5.491,5.149299999999999,4.375069999999999
2022-10-07,1.7846,24.71,91.74,97.73,1.52,6.17,10,280,3,-0.8660254037844386,0.5000000000000001,-0.994217906893952,0.10738134666416306,3.6454,3.9113,5.2754,4.885642857142857,4.311966666666667
2022-10-08,1.1674,24.6,93.26,99.71,2.44,21.9,10,281,3,-0.8660254037844386,0.5000000000000001,-0.9922222094179324,0.12447926388678869,1.7846,3.6454,5.2694,4.386957142857143,4.180166666666667
2022-10-09,1.5662,24.15,94.75,94.01,3.98,66.86,10,282,3,-0.8660254037844386,0.5000000000000001,-0.989932495087353,0.141540295217043,1.1674,1.7846,5.4996,3.800957142857143,4.037319999999999
2022-10-10,1.6154,24.5,90.14,95.5,2.27,23.96,10,283,3,-0.8660254037844386,0.5000000000000001,-0.9873494423939864,0.15855938510313475,1.5662,1.1674,5.6266,3.239042857142857,3.92228
2022-10-11,3.5866,24.94,81.36,55.2,0.78,7.26,10,284,3,-0.8660254037844386,0.5000000000000001,-0.9844738167520923,0.17553149042142777,1.6154,1.5662,4.9718,2.6660142857142857,3.825663333333333
2022-10-12,4.783,24.09,79.6,19.45,1.04,3.63,10,285,3,-0.8660254037844386,0.5000000000000001,-0.9813064702716093,0.19245158197082995,3.5866,1.6154,3.9113,2.4681285714285717,3.7626166666666667
2022-10-13,5.215,22.83,80.26,0.15,1.54,0.0,10,286,3,-0.8660254037844386,0.5000000000000001,-0.9778483415056567,0.20931464596304888,4.783,3.5866,3.6454,2.592657142857143,3.7319766666666667
2022-10-14,5.0825,22.22,78.83,0.15,1.65,0.0,10,287,3,-0.8660254037844386,0.5000000000000001,-0.9741004551724206,0.22611568550828803,5.215,4.783,1.7846,2.8168857142857147,3.72781
2022-10-15,5.0282,23.33,71.25,0.16,1.1,0.0,10,288,3,-0.8660254037844386,0.5000000000000001,-0.970063921851507,0.2428497220959358,5.0825,5.215,1.1674,3.288014285714286,3.7890433333333333
2022-10-16,4.8324,24.21,63.27,0.56,0.7,0.0,10,289,3,-0.8660254037844386,0.5000000000000001,-0.965739937654855,0.25951179706979943,5.0282,5.0825,1.5662,3.8395571428571427,3.8687866666666664
2022-10-17,4.9567,23.28,66.79,0.26,1.03,0.0,10,290,3,-0.8660254037844386,0.5000000000000001,-0.9611297838723007,0.27609697309746883,4.8324,5.0282,1.6154,4.306157142857143,3.9618433333333334
2022-10-18,4.9531,23.44,60.22,0.03,0.97,0.0,10,291,3,-0.8660254037844386,0.5000000000000001,-0.9562348265919058,0.2926003356333479,4.9567,4.8324,3.5866,4.783485714285715,3.9569300000000003
2022-10-19,5.0868,22.77,68.26,0.49,1.01,0.0,10,292,3,-0.8660254037844386,0.5000000000000001,-0.9510565162951536,0.30901699437494723,4.9531,4.9567,4.783,4.978699999999999,3.9433999999999996
2022-10-20,4.9142,22.7,71.88,2.23,1.06,0.0,10,293,3,-0.8660254037844386,0.5000000000000001,-0.9455963874271428,0.3253420847119795,5.0868,4.9531,5.215,5.0221,3.9960166666666668
2022-10-21,4.9282,23.26,64.43,0.94,1.41,0.0,10,294,3,-0.8660254037844386,0.5000000000000001,-0.9398560579418953,0.341570769167856,4.9142,5.0868,5.0825,4.979128571428572,4.03308
2022-10-22,4.6459,22.24,65.23,0.08,1.3,0.0,10,295,3,-0.8660254037844386,0.5000000000000001,-0.9338372288229252,0.35769823883312546,4.9282,4.9142,5.0282,4.957085714285713,4.116960000000001
2022-10-23,4.5475,21.91,61.67,0.28,0.88,0.0,10,296,3,-0.8660254037844386,0.5000000000000001,-0.9275416835791965,0.3737197147904692,4.6459,4.9282,4.8324,4.902471428571429,4.216166666666667
2022-10-24,4.8202,21.03,68.06,1.6,1.56,0.0,10,297,3,-0.8660254037844386,0.5000000000000001,-0.9209712877166347,0.38963044953078774,4.5475,4.6459,4.9567,4.861771428571429,4.312126666666667
2022-10-25,4.89,20.74,66.29,0.76,1.88,0.0,10,298,3,-0.8660254037844386,0.5000000000000001,-0.9141279881853337,0.4054257283599973,4.8202,4.5475,4.9531,4.842271428571429,4.4322066666666675
2022-10-26,4.7227,22.09,60.89,1.43,1.16,0.0,10,299,3,-0.8660254037844386,0.5000000000000001,-0.9070138128026362,0.42110087079608916,4.89,4.8202,5.0868,4.833257142857143,4.477533333333333
2022-10-27,4.5278,22.4,62.56,0.88,1.05,0.0,10,300,3,-0.8660254037844386,0.5000000000000001,-0.8996308696522434,0.4366512319560638,4.7227,4.89,4.9142,4.781242857142857,4.465036666666666
2022-10-28,4.2216,21.98,66.16,9.32,1.0,0.0,10,301,3,-0.8660254037844386,0.5000000000000001,-0.8919813464595487,0.45207220393230374,4.5278,4.7227,4.9282,4.726042857142857,4.427356666666667
2022-10-29,3.7044,22.41,60.24,16.12,0.99,0.0,10,302,3,-0.8660254037844386,0.5000000000000001,-0.8840675099433637,0.46735921715800205,4.2216,4.5278,4.6459,4.625100000000001,4.385549999999999
2022-10-30,3.937,21.59,56.42,14.21,0.93,0.0,10,303,3,-0.8660254037844386,0.5000000000000001,-0.8758917051442433,0.48250774176121763,3.7044,4.2216,4.5475,4.4906,4.325996666666667
2022-10-31,4.0068,21.64,61.93,2.83,0.95,0.0,10,304,3,-0.8660254037844386,0.5000000000000001,-0.8674563547295971,0.4975132889071803,3.937,3.7044,4.8202,4.403385714285713,4.281383333333333
2022-11-01,3.9084,21.38,71.77,0.44,1.12,0.0,11,305,3,-0.5000000000000004,0.8660254037844384,-0.858763958275803,0.5123714121284235,4.0068,3.937,4.89,4.287185714285714,4.239296666666666
2022-11-02,4.0596,21.47,77.83,4.67,1.35,0.0,11,306,3,-0.5000000000000004,0.8660254037844384,-0.8498170915275277,0.5270777086423724,3.9084,4.0068,4.7227,4.146957142857143,4.186256666666667
2022-11-03,3.5784,21.2,74.07,17.57,1.71,0.0,11,307,3,-0.5000000000000004,0.8660254037844384,-0.8406184056344783,0.5416278206559811,4.0596,3.9084,4.5278,4.0522285714285715,4.134023333333333
2022-11-04,3.45,21.73,76.75,11.84,1.21,0.0,11,308,3,-0.5000000000000004,0.8660254037844384,-0.8311706263658079,0.5560174366570446,3.5784,4.0596,4.2216,3.9166,4.087576666666666
2022-11-05,3.551,20.5,88.03,3.91,1.87,0.0,11,309,3,-0.5000000000000004,0.8660254037844384,-0.8214765533024145,0.5702422926917867,3.45,3.5784,3.7044,3.8063714285714285,4.0722
2022-11-06,3.7046,21.3,86.38,57.78,1.3,0.0,11,310,3,-0.5000000000000004,0.8660254037844384,-0.8115390590073611,0.5842981736283683,3.551,3.45,3.937,3.7844571428571427,4.069053333333334
2022-11-07,3.972,22.41,84.69,30.53,0.99,0.0,11,311,3,-0.5000000000000004,0.8660254037844384,-0.801361088174677,0.5981809144059159,3.7046,3.551,4.0068,3.751257142857143,4.133053333333334
2022-11-08,2.7938,20.92,83.85,57.84,1.26,0.0,11,312,3,-0.5000000000000004,0.8660254037844384,-0.7909456567567774,0.6118864012687242,3.972,3.7046,3.9084,3.7462857142857144,4.22654
2022-11-09,3.2892,21.43,76.08,28.48,0.94,0.0,11,313,3,-0.5000000000000004,0.8660254037844384,-0.780295851070776,0.6254105729852457,2.7938,3.972,4.0596,3.587057142857143,4.26746
2022-11-10,3.1066,21.16,72.78,24.37,1.11,0.0,11,314,3,-0.5000000000000004,0.8660254037844384,-0.7694148268839381,0.6387494220515268,3.2892,2.7938,3.5784,3.477,4.323253333333333
2022-11-11,3.6089,18.5,73.22,0.49,2.33,0.0,11,315,3,-0.5000000000000004,0.8660254037844384,-0.7583058084785625,0.6518989958787125,3.1066,3.2892,3.45,3.4096,4.307253333333334
2022-11-12,4.2079,17.99,67.72,1.54,2.45,0.0,11,316,3,-0.5000000000000004,0.8660254037844384,-0.7469720876965551,0.6648553979642866,3.6089,3.1066,3.551,3.4323,4.268116666666667
2022-11-13,3.8724,18.45,64.46,18.23,1.86,0.0,11,317,3,-0.5000000000000004,0.8660254037844384,-0.7354170229639858,0.6776147890466887,4.2079,3.6089,3.7046,3.5261428571428572,4.234546666666667
2022-11-14,3.7409,19.06,66.62,34.13,1.42,0.0,11,318,3,-0.5000000000000004,0.8660254037844384,-0.7236440382959124,0.690173388242972,3.8724,4.2079,3.972,3.550114285714286,4.19421
2022-11-15,3.4651,19.16,73.5,35.09,1.57,0.0,11,319,3,-0.5000000000000004,0.8660254037844384,-0.711656622281775,0.7025274741691566,3.7409,3.8724,2.7938,3.5171,4.1513
2022-11-16,3.558,18.0,72.76,3.21,2.18,0.0,11,320,3,-0.5000000000000004,0.8660254037844384,-0.6994583270516471,0.7146733860429608,3.4651,3.7409,3.2892,3.613,4.105723333333334
2022-11-17,3.9122,16.44,69.83,3.26,2.39,0.0,11,321,3,-0.5000000000000004,0.8660254037844384,-0.6870527672236675,0.7266075247685652,3.558,3.4651,3.1066,3.6514,4.0591
2022-11-18,4.0618,16.49,63.39,11.87,1.66,0.0,11,322,3,-0.5000000000000004,0.8660254037844384,-0.6744436188329457,0.7383263540031063,3.9122,3.558,3.6089,3.7664857142857144,4.024403333333334
2022-11-19,3.7649,16.82,60.4,20.39,1.03,0.0,11,323,3,-0.5000000000000004,0.8660254037844384,-0.661634618242279,0.749826401204568,4.0618,3.9122,4.2079,3.831185714285714,3.990236666666667
2022-11-20,3.6108,16.15,66.17,15.66,1.65,0.0,11,324,3,-0.5000000000000004,0.8660254037844384,-0.6486295610349818,0.7611042586607742,3.7649,4.0618,3.8724,3.7678999999999996,3.9519266666666666
2022-11-21,3.973,16.4,68.49,3.39,2.14,0.0,11,325,3,-0.5000000000000004,0.8660254037844384,-0.6354323008901775,0.7721565844991641,3.6108,3.7649,3.7409,3.730528571428571,3.9080133333333333
2022-11-22,4.1928,15.99,60.63,24.36,1.96,0.0,11,326,3,-0.5000000000000004,0.8660254037844384,-0.622046748440868,0.7829801036770624,3.973,3.6108,3.4651,3.763685714285714,3.8855833333333334
2022-11-23,4.1784,15.54,58.18,25.65,2.23,0.0,11,327,3,-0.5000000000000004,0.8660254037844384,-0.6084768701151264,0.7935716089521472,4.1928,3.973,3.558,3.867642857142857,3.87376
2022-11-24,4.1378,16.42,52.61,32.72,1.82,0.0,11,328,3,-0.5000000000000004,0.8660254037844384,-0.594726686960764,0.8039279618328208,4.1784,4.1928,3.9122,3.9562714285714287,3.8523666666666667
2022-11-25,4.0162,17.31,52.16,21.32,1.27,0.0,11,329,3,-0.5000000000000004,0.8660254037844384,-0.5808002734538013,0.8140460935082175,4.1378,4.1784,4.0618,3.9884999999999997,3.827293333333333
2022-11-26,3.875,15.76,60.37,25.12,2.09,0.0,11,330,3,-0.5000000000000004,0.8660254037844384,-0.5667017562911184,0.8239230057575536,4.0162,4.1378,3.7649,3.981985714285714,3.803743333333333
2022-11-27,3.816,16.13,56.38,16.58,1.47,0.0,11,331,3,-0.5000000000000004,0.8660254037844384,-0.5524353131676203,0.8335557718385695,3.875,4.0162,3.6108,3.9977142857142858,3.7819833333333333
2022-11-28,3.6264,17.05,49.98,26.76,1.21,0.0,11,332,3,-0.5000000000000004,0.8660254037844384,-0.5380051715382992,0.8429415373547832,3.816,3.875,3.973,4.027028571428572,3.7684633333333335
2022-11-29,3.2854,17.26,49.01,33.47,0.89,0.0,11,333,3,-0.5000000000000004,0.8660254037844384,-0.5234156073655503,0.8520775211013093,3.6264,3.816,4.1928,3.977514285714286,3.765863333333334
2022-11-30,3.0358,16.42,63.59,16.94,1.36,0.0,11,334,3,-0.5000000000000004,0.8660254037844384,-0.5086709438521042,0.8609610158889945,3.2854,3.6264,4.1784,3.8478857142857144,3.744143333333333
2022-12-01,3.4118,16.42,59.76,2.56,1.53,0.0,12,335,0,-2.4492935982947064e-16,1.0,-0.49377555015997737,0.8695893893466109,3.0358,3.2854,4.1378,3.684657142857143,3.7117766666666667
2022-12-02,3.3514,17.49,53.26,8.36,0.84,0.0,12,336,0,-2.4492935982947064e-16,1.0,-0.4787338401157883,0.8779600847008883,3.4118,3.0358,4.0162,3.5809428571428574,3.6952233333333333
2022-12-03,3.151,17.39,54.64,9.03,0.63,0.0,12,337,0,-2.4492935982947064e-16,1.0,-0.4635502709028512,0.8860706215341378,3.3514,3.4118,3.875,3.4859714285714287,3.6716166666666665
2022-12-04,2.8594,16.67,59.55,9.68,1.32,0.0,12,338,0,-2.4492935982947064e-16,1.0,-0.4482293417404106,0.893918596519257,3.151,3.3514,3.816,3.3825428571428575,3.6573700000000002
2022-12-05,3.4601,15.57,55.02,8.52,1.48,0.0,12,339,0,-2.4492935982947064e-16,1.0,-0.4327755925504317,0.9015016841318838,2.8594,3.151,3.6264,3.245885714285715,3.6376833333333334
2022-12-06,3.6446,14.0,59.95,4.89,2.34,0.0,12,340,0,-2.4492935982947064e-16,1.0,-0.41719360261231697,0.9088176373395028,3.4601,2.8594,3.2854,3.2221285714285712,3.6346533333333335
2022-12-07,3.8261,13.56,58.49,5.82,2.7,0.0,12,341,0,-2.4492935982947064e-16,1.0,-0.4014879892059737,0.9158642882672868,3.6446,3.4601,3.0358,3.273442857142857,3.6326533333333333
2022-12-08,3.6698,14.21,58.2,9.83,1.92,0.0,12,342,0,-2.4492935982947064e-16,1.0,-0.38566340624360745,0.9226395488404875,3.8261,3.6446,3.4118,3.386342857142857,3.6277899999999996
2022-12-09,3.6014,16.09,56.67,1.27,1.6,0.0,12,343,0,-2.4492935982947064e-16,1.0,-0.3697245428906732,0.9291414114031743,3.6698,3.8261,3.3514,3.4232000000000005,3.65699
2022-12-10,3.497,16.56,65.35,1.87,1.66,0.0,12,344,0,-2.4492935982947064e-16,1.0,-0.35367612217637207,0.935367949313148,3.6014,3.6698,3.151,3.4589142857142856,3.6673966666666664
2022-12-11,3.7414,16.66,62.05,0.96,1.99,0.0,12,345,0,-2.4492935982947064e-16,1.0,-0.33752289959411347,0.941317317512847,3.497,3.6014,2.8594,3.508342857142857,3.6804099999999997
2022-12-12,3.959,16.45,57.36,0.04,2.4,0.0,12,346,0,-2.4492935982947064e-16,1.0,-0.32126966169236515,0.9469877530760751,3.7414,3.497,3.4601,3.634342857142857,3.684826666666667
2022-12-13,4.0212,16.07,54.98,0.15,3.15,0.0,12,347,0,-2.4492935982947064e-16,1.0,-0.3049212246562894,0.9523775757303973,3.959,3.7414,3.6446,3.705614285714286,3.6765299999999996
2022-12-14,4.0841,14.37,56.61,0.24,3.04,0.0,12,348,0,-2.4492935982947064e-16,1.0,-0.2884824328806098,0.9574851883550389,4.0212,3.959,3.8261,3.7594142857142856,3.6814899999999997
2022-12-15,4.0778,13.24,52.39,0.31,2.16,0.0,12,349,0,-2.4492935982947064e-16,1.0,-0.27195815753410524,0.9623090774541487,4.0841,4.0212,3.6698,3.796271428571429,3.6929299999999996
2022-12-16,3.9305,14.14,50.0,0.47,1.77,0.0,12,350,0,-2.4492935982947064e-16,1.0,-0.2553532951161881,0.9668478136052773,4.0778,4.0841,3.6014,3.854557142857143,3.7133533333333335
2022-12-17,3.7474,14.69,46.65,9.99,1.59,0.0,12,351,0,-2.4492935982947064e-16,1.0,-0.23867276600594997,0.9711000518829505,3.9305,4.0778,3.497,3.9015714285714287,3.72577
2022-12-18,3.2477,14.48,50.25,27.75,1.43,0.0,12,352,0,-2.4492935982947064e-16,1.0,-0.22192151300416674,0.9750645322571945,3.7474,3.9305,3.7414,3.937342857142857,3.7202766666666665
2022-12-19,2.8166,14.11,53.82,45.97,1.41,0.0,12,353,0,-2.4492935982947064e-16,1.0,-0.20510449986861926,0.9787400799669153,3.2477,3.7474,3.959,3.866814285714286,3.6931399999999996
2022-12-20,2.9945,13.47,55.09,46.94,1.66,0.0,12,354,0,-2.4492935982947064e-16,1.0,-0.1882267098432439,0.9821256058680006,2.8166,3.2477,4.0212,3.7036142857142855,3.66153
2022-12-21,3.1363,13.39,56.14,44.88,1.41,0.0,12,355,0,-2.4492935982947064e-16,1.0,-0.1712931441814778,0.9852201067560606,2.9945,2.8166,4.0841,3.556942857142857,3.640986666666667
2022-12-22,2.9234,12.6,56.6,40.01,1.74,0.0,12,356,0,-2.4492935982947064e-16,1.0,-0.154308820664281,0.9880226656636976,3.1363,2.9945,4.0778,3.4215428571428568,3.6130966666666664
2022-12-23,2.8178,13.02,55.67,36.94,1.4,0.0,12,357,0,-2.4492935982947064e-16,1.0,-0.13727877211326517,0.9905324521322227,2.9234,3.1363,3.9305,3.256628571428571,3.570783333333333
2022-12-24,3.025,11.84,57.56,6.24,2.5,0.0,12,358,0,-2.4492935982947064e-16,1.0,-0.12020804489935275,0.9927487224577402,2.8178,2.9234,3.7474,3.0976714285714286,3.52543
2022-12-25,3.0077,10.11,59.78,48.75,2.17,0.0,12,359,0,-2.4492935982947064e-16,1.0,-0.10310169744743544,0.9946708199115211,3.025,2.8178,3.2477,2.994471428571429,3.488336666666667
2022-12-26,1.739,11.23,59.02,63.9,1.74,0.0,12,360,0,-2.4492935982947064e-16,1.0,-0.0859647987374467,0.9962981749346077,3.0077,3.025,2.8166,2.960185714285714,3.4547200000000005
2022-12-27,2.9873,11.67,52.94,45.73,2.84,0.0,12,361,0,-2.4492935982947064e-16,1.0,-0.06880242680232064,0.9976303053065857,1.739,3.0077,2.9945,2.806242857142857,3.38352
2022-12-28,3.8155,12.54,48.07,2.53,3.33,0.0,12,362,0,-2.4492935982947064e-16,1.0,-0.05161966722325418,0.9986668162884759,2.9873,1.739,3.1363,2.8052142857142854,3.3558966666666667
2022-12-29,3.2162,14.02,53.38,42.05,1.45,0.0,12,363,0,-2.4492935982947064e-16,1.0,-0.034421611622745804,0.9994074007397048,3.8155,2.9873,2.9234,2.902242857142857,3.3622
2022-12-30,2.3112,14.9,58.05,48.0,1.44,0.0,12,364,0,-2.4492935982947064e-16,1.0,-0.01721335615583528,0.9998518392091162,3.2162,3.8155,2.8178,2.9440714285714287,3.3598933333333334
2022-12-31,3.0643,12.67,68.97,34.33,2.51,0.0,12,365,0,-2.4492935982947064e-16,1.0,6.432490598706546e-16,1.0,2.3112,3.2162,3.025,2.8717,3.33574
2023-01-01,3.0706,12.9,49.9,42.3,1.03,0.0,1,1,0,0.49999999999999994,0.8660254037844387,0.017213356155834685,0.9998518392091162,3.0643,2.3112,3.0077,2.8773142857142857,3.3241566666666666
2023-01-02,1.849,12.26,51.83,83.55,1.09,0.0,1,2,0,0.49999999999999994,0.8660254037844387,0.03442161162274574,0.9994074007397048,3.0706,3.0643,1.739,2.8863,3.3147966666666666
2023-01-03,1.9087,9.98,54.61,69.45,1.73,0.0,1,3,0,0.49999999999999994,0.8660254037844387,0.051619667223253764,0.998666816288476,1.849,3.0706,2.9873,2.902014285714286,3.2713966666666665
2023-01-04,1.931,8.57,58.24,62.24,1.55,0.0,1,4,0,0.49999999999999994,0.8660254037844387,0.06880242680231986,0.9976303053065857,1.9087,1.849,3.8155,2.747928571428571,3.239706666666667
2023-01-05,1.7275,8.75,59.63,73.38,1.5,0.0,1,5,0,0.49999999999999994,0.8660254037844387,0.08596479873744647,0.9962981749346078,1.931,1.9087,3.2162,2.4787142857142856,3.1887366666666663
2023-01-06,2.359,8.74,54.41,66.88,1.41,0.0,1,6,0,0.49999999999999994,0.8660254037844387,0.10310169744743485,0.9946708199115211,1.7275,1.931,2.3112,2.2660428571428572,3.1248333333333336
2023-01-07,2.928,9.69,48.08,50.04,1.81,0.0,1,7,0,0.49999999999999994,0.8660254037844387,0.1202080448993527,0.9927487224577402,2.359,1.7275,3.0643,2.2728714285714284,3.07593
2023-01-08,2.6076,12.35,44.61,54.59,1.89,0.0,1,8,0,0.49999999999999994,0.8660254037844387,0.13727877211326478,0.9905324521322229,2.928,2.359,3.0706,2.2534,3.0512033333333335
2023-01-09,2.2094,13.14,47.41,92.28,1.49,0.0,1,9,0,0.49999999999999994,0.8660254037844387,0.15430882066428117,0.9880226656636976,2.6076,2.928,1.849,2.187257142857143,3.0180766666666665
2023-01-10,2.4528,12.82,53.16,55.46,1.79,0.0,1,10,0,0.49999999999999994,0.8660254037844387,0.1712931441814776,0.9852201067560606,2.2094,2.6076,1.9087,2.238742857142857,2.9751566666666664
2023-01-11,2.5339,13.51,64.57,71.47,1.45,0.07,1,11,0,0.49999999999999994,0.8660254037844387,0.1882267098432442,0.9821256058680006,2.4528,2.2094,1.931,2.3164714285714285,2.9322033333333333
2023-01-12,3.1118,13.82,73.58,55.11,1.8,9.38,1,12,0,0.49999999999999994,0.8660254037844387,0.2051044998686192,0.9787400799669153,2.5339,2.4528,1.7275,2.4025999999999996,2.8847000000000005
2023-01-13,2.1934,16.43,73.27,72.48,1.76,0.09,1,13,0,0.49999999999999994,0.8660254037844387,0.2219215130041655,0.9750645322571948,3.1118,2.5339,2.359,2.600357142857143,2.854386666666666
2023-01-14,2.8246,12.35,56.25,51.47,2.37,0.02,1,14,0,0.49999999999999994,0.8660254037844387,0.2386727660059501,0.9711000518829505,2.1934,3.1118,2.928,2.5766999999999998,2.791363333333334
2023-01-15,4.3116,7.77,39.37,7.95,2.21,0.0,1,15,0,0.49999999999999994,0.8660254037844387,0.255353295116187,0.9668478136052775,2.8246,2.1934,2.6076,2.561928571428571,2.7495899999999995
2023-01-16,4.1911,8.92,42.56,1.91,1.91,0.0,1,16,0,0.49999999999999994,0.8660254037844387,0.2719581575341055,0.9623090774541486,4.3116,2.8246,2.2094,2.805357142857143,2.7622933333333335
2023-01-17,4.129,8.98,42.16,1.48,2.06,0.0,1,17,0,0.49999999999999994,0.8660254037844387,0.288482432880609,0.9574851883550393,4.1911,4.3116,2.4528,3.0884571428571426,2.777083333333333
2023-01-18,4.0874,9.25,37.57,13.54,1.51,0.0,1,18,0,0.49999999999999994,0.8660254037844387,0.30492122465628907,0.9523775757303974,4.129,4.1911,2.5339,3.327914285714286,2.8064600000000004
2023-01-19,3.5753,11.7,44.03,69.24,0.98,0.0,1,19,0,0.49999999999999994,0.8660254037844387,0.3212696616923644,0.9469877530760753,4.0874,4.129,3.1118,3.5498428571428566,2.8488200000000004
2023-01-20,3.1001,13.01,55.44,40.94,1.24,0.05,1,20,0,0.49999999999999994,0.8660254037844387,0.3375228995941133,0.9413173175128471,3.5753,4.0874,2.1934,3.616057142857143,2.86818
2023-01-21,3.1925,14.18,59.32,4.73,0.87,0.0,1,21,0,0.49999999999999994,0.8660254037844387,0.3536761221763716,0.9353679493131483,3.1001,3.5753,2.8246,3.745585714285714,2.8669733333333336
2023-01-22,2.802,15.17,52.26,18.47,1.03,0.0,1,22,0,0.49999999999999994,0.8660254037844387,0.3697245428906731,0.9291414114031743,3.1925,3.1001,4.3116,3.7981428571428566,2.8759433333333333
2023-01-23,2.9232,16.07,52.71,26.99,1.29,0.35,1,23,0,0.49999999999999994,0.8660254037844387,0.38566340624360707,0.9226395488404876,2.802,3.1925,4.1911,3.5824857142857143,2.8754166666666667
2023-01-24,1.5062,15.89,80.09,82.28,2.39,4.43,1,24,0,0.49999999999999994,0.8660254037844387,0.401487989205973,0.9158642882672872,2.9232,2.802,4.129,3.4013571428571425,2.8720233333333334
2023-01-25,1.087,16.17,80.75,75.68,1.29,0.11,1,25,0,0.49999999999999994,0.8660254037844387,0.4171936026123168,0.9088176373395029,1.5062,2.9232,4.0874,3.0266714285714285,2.8219733333333332
2023-01-26,1.7513,14.78,61.48,57.5,2.37,0.06,1,26,0,0.49999999999999994,0.8660254037844387,0.4327755925504312,0.901501684131884,1.087,1.5062,3.5753,2.598042857142857,2.80024
2023-01-27,4.1558,11.84,49.23,1.09,2.44,0.0,1,27,0,0.49999999999999994,0.8660254037844387,0.4482293417404106,0.893918596519257,1.7513,1.087,3.1001,2.337471428571429,2.7590399999999997
2023-01-28,4.614,13.1,40.56,3.74,2.03,0.0,1,28,0,0.49999999999999994,0.8660254037844387,0.4635502709028509,0.886070621534138,4.1558,1.7513,3.1925,2.488285714285714,2.770383333333333
2023-01-29,0.948,14.95,45.38,91.91,1.71,0.0,1,29,0,0.49999999999999994,0.8660254037844387,0.47873384011578846,0.8779600847008882,4.614,4.1558,2.802,2.691357142857143,2.8169766666666667
2023-01-30,1.9882,13.12,71.39,80.9,1.62,12.34,1,30,0,0.49999999999999994,0.8660254037844387,0.49377555015997715,0.869589389346611,0.948,4.614,2.9232,2.4265000000000003,2.771536666666667
2023-01-31,3.5784,14.2,75.93,49.95,2.73,0.0,1,31,0,0.49999999999999994,0.8660254037844387,0.5086709438521044,0.8609610158889943,1.9882,0.948,1.5062,2.2929285714285714,2.7356666666666665
2023-02-01,4.8019,13.03,60.64,22.93,2.96,0.0,2,32,0,0.8660254037844386,0.5000000000000001,0.5234156073655503,0.8520775211013093,3.5784,1.9882,1.087,2.5889571428571427,2.752593333333333
2023-02-02,4.8605,14.1,51.38,0.37,2.79,0.0,2,33,0,0.8660254037844386,0.5000000000000001,0.5380051715382996,0.8429415373547828,4.8019,3.5784,1.7513,3.1196571428571427,2.8510233333333335
2023-02-03,4.6536,15.01,49.12,0.14,2.22,0.0,2,34,0,0.8660254037844386,0.5000000000000001,0.5524353131676196,0.8335557718385699,4.8605,4.8019,4.1558,3.5638285714285716,2.9494166666666666
2023-02-04,4.6913,16.33,47.67,0.25,2.57,0.0,2,35,0,0.8660254037844386,0.5000000000000001,0.5667017562911176,0.8239230057575542,4.6536,4.8605,4.614,3.6349428571428573,3.0401700000000003
2023-02-05,4.759,17.03,54.52,0.46,2.24,0.0,2,36,0,0.8660254037844386,0.5000000000000001,0.5808002734538009,0.8140460935082178,4.6913,4.6536,0.948,3.645985714285714,3.1389633333333333
2023-02-06,4.663,18.89,43.21,5.04,1.49,0.0,2,37,0,0.8660254037844386,0.5000000000000001,0.5947266869607634,0.8039279618328213,4.759,4.6913,1.9882,4.190414285714286,3.2189633333333334
2023-02-07,4.589,17.33,48.27,2.03,2.49,0.0,2,38,0,0.8660254037844386,0.5000000000000001,0.6084768701151261,0.7935716089521474,4.663,4.759,3.5784,4.572528571428571,3.276796666666667
2023-02-08,4.8955,15.54,41.86,22.78,2.34,0.0,2,39,0,0.8660254037844386,0.5000000000000001,0.6220467484408675,0.7829801036770629,4.589,4.663,4.8019,4.716900000000001,3.342843333333333
2023-02-09,4.7935,17.4,37.91,21.17,1.69,0.0,2,40,0,0.8660254037844386,0.5000000000000001,0.6354323008901774,0.7721565844991642,4.8955,4.589,4.8605,4.730271428571429,3.4323799999999998
2023-02-10,4.7196,18.28,48.72,9.15,1.65,0.0,2,41,0,0.8660254037844386,0.5000000000000001,0.6486295610349814,0.7611042586607747,4.7935,4.8955,4.6536,4.7207,3.5104033333333335
2023-02-11,4.4126,18.34,48.9,13.35,1.88,0.0,2,42,0,0.8660254037844386,0.5000000000000001,0.6616346182422783,0.7498264012045686,4.7196,4.7935,4.6913,4.730128571428572,3.58326
2023-02-12,5.2339,15.02,35.73,0.02,2.94,0.0,2,43,0,0.8660254037844386,0.5000000000000001,0.6744436188329455,0.7383263540031065,4.4126,4.7196,4.759,4.690314285714286,3.6266200000000004
2023-02-13,5.436,14.46,30.08,0.76,4.38,0.0,2,44,0,0.8660254037844386,0.5000000000000001,0.6870527672236669,0.7266075247685656,5.2339,4.4126,4.663,4.758157142857143,3.72797
2023-02-14,4.957,16.48,31.98,3.42,2.89,0.0,2,45,0,0.8660254037844386,0.5000000000000001,0.699458327051647,0.7146733860429609,5.436,5.2339,4.589,4.8685857142857145,3.8150166666666667
2023-02-15,5.1334,18.5,39.76,0.36,2.82,0.0,2,46,0,0.8660254037844386,0.5000000000000001,0.7116566222817746,0.7025274741691571,4.957,5.436,4.8955,4.921157142857143,3.83653
2023-02-16,4.7059,19.38,45.6,41.8,1.16,0.0,2,47,0,0.8660254037844386,0.5000000000000001,0.7236440382959124,0.6901733882429719,5.1334,4.957,4.7935,4.9551428571428575,3.86794
2023-02-17,4.175,21.16,44.72,73.57,1.08,0.0,2,48,0,0.8660254037844386,0.5000000000000001,0.7354170229639855,0.6776147890466889,4.7059,5.1334,4.7196,4.942628571428571,3.88717
2023-02-18,4.8288,21.1,40.2,20.13,1.36,0.0,2,49,0,0.8660254037844386,0.5000000000000001,0.7469720876965552,0.6648553979642865,4.175,4.7059,4.4126,4.86482857142857,3.89009
2023-02-19,4.6927,22.42,30.93,50.44,0.92,0.0,2,50,0,0.8660254037844386,0.5000000000000001,0.7583058084785624,0.6518989958787126,4.8288,4.175,5.2339,4.924285714285714,3.9318733333333333
2023-02-20,4.8874,22.51,35.46,49.13,1.47,0.0,2,51,0,0.8660254037844386,0.5000000000000001,0.7694148268839378,0.6387494220515272,4.6927,4.8288,5.436,4.846971428571428,3.98496
2023-02-21,5.233,20.51,38.61,10.58,1.43,0.0,2,52,0,0.8660254037844386,0.5000000000000001,0.7802958510707755,0.6254105729852464,4.8874,4.6927,4.957,4.7686,4.041456666666667
2023-02-22,4.1969,20.45,39.34,36.38,1.8,0.03,2,53,0,0.8660254037844386,0.5000000000000001,0.7909456567567772,0.6118864012687243,5.233,4.8874,5.1334,4.808028571428571,4.12249
2023-02-23,5.4458,19.66,34.42,1.15,2.4,0.0,2,54,0,0.8660254037844386,0.5000000000000001,0.8013610881746766,0.5981809144059165,4.1969,5.233,4.7059,4.674242857142858,4.164946666666667
2023-02-24,4.8199,19.93,34.05,32.87,1.88,0.0,2,55,0,0.8660254037844386,0.5000000000000001,0.8115390590073611,0.5842981736283683,5.4458,4.1969,4.175,4.779942857142857,4.296266666666667
2023-02-25,5.3117,21.51,35.53,0.26,1.46,0.0,2,56,0,0.8660254037844386,0.5000000000000001,0.8214765533024142,0.5702422926917871,4.8199,5.4458,4.8288,4.872071428571429,4.420696666666667
2023-02-26,5.219,23.46,31.11,2.02,1.07,0.0,2,57,0,0.8660254037844386,0.5000000000000001,0.8311706263658079,0.5560174366570446,5.3117,4.8199,4.6927,4.941057142857143,4.539376666666667
2023-02-27,5.1809,23.2,36.6,11.2,1.37,0.0,2,58,0,0.8660254037844386,0.5000000000000001,0.8406184056344782,0.5416278206559814,5.219,5.3117,4.8874,5.016242857142857,4.574816666666666
2023-02-28,4.885,22.43,39.87,40.85,1.25,0.0,2,59,0,0.8660254037844386,0.5000000000000001,0.8498170915275278,0.5270777086423722,5.1809,5.219,5.233,5.058171428571429,4.593713333333333
2023-03-01,4.0937,22.61,39.55,57.7,1.2,0.0,3,60,1,1.0,6.123233995736766e-17,0.8587639582758029,0.5123714121284237,4.885,5.1809,4.1969,5.008457142857144,4.724946666666667
2023-03-02,5.3117,23.1,41.26,6.32,1.84,0.0,3,61,1,1.0,6.123233995736766e-17,0.8674563547295969,0.49751328890718066,4.0937,4.885,5.4458,4.993714285714286,4.79513
2023-03-03,5.4098,23.72,43.25,1.15,2.5,0.0,3,62,1,1.0,6.123233995736766e-17,0.8758917051442429,0.48250774176121847,5.3117,4.0937,4.8199,4.974557142857143,4.852906666666668
2023-03-04,3.4694,22.69,41.03,58.87,2.2,0.0,3,63,1,1.0,6.123233995736766e-17,0.8840675099433636,0.4673592171580022,5.4098,5.3117,5.3117,5.058828571428571,4.87317
2023-03-05,5.5831,22.69,40.7,18.95,2.17,0.0,3,64,1,1.0,6.123233995736766e-17,0.8919813464595485,0.45207220393230435,3.4694,5.4098,5.219,4.795642857142857,4.8268
2023-03-06,5.8531,22.67,37.77,9.51,2.23,0.0,3,65,1,1.0,6.123233995736766e-17,0.8996308696522433,0.43665123195606403,5.5831,3.4694,5.1809,4.847657142857143,4.857783333333334
2023-03-07,5.5368,23.2,33.66,33.06,1.5,0.0,3,66,1,1.0,6.123233995736766e-17,0.9070138128026359,0.4211008707960896,5.8531,5.5831,4.885,4.943685714285714,4.89651
2023-03-08,5.165,24.22,32.63,40.59,0.99,0.02,3,67,1,1.0,6.123233995736766e-17,0.9141279881853337,0.40542572835999735,5.5368,5.8531,4.0937,5.0367999999999995,4.922436666666667
2023-03-09,4.6795,23.56,41.47,43.66,0.68,2.46,3,68,1,1.0,6.123233995736766e-17,0.9209712877166346,0.38963044953078796,5.165,5.5368,5.3117,5.189842857142858,4.939170000000001
2023-03-10,5.4799,23.32,38.86,0.98,1.47,0.0,3,69,1,1.0,6.123233995736766e-17,0.9275416835791966,0.37371971479046906,4.6795,5.165,5.4098,5.099528571428571,4.942186666666667
2023-03-11,5.7888,24.21,30.56,2.93,1.27,0.0,3,70,1,1.0,6.123233995736766e-17,0.9338372288229252,0.35769823883312546,5.4799,4.6795,3.4694,5.1095428571428565,4.961666666666667
2023-03-12,5.8301,25.53,31.8,16.05,1.06,0.0,3,71,1,1.0,6.123233995736766e-17,0.9398560579418954,0.3415707691678556,5.7888,5.4799,5.5831,5.440885714285714,4.994843333333334
2023-03-13,4.9498,24.72,36.35,44.17,1.17,0.0,3,72,1,1.0,6.123233995736766e-17,0.9455963874271426,0.3253420847119801,5.8301,5.7888,5.8531,5.476171428571429,5.03186
2023-03-14,5.7737,25.13,37.5,3.4,1.68,0.0,3,73,1,1.0,6.123233995736766e-17,0.9510565162951535,0.30901699437494745,4.9498,5.8301,5.5368,5.347128571428571,5.049766666666667
2023-03-15,5.3234,26.49,31.49,54.26,0.92,0.0,3,74,1,1.0,6.123233995736766e-17,0.9562348265919056,0.29260033563334836,5.7737,4.9498,5.165,5.380971428571429,5.067759999999999
2023-03-16,3.9216,25.37,35.87,85.88,2.41,0.0,3,75,1,1.0,6.123233995736766e-17,0.9611297838723007,0.27609697309746883,5.3234,5.7737,4.6795,5.4036,5.064006666666667
2023-03-17,3.4195,24.25,46.96,76.73,1.94,0.22,3,76,1,1.0,6.123233995736766e-17,0.9657399376548549,0.2595117970697999,3.9216,5.3234,5.4799,5.295328571428572,5.029493333333333
2023-03-18,2.7504,21.62,61.9,91.24,1.42,6.03,3,77,1,1.0,6.123233995736766e-17,0.9700639218515071,0.2428497220959356,3.4195,3.9216,5.7888,5.000985714285714,4.972363333333333
2023-03-19,4.4347,23.36,53.65,77.22,1.08,1.49,3,78,1,1.0,6.123233995736766e-17,0.9741004551724205,0.22611568550828828,2.7504,3.4195,5.8301,4.566928571428572,4.90718
2023-03-20,2.8474,20.68,68.31,98.91,0.86,19.76,3,79,1,1.0,6.123233995736766e-17,0.9778483415056568,0.20931464596304847,4.4347,2.7504,4.9498,4.367585714285714,4.915836666666666
2023-03-21,3.917,20.28,72.56,60.42,1.23,12.13,3,80,1,1.0,6.123233995736766e-17,0.9813064702716093,0.19245158197082998,2.8474,4.4347,5.7737,4.067242857142857,4.84979
2023-03-22,5.063,21.96,55.12,49.29,1.42,0.03,3,81,1,1.0,6.123233995736766e-17,0.9844738167520922,0.1755314904214282,3.917,2.8474,5.3234,3.802,4.823933333333333
2023-03-23,5.9832,23.38,48.37,22.8,1.89,0.03,3,82,1,1.0,6.123233995736766e-17,0.9873494423939864,0.15855938510313475,5.063,3.917,3.9216,3.7648,4.829786666666667
2023-03-24,3.3989,24.32,52.51,73.26,1.75,7.29,3,83,1,1.0,6.123233995736766e-17,0.989932495087353,0.141540295217043,5.9832,5.063,3.4195,4.059314285714286,4.854793333333333
2023-03-25,5.7487,23.57,57.77,24.96,1.69,1.45,3,84,1,1.0,6.123233995736766e-17,0.9922222094179323,0.12447926388678915,3.3989,5.9832,2.7504,4.0563714285714285,4.828193333333333
2023-03-26,6.0355,24.1,46.74,5.95,2.4,0.0,3,85,1,1.0,6.123233995736766e-17,0.994217906893952,0.10738134666416309,5.7487,3.3989,4.4347,4.484699999999999,4.83829
2023-03-27,6.4301,22.77,43.64,1.64,2.54,0.0,3,86,1,1.0,6.123233995736766e-17,0.995918996147179,0.09025161003104117,6.0355,5.7487,2.8474,4.713385714285714,4.8788100000000005
2023-03-28,6.5054,23.61,40.02,14.49,2.17,0.0,3,87,1,1.0,6.123233995736766e-17,0.9973249731081555,0.07309512989807777,6.4301,6.0355,3.917,5.2252,4.91609
2023-03-29,5.1557,26.11,36.38,59.34,1.06,0.0,3,88,1,1.0,6.123233995736766e-17,0.9984354211555643,0.055916990100603484,6.5054,6.4301,5.063,5.594971428571428,4.95897
2023-03-30,5.1943,25.95,46.76,57.4,1.52,6.05,3,89,1,1.0,6.123233995736766e-17,0.9992500112396835,0.03872228089217446,5.1557,6.5054,5.9832,5.608214285714285,4.95813
2023-03-31,4.7059,21.15,76.48,83.49,1.28,11.53,3,90,1,1.0,6.123233995736766e-17,0.9997685019798909,0.021516097436222254,5.1943,5.1557,3.3989,5.495514285714286,4.96844
2023-04-01,6.1466,22.84,61.31,26.08,1.44,3.83,4,91,1,0.8660254037844387,-0.4999999999999998,0.9999907397361901,0.004303538296244289,4.7059,5.1943,5.7487,5.682228571428572,4.988846666666666
2023-04-02,5.6446,24.2,51.41,29.55,1.81,0.0,4,92,1,0.8660254037844387,-0.4999999999999998,0.9999166586547379,-0.01291029607500882,6.1466,4.7059,6.0355,5.739071428571429,5.016676666666666
2023-04-03,6.3432,26.08,47.68,10.43,1.23,4.62,4,93,1,0.8660254037844387,-0.4999999999999998,0.9995462806873573,-0.030120304846908114,5.6446,6.1466,6.4301,5.683228571428572,5.024503333333333
2023-04-04,6.3442,24.87,50.88,34.22,2.24,0.01,4,94,1,0.8660254037844387,-0.4999999999999998,0.9988797155850336,-0.04732138832243185,6.3432,5.6446,6.5054,5.670814285714286,5.1202966666666665
2023-04-05,6.6713,24.94,42.52,5.93,2.25,0.0,4,95,1,0.8660254037844387,-0.4999999999999998,0.9979171608653922,-0.06450844944931623,6.3442,6.3432,5.1557,5.647785714285715,5.145666666666667
2023-04-06,6.888,25.28,34.95,22.03,2.92,0.0,4,96,1,0.8660254037844387,-0.4999999999999998,0.9966589017541702,-0.08167639533042241,6.6713,6.3442,5.1943,5.8643,5.17294
2023-04-07,6.6271,25.12,32.25,0.25,3.08,0.0,4,97,1,0.8660254037844387,-0.4999999999999998,0.9951053111006976,-0.09882013873287143,6.888,6.6713,4.7059,6.1062571428571415,5.21798
2023-04-08,7.2014,24.95,28.27,2.34,2.26,0.0,4,98,1,0.8660254037844387,-0.4999999999999998,0.9932568492674143,-0.11593459959550041,6.6271,6.888,6.1466,6.380714285714285,5.2667166666666665
2023-04-09,7.2125,26.06,28.85,0.14,1.85,0.0,4,99,1,0.8660254037844387,-0.4999999999999998,0.9911140639934547,-0.1330147065341959,7.2014,6.6271,5.6446,6.5314,5.35078
2023-04-10,6.8448,26.28,29.81,15.39,2.17,0.0,4,100,1,0.8660254037844387,-0.4999999999999998,0.9886775902323405,-0.1500553983446526,7.2125,7.2014,6.3432,6.7553857142857145,5.408533333333334
2023-04-11,7.1503,27.73,31.24,14.04,2.6,0.0,4,101,1,0.8660254037844387,-0.4999999999999998,0.9859481499638304,-0.16705162550211924,6.8448,7.2125,6.3442,6.827042857142857,5.443733333333333
2023-04-12,6.493,29.67,33.94,38.07,2.79,0.0,4,102,1,0.8660254037844387,-0.4999999999999998,0.9829265519799822,-0.18399835165768005,7.1503,6.8448,6.6713,6.9422,5.48774
2023-04-13,7.0416,29.32,32.07,23.08,2.32,0.0,4,103,1,0.8660254037844387,-0.4999999999999998,0.9796136916454901,-0.20089055513063506,6.493,7.1503,6.888,6.916728571428572,5.53918
2023-04-14,6.6024,30.25,28.77,41.14,1.73,0.0,4,104,1,0.8660254037844387,-0.4999999999999998,0.9760105506323683,-0.21772323039653177,7.0416,6.493,6.6271,6.9386714285714275,5.581443333333334
2023-04-15,7.086,31.56,25.2,7.26,1.31,0.0,4,105,1,0.8660254037844387,-0.4999999999999998,0.9721181966290613,-0.23449138957040985,6.6024,7.0416,7.2014,6.935142857142857,5.624076666666666
2023-04-16,6.6302,32.03,28.85,28.56,1.5,0.0,4,106,1,0.8660254037844387,-0.4999999999999998,0.9679377830240642,-0.25119006388481935,7.086,6.6024,7.2125,6.918657142857143,5.729556666666667
2023-04-17,7.3202,32.95,25.81,4.29,1.71,0.0,4,107,1,0.8660254037844387,-0.4999999999999998,0.9634705485641488,-0.2678143051621742,6.6302,7.086,6.8448,6.835471428571429,5.8365800000000005
2023-04-18,7.0051,32.3,30.89,22.09,1.98,0.0,4,108,1,0.8660254037844387,-0.4999999999999998,0.9587178169872964,-0.2843591872810034,7.3202,6.6302,7.1503,6.903385714285714,5.988906666666667
2023-04-19,6.3691,30.95,37.44,59.05,2.13,0.04,4,109,1,0.8660254037844387,-0.4999999999999998,0.9536809966304457,-0.30081980763566735,7.0051,7.3202,6.493,6.882642857142857,6.074586666666667
2023-04-20,6.2126,30.07,41.33,70.0,1.92,0.59,4,110,1,0.8660254037844387,-0.4999999999999998,0.9483615800121715,-0.3171912885891061,6.3691,7.0051,7.0416,6.864942857142857,6.191976666666667
2023-04-21,6.2249,28.83,38.65,43.67,1.41,1.42,4,111,1,0.8660254037844387,-0.4999999999999998,0.9427611433904207,-0.3334687789181868,6.2126,6.3691,6.6024,6.7465142857142855,6.268496666666667
2023-04-22,7.1837,28.12,32.02,23.49,1.72,0.25,4,112,1,0.8660254037844387,-0.4999999999999998,0.9368813462954315,-0.3496474552512284,6.2249,6.2126,7.086,6.692585714285714,6.307226666666667
2023-04-23,4.7148,25.39,35.22,76.01,2.76,0.02,4,113,1,0.8660254037844387,-0.4999999999999998,0.9307239310379795,-0.36572252349726897,7.1837,6.2249,6.6302,6.706542857142857,6.347243333333334
2023-04-24,5.7444,26.77,37.8,43.95,1.91,0.01,4,114,1,0.8660254037844387,-0.4999999999999998,0.9242907221930933,-0.3816892202666588,4.7148,7.1837,7.3202,6.432914285714285,6.391106666666667
2023-04-25,6.6463,27.75,32.79,20.83,1.5,0.0,4,115,1,0.8660254037844387,-0.4999999999999998,0.9175836260593937,-0.39754281428255595,5.7444,4.7148,7.0051,6.2078,6.3909633333333336
2023-04-26,5.7785,29.53,31.43,54.0,0.87,0.0,4,116,1,0.8660254037844387,-0.4999999999999998,0.9106046300942162,-0.41327860778290415,6.6463,5.7444,6.3691,6.156542857142857,6.411323333333333
2023-04-27,5.569,28.14,35.13,56.18,2.35,0.31,4,117,1,0.8660254037844387,-0.4999999999999998,0.9033558023246845,-0.4288919379124835,5.7785,6.6463,6.2126,6.072171428571428,6.389603333333334
2023-04-28,3.6036,28.32,38.21,81.92,1.31,0.26,4,118,1,0.8660254037844387,-0.4999999999999998,0.895839290734909,-0.44437817810461316,5.569,5.7785,6.2249,5.9802285714285714,6.35839
2023-04-29,3.7274,27.53,43.24,95.75,2.1,1.41,4,119,1,0.8660254037844387,-0.4999999999999998,0.8880573226294932,-0.45973273945210397,3.6036,5.569,7.1837,5.605757142857143,6.306653333333333
2023-04-30,3.427,25.92,57.83,96.11,1.15,5.75,4,120,1,0.8660254037844387,-0.4999999999999998,0.8800122039735357,-0.47495107206704995,3.7274,3.6036,4.7148,5.112000000000001,6.257756666666666
2023-05-01,2.1509,22.81,74.94,92.17,3.04,16.65,5,121,1,0.49999999999999994,-0.8660254037844387,0.8717063187093218,-0.4900286664290592,3.427,3.7274,5.7444,4.928028571428571,6.2151266666666665
2023-05-02,3.8986,23.67,72.98,80.55,2.13,5.03,5,122,1,0.49999999999999994,-0.8660254037844387,0.8631421280499114,-0.5049610547215204,2.1509,3.427,6.6463,4.414671428571428,6.0819366666666665
2023-05-03,4.0584,25.5,61.79,63.84,1.18,7.91,5,123,1,0.49999999999999994,-0.8660254037844387,0.854322169749827,-0.5197438121555155,3.8986,2.1509,5.7785,4.022142857142858,6.023736666666667
2023-05-04,6.7666,27.78,50.06,11.2,0.88,4.45,5,124,1,0.49999999999999994,-0.8660254037844387,0.8452490573530633,-0.5343725582809786,4.0584,3.8986,5.569,3.7764142857142855,5.9475766666666665
2023-05-05,6.3809,27.85,42.94,18.58,1.7,0.0,5,125,1,0.49999999999999994,-0.8660254037844387,0.8359254794186372,-0.548842958284719,6.7666,4.0584,3.6036,3.9475000000000002,5.961656666666666
2023-05-06,5.9287,29.67,40.17,13.65,2.49,0.0,5,126,1,0.49999999999999994,-0.8660254037844387,0.8263541987239096,-0.5631507242749186,6.3809,6.7666,3.7274,4.344257142857143,5.951976666666667
2023-05-07,6.6036,31.39,34.03,19.86,1.64,0.0,5,127,1,0.49999999999999994,-0.8660254037844387,0.8165380514459161,-0.5772916165517272,5.9287,6.3809,3.427,4.658728571428571,5.920000000000001
2023-05-08,7.0946,31.34,28.25,34.63,1.75,1.02,5,128,1,0.49999999999999994,-0.8660254037844387,0.8064799463209448,-0.5912614448635781,6.6036,5.9287,2.1509,5.112528571428571,5.919216666666667
2023-05-09,7.8314,28.92,26.05,3.26,2.9,0.24,5,129,1,0.49999999999999994,-0.8660254037844387,0.7961828637826158,-0.6050560696488488,7.0946,6.6036,3.8986,5.818771428571429,5.915656666666666
2023-05-10,7.9879,28.78,25.28,0.05,2.91,0.0,5,130,1,0.49999999999999994,-0.8660254037844387,0.7856498550787147,-0.6186714032625031,7.8314,7.0946,4.0584,6.3806,5.936286666666667
2023-05-11,7.7698,30.73,22.89,1.52,1.42,0.0,5,131,1,0.49999999999999994,-0.8660254037844387,0.7748840413670407,-0.6321034111873487,7.9879,7.8314,6.7666,6.9419571428571425,5.97439
2023-05-12,7.6248,31.0,22.11,1.94,1.47,0.0,5,132,1,0.49999999999999994,-0.8660254037844387,0.7638886127905428,-0.6453481132295501,7.7698,7.9879,6.3809,7.0852714285714296,5.99504
2023-05-13,7.2559,33.0,23.93,14.62,1.35,0.0,5,133,1,0.49999999999999994,-0.8660254037844387,0.7526668275320085,-0.6584015846980488,7.6248,7.7698,5.9287,7.262971428571428,6.032766666666666
2023-05-14,6.5911,34.06,23.48,44.56,1.78,0.0,5,134,1,0.49999999999999994,-0.8660254037844387,0.7412220108485958,-0.6712599575675313,7.2559,7.6248,6.6036,7.452571428571429,6.03991
2023-05-15,7.2432,33.55,26.34,34.11,2.78,0.01,5,135,1,0.49999999999999994,-0.8660254037844387,0.7295575540864875,-0.6839194216246106,6.5911,7.2559,7.0946,7.450785714285714,6.039533333333334
2023-05-16,5.7773,33.41,27.27,54.4,3.6,0.01,5,136,1,0.49999999999999994,-0.8660254037844387,0.717676913675962,-0.6963762255968722,7.2432,6.5911,7.8314,7.472014285714286,6.0447733333333336
2023-05-17,5.9479,34.15,30.84,55.27,2.56,0.0,5,137,1,0.49999999999999994,-0.8660254037844387,0.705583610107178,-0.7086266782644596,5.7773,7.2432,7.9879,7.178571428571429,6.016343333333333
2023-05-18,6.9478,31.87,40.45,49.93,3.26,4.57,5,138,1,0.49999999999999994,-0.8660254037844387,0.6932812268869777,-0.7206671495538609,5.9479,5.7773,7.7698,6.887142857142857,5.9706
2023-05-19,7.7438,31.81,33.65,2.76,3.88,0.0,5,139,1,0.49999999999999994,-0.8660254037844387,0.6807734094770161,-0.7324940716135789,6.9478,5.9479,7.6248,6.769714285714286,5.96869
2023-05-20,7.7467,32.92,28.84,3.08,2.95,0.0,5,140,1,0.49999999999999994,-0.8660254037844387,0.6680638642135335,-0.7441039398713607,7.7438,6.9478,7.2559,6.786714285714285,6.0145133333333325
2023-05-21,7.4148,35.13,23.75,2.73,1.75,0.0,5,141,1,0.49999999999999994,-0.8660254037844387,0.6551563572090853,-0.7554933140726803,7.7467,7.7438,6.5911,6.856828571428571,6.065650000000001
2023-05-22,7.2893,35.86,26.36,11.76,4.01,0.0,5,142,1,0.49999999999999994,-0.8660254037844387,0.6420547132365637,-0.766658819300159,7.4148,7.7467,7.2432,6.9745,6.105313333333332
2023-05-23,6.8477,36.99,27.02,51.88,3.42,0.22,5,143,1,0.49999999999999994,-0.8660254037844387,0.6287628145958344,-0.7775971469736269,7.2893,7.4148,5.7773,6.981085714285714,6.108833333333333
2023-05-24,4.3452,34.53,35.4,91.51,1.79,0.92,5,144,1,0.49999999999999994,-0.8660254037844387,0.6152845999633276,-0.7883050558305255,6.8477,7.2893,5.9479,7.1339999999999995,6.17993
2023-05-25,6.6742,32.83,40.34,69.49,1.61,5.23,5,145,1,0.49999999999999994,-0.8660254037844387,0.6016240632249226,-0.7987793728863649,4.3452,6.8477,6.9478,6.905042857142857,6.13329
2023-05-26,6.4414,29.28,56.46,43.5,1.91,14.38,5,146,1,0.49999999999999994,-0.8660254037844387,0.5877852522924732,-0.8090169943749473,6.6742,4.3452,7.7438,6.865957142857143,6.13422
2023-05-27,5.4828,30.39,49.56,43.54,2.1,2.29,5,147,1,0.49999999999999994,-0.8660254037844387,0.5737722679043246,-0.8190148866680801,6.4414,6.6742,7.7467,6.679899999999999,6.156316666666666
2023-05-28,5.8339,29.96,46.21,61.34,1.54,0.72,5,148,1,0.49999999999999994,-0.8660254037844387,0.5595892624101765,-0.8287700871745038,5.4828,6.4414,7.4148,6.356485714285715,6.153443333333333
2023-05-29,4.8854,30.75,47.53,54.55,1.67,0.52,5,149,1,0.49999999999999994,-0.8660254037844387,0.545240438540651,-0.8382797052177744,5.8339,5.4828,7.2893,6.130642857142858,6.227786666666666
2023-05-30,6.4526,30.95,46.19,60.37,1.97,1.83,5,150,1,0.49999999999999994,-0.8660254037844387,0.5307300481619334,-0.8475409228928311,4.8854,5.8339,6.8477,5.787228571428571,6.2663866666666665
2023-05-31,6.3583,28.78,52.24,39.14,2.88,3.11,5,151,1,0.49999999999999994,-0.8660254037844387,0.5160623910158528,-0.8565509959010036,6.4526,4.8854,4.3452,5.730785714285714,6.367239999999999
2023-06-01,5.6066,29.85,45.75,50.61,2.56,0.01,6,152,2,1.2246467991473532e-16,-1.0,0.5012418134457758,-0.865307254363206,6.3583,6.4526,6.6742,6.018371428571429,6.507486666666667
2023-06-02,7.2914,30.62,43.61,34.11,3.05,0.01,6,153,2,1.2246467991473532e-16,-1.0,0.48627270710868997,-0.8738071036110808,5.6066,6.3583,6.4414,5.865857142857144,6.564419999999999
2023-06-03,7.439,31.11,38.11,35.76,2.79,0.12,6,154,2,1.2246467991473532e-16,-1.0,0.4711595076738638,-0.8820480249558537,7.2914,5.6066,5.4828,5.987285714285714,6.672186666666666
2023-06-04,4.4054,28.31,44.91,89.02,1.74,0.51,6,155,2,1.2246467991473532e-16,-1.0,0.4559066935084588,-0.8900275764346767,7.439,7.2914,5.8339,6.266742857142857,6.694599999999999
2023-06-05,6.8832,32.41,38.38,37.15,2.47,0.11,6,156,2,1.2246467991473532e-16,-1.0,0.440518784350495,-0.8977433935342337,4.4054,7.439,4.8854,6.062671428571428,6.62875
2023-06-06,6.8004,33.34,35.91,60.28,1.78,0.01,6,157,2,1.2246467991473532e-16,-1.0,0.42500033996955416,-0.9051931898913974,6.8832,4.4054,6.4526,6.348071428571429,6.660566666666666
2023-06-07,7.1326,33.67,33.3,32.63,2.15,0.0,6,158,2,1.2246467991473532e-16,-1.0,0.4093559588156213,-0.9123747579707273,6.8004,6.8832,6.3583,6.397757142857143,6.6671266666666655
2023-06-08,7.0534,34.33,33.32,51.91,3.19,0.0,6,159,2,1.2246467991473532e-16,-1.0,0.39359027665646673,-0.9192859697186104,7.1326,6.8004,5.6066,6.508371428571429,6.668393333333333
2023-06-09,7.3123,35.76,32.22,48.3,2.88,0.13,6,160,2,1.2246467991473532e-16,-1.0,0.3777079652039649,-0.9259247771938498,7.0534,7.1326,7.2914,6.715057142857142,6.64246
2023-06-10,7.0382,36.9,34.46,26.54,2.99,0.44,6,161,2,1.2246467991473532e-16,-1.0,0.36171373072976765,-0.9322892131745133,7.3123,7.0534,7.439,6.718042857142857,6.61994
2023-06-11,7.1081,36.48,35.48,39.16,3.7,0.0,6,162,2,1.2246467991473532e-16,-1.0,0.3456123126707335,-0.9383773917408641,7.0382,7.3123,4.4054,6.660785714285715,6.595553333333333
2023-06-12,6.9454,36.84,34.05,52.37,3.85,0.0,6,163,2,1.2246467991473532e-16,-1.0,0.3294084822245304,-0.9441875088341993,7.1081,7.0382,6.8832,7.046885714285715,6.578329999999999
2023-06-13,7.5607,38.15,32.25,38.16,5.01,0.0,6,164,2,1.2246467991473532e-16,-1.0,0.3131070409358269,-0.9497178427914316,6.9454,7.1081,6.8004,7.055771428571428,6.56798
2023-06-14,7.5067,37.41,32.56,52.58,5.61,0.0,6,165,2,1.2246467991473532e-16,-1.0,0.29671281927349075,-0.9549667548552551,7.5607,6.9454,7.1326,7.164385714285714,6.6003
2023-06-15,6.5059,35.85,37.49,37.04,4.89,0.02,6,166,2,1.2246467991473532e-16,-1.0,0.28023067519921585,-0.9599326896597447,7.5067,7.5607,7.0534,7.217828571428571,6.609083333333333
2023-06-16,5.7166,35.69,40.38,51.3,2.78,0.9,6,167,2,1.2246467991473532e-16,-1.0,0.26366549272800704,-0.9646141756912435,6.5059,7.5067,7.3123,7.139614285714286,6.63337
2023-06-17,5.7811,35.92,38.57,83.95,2.46,0.88,6,168,2,1.2246467991473532e-16,-1.0,0.24702218048093552,-0.9690098257244062,5.7166,6.5059,7.0382,6.911657142857143,6.62566
2023-06-18,5.952,34.84,43.29,64.03,2.07,1.07,6,169,2,1.2246467991473532e-16,-1.0,0.23030567023061221,-0.9731183372332619,5.7811,5.7166,7.1081,6.7320714285714285,6.58677
2023-06-19,3.2506,34.09,49.0,95.17,3.4,2.07,6,170,2,1.2246467991473532e-16,-1.0,0.21352091543979612,-0.9769384927771817,5.952,5.7811,6.9454,6.566914285714285,6.527043333333333
2023-06-20,6.2974,33.85,53.21,46.57,2.34,7.96,6,171,2,1.2246467991473532e-16,-1.0,0.19667288979357647,-0.980469160361632,3.2506,5.952,7.5607,6.039085714285714,6.377173333333333
2023-06-21,5.2639,33.7,52.31,45.94,1.5,1.37,6,172,2,1.2246467991473532e-16,-1.0,0.1797665857255624,-0.9837092937736097,6.2974,3.2506,7.5067,5.858614285714286,6.339926666666667
2023-06-22,5.2829,34.97,53.23,62.17,1.62,3.62,6,173,2,1.2246467991473532e-16,-1.0,0.16280701293851715,-0.986657932891657,5.2639,6.2974,6.5059,5.538214285714285,6.272413333333334
2023-06-23,4.5178,35.7,51.88,87.65,1.51,1.24,6,174,2,1.2246467991473532e-16,-1.0,0.1457991969198751,-0.9893142039703663,5.2829,5.2639,5.7166,5.3635,6.220253333333334
2023-06-24,3.378,33.25,61.75,98.5,2.04,14.64,6,175,2,1.2246467991473532e-16,-1.0,0.12874817745258132,-0.99167731989929,4.5178,5.2829,5.7811,5.192242857142857,6.226006666666667
2023-06-25,1.2562,30.18,75.39,98.86,1.35,13.27,6,176,2,1.2246467991473532e-16,-1.0,0.11165900712169512,-0.993746580436178,3.378,4.5178,5.952,4.848942857142857,6.116133333333333
2023-06-26,3.6425,31.51,64.3,97.06,1.82,6.32,6,177,2,1.2246467991473532e-16,-1.0,0.09453674981719912,-0.9955213724144752,1.2562,3.378,3.2506,4.178114285714285,5.943293333333333
2023-06-27,4.9092,31.99,58.87,75.67,1.74,4.99,6,178,2,1.2246467991473532e-16,-1.0,0.07738647923346301,-0.9970011699250151,3.6425,1.2562,6.2974,4.2341,5.881950000000001
2023-06-28,4.9634,32.08,62.15,82.17,2.34,10.35,6,179,2,1.2246467991473532e-16,-1.0,0.06021327736579302,-0.9981855344718586,4.9092,3.6425,5.2639,4.035785714285714,5.8511266666666675
2023-06-29,4.4066,31.34,65.67,85.1,2.69,11.14,6,180,2,1.2246467991473532e-16,-1.0,0.04302223300453059,-0.99907411510223,4.9634,4.9092,5.2829,3.992857142857143,5.853726666666666
2023-06-30,4.7052,30.53,71.64,93.96,2.2,11.1,6,181,2,1.2246467991473532e-16,-1.0,0.02581844022713308,-0.9996666485105112,4.4066,4.9634,4.5178,3.867671428571428,5.785526666666668
2023-07-01,5.1842,30.63,67.02,74.33,1.99,3.63,7,182,2,-0.4999999999999997,-0.8660254037844388,0.008606996888688698,-0.9999629591162655,4.7052,4.4066,3.378,3.894442857142857,5.730423333333333
2023-07-02,5.4358,32.32,60.67,65.1,1.84,0.02,7,183,2,-0.4999999999999997,-0.8660254037844388,-0.008606996888688009,-0.9999629591162655,5.1842,4.7052,1.2562,4.152471428571428,5.7163433333333336
2023-07-03,6.0828,33.95,51.79,64.68,1.58,0.07,7,184,2,-0.4999999999999997,-0.8660254037844388,-0.02581844022713239,-0.9996666485105112,5.4358,5.1842,3.6425,4.749557142857143,5.65449
2023-07-04,4.3003,34.74,52.13,91.28,1.72,0.73,7,185,2,-0.4999999999999997,-0.8660254037844388,-0.04302223300453034,-0.99907411510223,6.0828,5.4358,4.9092,5.098171428571428,5.609283333333334
2023-07-05,4.771,32.83,61.69,97.71,2.23,9.82,7,186,2,-0.4999999999999997,-0.8660254037844388,-0.060213277365792774,-0.9981855344718586,4.3003,6.0828,4.9634,5.011185714285714,5.605779999999999
2023-07-06,3.3293,29.63,77.8,97.25,2.35,14.23,7,187,2,-0.4999999999999997,-0.8660254037844388,-0.07738647923346322,-0.9970011699250151,4.771,4.3003,4.4066,4.9837,5.535373333333334
2023-07-07,4.3198,30.36,74.44,90.99,2.09,10.4,7,188,2,-0.4999999999999997,-0.8660254037844388,-0.09453674981719933,-0.9955213724144752,3.3293,4.771,4.7052,4.8298,5.41967
2023-07-08,2.233,29.26,83.53,99.31,2.85,25.13,7,189,2,-0.4999999999999997,-0.8660254037844388,-0.11165900712169444,-0.9937465804361781,4.3198,3.3293,5.1842,4.774742857142857,5.3259099999999995
2023-07-09,2.73,29.71,83.7,98.3,2.48,48.55,7,190,2,-0.4999999999999997,-0.8660254037844388,-0.12874817745258066,-0.99167731989929,2.233,4.3198,5.4358,4.353142857142857,5.165229999999999
2023-07-10,3.5786,30.42,80.0,98.56,1.8,17.74,7,191,2,-0.4999999999999997,-0.8660254037844388,-0.14579919691987442,-0.9893142039703664,2.73,2.233,6.0828,3.9666,5.012486666666667
2023-07-11,3.7027,30.64,77.05,96.47,1.02,13.64,7,192,2,-0.4999999999999997,-0.8660254037844388,-0.16280701293851646,-0.9866579328916572,3.5786,2.73,4.3003,3.6088571428571425,4.897166666666666
2023-07-12,4.1808,30.4,79.2,77.3,0.95,19.17,7,193,2,-0.4999999999999997,-0.8660254037844388,-0.17976658572556214,-0.9837092937736098,3.7027,3.5786,4.771,3.5234857142857146,4.783653333333333
2023-07-13,4.571,29.91,79.74,78.31,1.82,5.79,7,194,2,-0.4999999999999997,-0.8660254037844388,-0.19667288979357622,-0.9804691603616321,4.1808,3.7027,3.3293,3.4391714285714285,4.6915000000000004
2023-07-14,3.8376,29.44,81.43,72.79,0.67,4.87,7,195,2,-0.4999999999999997,-0.8660254037844388,-0.2135209154397959,-0.9769384927771817,4.571,4.1808,4.3198,3.616557142857143,4.591843333333333
2023-07-15,3.3977,29.23,81.91,90.02,1.26,4.79,7,196,2,-0.4999999999999997,-0.8660254037844388,-0.23030567023061196,-0.973118337233262,3.8376,4.571,2.233,3.547671428571429,4.469539999999999
2023-07-16,5.0786,30.7,73.97,78.33,0.63,3.91,7,197,2,-0.4999999999999997,-0.8660254037844388,-0.24702218048093527,-0.9690098257244063,3.3977,3.8376,2.73,3.714057142857143,4.365933333333333
2023-07-17,4.0428,31.66,72.45,89.08,0.87,3.23,7,198,2,-0.4999999999999997,-0.8660254037844388,-0.2636654927280072,-0.9646141756912435,5.0786,3.3977,3.5786,4.049571428571428,4.344666666666667
2023-07-18,2.79,29.79,83.76,98.69,2.01,18.48,7,199,2,-0.4999999999999997,-0.8660254037844388,-0.2802306751992161,-0.9599326896597445,4.0428,5.0786,3.7027,4.115885714285715,4.286723333333333
2023-07-19,5.7002,29.57,80.5,77.7,2.15,3.67,7,200,2,-0.4999999999999997,-0.8660254037844388,-0.2967128192734901,-0.9549667548552553,2.79,4.0428,4.1808,3.9854999999999996,4.181323333333333
2023-07-20,6.6058,31.64,74.25,63.12,1.28,0.0,7,201,2,-0.4999999999999997,-0.8660254037844388,-0.3131070409358267,-0.9497178427914317,5.7002,2.79,4.571,4.202557142857143,4.262976666666667
2023-07-21,4.4527,31.28,77.04,93.15,1.56,1.39,7,202,2,-0.4999999999999997,-0.8660254037844388,-0.3294084822245302,-0.9441875088341994,6.6058,5.7002,3.8376,4.4932428571428575,4.273256666666667
2023-07-22,5.1252,30.22,79.53,85.45,3.0,4.41,7,203,2,-0.4999999999999997,-0.8660254037844388,-0.3456123126707333,-0.9383773917408642,4.4527,6.6058,3.3977,4.5811142857142855,4.246216666666666
2023-07-23,5.9998,30.04,79.24,81.75,2.68,0.1,7,204,2,-0.4999999999999997,-0.8660254037844388,-0.3617137307297674,-0.9322892131745134,5.1252,4.4527,5.0786,4.8279,4.24096
2023-07-24,6.2683,30.43,76.87,63.23,2.38,0.96,7,205,2,-0.4999999999999997,-0.8660254037844388,-0.37770796520396466,-0.9259247771938499,5.9998,5.1252,4.0428,4.959499999999999,4.290360000000001
2023-07-25,4.8979,30.3,81.69,98.51,1.37,13.29,7,206,2,-0.4999999999999997,-0.8660254037844388,-0.39359027665646645,-0.9192859697186105,6.2683,5.9998,2.79,5.277428571428572,4.386703333333333
2023-07-26,2.1156,30.28,79.43,95.46,1.13,28.38,7,207,2,-0.4999999999999997,-0.8660254037844388,-0.4093559588156211,-0.9123747579707274,4.8979,6.2683,5.7002,5.578557142857143,4.508093333333333
2023-07-27,5.1775,29.08,86.57,87.82,0.91,16.52,7,208,2,-0.4999999999999997,-0.8660254037844388,-0.42500033996955394,-0.9051931898913975,2.1156,4.8979,6.6058,5.066471428571428,4.4571966666666665
2023-07-28,3.9295,28.54,84.17,96.82,0.84,18.2,7,209,2,-0.4999999999999997,-0.8660254037844388,-0.4405187843504952,-0.8977433935342336,5.1775,2.1156,4.4527,4.8624285714285715,4.46614
2023-07-29,4.1098,29.03,85.31,92.44,0.91,4.29,7,210,2,-0.4999999999999997,-0.8660254037844388,-0.455906693508459,-0.8900275764346766,3.9295,5.1775,5.1252,4.787685714285715,4.431676666666666
2023-07-30,5.6434,29.48,85.38,64.33,1.13,0.62,7,211,2,-0.4999999999999997,-0.8660254037844388,-0.47115950767386394,-0.8820480249558535,4.1098,3.9295,5.9998,4.642628571428572,4.421783333333334
2023-07-31,5.4631,30.09,80.36,75.67,1.61,0.35,7,212,2,-0.4999999999999997,-0.8660254037844388,-0.4862727071086902,-0.8738071036110807,5.6434,4.1098,6.2683,4.5917142857142865,4.453056666666667
2023-08-01,6.4584,30.44,79.04,50.0,2.09,0.11,8,213,2,-0.8660254037844384,-0.5000000000000004,-0.5012418134457756,-0.8653072543632061,5.4631,5.6434,4.8979,4.476685714285714,4.462353333333334
2023-08-02,4.7489,30.3,81.74,86.28,1.69,0.82,8,214,2,-0.8660254037844384,-0.5000000000000004,-0.5160623910158526,-0.8565509959010037,6.4584,5.4631,2.1156,4.6996142857142855,4.496439999999999
2023-08-03,4.9675,30.04,82.98,79.37,1.43,4.19,8,215,2,-0.8660254037844384,-0.5000000000000004,-0.5307300481619331,-0.8475409228928312,4.7489,6.4584,5.1775,5.0758,4.451976666666667
2023-08-04,2.85,29.47,86.9,95.51,1.25,44.34,8,216,2,-0.8660254037844384,-0.5000000000000004,-0.5452404385406507,-0.8382797052177745,4.9675,4.7489,3.9295,5.0458,4.474216666666667
2023-08-05,3.7608,29.14,87.47,96.31,1.99,20.5,8,217,2,-0.8660254037844384,-0.5000000000000004,-0.5595892624101763,-0.828770087174504,2.85,4.9675,4.1098,4.891585714285715,4.410183333333333
2023-08-06,5.627,29.54,82.55,86.03,2.66,9.81,8,218,2,-0.8660254037844384,-0.5000000000000004,-0.5737722679043243,-0.8190148866680802,3.7608,2.85,5.6434,4.841728571428571,4.424566666666666
2023-08-07,4.7496,29.09,83.21,83.39,3.29,1.62,8,219,2,-0.8660254037844384,-0.5000000000000004,-0.5877852522924734,-0.8090169943749472,5.627,3.7608,5.4631,4.839385714285714,4.46814
2023-08-08,4.596,29.18,83.34,98.05,3.26,0.13,8,220,2,-0.8660254037844384,-0.5000000000000004,-0.6016240632249227,-0.7987793728863648,4.7496,5.627,6.4584,4.737457142857143,4.552026666666666
2023-08-09,4.5809,29.4,82.24,85.42,2.47,2.0,8,221,2,-0.8660254037844384,-0.5000000000000004,-0.6152845999633277,-0.7883050558305253,4.596,4.7496,4.7489,4.4714,4.614226666666666
2023-08-10,4.6927,29.41,80.94,92.26,1.88,2.07,8,222,2,-0.8660254037844384,-0.5000000000000004,-0.6287628145958345,-0.7775971469736268,4.5809,4.596,4.9675,4.4474,4.647636666666667
2023-08-11,5.5046,29.61,79.76,61.47,1.71,0.73,8,223,2,-0.8660254037844384,-0.5000000000000004,-0.6420547132365636,-0.7666588193001592,4.6927,4.5809,2.85,4.408142857142857,4.6806366666666674
2023-08-12,6.2587,29.26,77.8,58.56,2.59,0.0,8,224,2,-0.8660254037844384,-0.5000000000000004,-0.655156357209085,-0.7554933140726804,5.5046,4.6927,3.7608,4.787371428571428,4.724763333333333
2023-08-13,4.5031,29.14,79.32,94.99,2.72,0.07,8,225,2,-0.8660254037844384,-0.5000000000000004,-0.6680638642135333,-0.7441039398713608,6.2587,5.5046,5.627,5.144214285714285,4.78102
2023-08-14,4.2653,27.32,84.72,97.5,1.94,0.09,8,226,2,-0.8660254037844384,-0.5000000000000004,-0.6807734094770159,-0.7324940716135792,4.5031,6.2587,4.7496,4.983657142857142,4.803203333333333
2023-08-15,4.4794,29.0,79.44,85.62,0.74,1.63,8,227,2,-0.8660254037844384,-0.5000000000000004,-0.6932812268869771,-0.7206671495538615,4.2653,4.5031,4.596,4.914471428571429,4.8321233333333335
2023-08-16,5.4125,29.69,78.71,69.47,1.73,1.68,8,228,2,-0.8660254037844384,-0.5000000000000004,-0.7055836101071774,-0.70862667826446,4.4794,4.2653,4.5809,4.8978142857142855,4.812150000000001
2023-08-17,5.9333,30.09,78.77,70.36,2.19,0.27,8,229,2,-0.8660254037844384,-0.5000000000000004,-0.7176769136759615,-0.6963762255968726,5.4125,4.4794,4.6927,5.016614285714286,4.857806666666667
2023-08-18,5.863,30.16,79.09,66.09,1.58,0.87,8,230,2,-0.8660254037844384,-0.5000000000000004,-0.7295575540864876,-0.6839194216246104,5.9333,5.4125,5.5046,5.193842857142856,4.962583333333333
2023-08-19,3.7582,29.79,83.55,84.63,1.38,12.32,8,231,2,-0.8660254037844384,-0.5000000000000004,-0.7412220108485957,-0.6712599575675315,5.863,5.9333,6.2587,5.245042857142857,4.9680100000000005
2023-08-20,6.085,30.75,76.48,63.57,1.51,0.32,8,232,2,-0.8660254037844384,-0.5000000000000004,-0.7526668275320083,-0.6584015846980489,3.7582,5.863,4.5031,4.887828571428571,4.87309
2023-08-21,5.6045,30.84,74.77,74.33,1.01,1.21,8,233,2,-0.8660254037844384,-0.5000000000000004,-0.7638886127905429,-0.64534811322955,6.085,3.7582,4.2653,5.113814285714286,4.927499999999999
2023-08-22,2.9712,29.98,83.99,99.04,1.47,14.31,8,234,2,-0.8660254037844384,-0.5000000000000004,-0.7748840413670406,-0.6321034111873488,5.6045,6.085,4.4794,5.305128571428571,4.943476666666667
2023-08-23,0.7843,28.24,88.99,99.7,2.22,44.32,8,235,2,-0.8660254037844384,-0.5000000000000004,-0.7856498550787144,-0.6186714032625032,2.9712,5.6045,5.4125,5.089671428571429,4.842523333333333
2023-08-24,4.1777,28.21,82.74,98.75,2.15,0.83,8,236,2,-0.8660254037844384,-0.5000000000000004,-0.7961828637826154,-0.6050560696488494,0.7843,2.9712,5.9333,4.4285000000000005,4.659723333333334
2023-08-25,5.4744,28.5,79.39,49.6,2.45,0.1,8,237,2,-0.8660254037844384,-0.5000000000000004,-0.8064799463209447,-0.5912614448635782,4.1777,0.7843,5.863,4.1777,4.635716666666667
2023-08-26,5.7442,28.9,76.79,46.89,2.48,0.0,8,238,2,-0.8660254037844384,-0.5000000000000004,-0.8165380514459157,-0.5772916165517278,5.4744,4.1777,3.7582,4.122185714285714,4.747676666666667
2023-08-27,5.8356,28.74,75.44,53.45,2.54,0.27,8,239,2,-0.8660254037844384,-0.5000000000000004,-0.8263541987239094,-0.5631507242749187,5.7442,5.4744,6.085,4.4059,4.766566666666667
2023-08-28,5.5814,29.43,75.67,55.15,2.13,0.13,8,240,2,-0.8660254037844384,-0.5000000000000004,-0.8359254794186365,-0.5488429582847199,5.8356,5.7442,5.6045,4.370271428571429,4.8301033333333345
2023-08-29,6.0814,29.29,75.3,50.51,1.94,0.0,8,241,2,-0.8660254037844384,-0.5000000000000004,-0.8452490573530634,-0.5343725582809785,5.5814,5.8356,2.9712,4.3669714285714285,4.879156666666668
2023-08-30,6.0269,29.1,76.36,54.44,1.72,0.01,8,242,2,-0.8660254037844384,-0.5000000000000004,-0.8543221697498269,-0.5197438121555157,6.0814,5.5814,0.7843,4.811285714285715,4.8937566666666665
2023-08-31,6.0252,29.34,74.95,57.99,1.43,0.0,8,243,2,-0.8660254037844384,-0.5000000000000004,-0.8631421280499115,-0.5049610547215202,6.0269,6.0814,4.1777,5.5602285714285715,4.9125499999999995
2023-09-01,6.1046,29.48,70.49,23.86,1.87,0.0,9,244,2,-1.0,-1.8369701987210297e-16,-0.8717063187093217,-0.4900286664290594,6.0252,6.0269,5.4744,5.824157142857142,4.898110000000001
2023-09-02,6.5234,28.86,69.4,2.36,2.15,0.0,9,245,2,-1.0,-1.8369701987210297e-16,-0.8800122039735356,-0.4749510720670502,6.1046,6.0252,5.7442,5.914185714285715,4.943299999999999
2023-09-03,6.6182,28.73,67.26,2.44,1.8,0.0,9,246,2,-1.0,-1.8369701987210297e-16,-0.888057322629493,-0.4597327394521046,6.5234,6.1046,5.8356,6.0255,4.995163333333333
2023-09-04,6.4594,29.01,68.92,2.4,1.99,0.0,9,247,2,-1.0,-1.8369701987210297e-16,-0.8958392907349089,-0.4443781781046134,6.6182,6.5234,5.5814,6.137300000000001,5.120769999999999
2023-09-05,6.1351,29.8,73.61,20.25,1.42,1.03,9,248,2,-1.0,-1.8369701987210297e-16,-0.9033558023246842,-0.4288919379124841,6.4594,6.6182,6.0814,6.262728571428572,5.210723333333334
2023-09-06,4.2245,30.11,69.81,63.63,1.42,0.12,9,249,2,-1.0,-1.8369701987210297e-16,-0.9106046300942162,-0.41327860778290443,6.1351,6.4594,6.0269,6.2704,5.22766
2023-09-07,5.6858,30.38,66.06,37.77,1.43,0.4,9,250,2,-1.0,-1.8369701987210297e-16,-0.9175836260593934,-0.3975428142825566,4.2245,6.1351,6.0252,6.012914285714286,5.210156666666667
2023-09-08,5.1353,29.12,72.01,66.32,1.53,6.64,9,251,2,-1.0,-1.8369701987210297e-16,-0.9242907221930934,-0.3816892202666586,5.6858,4.2245,6.1046,5.964428571428572,5.246483333333333
2023-09-09,3.1711,27.89,83.45,99.32,2.49,17.32,9,252,2,-1.0,-1.8369701987210297e-16,-0.9307239310379793,-0.3657225234972692,5.1353,5.6858,6.5234,5.825957142857143,5.264963333333332
2023-09-10,2.639,27.04,90.71,96.94,2.52,72.53,9,253,2,-1.0,-1.8369701987210297e-16,-0.9368813462954315,-0.34964745525122826,3.1711,5.1353,6.6182,5.347057142857143,5.214243333333333
2023-09-11,4.3082,27.48,85.42,55.73,1.99,0.91,9,254,2,-1.0,-1.8369701987210297e-16,-0.9427611433904206,-0.33346877891818705,2.639,3.1711,6.4594,4.7786,5.1187233333333335
2023-09-12,4.7938,28.31,82.44,34.09,1.34,0.05,9,255,2,-1.0,-1.8369701987210297e-16,-0.9483615800121716,-0.31719128858910595,4.3082,2.639,6.1351,4.471285714285714,5.053706666666667
2023-09-13,4.8866,29.06,82.63,33.82,0.85,0.01,9,256,2,-1.0,-1.8369701987210297e-16,-0.9536809966304455,-0.300819807635668,4.7938,4.3082,4.2245,4.279671428571429,5.063396666666666
2023-09-14,5.111,29.45,83.88,40.72,1.26,7.07,9,257,2,-1.0,-1.8369701987210297e-16,-0.9587178169872964,-0.2843591872810036,4.8866,4.7938,5.6858,4.374257142857143,5.084106666666667
2023-09-15,3.8407,28.93,84.72,94.03,1.55,1.69,9,258,2,-1.0,-1.8369701987210297e-16,-0.9634705485641486,-0.26781430516217486,5.111,4.8866,5.1353,4.292142857142857,5.10516
2023-09-16,2.9573,26.82,87.34,95.5,3.12,13.32,9,259,2,-1.0,-1.8369701987210297e-16,-0.9679377830240642,-0.25119006388481957,3.8407,5.111,3.1711,4.1072,5.052766666666667
2023-09-17,4.0807,26.98,89.83,69.05,3.22,6.67,9,260,2,-1.0,-1.8369701987210297e-16,-0.9721181966290612,-0.23449138957041052,2.9573,3.8407,2.639,4.076657142857143,4.953566666666666
2023-09-18,5.4024,27.24,84.07,43.91,3.52,0.15,9,261,2,-1.0,-1.8369701987210297e-16,-0.9760105506323682,-0.21772323039653224,4.0807,2.9573,4.3082,4.282614285714286,4.8941566666666665
2023-09-19,5.725,28.35,81.18,43.21,1.87,0.18,9,262,2,-1.0,-1.8369701987210297e-16,-0.9796136916454901,-0.20089055513063528,5.4024,4.0807,4.7938,4.438928571428571,4.948963333333334
2023-09-20,5.429,29.3,77.3,14.48,0.85,0.0,9,263,2,-1.0,-1.8369701987210297e-16,-0.9829265519799822,-0.18399835165767986,5.725,5.4024,4.8866,4.571957142857142,4.936963333333334
2023-09-21,4.7767,29.58,76.85,43.92,0.88,0.16,9,264,2,-1.0,-1.8369701987210297e-16,-0.9859481499638303,-0.1670516255021195,5.429,5.725,5.111,4.649442857142858,4.931113333333333
2023-09-22,5.0549,29.17,78.5,23.31,1.06,1.54,9,265,2,-1.0,-1.8369701987210297e-16,-0.9886775902323404,-0.15005539834465262,4.7767,5.429,3.8407,4.601685714285714,4.991296666666667
2023-09-23,3.8275,28.81,80.88,29.67,1.16,8.31,9,266,2,-1.0,-1.8369701987210297e-16,-0.9911140639934546,-0.13301470653419636,5.0549,4.7767,2.9573,4.775142857142858,5.133649999999999
2023-09-24,4.1249,28.26,79.68,38.62,0.99,2.33,9,267,2,-1.0,-1.8369701987210297e-16,-0.9932568492674143,-0.11593459959550066,3.8275,5.0549,4.0807,4.899457142857143,5.121976666666667
2023-09-25,5.3609,28.61,74.11,10.38,0.85,0.0,9,268,2,-1.0,-1.8369701987210297e-16,-0.9951053111006974,-0.09882013873287211,4.1249,3.8275,5.4024,4.905771428571429,5.076993333333333
2023-09-26,5.3134,27.77,73.99,4.25,1.12,0.0,9,269,2,-1.0,-1.8369701987210297e-16,-0.99665890175417,-0.08167639533042288,5.3609,4.1249,5.725,4.899842857142857,5.064216666666667
2023-09-27,5.6443,26.75,73.12,2.32,1.57,0.0,9,270,2,-1.0,-1.8369701987210297e-16,-0.9979171608653922,-0.06450844944931625,5.3134,5.3609,5.429,4.841042857142858,5.046809999999999
2023-09-28,5.7991,25.73,73.62,10.33,1.48,0.0,9,271,2,-1.0,-1.8369701987210297e-16,-0.9988797155850335,-0.04732138832243232,5.6443,5.3134,4.7767,4.8717999999999995,5.048906666666666
2023-09-29,5.7343,25.83,63.19,7.93,1.15,0.0,9,272,2,-1.0,-1.8369701987210297e-16,-0.9995462806873573,-0.03012030484690836,5.7991,5.6443,5.0549,5.017857142857143,5.0394966666666665
2023-09-30,5.6186,26.26,61.83,4.6,1.77,0.0,9,273,2,-1.0,-1.8369701987210297e-16,-0.9999166586547379,-0.012910296075008843,5.7343,5.7991,3.8275,5.114914285714286,5.029743333333333
2023-10-01,5.3038,25.55,62.69,15.89,1.9,0.0,10,274,3,-0.8660254037844386,0.5000000000000001,-0.9999907397361901,0.004303538296243821,5.6186,5.7343,4.1249,5.370785714285715,5.016189999999999
2023-10-02,5.6604,25.44,58.1,3.09,2.13,0.0,10,275,3,-0.8660254037844386,0.5000000000000001,-0.9997685019798909,0.021516097436222233,5.3038,5.6186,5.3609,5.5392,4.989496666666668
2023-10-03,5.7799,24.21,54.42,1.95,2.11,0.0,10,276,3,-0.8660254037844386,0.5000000000000001,-0.9992500112396835,0.03872228089217399,5.6604,5.3038,5.3134,5.5819857142857146,4.96073
2023-10-04,5.6294,24.48,59.09,5.01,1.94,0.0,10,277,3,-0.8660254037844386,0.5000000000000001,-0.9984354211555643,0.05591699010060302,5.7799,5.6604,5.6443,5.6486285714285716,4.932786666666667
2023-10-05,5.6566,25.43,62.27,7.59,1.63,0.0,10,278,3,-0.8660254037844386,0.5000000000000001,-0.9973249731081555,0.07309512989807776,5.6294,5.7799,5.7991,5.6465000000000005,4.90512
2023-10-06,5.7629,25.17,59.55,0.63,1.78,0.0,10,279,3,-0.8660254037844386,0.5000000000000001,-0.9959189961471792,0.0902516100310407,5.6566,5.6294,5.7343,5.626142857142857,4.889169999999999
2023-10-07,5.5255,26.32,59.96,0.62,1.38,0.0,10,280,3,-0.8660254037844386,0.5000000000000001,-0.994217906893952,0.10738134666416306,5.7629,5.6566,5.6186,5.630228571428572,4.94045
2023-10-08,5.4271,27.71,58.28,0.53,1.45,0.0,10,281,3,-0.8660254037844386,0.5000000000000001,-0.9922222094179324,0.12447926388678869,5.5255,5.7629,5.3038,5.616928571428572,4.935106666666666
2023-10-09,5.2634,28.38,61.7,6.84,1.46,0.0,10,282,3,-0.8660254037844386,0.5000000000000001,-0.989932495087353,0.141540295217043,5.4271,5.5255,5.6604,5.634542857142857,4.944833333333334
2023-10-10,5.2466,27.98,62.97,2.66,1.03,0.0,10,283,3,-0.8660254037844386,0.5000000000000001,-0.9873494423939864,0.15855938510313475,5.2634,5.4271,5.7799,5.577828571428571,5.014576666666667
2023-10-11,5.443,25.97,57.89,1.08,1.96,0.0,10,284,3,-0.8660254037844386,0.5000000000000001,-0.9844738167520923,0.17553149042142777,5.2466,5.2634,5.6294,5.5016428571428575,5.101496666666667
2023-10-12,5.3894,25.37,54.62,0.5,1.41,0.0,10,285,3,-0.8660254037844386,0.5000000000000001,-0.9813064702716093,0.19245158197082995,5.443,5.2466,5.6566,5.475014285714286,5.1393233333333335
2023-10-13,5.141,26.34,50.78,1.07,1.32,0.0,10,286,3,-0.8660254037844386,0.5000000000000001,-0.9778483415056567,0.20931464596304888,5.3894,5.443,5.7629,5.4368428571428575,5.159176666666667
2023-10-14,4.9361,27.22,49.83,3.82,1.28,0.0,10,287,3,-0.8660254037844386,0.5000000000000001,-0.9741004551724206,0.22611568550828803,5.141,5.3894,5.5255,5.348,5.167656666666667
2023-10-15,4.4597,26.61,54.6,23.88,0.91,0.0,10,288,3,-0.8660254037844386,0.5000000000000001,-0.970063921851507,0.2428497220959358,4.9361,5.141,5.4271,5.263799999999999,5.161826666666667
2023-10-16,3.3792,23.96,69.61,70.88,2.28,4.31,10,289,3,-0.8660254037844386,0.5000000000000001,-0.965739937654855,0.25951179706979943,4.4597,4.9361,5.2634,5.1255999999999995,5.182460000000001
2023-10-17,2.7847,23.67,62.92,75.2,1.94,4.82,10,290,3,-0.8660254037844386,0.5000000000000001,-0.9611297838723007,0.27609697309746883,3.3792,4.4597,5.2466,4.856428571428571,5.196523333333333
2023-10-18,4.7347,22.55,62.52,25.91,2.16,0.0,10,291,3,-0.8660254037844386,0.5000000000000001,-0.9562348265919058,0.2926003356333479,2.7847,3.3792,5.443,4.504728571428571,5.153323333333333
2023-10-19,5.0645,22.6,59.88,0.4,1.91,0.0,10,292,3,-0.8660254037844386,0.5000000000000001,-0.9510565162951536,0.30901699437494723,4.7347,2.7847,5.3894,4.403542857142857,5.131066666666666
2023-10-20,4.823,22.74,59.19,2.64,1.49,0.0,10,293,3,-0.8660254037844386,0.5000000000000001,-0.9455963874271428,0.3253420847119795,5.0645,4.7347,5.141,4.3571285714285715,5.10905
2023-10-21,4.6135,22.61,54.65,9.54,1.37,0.0,10,294,3,-0.8660254037844386,0.5000000000000001,-0.9398560579418953,0.341570769167856,4.823,5.0645,4.9361,4.3117,5.088849999999999
2023-10-22,4.3512,23.49,49.86,24.3,1.22,0.0,10,295,3,-0.8660254037844386,0.5000000000000001,-0.9338372288229252,0.35769823883312546,4.6135,4.823,4.4597,4.265614285714286,5.08341
2023-10-23,4.3966,23.12,58.36,0.72,1.53,0.0,10,296,3,-0.8660254037844386,0.5000000000000001,-0.9275416835791965,0.3737197147904692,4.3512,4.6135,3.3792,4.250114285714285,5.059953333333334
2023-10-24,4.403,23.67,57.87,0.69,1.47,0.0,10,297,3,-0.8660254037844386,0.5000000000000001,-0.9209712877166347,0.38963044953078774,4.3966,4.3512,2.7847,4.3954571428571425,5.078923333333334
2023-10-25,4.3603,23.59,56.08,3.55,1.74,0.0,10,298,3,-0.8660254037844386,0.5000000000000001,-0.9141279881853337,0.4054257283599973,4.403,4.3966,4.7347,4.626642857142857,5.088193333333334
2023-10-26,4.5991,23.14,56.8,3.8,1.64,0.0,10,299,3,-0.8660254037844386,0.5000000000000001,-0.9070138128026362,0.42110087079608916,4.3603,4.403,5.0645,4.573157142857143,5.0548399999999996
2023-10-27,4.6858,23.26,46.05,5.74,1.44,0.0,10,300,3,-0.8660254037844386,0.5000000000000001,-0.8996308696522434,0.4366512319560638,4.5991,4.3603,4.823,4.506671428571429,5.03103
2023-10-28,3.9223,24.05,46.53,36.71,1.2,0.0,10,301,3,-0.8660254037844386,0.5000000000000001,-0.8919813464595487,0.45207220393230374,4.6858,4.5991,4.6135,4.487071428571428,4.99908
2023-10-29,4.2878,24.41,46.55,9.48,1.16,0.0,10,302,3,-0.8660254037844386,0.5000000000000001,-0.8840675099433637,0.46735921715800205,3.9223,4.6858,4.3512,4.388328571428572,4.93652
2023-10-30,4.1561,24.15,51.63,1.77,1.21,0.0,10,303,3,-0.8660254037844386,0.5000000000000001,-0.8758917051442433,0.48250774176121763,4.2878,3.9223,4.3966,4.379271428571429,4.888303333333334
2023-10-31,3.6442,24.23,52.61,17.0,1.08,0.0,10,304,3,-0.8660254037844386,0.5000000000000001,-0.8674563547295971,0.4975132889071803,4.1561,4.2878,4.403,4.344914285714285,4.839553333333333
2023-11-01,3.8654,25.21,45.91,6.44,0.97,0.0,11,305,3,-0.5000000000000004,0.8660254037844384,-0.858763958275803,0.5123714121284235,3.6442,4.1561,4.3603,4.236514285714286,4.784233333333333
2023-11-02,3.5741,23.52,48.95,7.48,1.22,0.0,11,306,3,-0.5000000000000004,0.8660254037844384,-0.8498170915275277,0.5270777086423724,3.8654,3.6442,4.5991,4.165814285714286,4.7244
2023-11-03,3.0338,23.21,52.72,8.83,1.19,0.0,11,307,3,-0.5000000000000004,0.8660254037844384,-0.8406184056344783,0.5416278206559811,3.5741,3.8654,4.6858,4.019385714285714,4.650873333333334
2023-11-04,2.928,23.43,54.4,22.9,1.47,0.0,11,308,3,-0.5000000000000004,0.8660254037844384,-0.8311706263658079,0.5560174366570446,3.0338,3.5741,3.9223,3.783385714285714,4.564353333333333
2023-11-05,2.455,22.91,44.19,30.46,0.93,0.0,11,309,3,-0.5000000000000004,0.8660254037844384,-0.8214765533024145,0.5702422926917867,2.928,3.0338,4.2878,3.641342857142857,4.4734
2023-11-06,3.1147,22.99,40.14,14.15,1.05,0.0,11,310,3,-0.5000000000000004,0.8660254037844384,-0.8115390590073611,0.5842981736283683,2.455,2.928,4.1561,3.379514285714286,4.363136666666667
2023-11-07,3.3228,22.76,40.98,0.45,1.04,0.0,11,311,3,-0.5000000000000004,0.8660254037844384,-0.801361088174677,0.5981809144059159,3.1147,2.455,3.6442,3.2307428571428574,4.282776666666666
2023-11-08,3.277,22.62,54.16,9.07,1.28,0.0,11,312,3,-0.5000000000000004,0.8660254037844384,-0.7909456567567774,0.6118864012687242,3.3228,3.1147,3.8654,3.1848285714285716,4.212633333333334
2023-11-09,2.893,23.5,53.03,19.23,1.37,0.0,11,313,3,-0.5000000000000004,0.8660254037844384,-0.780295851070776,0.6254105729852457,3.277,3.3228,3.5741,3.100771428571428,4.14642
2023-11-10,1.7489,21.76,60.4,78.92,1.33,4.85,11,314,3,-0.5000000000000004,0.8660254037844384,-0.7694148268839381,0.6387494220515268,2.893,3.277,3.0338,3.003471428571429,4.067966666666667
2023-11-11,3.545,19.86,62.83,3.99,2.09,0.25,11,315,3,-0.5000000000000004,0.8660254037844384,-0.7583058084785625,0.6518989958787125,1.7489,2.893,2.928,2.819914285714286,3.94483
2023-11-12,3.9943,19.69,62.63,1.33,1.97,0.0,11,316,3,-0.5000000000000004,0.8660254037844384,-0.7469720876965551,0.6648553979642866,3.545,1.7489,2.455,2.908057142857143,3.88335
2023-11-13,3.3962,19.56,55.34,45.02,1.31,0.0,11,317,3,-0.5000000000000004,0.8660254037844384,-0.7354170229639858,0.6776147890466887,3.9943,3.545,3.1147,3.1279571428571424,3.8451266666666664
2023-11-14,2.3395,19.23,49.58,80.45,1.37,0.0,11,318,3,-0.5000000000000004,0.8660254037844384,-0.7236440382959124,0.690173388242972,3.3962,3.9943,3.3228,3.1681714285714286,3.7937966666666667
2023-11-15,2.701,18.79,56.24,3.36,1.4,0.0,11,319,3,-0.5000000000000004,0.8660254037844384,-0.711656622281775,0.7025274741691566,2.3395,3.3962,3.277,3.0277,3.7231233333333336
2023-11-16,2.5246,20.29,54.99,10.83,1.07,0.0,11,320,3,-0.5000000000000004,0.8660254037844384,-0.6994583270516471,0.7146733860429608,2.701,2.3395,2.893,2.945414285714286,3.7005166666666667
2023-11-17,2.7547,20.89,54.19,19.28,1.18,0.0,11,321,3,-0.5000000000000004,0.8660254037844384,-0.6870527672236675,0.7266075247685652,2.5246,2.701,1.7489,2.8927857142857145,3.691846666666667
2023-11-18,2.963,20.1,50.87,4.0,1.21,0.0,11,322,3,-0.5000000000000004,0.8660254037844384,-0.6744436188329457,0.7383263540031063,2.7547,2.5246,3.545,3.0364714285714287,3.625846666666667
2023-11-19,2.9527,19.81,47.51,1.52,1.01,0.0,11,323,3,-0.5000000000000004,0.8660254037844384,-0.661634618242279,0.749826401204568,2.963,2.7547,3.9943,2.9533285714285715,3.5557966666666667
2023-11-20,2.8186,19.73,51.79,0.46,1.41,0.0,11,324,3,-0.5000000000000004,0.8660254037844384,-0.6486295610349818,0.7611042586607742,2.9527,2.963,3.3962,2.804528571428572,3.4934533333333335
2023-11-21,2.8802,18.79,58.46,8.87,2.32,0.0,11,325,3,-0.5000000000000004,0.8660254037844384,-0.6354323008901775,0.7721565844991641,2.8186,2.9527,2.3395,2.722014285714286,3.4336233333333337
2023-11-22,3.1171,17.72,57.83,13.85,2.07,0.0,11,326,3,-0.5000000000000004,0.8660254037844384,-0.622046748440868,0.7829801036770624,2.8802,2.8186,2.701,2.799257142857143,3.38459
2023-11-23,3.4181,19.14,45.43,3.67,0.85,0.0,11,327,3,-0.5000000000000004,0.8660254037844384,-0.6084768701151264,0.7935716089521472,3.1171,2.8802,2.5246,2.8587,3.34194
2023-11-24,3.0636,18.96,45.35,8.65,0.83,0.0,11,328,3,-0.5000000000000004,0.8660254037844384,-0.594726686960764,0.8039279618328208,3.4181,3.1171,2.7547,2.986342857142857,3.3091099999999996
2023-11-25,2.5428,19.05,46.12,53.34,1.01,0.0,11,329,3,-0.5000000000000004,0.8660254037844384,-0.5808002734538013,0.8140460935082175,3.0636,3.4181,2.963,3.0304714285714285,3.265886666666667
2023-11-26,2.4629,18.74,49.09,92.98,1.18,0.0,11,330,3,-0.5000000000000004,0.8660254037844384,-0.5667017562911184,0.8239230057575536,2.5428,3.0636,2.9527,2.970442857142857,3.197343333333334
2023-11-27,1.3937,17.36,53.86,93.03,1.7,0.14,11,331,3,-0.5000000000000004,0.8660254037844384,-0.5524353131676203,0.8335557718385695,2.4629,2.5428,2.8186,2.9004714285714286,3.1232466666666667
2023-11-28,1.3522,18.6,54.48,72.15,1.23,2.24,11,332,3,-0.5000000000000004,0.8660254037844384,-0.5380051715382992,0.8429415373547832,1.3937,2.4629,2.8802,2.6969142857142856,3.0389600000000003
2023-11-29,2.3726,18.52,58.2,11.68,1.09,0.09,11,333,3,-0.5000000000000004,0.8660254037844384,-0.5234156073655503,0.8520775211013093,1.3522,1.3937,3.1171,2.4786285714285716,2.9411066666666668
2023-11-30,2.237,19.59,62.39,28.77,1.19,0.0,11,334,3,-0.5000000000000004,0.8660254037844384,-0.5086709438521042,0.8609610158889945,2.3726,1.3522,3.4181,2.372271428571428,2.8816566666666663
2023-12-01,2.5951,20.56,62.8,26.07,0.82,0.0,12,335,0,-2.4492935982947064e-16,1.0,-0.49377555015997737,0.8695893893466109,2.237,2.3726,3.0636,2.2035428571428572,2.83475
2023-12-02,2.8579,18.99,63.91,14.57,1.13,0.0,12,336,0,-2.4492935982947064e-16,1.0,-0.4787338401157883,0.8779600847008883,2.5951,2.237,2.5428,2.1366142857142854,2.7924066666666665
2023-12-03,2.7934,18.8,59.65,47.07,1.21,0.47,12,337,0,-2.4492935982947064e-16,1.0,-0.4635502709028512,0.8860706215341378,2.8579,2.5951,2.4629,2.1816285714285715,2.7685333333333335
2023-12-04,2.4785,19.11,62.34,42.1,1.11,0.98,12,338,0,-2.4492935982947064e-16,1.0,-0.4482293417404106,0.893918596519257,2.7934,2.8579,1.3937,2.2288428571428573,2.76052
2023-12-05,3.4346,18.09,58.35,1.27,1.74,0.1,12,339,0,-2.4492935982947064e-16,1.0,-0.4327755925504317,0.9015016841318838,2.4785,2.7934,1.3522,2.3838142857142857,2.7455366666666663
2023-12-06,3.4651,18.16,52.21,1.5,1.27,0.0,12,340,0,-2.4492935982947064e-16,1.0,-0.41719360261231697,0.9088176373395028,3.4346,2.4785,2.3726,2.6813,2.77819
2023-12-07,3.0362,18.32,50.68,5.37,1.27,0.0,12,341,0,-2.4492935982947064e-16,1.0,-0.4014879892059737,0.9158642882672868,3.4651,3.4346,2.237,2.837371428571429,2.78987
2023-12-08,3.1351,17.01,51.16,5.19,1.79,0.0,12,342,0,-2.4492935982947064e-16,1.0,-0.38566340624360745,0.9226395488404875,3.0362,3.4651,2.5951,2.951542857142857,2.7803166666666663
2023-12-09,3.4639,16.11,46.4,1.4,2.05,0.0,12,343,0,-2.4492935982947064e-16,1.0,-0.3697245428906732,0.9291414114031743,3.1351,3.0362,2.8579,3.0286857142857144,2.775586666666667
2023-12-10,3.6518,15.25,45.78,11.5,2.45,0.0,12,344,0,-2.4492935982947064e-16,1.0,-0.35367612217637207,0.935367949313148,3.4639,3.1351,2.7934,3.1152571428571427,2.7946166666666667
2023-12-11,3.4882,15.48,40.43,1.41,1.11,0.0,12,345,0,-2.4492935982947064e-16,1.0,-0.33752289959411347,0.941317317512847,3.6518,3.4639,2.4785,3.2378857142857145,2.8580466666666666
2023-12-12,3.1442,15.92,41.94,9.08,0.94,0.0,12,346,0,-2.4492935982947064e-16,1.0,-0.32126966169236515,0.9469877530760751,3.4882,3.6518,3.4346,3.3821285714285714,2.8561533333333333
2023-12-13,3.3746,15.54,41.68,9.34,1.33,0.0,12,347,0,-2.4492935982947064e-16,1.0,-0.3049212246562894,0.9523775757303973,3.1442,3.4882,3.4651,3.3406428571428575,2.8278166666666666
2023-12-14,3.0679,14.26,48.47,46.02,2.13,0.0,12,348,0,-2.4492935982947064e-16,1.0,-0.2884824328806098,0.9574851883550389,3.3746,3.1442,3.0362,3.3277142857142863,2.827096666666667
2023-12-15,3.4104,16.05,44.56,25.73,1.15,0.0,12,349,0,-2.4492935982947064e-16,1.0,-0.27195815753410524,0.9623090774541487,3.0679,3.3746,3.1351,3.3322428571428575,2.8513766666666664
2023-12-16,3.4637,15.46,45.53,13.44,1.16,0.0,12,350,0,-2.4492935982947064e-16,1.0,-0.2553532951161881,0.9668478136052773,3.4104,3.0679,3.4639,3.3715714285714284,2.8750233333333335
2023-12-17,3.2364,14.65,49.26,3.56,1.58,0.0,12,351,0,-2.4492935982947064e-16,1.0,-0.23867276600594997,0.9711000518829505,3.4637,3.4104,3.6518,3.371542857142857,2.9063266666666663
2023-12-18,3.5424,13.86,54.58,1.85,2.76,0.0,12,352,0,-2.4492935982947064e-16,1.0,-0.22192151300416674,0.9750645322571945,3.2364,3.4637,3.4882,3.3122000000000003,2.9223833333333333
2023-12-19,3.9072,13.17,47.23,9.68,2.63,0.0,12,353,0,-2.4492935982947064e-16,1.0,-0.20510449986861926,0.9787400799669153,3.5424,3.2364,3.1442,3.319942857142857,2.9416966666666666
2023-12-20,3.1034,12.97,44.1,73.37,1.82,0.0,12,354,0,-2.4492935982947064e-16,1.0,-0.1882267098432439,0.9821256058680006,3.9072,3.5424,3.3746,3.4289428571428573,2.9735133333333335
2023-12-21,3.401,13.14,43.66,50.82,1.84,0.0,12,355,0,-2.4492935982947064e-16,1.0,-0.1712931441814778,0.9852201067560606,3.1034,3.9072,3.0679,3.3901999999999997,2.9830066666666664
2023-12-22,3.1469,14.89,41.04,49.07,0.96,0.0,12,356,0,-2.4492935982947064e-16,1.0,-0.154308820664281,0.9880226656636976,3.401,3.1034,3.4104,3.437785714285714,3.000366666666667
2023-12-23,2.6981,16.27,43.96,27.44,1.43,0.0,12,357,0,-2.4492935982947064e-16,1.0,-0.13727877211326517,0.9905324521322227,3.1469,3.401,3.4637,3.4001428571428574,3.00136
2023-12-24,2.5402,16.72,51.16,11.69,0.93,0.0,12,358,0,-2.4492935982947064e-16,1.0,-0.12020804489935275,0.9927487224577402,2.6981,3.1469,3.2364,3.290771428571429,2.97736
2023-12-25,2.8267,15.17,54.15,13.46,1.7,0.0,12,359,0,-2.4492935982947064e-16,1.0,-0.10310169744743544,0.9946708199115211,2.5402,2.6981,3.5424,3.1913142857142853,2.959913333333333
2023-12-26,2.6172,15.28,55.02,54.83,1.47,0.0,12,360,0,-2.4492935982947064e-16,1.0,-0.0859647987374467,0.9962981749346077,2.8267,2.5402,3.9072,3.0890714285714287,2.9693766666666668
2023-12-27,2.0484,15.23,55.52,75.58,1.02,0.0,12,361,0,-2.4492935982947064e-16,1.0,-0.06880242680232064,0.9976303053065857,2.6172,2.8267,3.1034,2.904785714285714,2.97452
2023-12-28,1.9092,14.45,58.29,80.79,0.84,0.0,12,362,0,-2.4492935982947064e-16,1.0,-0.05161966722325418,0.9986668162884759,2.0484,2.6172,3.401,2.7540714285714287,2.9963433333333334
2023-12-29,0.9823,15.35,51.45,97.05,0.98,0.0,12,363,0,-2.4492935982947064e-16,1.0,-0.034421611622745804,0.9994074007397048,1.9092,2.0484,3.1469,2.5409571428571427,3.01491
2023-12-30,1.4146,14.8,51.85,93.74,1.06,0.0,12,364,0,-2.4492935982947064e-16,1.0,-0.01721335615583528,0.9998518392091162,0.9823,1.9092,2.6981,2.2317285714285715,2.968566666666667
2023-12-31,0.6799,13.8,49.72,98.93,0.87,0.0,12,365,0,-2.4492935982947064e-16,1.0,6.432490598706546e-16,1.0,1.4146,0.9823,2.5402,2.0483714285714285,2.9411533333333333
