Date,Solar_Irradiance_MJ_m2,Temperature_C,Relative_Humidity_pct,Cloud_Fraction,Wind_Speed_ms,Precipitation_mm,Month,Day_of_Year,Season,Month_sin,Month_cos,DOY_sin,DOY_cos,Solar_Lag_1,Solar_Lag_2,Solar_Lag_7,Solar_Roll7,Solar_Roll30
2019-01-31,4.9176,16.64,28.38,48.32,1.86,0.0,1,31,0,0.49999999999999994,0.8660254037844387,0.5086709438521044,0.8609610158889943,5.1715,5.3544,2.8968,3.9616142857142855,4.2599
2019-02-01,4.8449,18.83,29.29,20.25,1.71,0.0,2,32,0,0.8660254037844386,0.5000000000000001,0.5234156073655503,0.8520775211013093,4.9176,5.1715,2.1509,4.2503,4.2683
2019-02-02,4.7251,18.91,37.47,5.41,1.49,0.0,2,33,0,0.8660254037844386,0.5000000000000001,0.5380051715382996,0.8429415373547828,4.8449,4.9176,2.4718,4.635157142857143,4.27539
2019-02-03,4.3822,19.61,38.74,3.21,1.41,0.0,2,34,0,0.8660254037844386,0.5000000000000001,0.5524353131676196,0.8335557718385699,4.7251,4.8449,4.3826,4.957057142857143,4.281886666666667
2019-02-04,4.2012,20.06,40.58,43.42,1.27,0.0,2,35,0,0.8660254037844386,0.5000000000000001,0.5667017562911176,0.8239230057575542,4.3822,4.7251,5.3033,4.957000000000001,4.289416666666667
2019-02-05,4.2154,21.3,36.92,54.24,1.05,0.0,2,36,0,0.8660254037844386,0.5000000000000001,0.5808002734538009,0.8140460935082178,4.2012,4.3822,5.3544,4.799557142857144,4.291650000000001
2019-02-06,3.9516,22.53,35.1,31.87,3.19,0.0,2,37,0,0.8660254037844386,0.5000000000000001,0.5947266869607634,0.8039279618328213,4.2154,4.2012,5.1715,4.636842857142858,4.297106666666667
2019-02-07,3.4454,22.34,37.17,53.81,4.18,0.37,2,38,0,0.8660254037844386,0.5000000000000001,0.6084768701151261,0.7935716089521474,3.9516,4.2154,4.9176,4.462571428571429,4.311473333333334
2019-02-08,5.598,18.72,30.72,18.64,1.98,0.05,2,39,0,0.8660254037844386,0.5000000000000001,0.6220467484408675,0.7829801036770629,3.4454,3.9516,4.8449,4.252257142857142,4.28916
2019-02-09,5.9513,14.4,24.94,4.54,2.41,0.0,2,40,0,0.8660254037844386,0.5000000000000001,0.6354323008901774,0.7721565844991642,5.598,3.4454,4.7251,4.359842857142857,4.334086666666666
2019-02-10,5.9719,14.82,24.54,11.29,1.41,0.0,2,41,0,0.8660254037844386,0.5000000000000001,0.6486295610349814,0.7611042586607747,5.9513,5.598,4.3822,4.535014285714285,4.37732
2019-02-11,5.5598,16.6,23.07,11.58,1.44,0.0,2,42,0,0.8660254037844386,0.5000000000000001,0.6616346182422783,0.7498264012045686,5.9719,5.9513,4.2012,4.7621142857142855,4.42715
2019-02-12,5.5867,19.24,21.46,0.75,1.86,0.0,2,43,0,0.8660254037844386,0.5000000000000001,0.6744436188329455,0.7383263540031065,5.5598,5.9719,4.2154,4.9562,4.48618
2019-02-13,4.9697,21.77,21.9,38.68,1.46,0.0,2,44,0,0.8660254037844386,0.5000000000000001,0.6870527672236669,0.7266075247685656,5.5867,5.5598,3.9516,5.152099999999999,4.581643333333333
2019-02-14,4.4645,22.93,23.09,66.73,2.5,0.02,2,45,0,0.8660254037844386,0.5000000000000001,0.699458327051647,0.7146733860429609,4.9697,5.5867,3.4454,5.297542857142857,4.61386
2019-02-15,3.1063,23.42,37.5,65.19,2.72,7.75,2,46,0,0.8660254037844386,0.5000000000000001,0.7116566222817746,0.7025274741691571,4.4645,4.9697,5.598,5.443128571428572,4.60935
2019-02-16,4.8895,19.04,48.75,26.59,2.04,0.14,2,47,0,0.8660254037844386,0.5000000000000001,0.7236440382959124,0.6901733882429719,3.1063,4.4645,5.9513,5.087171428571429,4.5462533333333335
2019-02-17,5.9635,17.49,36.42,1.4,1.74,0.0,2,48,0,0.8660254037844386,0.5000000000000001,0.7354170229639855,0.6776147890466889,4.8895,3.1063,5.9719,4.935485714285714,4.5462766666666665
2019-02-18,4.7035,20.23,29.63,47.65,1.53,0.0,2,49,0,0.8660254037844386,0.5000000000000001,0.7469720876965552,0.6648553979642865,5.9635,4.8895,5.5598,4.934285714285714,4.584243333333333
2019-02-19,5.7797,23.17,29.19,13.14,2.35,0.0,2,50,0,0.8660254037844386,0.5000000000000001,0.7583058084785624,0.6518989958787126,4.7035,5.9635,5.5867,4.8119571428571435,4.580579999999999
2019-02-20,5.7022,24.3,32.03,24.65,1.46,0.0,2,51,0,0.8660254037844386,0.5000000000000001,0.7694148268839378,0.6387494220515272,5.7797,4.7035,4.9697,4.839528571428572,4.605653333333333
2019-02-21,5.0947,26.53,35.8,34.51,3.26,0.22,2,52,0,0.8660254037844386,0.5000000000000001,0.7802958510707755,0.6254105729852464,5.7022,5.7797,4.4645,4.944171428571429,4.62887
2019-02-22,5.6292,26.03,40.36,31.99,2.87,0.1,2,53,0,0.8660254037844386,0.5000000000000001,0.7909456567567772,0.6118864012687243,5.0947,5.7022,3.1063,5.034199999999999,4.6522466666666675
2019-02-23,5.5106,22.63,44.97,36.34,2.16,0.15,2,54,0,0.8660254037844386,0.5000000000000001,0.8013610881746766,0.5981809144059165,5.6292,5.0947,4.8895,5.394614285714286,4.71284
2019-02-24,4.5756,23.61,28.29,74.6,2.23,0.0,2,55,0,0.8660254037844386,0.5000000000000001,0.8115390590073611,0.5842981736283683,5.5106,5.6292,5.9635,5.4833428571428575,4.799966666666666
2019-02-25,6.047,22.54,26.25,12.23,2.4,0.11,2,56,0,0.8660254037844386,0.5000000000000001,0.8214765533024142,0.5702422926917871,4.5756,5.5106,4.7035,5.285071428571428,4.88079
2019-02-26,5.6508,22.81,23.72,24.69,2.52,0.0,2,57,0,0.8660254037844386,0.5000000000000001,0.8311706263658079,0.5560174366570446,6.047,4.5756,5.7797,5.476999999999999,4.999963333333333
2019-02-27,3.9264,21.36,35.34,56.47,3.32,0.06,2,58,0,0.8660254037844386,0.5000000000000001,0.8406184056344782,0.5416278206559814,5.6508,6.047,5.7022,5.458585714285715,5.042236666666667
2019-02-28,6.306,19.05,36.74,10.95,2.58,0.0,2,59,0,0.8660254037844386,0.5000000000000001,0.8498170915275278,0.5270777086423722,3.9264,5.6508,5.0947,5.2049,4.99634
2019-03-01,6.1392,18.87,22.64,0.26,2.03,0.0,3,60,1,1.0,6.123233995736766e-17,0.8587639582758029,0.5123714121284237,6.306,3.9264,5.6292,5.377942857142857,5.02806
2019-03-02,5.8402,22.47,22.25,38.26,1.58,0.0,3,61,1,1.0,6.123233995736766e-17,0.8674563547295969,0.49751328890718066,6.1392,6.306,5.5106,5.4508,5.060316666666666
2019-03-03,3.9696,23.55,41.84,63.66,2.08,2.63,3,62,1,1.0,6.123233995736766e-17,0.8758917051442429,0.48250774176121847,5.8402,6.1392,4.5756,5.497885714285714,5.09107
2019-03-04,5.2507,23.56,47.55,21.77,2.51,0.0,3,63,1,1.0,6.123233995736766e-17,0.8840675099433636,0.4673592171580022,3.9696,5.8402,6.047,5.411314285714285,5.061893333333333
2019-03-05,5.5699,22.74,39.2,11.24,2.07,0.0,3,64,1,1.0,6.123233995736766e-17,0.8919813464595485,0.45207220393230435,5.2507,3.9696,5.6508,5.297557142857143,5.079413333333333
2019-03-06,6.4918,21.0,34.32,2.25,2.27,0.0,3,65,1,1.0,6.123233995736766e-17,0.8996308696522433,0.43665123195606403,5.5699,5.2507,3.9264,5.286,5.119003333333334
2019-03-07,6.6694,21.54,27.34,0.35,1.69,0.0,3,66,1,1.0,6.123233995736766e-17,0.9070138128026359,0.4211008707960896,6.4918,5.5699,6.306,5.652485714285715,5.195356666666666
2019-03-08,6.5902,23.84,24.96,0.3,1.42,0.0,3,67,1,1.0,6.123233995736766e-17,0.9141279881853337,0.40542572835999735,6.6694,6.4918,6.1392,5.7044,5.2771566666666665
2019-03-09,6.3588,24.39,26.91,0.77,2.47,0.0,3,68,1,1.0,6.123233995736766e-17,0.9209712877166346,0.38963044953078796,6.5902,6.6694,5.8402,5.768828571428571,5.36511
2019-03-10,6.4378,24.07,26.44,2.16,2.0,0.0,3,69,1,1.0,6.123233995736766e-17,0.9275416835791966,0.37371971479046906,6.3588,6.5902,3.9696,5.842914285714286,5.462223333333333
2019-03-11,6.0934,26.5,26.83,39.72,2.04,0.0,3,70,1,1.0,6.123233995736766e-17,0.9338372288229252,0.35769823883312546,6.4378,6.3588,5.2507,6.195514285714286,5.490216666666667
2019-03-12,6.5717,25.98,27.03,16.07,1.98,0.0,3,71,1,1.0,6.123233995736766e-17,0.9398560579418954,0.3415707691678556,6.0934,6.4378,5.5699,6.3159,5.494953333333333
2019-03-13,6.1234,27.64,30.44,39.54,2.02,4.6,3,72,1,1.0,6.123233995736766e-17,0.9455963874271426,0.3253420847119801,6.5717,6.0934,6.4918,6.459014285714287,5.514946666666666
2019-03-14,3.4517,27.0,45.82,84.98,1.47,1.24,3,73,1,1.0,6.123233995736766e-17,0.9510565162951535,0.30901699437494745,6.1234,6.5717,6.6694,6.4063857142857135,5.533733333333333
2019-03-15,4.2446,25.64,40.18,51.07,1.45,0.22,3,74,1,1.0,6.123233995736766e-17,0.9562348265919056,0.29260033563334836,3.4517,6.1234,6.5902,5.946714285714286,5.462566666666667
2019-03-16,6.5304,24.56,34.01,6.96,2.21,0.0,3,75,1,1.0,6.123233995736766e-17,0.9611297838723007,0.27609697309746883,4.2446,3.4517,6.3588,5.611628571428571,5.438396666666666
2019-03-17,4.6313,26.31,35.73,69.06,2.66,3.24,3,76,1,1.0,6.123233995736766e-17,0.9657399376548549,0.2595117970697999,6.5304,4.2446,6.4378,5.636142857142858,5.5072600000000005
2019-03-18,6.4025,25.61,41.78,9.21,2.21,0.09,3,77,1,1.0,6.123233995736766e-17,0.9700639218515071,0.2428497220959356,4.6313,6.5304,6.0934,5.378071428571429,5.558093333333334
2019-03-19,6.9132,24.62,29.18,0.21,1.65,0.0,3,78,1,1.0,6.123233995736766e-17,0.9741004551724205,0.22611568550828828,6.4025,4.6313,6.5717,5.422228571428571,5.608526666666666
2019-03-20,5.8313,27.29,31.68,21.96,2.42,0.46,3,79,1,1.0,6.123233995736766e-17,0.9778483415056568,0.20931464596304847,6.9132,6.4025,6.1234,5.471014285714285,5.640183333333334
2019-03-21,6.9254,27.01,43.61,2.64,2.84,1.71,3,80,1,1.0,6.123233995736766e-17,0.9813064702716093,0.19245158197082998,5.8313,6.9132,3.4517,5.429285714285714,5.677776666666667
2019-03-22,6.9943,26.05,27.35,2.43,2.11,0.0,3,81,1,1.0,6.123233995736766e-17,0.9844738167520922,0.1755314904214282,6.9254,5.8313,4.2446,5.925528571428572,5.7159666666666675
2019-03-23,6.8441,25.73,26.02,0.0,2.09,0.0,3,82,1,1.0,6.123233995736766e-17,0.9873494423939864,0.15855938510313475,6.9943,6.9254,6.5304,6.3183428571428575,5.759036666666668
2019-03-24,6.9667,26.69,19.9,1.43,1.8,0.0,3,83,1,1.0,6.123233995736766e-17,0.989932495087353,0.141540295217043,6.8441,6.9943,4.6313,6.363157142857143,5.81735
2019-03-25,6.7558,29.1,20.53,26.45,1.85,0.0,3,84,1,1.0,6.123233995736766e-17,0.9922222094179323,0.12447926388678915,6.9667,6.8441,6.4025,6.696785714285714,5.861933333333334
2019-03-26,6.9298,28.29,23.6,3.99,2.09,0.0,3,85,1,1.0,6.123233995736766e-17,0.994217906893952,0.10738134666416309,6.7558,6.9667,6.9132,6.747257142857143,5.903440000000001
2019-03-27,7.3651,26.62,16.28,5.63,1.96,0.0,3,86,1,1.0,6.123233995736766e-17,0.995918996147179,0.09025161003104117,6.9298,6.7558,5.8313,6.7496285714285715,5.981913333333334
2019-03-28,7.1638,27.79,17.41,17.8,1.68,0.0,3,87,1,1.0,6.123233995736766e-17,0.9973249731081555,0.07309512989807777,7.3651,6.9298,6.9254,6.968742857142857,6.02585
2019-03-29,7.2828,30.43,18.22,4.89,1.65,0.0,3,88,1,1.0,6.123233995736766e-17,0.9984354211555643,0.055916990100603484,7.1638,7.3651,6.9943,7.002800000000001,6.0762833333333335
2019-03-30,6.9326,31.4,16.63,17.85,2.17,0.0,3,89,1,1.0,6.123233995736766e-17,0.9992500112396835,0.03872228089217446,7.2828,7.1638,6.8441,7.044014285714286,6.188163333333334
2019-03-31,7.0973,31.12,16.48,17.69,3.39,0.0,3,90,1,1.0,6.123233995736766e-17,0.9997685019798909,0.021516097436222254,6.9326,7.2828,6.9667,7.0566571428571425,6.20905
2019-04-01,7.1114,29.37,17.29,1.08,2.67,0.0,4,91,1,0.8660254037844387,-0.4999999999999998,0.9999907397361901,0.004303538296244289,7.0973,6.9326,6.7558,7.075314285714286,6.240986666666667
2019-04-02,7.4371,30.1,12.05,5.0,1.9,0.0,4,92,1,0.8660254037844387,-0.4999999999999998,0.9999166586547379,-0.01291029607500882,7.1114,7.0973,6.9298,7.126114285714286,6.28336
2019-04-03,6.9734,31.29,11.82,1.27,1.11,0.0,4,93,1,0.8660254037844387,-0.4999999999999998,0.9995462806873573,-0.030120304846908114,7.4371,7.1114,7.3651,7.198585714285714,6.398943333333333
2019-04-04,7.3135,32.22,12.51,4.21,1.97,0.0,4,94,1,0.8660254037844387,-0.4999999999999998,0.9988797155850336,-0.04732138832243185,6.9734,7.4371,7.1638,7.142628571428572,6.456366666666667
2019-04-05,6.9487,32.29,15.83,39.73,1.77,0.0,4,95,1,0.8660254037844387,-0.4999999999999998,0.9979171608653922,-0.06450844944931623,7.3135,6.9734,7.2828,7.164014285714286,6.5144866666666665
2019-04-06,5.773,32.58,16.34,58.12,2.45,0.0,4,96,1,0.8660254037844387,-0.4999999999999998,0.9966589017541702,-0.08167639533042241,6.9487,7.3135,6.9326,7.1162857142857145,6.529716666666667
2019-04-07,6.1824,32.46,16.39,25.4,1.84,0.0,4,97,1,0.8660254037844387,-0.4999999999999998,0.9951053111006976,-0.09882013873287143,5.773,6.9487,7.0973,6.950628571428571,6.499836666666667
2019-04-08,6.7291,32.16,16.92,50.56,2.32,0.13,4,98,1,0.8660254037844387,-0.4999999999999998,0.9932568492674143,-0.11593459959550041,6.1824,5.773,7.1114,6.819928571428571,6.486243333333333
2019-04-09,7.5444,31.87,15.21,3.94,2.29,0.0,4,99,1,0.8660254037844387,-0.4999999999999998,0.9911140639934547,-0.1330147065341959,6.7291,6.1824,7.4371,6.765314285714287,6.498586666666667
2019-04-10,7.1654,32.44,16.06,21.09,1.83,0.0,4,100,1,0.8660254037844387,-0.4999999999999998,0.9886775902323405,-0.1500553983446526,7.5444,6.7291,6.9734,6.780642857142857,6.535473333333333
2019-04-11,5.5063,33.32,18.43,67.39,1.43,0.0,4,101,1,0.8660254037844387,-0.4999999999999998,0.9859481499638304,-0.16705162550211924,7.1654,7.5444,7.3135,6.808071428571428,6.571206666666666
2019-04-12,6.5714,34.08,18.19,49.18,2.28,0.43,4,102,1,0.8660254037844387,-0.4999999999999998,0.9829265519799822,-0.18399835165768005,5.5063,7.1654,6.9487,6.5499,6.535693333333333
2019-04-13,7.3471,33.86,16.35,12.13,1.8,0.17,4,103,1,0.8660254037844387,-0.4999999999999998,0.9796136916454901,-0.20089055513063506,6.5714,5.5063,5.773,6.4959999999999996,6.550626666666667
2019-04-14,7.4122,33.69,14.9,10.0,1.94,0.0,4,104,1,0.8660254037844387,-0.4999999999999998,0.9760105506323683,-0.21772323039653177,7.3471,6.5714,6.1824,6.720871428571429,6.6804733333333335
2019-04-15,6.6336,33.24,16.86,49.09,1.94,0.0,4,105,1,0.8660254037844387,-0.4999999999999998,0.9721181966290613,-0.23449138957040985,7.4122,7.3471,6.7291,6.896557142857143,6.786060000000001
2019-04-16,2.4377,29.07,36.08,91.26,2.79,1.38,4,106,1,0.8660254037844387,-0.4999999999999998,0.9679377830240642,-0.25119006388481935,6.6336,7.4122,7.5444,6.8829142857142855,6.7895
2019-04-17,4.8336,26.56,56.2,62.72,2.31,11.41,4,107,1,0.8660254037844387,-0.4999999999999998,0.9634705485641488,-0.2678143051621742,2.4377,6.6336,7.1654,6.153385714285714,6.71638
2019-04-18,7.4926,26.25,44.87,6.13,2.2,0.05,4,108,1,0.8660254037844387,-0.4999999999999998,0.9587178169872964,-0.2843591872810034,4.8336,2.4377,5.5063,5.820271428571429,6.664083333333334
2019-04-19,6.9355,27.83,38.33,16.5,1.72,0.0,4,109,1,0.8660254037844387,-0.4999999999999998,0.9536809966304457,-0.30081980763566735,7.4926,4.8336,6.5714,6.104028571428572,6.683396666666667
2019-04-20,7.5274,29.18,33.65,9.48,1.99,0.0,4,110,1,0.8660254037844387,-0.4999999999999998,0.9483615800121715,-0.3171912885891061,6.9355,7.4926,7.3471,6.156042857142858,6.720203333333333
2019-04-21,7.8329,29.67,25.99,1.32,2.08,0.0,4,111,1,0.8660254037844387,-0.4999999999999998,0.9427611433904207,-0.3334687789181868,7.5274,6.9355,7.4122,6.1818,6.74027
2019-04-22,7.1424,31.36,22.52,19.49,1.69,0.0,4,112,1,0.8660254037844387,-0.4999999999999998,0.9368813462954315,-0.3496474552512284,7.8329,7.5274,6.6336,6.2419,6.768223333333333
2019-04-23,7.272,32.21,21.75,23.27,1.81,0.0,4,113,1,0.8660254037844387,-0.4999999999999998,0.9307239310379795,-0.36572252349726897,7.1424,7.8329,2.4377,6.314585714285714,6.7781666666666665
2019-04-24,6.9144,33.63,19.76,17.64,1.89,0.0,4,114,1,0.8660254037844387,-0.4999999999999998,0.9242907221930933,-0.3816892202666588,7.272,7.1424,4.8336,7.0052,6.788343333333333
2019-04-25,6.3305,34.46,21.56,39.85,1.53,0.0,4,115,1,0.8660254037844387,-0.4999999999999998,0.9175836260593937,-0.39754281428255595,6.9144,7.272,7.4926,7.3024571428571425,6.793629999999999
2019-04-26,7.2542,35.2,18.77,21.1,1.85,0.0,4,116,1,0.8660254037844387,-0.4999999999999998,0.9106046300942162,-0.41327860778290415,6.3305,6.9144,6.9355,7.136442857142858,6.773653333333333
2019-04-27,7.5648,34.85,17.31,2.88,2.33,0.0,4,117,1,0.8660254037844387,-0.4999999999999998,0.9033558023246845,-0.4288919379124835,7.2542,6.3305,7.5274,7.181971428571428,6.769956666666667
2019-04-28,7.8617,35.91,13.73,3.51,1.88,0.0,4,118,1,0.8660254037844387,-0.4999999999999998,0.895839290734909,-0.44437817810461316,7.5648,7.2542,7.8329,7.187314285714286,6.783323333333334
2019-04-29,8.015,35.49,12.29,2.38,1.99,0.0,4,119,1,0.8660254037844387,-0.4999999999999998,0.8880573226294932,-0.45973273945210397,7.8617,7.5648,7.1424,7.191428571428572,6.80262
2019-04-30,7.9226,34.66,12.5,2.58,2.69,0.0,4,120,1,0.8660254037844387,-0.4999999999999998,0.8800122039735357,-0.47495107206704995,8.015,7.8617,7.272,7.316085714285714,6.8387
2019-05-01,7.5046,34.26,13.58,9.2,2.45,0.0,5,121,1,0.49999999999999994,-0.8660254037844387,0.8717063187093218,-0.4900286664290592,7.9226,8.015,6.9144,7.409028571428571,6.86621
2019-05-02,6.9156,34.49,17.11,51.88,1.55,0.07,5,122,1,0.49999999999999994,-0.8660254037844387,0.8631421280499114,-0.5049610547215204,7.5046,7.9226,6.3305,7.493342857142857,6.879316666666667
2019-05-03,6.719,34.2,24.78,62.9,2.59,0.0,5,123,1,0.49999999999999994,-0.8660254037844387,0.854322169749827,-0.5197438121555155,6.9156,7.5046,7.2542,7.576928571428572,6.861933333333334
2019-05-04,5.9945,33.56,26.33,51.48,2.17,0.28,5,124,1,0.49999999999999994,-0.8660254037844387,0.8452490573530633,-0.5343725582809786,6.719,6.9156,7.5648,7.500471428571429,6.853453333333333
2019-05-05,6.6775,33.33,23.84,41.17,2.27,0.02,5,125,1,0.49999999999999994,-0.8660254037844387,0.8359254794186372,-0.548842958284719,5.9945,6.719,7.8617,7.276142857142857,6.809486666666667
2019-05-06,7.896,33.83,15.91,4.96,1.85,0.0,5,126,1,0.49999999999999994,-0.8660254037844387,0.8263541987239096,-0.5631507242749186,6.6775,5.9945,8.015,7.106971428571429,6.800446666666668
2019-05-07,7.9579,33.89,13.89,20.28,2.24,0.0,5,127,1,0.49999999999999994,-0.8660254037844387,0.8165380514459161,-0.5772916165517272,7.896,6.6775,7.9226,7.089971428571429,6.871213333333333
2019-05-08,7.8996,34.01,15.41,7.7,3.45,0.0,5,128,1,0.49999999999999994,-0.8660254037844387,0.8064799463209448,-0.5912614448635781,7.9579,7.896,7.5046,7.095014285714286,6.930396666666667
2019-05-09,8.1691,33.64,14.17,2.84,4.07,0.0,5,129,1,0.49999999999999994,-0.8660254037844387,0.7961828637826158,-0.6050560696488488,7.8996,7.9579,6.9156,7.1514428571428565,6.969413333333333
2019-05-10,7.8758,34.32,18.09,19.4,3.16,0.0,5,130,1,0.49999999999999994,-0.8660254037844387,0.7856498550787147,-0.6186714032625031,8.1691,7.8996,6.719,7.330514285714287,6.990236666666666
2019-05-11,6.1697,35.37,21.31,53.53,3.96,0.12,5,131,1,0.49999999999999994,-0.8660254037844387,0.7748840413670407,-0.6321034111873487,7.8758,8.1691,5.9945,7.495771428571429,7.013916666666666
2019-05-12,7.2679,34.15,21.24,35.01,2.41,0.05,5,132,1,0.49999999999999994,-0.8660254037844387,0.7638886127905428,-0.6453481132295501,6.1697,7.8758,6.6775,7.5208,7.03603
2019-05-13,6.5858,34.91,21.11,59.45,2.62,0.02,5,133,1,0.49999999999999994,-0.8660254037844387,0.7526668275320085,-0.6584015846980488,7.2679,6.1697,7.896,7.605142857142857,7.059246666666667
2019-05-14,7.1681,34.41,22.26,40.45,2.89,0.07,5,134,1,0.49999999999999994,-0.8660254037844387,0.7412220108485958,-0.6712599575675313,6.5858,7.2679,7.9579,7.417971428571429,7.033870000000001
2019-05-15,6.8753,34.74,19.88,22.77,2.13,0.0,5,135,1,0.49999999999999994,-0.8660254037844387,0.7295575540864875,-0.6839194216246106,7.1681,6.5858,7.8996,7.305142857142857,7.025733333333333
2019-05-16,7.4734,34.7,19.67,19.58,2.56,0.0,5,136,1,0.49999999999999994,-0.8660254037844387,0.717676913675962,-0.6963762255968722,6.8753,7.1681,8.1691,7.1588142857142865,7.03379
2019-05-17,7.7052,34.48,21.31,17.54,3.25,0.0,5,137,1,0.49999999999999994,-0.8660254037844387,0.705583610107178,-0.7086266782644596,7.4734,6.8753,7.8758,7.059428571428571,7.201646666666666
2019-05-18,7.6085,33.17,24.23,10.76,3.79,0.0,5,138,1,0.49999999999999994,-0.8660254037844387,0.6932812268869777,-0.7206671495538609,7.7052,7.4734,6.1697,7.035057142857142,7.297366666666666
2019-05-19,7.1731,33.31,25.11,21.08,1.98,0.0,5,139,1,0.49999999999999994,-0.8660254037844387,0.6807734094770161,-0.7324940716135789,7.6085,7.7052,7.2679,7.2406,7.30123
2019-05-20,7.6512,34.32,21.87,18.43,1.87,0.0,5,140,1,0.49999999999999994,-0.8660254037844387,0.6680638642135335,-0.7441039398713607,7.1731,7.6085,6.5858,7.227057142857142,7.30915
2019-05-21,7.6982,36.36,15.02,15.56,1.32,0.0,5,141,1,0.49999999999999994,-0.8660254037844387,0.6551563572090853,-0.7554933140726803,7.6512,7.1731,7.1681,7.379257142857143,7.313276666666667
2019-05-22,7.6068,36.38,18.48,14.0,2.61,0.05,5,142,1,0.49999999999999994,-0.8660254037844387,0.6420547132365637,-0.766658819300159,7.6982,7.6512,6.8753,7.454985714285714,7.308786666666666
2019-05-23,7.9493,36.17,18.72,3.31,3.02,0.03,5,143,1,0.49999999999999994,-0.8660254037844387,0.6287628145958344,-0.7775971469736269,7.6068,7.6982,7.4734,7.559485714285714,7.324266666666667
2019-05-24,7.6174,37.23,20.54,37.29,3.83,0.0,5,144,1,0.49999999999999994,-0.8660254037844387,0.6152845999633276,-0.7883050558305255,7.9493,7.6068,7.7052,7.627471428571428,7.346843333333334
2019-05-25,7.0843,36.7,20.69,15.39,3.36,0.0,5,145,1,0.49999999999999994,-0.8660254037844387,0.6016240632249226,-0.7987793728863649,7.6174,7.9493,7.6085,7.614928571428572,7.370276666666667
2019-05-26,7.6526,36.19,20.12,27.75,2.05,0.0,5,146,1,0.49999999999999994,-0.8660254037844387,0.5877852522924732,-0.8090169943749473,7.0843,7.6174,7.1731,7.540042857142858,7.395403333333333
2019-05-27,7.5288,36.85,18.23,42.72,1.69,0.0,5,147,1,0.49999999999999994,-0.8660254037844387,0.5737722679043246,-0.8190148866680801,7.6526,7.0843,7.6512,7.608542857142858,7.408683333333333
2019-05-28,6.6571,37.64,17.53,59.88,1.68,0.0,5,148,1,0.49999999999999994,-0.8660254037844387,0.5595892624101765,-0.8287700871745038,7.5288,7.6526,7.6982,7.591057142857143,7.4074833333333325
2019-05-29,7.1134,37.44,20.58,44.8,1.37,0.0,5,149,1,0.49999999999999994,-0.8660254037844387,0.545240438540651,-0.8382797052177744,6.6571,7.5288,7.6068,7.442328571428571,7.36733
2019-05-30,6.3346,37.87,20.2,45.24,2.25,0.0,5,150,1,0.49999999999999994,-0.8660254037844387,0.5307300481619334,-0.8475409228928311,7.1134,6.6571,7.9493,7.371842857142857,7.337276666666666
2019-05-31,5.7902,38.03,23.4,72.3,2.81,0.17,5,151,1,0.49999999999999994,-0.8660254037844387,0.5160623910158528,-0.8565509959010036,6.3346,7.1134,7.6174,7.141171428571428,7.284343333333334
2019-06-01,6.269,38.12,21.74,72.46,2.14,0.06,6,152,2,1.2246467991473532e-16,-1.0,0.5012418134457758,-0.865307254363206,5.7902,6.3346,7.0843,6.880142857142857,7.227196666666667
2019-06-02,6.8371,38.43,18.42,58.61,2.37,0.06,6,153,2,1.2246467991473532e-16,-1.0,0.48627270710868997,-0.8738071036110808,6.269,5.7902,7.6526,6.763671428571428,7.205643333333334
2019-06-03,6.9082,38.54,16.34,84.25,2.66,0.0,6,154,2,1.2246467991473532e-16,-1.0,0.4711595076738638,-0.8820480249558537,6.8371,6.269,7.5288,6.647171428571428,7.209580000000001
2019-06-04,6.6898,38.22,21.22,95.27,2.48,0.0,6,155,2,1.2246467991473532e-16,-1.0,0.4559066935084588,-0.8900275764346767,6.9082,6.8371,6.6571,6.558514285714286,7.240036666666667
2019-06-05,6.726,39.0,15.67,89.31,2.74,0.0,6,156,2,1.2246467991473532e-16,-1.0,0.440518784350495,-0.8977433935342337,6.6898,6.9082,7.1134,6.563185714285715,7.240446666666666
2019-06-06,6.5088,39.24,16.76,96.08,2.13,0.0,6,157,2,1.2246467991473532e-16,-1.0,0.42500033996955416,-0.9051931898913974,6.726,6.6898,6.3346,6.507842857142857,7.2014466666666666
2019-06-07,6.1836,39.12,20.44,98.24,2.1,0.05,6,158,2,1.2246467991473532e-16,-1.0,0.4093559588156213,-0.9123747579707273,6.5088,6.726,5.7902,6.532728571428572,7.153143333333333
2019-06-08,6.4673,38.12,24.57,92.98,1.69,0.5,6,159,2,1.2246467991473532e-16,-1.0,0.39359027665646673,-0.9192859697186104,6.1836,6.5088,6.269,6.588928571428572,7.095943333333334
2019-06-09,6.5398,38.76,18.97,84.45,1.87,0.0,6,160,2,1.2246467991473532e-16,-1.0,0.3777079652039649,-0.9259247771938498,6.4673,6.1836,6.8371,6.6172571428571425,7.0392166666666665
2019-06-10,6.7567,38.8,18.65,83.05,2.11,0.02,6,161,2,1.2246467991473532e-16,-1.0,0.36171373072976765,-0.9322892131745133,6.5398,6.4673,6.9082,6.5747857142857145,6.994683333333333
2019-06-11,7.1594,39.11,18.4,77.41,2.26,0.02,6,162,2,1.2246467991473532e-16,-1.0,0.3456123126707335,-0.9383773917408641,6.7567,6.5398,6.6898,6.553142857142857,7.0142500000000005
2019-06-12,6.241,38.49,26.11,72.84,3.47,0.1,6,163,2,1.2246467991473532e-16,-1.0,0.3294084822245304,-0.9441875088341993,7.1594,6.7567,6.726,6.620228571428571,7.010633333333333
2019-06-13,6.3643,36.42,35.72,76.2,3.85,8.53,6,164,2,1.2246467991473532e-16,-1.0,0.3131070409358269,-0.9497178427914316,6.241,7.1594,6.5088,6.550942857142857,6.99914
2019-06-14,6.8885,35.49,39.05,67.65,2.72,0.44,6,165,2,1.2246467991473532e-16,-1.0,0.29671281927349075,-0.9549667548552551,6.3643,6.241,6.1836,6.5302999999999995,6.972346666666667
2019-06-15,5.2891,34.42,43.48,91.53,3.14,3.96,6,166,2,1.2246467991473532e-16,-1.0,0.28023067519921585,-0.9599326896597447,6.8885,6.3643,6.4673,6.631,6.972786666666667
2019-06-16,6.0062,33.79,45.4,79.87,4.14,0.34,6,167,2,1.2246467991473532e-16,-1.0,0.26366549272800704,-0.9646141756912435,5.2891,6.8885,6.5398,6.462685714285714,6.899976666666666
2019-06-17,4.8787,33.63,47.68,71.9,3.55,3.98,6,168,2,1.2246467991473532e-16,-1.0,0.24702218048093552,-0.9690098257244062,6.0062,5.2891,6.7567,6.386457142857142,6.843343333333334
2019-06-18,6.7615,33.62,40.13,61.35,3.27,0.09,6,169,2,1.2246467991473532e-16,-1.0,0.23030567023061221,-0.9731183372332619,4.8787,6.0062,7.1594,6.118171428571428,6.752349999999999
2019-06-19,5.471,34.13,40.09,89.99,2.53,0.51,6,170,2,1.2246467991473532e-16,-1.0,0.21352091543979612,-0.9769384927771817,6.7615,4.8787,6.241,6.061328571428571,6.738630000000001
2019-06-20,6.2854,33.73,42.4,66.78,3.78,0.01,6,171,2,1.2246467991473532e-16,-1.0,0.19667288979357647,-0.980469160361632,5.471,6.7615,6.3643,5.951328571428571,6.665956666666667
2019-06-21,6.6554,33.82,38.66,71.09,2.86,0.27,6,172,2,1.2246467991473532e-16,-1.0,0.1797665857255624,-0.9837092937736097,6.2854,5.471,6.8885,5.9400571428571425,6.6188633333333335
2019-06-22,4.8353,32.21,48.02,91.45,2.67,1.49,6,173,2,1.2246467991473532e-16,-1.0,0.16280701293851715,-0.986657932891657,6.6554,6.2854,5.2891,5.906757142857143,6.587149999999999
2019-06-23,5.2877,33.13,45.75,83.61,2.16,0.45,6,174,2,1.2246467991473532e-16,-1.0,0.1457991969198751,-0.9893142039703663,4.8353,6.6554,6.0062,5.841928571428572,6.48335
2019-06-24,5.0429,33.14,48.47,85.29,3.05,0.33,6,175,2,1.2246467991473532e-16,-1.0,0.12874817745258132,-0.99167731989929,5.2877,4.8353,4.8787,5.739285714285714,6.405693333333333
2019-06-25,6.2374,35.06,41.44,69.49,3.57,0.0,6,176,2,1.2246467991473532e-16,-1.0,0.11165900712169512,-0.993746580436178,5.0429,5.2877,6.7615,5.7627428571428565,6.337646666666667
2019-06-26,4.9798,34.22,48.07,90.75,3.15,4.1,6,177,2,1.2246467991473532e-16,-1.0,0.09453674981719912,-0.9955213724144752,6.2374,5.0429,5.471,5.6878714285714285,6.290473333333334
2019-06-27,5.5066,30.57,67.19,92.51,2.55,13.56,6,178,2,1.2246467991473532e-16,-1.0,0.07738647923346301,-0.9970011699250151,4.9798,6.2374,6.2854,5.617699999999999,6.2055066666666665
2019-06-28,4.4638,28.32,78.58,91.05,2.7,17.72,6,179,2,1.2246467991473532e-16,-1.0,0.06021327736579302,-0.9981855344718586,5.5066,4.9798,6.6554,5.506442857142858,6.167156666666667
2019-06-29,6.4003,29.26,71.51,70.78,3.03,4.66,6,180,2,1.2246467991473532e-16,-1.0,0.04302223300453059,-0.99907411510223,4.4638,5.5066,4.8353,5.193357142857144,6.078836666666667
2019-06-30,6.143,27.6,80.35,74.22,3.28,31.35,6,181,2,1.2246467991473532e-16,-1.0,0.02581844022713308,-0.9996666485105112,6.4003,4.4638,5.2877,5.4169285714285715,6.0810266666666655
2019-07-01,5.142,27.5,79.0,88.56,2.73,16.02,7,182,2,-0.4999999999999997,-0.8660254037844388,0.008606996888688698,-0.9999629591162655,6.143,6.4003,5.0429,5.539114285714286,6.092786666666666
2019-07-02,4.1573,28.05,80.18,95.76,3.0,17.6,7,183,2,-0.4999999999999997,-0.8660254037844388,-0.008606996888688009,-0.9999629591162655,5.142,6.143,6.2374,5.553271428571428,6.05522
2019-07-03,1.3421,26.41,91.14,98.25,2.89,74.51,7,184,2,-0.4999999999999997,-0.8660254037844388,-0.02581844022713239,-0.9996666485105112,4.1573,5.142,4.9798,5.256114285714285,5.965893333333333
2019-07-04,2.58,27.16,86.96,97.23,2.88,41.67,7,185,2,-0.4999999999999997,-0.8660254037844388,-0.04302223300453034,-0.99907411510223,1.3421,4.1573,5.5066,4.7364428571428565,5.780356666666666
2019-07-05,2.9273,27.55,81.43,97.51,2.39,23.5,7,186,2,-0.4999999999999997,-0.8660254037844388,-0.060213277365792774,-0.9981855344718586,2.58,1.3421,4.4638,4.318357142857143,5.643363333333334
2019-07-06,1.8463,25.39,89.12,99.5,3.85,14.18,7,187,2,-0.4999999999999997,-0.8660254037844388,-0.07738647923346322,-0.9970011699250151,2.9273,2.58,6.4003,4.098857142857143,5.51674
2019-07-07,3.0442,25.78,89.94,96.44,4.0,6.47,7,188,2,-0.4999999999999997,-0.8660254037844388,-0.09453674981719933,-0.9955213724144752,1.8463,2.9273,6.143,3.448285714285714,5.361323333333333
2019-07-08,1.3956,25.66,91.22,99.51,3.98,22.44,7,189,2,-0.4999999999999997,-0.8660254037844388,-0.11165900712169444,-0.9937465804361781,3.0442,1.8463,5.142,3.0056000000000003,5.256676666666666
2019-07-09,4.0978,25.99,86.79,99.14,4.14,18.2,7,190,2,-0.4999999999999997,-0.8660254037844388,-0.12874817745258066,-0.99167731989929,1.3956,3.0442,4.1573,2.4704,5.08762
2019-07-10,3.7498,27.21,82.18,98.4,3.76,0.75,7,191,2,-0.4999999999999997,-0.8660254037844388,-0.14579919691987442,-0.9893142039703664,4.0978,1.3956,1.3421,2.4619,5.00622
2019-07-11,4.8041,26.54,84.7,98.6,3.51,0.18,7,192,2,-0.4999999999999997,-0.8660254037844388,-0.16280701293851646,-0.9866579328916572,3.7498,4.0978,2.58,2.805857142857143,4.90599
2019-07-12,5.5246,27.41,79.16,94.41,3.43,0.02,7,193,2,-0.4999999999999997,-0.8660254037844388,-0.17976658572556214,-0.9837092937736098,4.8041,3.7498,2.9273,3.123585714285714,4.8274799999999995
2019-07-13,5.7703,27.52,77.4,94.7,3.8,0.01,7,194,2,-0.4999999999999997,-0.8660254037844388,-0.19667288979357622,-0.9804691603616321,5.5246,4.8041,1.8463,3.494628571428571,4.8036
2019-07-14,5.725,26.61,80.51,94.62,3.95,0.01,7,195,2,-0.4999999999999997,-0.8660254037844388,-0.2135209154397959,-0.9769384927771817,5.7703,5.5246,3.0442,4.0552,4.7838
2019-07-15,5.9242,26.69,82.34,92.11,3.21,0.52,7,196,2,-0.4999999999999997,-0.8660254037844388,-0.23030567023061196,-0.973118337233262,5.725,5.7703,1.3956,4.438171428571429,4.745016666666666
2019-07-16,5.4677,27.8,78.84,85.27,2.88,0.19,7,197,2,-0.4999999999999997,-0.8660254037844388,-0.24702218048093527,-0.9690098257244063,5.9242,5.725,4.0978,5.085114285714285,4.766186666666667
2019-07-17,6.3756,28.26,78.42,67.69,2.21,0.03,7,198,2,-0.4999999999999997,-0.8660254037844388,-0.2636654927280072,-0.9646141756912435,5.4677,5.9242,3.7498,5.2808142857142855,4.748236666666666
2019-07-18,5.9748,28.31,77.73,75.92,1.38,9.44,7,199,2,-0.4999999999999997,-0.8660254037844388,-0.2802306751992161,-0.9599326896597445,6.3756,5.4677,4.8041,5.6559285714285705,4.798133333333334
2019-07-19,5.6215,29.39,71.57,82.07,1.03,2.66,7,200,2,-0.4999999999999997,-0.8660254037844388,-0.2967128192734901,-0.9549667548552553,5.9748,6.3756,5.5246,5.823171428571428,4.77191
2019-07-20,5.5246,28.56,79.44,81.99,1.55,13.54,7,201,2,-0.4999999999999997,-0.8660254037844388,-0.3131070409358267,-0.9497178427914317,5.6215,5.9748,5.7703,5.837014285714285,4.776926666666666
2019-07-21,6.8902,28.04,79.14,57.29,2.1,0.34,7,202,2,-0.4999999999999997,-0.8660254037844388,-0.3294084822245302,-0.9441875088341994,5.5246,5.6215,5.725,5.801914285714285,4.751566666666667
2019-07-22,6.3031,28.4,77.06,69.37,2.26,0.02,7,203,2,-0.4999999999999997,-0.8660254037844388,-0.3456123126707333,-0.9383773917408642,6.8902,5.5246,5.9242,5.968371428571428,4.759393333333334
2019-07-23,6.1382,28.2,77.16,84.05,2.1,0.17,7,204,2,-0.4999999999999997,-0.8660254037844388,-0.3617137307297674,-0.9322892131745134,6.3031,6.8902,5.4677,6.0225,4.80832
2019-07-24,4.9685,28.34,76.47,98.97,2.44,17.43,7,205,2,-0.4999999999999997,-0.8660254037844388,-0.37770796520396466,-0.9259247771938499,6.1382,6.3031,6.3756,6.118285714285714,4.83667
2019-07-25,1.7988,26.98,83.25,99.84,1.74,12.33,7,206,2,-0.4999999999999997,-0.8660254037844388,-0.39359027665646645,-0.9192859697186105,4.9685,6.1382,5.9748,5.917271428571429,4.83419
2019-07-26,3.241,26.18,88.2,97.78,3.48,23.2,7,207,2,-0.4999999999999997,-0.8660254037844388,-0.4093559588156211,-0.9123747579707274,1.7988,4.9685,5.6215,5.3207,4.686236666666667
2019-07-27,3.8873,25.88,89.83,99.04,3.08,5.42,7,208,2,-0.4999999999999997,-0.8660254037844388,-0.42500033996955394,-0.9051931898913975,3.241,1.7988,5.5246,4.9806285714285705,4.628276666666667
2019-07-28,4.5864,26.59,85.9,90.75,2.43,7.23,7,209,2,-0.4999999999999997,-0.8660254037844388,-0.4405187843504952,-0.8977433935342336,3.8873,3.241,6.8902,4.746728571428571,4.574299999999999
2019-07-29,4.6625,27.39,85.2,70.36,2.55,21.0,7,210,2,-0.4999999999999997,-0.8660254037844388,-0.455906693508459,-0.8900275764346766,4.5864,3.8873,6.3031,4.4176142857142855,4.578386666666666
2019-07-30,4.452,27.69,83.03,86.69,1.54,5.43,7,211,2,-0.4999999999999997,-0.8660254037844388,-0.47115950767386394,-0.8820480249558535,4.6625,4.5864,6.1382,4.183242857142857,4.520460000000001
2019-07-31,2.3261,27.31,85.09,99.61,2.27,11.23,7,212,2,-0.4999999999999997,-0.8660254037844388,-0.4862727071086902,-0.8738071036110807,4.452,4.6625,4.9685,3.9423571428571433,4.464093333333334
2019-08-01,2.9203,25.56,88.46,93.46,3.66,3.94,8,213,2,-0.8660254037844384,-0.5000000000000004,-0.5012418134457756,-0.8653072543632061,2.3261,4.452,1.7988,3.5648714285714287,4.37023
2019-08-02,3.0842,26.92,88.22,93.06,2.84,6.27,8,214,2,-0.8660254037844384,-0.5000000000000004,-0.5160623910158526,-0.8565509959010037,2.9203,2.3261,3.241,3.725085714285714,4.328996666666667
2019-08-03,3.4584,26.41,90.42,95.01,3.2,13.01,8,215,2,-0.8660254037844384,-0.5000000000000004,-0.5307300481619331,-0.8475409228928312,3.0842,2.9203,3.8873,3.7026857142857144,4.387066666666668
2019-08-04,3.99,27.09,86.13,90.47,2.86,6.86,8,216,2,-0.8660254037844384,-0.5000000000000004,-0.5452404385406507,-0.8382797052177745,3.4584,3.0842,4.5864,3.6414142857142857,4.416346666666667
2019-08-05,5.0753,26.49,89.17,93.0,2.03,17.89,8,217,2,-0.8660254037844384,-0.5000000000000004,-0.5595892624101763,-0.828770087174504,3.99,3.4584,4.6625,3.5562142857142858,4.45177
2019-08-06,2.3983,26.55,89.74,97.55,1.91,28.35,8,218,2,-0.8660254037844384,-0.5000000000000004,-0.5737722679043243,-0.8190148866680802,5.0753,3.99,4.452,3.6151857142857144,4.559403333333334
2019-08-07,3.3917,26.47,91.35,98.17,2.26,47.34,8,219,2,-0.8660254037844384,-0.5000000000000004,-0.5877852522924734,-0.8090169943749472,2.3983,5.0753,2.3261,3.3218,4.537873333333334
2019-08-08,3.4498,26.25,88.98,98.85,1.45,76.17,8,220,2,-0.8660254037844384,-0.5000000000000004,-0.6016240632249227,-0.7987793728863648,3.3917,2.3983,2.9203,3.4740285714285717,4.60441
2019-08-09,2.6503,25.01,88.21,72.77,5.05,6.71,8,221,2,-0.8660254037844384,-0.5000000000000004,-0.6152845999633277,-0.7883050558305253,3.4498,3.3917,3.0842,3.549671428571429,4.58281
2019-08-10,5.8915,26.07,85.5,61.1,2.35,0.69,8,222,2,-0.8660254037844384,-0.5000000000000004,-0.6287628145958345,-0.7775971469736268,2.6503,3.4498,3.4584,3.4876857142857145,4.5461599999999995
2019-08-11,5.0662,26.19,85.5,81.26,2.08,0.71,8,223,2,-0.8660254037844384,-0.5000000000000004,-0.6420547132365636,-0.7666588193001592,5.8915,2.6503,3.99,3.8352714285714287,4.582406666666667
2019-08-12,3.3257,25.99,87.95,98.77,2.79,0.93,8,224,2,-0.8660254037844384,-0.5000000000000004,-0.655156357209085,-0.7554933140726804,5.0662,5.8915,5.0753,3.989014285714286,4.567126666666667
2019-08-13,1.3978,26.53,90.56,99.29,2.21,33.77,8,225,2,-0.8660254037844384,-0.5000000000000004,-0.6680638642135333,-0.7441039398713608,3.3257,5.0662,2.3983,3.739071428571428,4.48564
2019-08-14,2.0119,26.24,91.37,99.44,3.37,62.69,8,226,2,-0.8660254037844384,-0.5000000000000004,-0.6807734094770159,-0.7324940716135792,1.3978,3.3257,3.3917,3.596142857142857,4.341400000000001
2019-08-15,2.0186,25.28,86.75,82.34,4.88,28.71,8,227,2,-0.8660254037844384,-0.5000000000000004,-0.6932812268869771,-0.7206671495538615,2.0119,1.3978,3.4498,3.399028571428571,4.21099
2019-08-16,4.6022,25.62,87.22,78.58,3.63,3.07,8,228,2,-0.8660254037844384,-0.5000000000000004,-0.7055836101071774,-0.70862667826446,2.0186,2.0119,2.6503,3.1945714285714284,4.09602
2019-08-17,4.8722,26.22,87.32,80.5,2.48,1.16,8,229,2,-0.8660254037844384,-0.5000000000000004,-0.7176769136759615,-0.6963762255968726,4.6022,2.0186,5.8915,3.4734142857142856,4.036906666666666
2019-08-18,4.5761,26.3,86.68,78.0,2.03,0.42,8,230,2,-0.8660254037844384,-0.5000000000000004,-0.7295575540864876,-0.6839194216246104,4.8722,4.6022,5.0662,3.3278000000000003,4.0001533333333334
2019-08-19,3.7058,25.54,93.79,84.68,2.42,17.23,8,231,2,-0.8660254037844384,-0.5000000000000004,-0.7412220108485957,-0.6712599575675315,4.5761,4.8722,3.3257,3.257785714285714,3.9653066666666663
2019-08-20,2.4725,25.37,92.95,99.57,2.42,21.86,8,232,2,-0.8660254037844384,-0.5000000000000004,-0.7526668275320083,-0.6584015846980489,3.7058,4.5761,1.3978,3.3120857142857147,3.90468
2019-08-21,2.0059,25.5,93.58,99.04,2.51,24.24,8,233,2,-0.8660254037844384,-0.5000000000000004,-0.7638886127905429,-0.64534811322955,2.4725,3.7058,2.0119,3.465614285714286,3.7574233333333336
2019-08-22,3.0912,25.23,92.31,90.6,2.58,4.19,8,234,2,-0.8660254037844384,-0.5000000000000004,-0.7748840413670406,-0.6321034111873488,2.0059,2.4725,2.0186,3.4647571428571426,3.6141833333333335
2019-08-23,4.2684,25.67,90.79,93.48,1.61,16.76,8,235,2,-0.8660254037844384,-0.5000000000000004,-0.7856498550787144,-0.6186714032625032,3.0912,2.0059,4.6022,3.6179857142857146,3.5126166666666667
2019-08-24,3.2808,25.62,88.72,99.46,1.22,23.82,8,236,2,-0.8660254037844384,-0.5000000000000004,-0.7961828637826154,-0.6050560696488494,4.2684,3.0912,4.8722,3.5703,3.4892800000000004
2019-08-25,3.1562,24.83,95.52,99.26,3.36,27.32,8,237,2,-0.8660254037844384,-0.5000000000000004,-0.8064799463209447,-0.5912614448635782,3.2808,4.2684,4.5761,3.3429571428571427,3.5386800000000003
2019-08-26,3.4649,25.21,93.35,97.58,2.08,7.12,8,238,2,-0.8660254037844384,-0.5000000000000004,-0.8165380514459157,-0.5772916165517278,3.1562,3.2808,3.7058,3.1401142857142856,3.5358533333333337
2019-08-27,4.0421,25.83,90.15,92.02,0.97,30.57,8,239,2,-0.8660254037844384,-0.5000000000000004,-0.8263541987239094,-0.5631507242749187,3.4649,3.1562,2.4725,3.1056999999999997,3.5217733333333334
2019-08-28,3.971,25.59,90.99,81.04,2.6,0.96,8,240,2,-0.8660254037844384,-0.5000000000000004,-0.8359254794186365,-0.5488429582847199,4.0421,3.4649,2.0059,3.3299285714285713,3.5036300000000002
2019-08-29,4.5295,24.81,92.13,92.9,2.61,8.74,8,241,2,-0.8660254037844384,-0.5000000000000004,-0.8452490573530634,-0.5343725582809785,3.971,4.0421,3.0912,3.610657142857143,3.4805800000000002
2019-08-30,4.2242,26.6,84.95,90.31,1.08,13.0,8,242,2,-0.8660254037844384,-0.5000000000000004,-0.8543221697498269,-0.5197438121555157,4.5295,3.971,4.2684,3.8161285714285715,3.483163333333333
2019-08-31,4.1102,26.38,88.14,95.46,1.21,12.21,8,243,2,-0.8660254037844384,-0.5000000000000004,-0.8631421280499115,-0.5049610547215202,4.2242,4.5295,3.2808,3.809814285714286,3.5464333333333333
2019-09-01,5.334,27.23,87.84,80.2,1.51,0.6,9,244,2,-1.0,-1.8369701987210297e-16,-0.8717063187093217,-0.4900286664290594,4.1102,4.2242,3.1562,3.9283,3.5860966666666667
2019-09-02,3.8954,27.32,84.69,97.53,0.79,8.73,9,245,2,-1.0,-1.8369701987210297e-16,-0.8800122039735356,-0.4749510720670502,5.334,4.1102,3.4649,4.239414285714285,3.66109
2019-09-03,3.9586,26.18,90.31,98.17,1.28,25.77,9,246,2,-1.0,-1.8369701987210297e-16,-0.888057322629493,-0.4597327394521046,3.8954,5.334,4.0421,4.300914285714286,3.675656666666667
2019-09-04,4.7292,25.39,91.05,92.75,1.61,24.02,9,247,2,-1.0,-1.8369701987210297e-16,-0.8958392907349089,-0.4443781781046134,3.9586,3.8954,3.971,4.2889857142857135,3.67461
2019-09-05,4.1928,26.36,90.52,88.6,1.03,13.07,9,248,2,-1.0,-1.8369701987210297e-16,-0.9033558023246842,-0.4288919379124841,4.7292,3.9586,4.5295,4.3972999999999995,3.6630733333333336
2019-09-06,5.7514,27.49,88.63,70.78,1.46,4.68,9,249,2,-1.0,-1.8369701987210297e-16,-0.9106046300942162,-0.41327860778290443,4.1928,4.7292,4.2242,4.3492,3.72289
2019-09-07,5.2166,27.18,87.68,75.91,1.45,16.43,9,250,2,-1.0,-1.8369701987210297e-16,-0.9175836260593934,-0.3975428142825566,5.7514,4.1928,4.1102,4.567371428571429,3.801546666666667
2019-09-08,2.2234,25.85,91.77,99.19,1.32,88.22,9,251,2,-1.0,-1.8369701987210297e-16,-0.9242907221930934,-0.3816892202666586,5.2166,5.7514,5.334,4.725428571428572,3.8604399999999996
2019-09-09,2.1523,25.95,91.72,98.91,1.17,19.29,9,252,2,-1.0,-1.8369701987210297e-16,-0.9307239310379793,-0.3657225234972692,2.2234,5.2166,3.8954,4.281057142857143,3.84621
2019-09-10,3.5798,26.55,89.05,97.22,0.58,12.25,9,253,2,-1.0,-1.8369701987210297e-16,-0.9368813462954315,-0.34964745525122826,2.1523,2.2234,3.9586,4.032042857142857,3.72157
2019-09-11,2.4149,26.97,89.46,98.07,1.21,10.54,9,254,2,-1.0,-1.8369701987210297e-16,-0.9427611433904206,-0.33346877891818705,3.5798,2.1523,4.7292,3.9779285714285715,3.6720233333333336
2019-09-12,1.7602,25.43,96.34,99.47,1.94,54.76,9,255,2,-1.0,-1.8369701987210297e-16,-0.9483615800121716,-0.31719128858910595,2.4149,3.5798,4.1928,3.647314285714286,3.6416633333333337
2019-09-13,3.655,25.91,90.51,98.13,1.51,6.77,9,256,2,-1.0,-1.8369701987210297e-16,-0.9536809966304455,-0.300819807635668,1.7602,2.4149,5.7514,3.2998000000000003,3.6537433333333333
2019-09-14,3.0146,25.2,93.88,87.78,2.65,1.83,9,257,2,-1.0,-1.8369701987210297e-16,-0.9587178169872964,-0.2843591872810036,3.655,1.7602,5.2166,3.0003142857142855,3.7085133333333338
2019-09-15,3.911,25.93,89.83,70.4,3.2,2.13,9,258,2,-1.0,-1.8369701987210297e-16,-0.9634705485641486,-0.26781430516217486,3.0146,3.655,2.2234,2.685742857142857,3.7417133333333337
2019-09-16,3.2784,25.52,94.31,94.07,2.59,9.42,9,259,2,-1.0,-1.8369701987210297e-16,-0.9679377830240642,-0.25119006388481957,3.911,3.0146,2.1523,2.9268285714285716,3.7186733333333337
2019-09-17,1.8017,25.81,93.2,99.25,1.19,25.82,9,260,2,-1.0,-1.8369701987210297e-16,-0.9721181966290612,-0.23449138957041052,3.2784,3.911,3.5798,3.0877000000000003,3.6655466666666663
2019-09-18,2.4245,25.39,93.44,97.5,1.44,15.91,9,261,2,-1.0,-1.8369701987210297e-16,-0.9760105506323682,-0.21772323039653224,1.8017,3.2784,2.4149,2.833685714285714,3.5730666666666666
2019-09-19,4.6042,25.36,89.86,79.63,1.68,0.92,9,262,2,-1.0,-1.8369701987210297e-16,-0.9796136916454901,-0.20089055513063528,2.4245,1.8017,1.7602,2.8350571428571425,3.530356666666667
2019-09-20,4.3807,25.04,91.34,82.7,1.82,1.97,9,263,2,-1.0,-1.8369701987210297e-16,-0.9829265519799822,-0.18399835165767986,4.6042,2.4245,3.655,3.241342857142857,3.601413333333333
2019-09-21,5.1617,26.01,85.21,75.15,1.16,3.47,9,264,2,-1.0,-1.8369701987210297e-16,-0.9859481499638303,-0.1670516255021195,4.3807,4.6042,3.0146,3.345014285714286,3.6805733333333333
2019-09-22,4.4789,25.28,89.48,93.55,1.35,1.95,9,265,2,-1.0,-1.8369701987210297e-16,-0.9886775902323404,-0.15005539834465262,5.1617,4.3807,3.911,3.6517428571428567,3.7495899999999995
2019-09-23,4.2996,25.43,87.69,80.97,1.19,6.53,9,266,2,-1.0,-1.8369701987210297e-16,-0.9911140639934546,-0.13301470653419636,4.4789,5.1617,3.2784,3.7328714285714284,3.756606666666667
2019-09-24,3.5786,25.36,89.45,93.81,1.55,6.76,9,267,2,-1.0,-1.8369701987210297e-16,-0.9932568492674143,-0.11593459959550066,4.2996,4.4789,1.8017,3.878757142857143,3.7905666666666664
2019-09-25,4.4052,24.75,90.47,97.65,1.24,20.02,9,268,2,-1.0,-1.8369701987210297e-16,-0.9951053111006974,-0.09882013873287211,3.5786,4.2996,2.4245,4.1326,3.8046466666666663
2019-09-26,1.7326,23.77,92.77,99.71,2.61,20.31,9,269,2,-1.0,-1.8369701987210297e-16,-0.99665890175417,-0.08167639533042288,4.4052,3.5786,4.6042,4.415557142857144,3.8359900000000002
2019-09-27,3.0444,24.07,94.35,98.88,3.1,20.31,9,270,2,-1.0,-1.8369701987210297e-16,-0.9979171608653922,-0.06450844944931625,1.7326,4.4052,4.3807,4.005328571428572,3.759006666666666
2019-09-28,3.6235,23.43,95.72,98.27,3.0,38.2,9,271,2,-1.0,-1.8369701987210297e-16,-0.9988797155850335,-0.04732138832243232,3.0444,1.7326,5.1617,3.814428571428571,3.7281199999999997
2019-09-29,4.332,23.47,93.75,89.17,2.6,12.82,9,272,2,-1.0,-1.8369701987210297e-16,-0.9995462806873573,-0.03012030484690836,3.6235,3.0444,4.4789,3.594685714285714,3.6979200000000003
2019-09-30,5.0414,24.27,89.76,59.18,1.79,10.65,9,273,2,-1.0,-1.8369701987210297e-16,-0.9999166586547379,-0.012910296075008843,4.332,3.6235,4.2996,3.5736999999999997,3.7015133333333328
2019-10-01,5.5932,24.52,91.81,64.75,2.02,6.33,10,274,3,-0.8660254037844386,0.5000000000000001,-0.9999907397361901,0.004303538296243821,5.0414,4.332,3.5786,3.6796714285714285,3.7325533333333336
2019-10-02,3.4956,23.88,91.51,68.62,3.03,1.2,10,275,3,-0.8660254037844386,0.5000000000000001,-0.9997685019798909,0.021516097436222233,5.5932,5.0414,4.4052,3.9674714285714288,3.7411933333333334
2019-10-03,5.3453,24.14,85.42,15.69,1.34,0.36,10,276,3,-0.8660254037844386,0.5000000000000001,-0.9992500112396835,0.03872228089217399,3.4956,5.5932,1.7326,3.8375285714285714,3.7278666666666664
2019-10-04,5.6851,24.12,82.86,4.54,1.21,0.06,10,277,3,-0.8660254037844386,0.5000000000000001,-0.9984354211555643,0.05591699010060302,5.3453,3.4956,3.0444,4.353628571428572,3.77409
2019-10-05,5.4257,24.02,80.63,12.68,0.98,0.0,10,278,3,-0.8660254037844386,0.5000000000000001,-0.9973249731081555,0.07309512989807776,5.6851,5.3453,3.6235,4.730871428571429,3.8059533333333335
2019-10-06,5.3755,23.82,80.63,19.18,1.07,0.14,10,279,3,-0.8660254037844386,0.5000000000000001,-0.9959189961471792,0.0902516100310407,5.4257,5.6851,4.332,4.988328571428572,3.8470500000000003
2019-10-07,5.226,23.65,83.36,25.79,1.25,0.0,10,280,3,-0.8660254037844386,0.5000000000000001,-0.994217906893952,0.10738134666416306,5.3755,5.4257,5.0414,5.1373999999999995,3.83452
2019-10-08,5.808,22.79,84.38,9.48,1.49,0.0,10,281,3,-0.8660254037844386,0.5000000000000001,-0.9922222094179324,0.12447926388678869,5.226,5.3755,5.5932,5.163771428571429,3.8348333333333335
2019-10-09,5.694,22.7,83.26,3.73,1.27,0.05,10,282,3,-0.8660254037844386,0.5000000000000001,-0.989932495087353,0.141540295217043,5.808,5.226,3.4956,5.194457142857142,3.95432
2019-10-10,5.5423,22.58,82.51,7.66,1.11,0.04,10,283,3,-0.8660254037844386,0.5000000000000001,-0.9873494423939864,0.15855938510313475,5.694,5.808,5.3453,5.508514285714286,4.072376666666667
2019-10-11,5.4792,22.63,79.58,14.04,1.08,0.0,10,284,3,-0.8660254037844386,0.5000000000000001,-0.9844738167520923,0.17553149042142777,5.5423,5.694,5.6851,5.536657142857143,4.137793333333333
2019-10-12,4.7342,22.93,77.73,33.05,0.98,0.0,10,285,3,-0.8660254037844386,0.5000000000000001,-0.9813064702716093,0.19245158197082995,5.4792,5.5423,5.4257,5.507242857142857,4.239936666666667
2019-10-13,5.7331,23.1,75.64,1.66,0.9,0.05,10,286,3,-0.8660254037844386,0.5000000000000001,-0.9778483415056567,0.20931464596304888,4.7342,5.4792,5.3755,5.408457142857143,4.33907
2019-10-14,5.43,22.63,72.57,6.36,1.18,0.0,10,287,3,-0.8660254037844386,0.5000000000000001,-0.9741004551724206,0.22611568550828803,5.7331,4.7342,5.226,5.459542857142857,4.40834
2019-10-15,5.3556,22.51,75.22,2.19,1.16,0.0,10,288,3,-0.8660254037844386,0.5000000000000001,-0.970063921851507,0.2428497220959358,5.43,5.7331,5.808,5.488685714285714,4.488853333333333
2019-10-16,5.2332,22.41,74.44,10.5,0.78,0.0,10,289,3,-0.8660254037844386,0.5000000000000001,-0.965739937654855,0.25951179706979943,5.3556,5.43,5.694,5.424057142857143,4.537006666666667
2019-10-17,4.9174,22.13,76.65,20.87,1.08,0.0,10,290,3,-0.8660254037844386,0.5000000000000001,-0.9611297838723007,0.27609697309746883,5.2332,5.3556,5.5423,5.358228571428571,4.602166666666666
2019-10-18,4.3279,22.83,82.49,35.07,0.81,0.18,10,291,3,-0.8660254037844386,0.5000000000000001,-0.9562348265919058,0.2926003356333479,4.9174,5.2332,5.4792,5.2689571428571425,4.7060233333333334
2019-10-19,1.8583,23.17,86.52,99.31,0.81,4.03,10,292,3,-0.8660254037844386,0.5000000000000001,-0.9510565162951536,0.30901699437494723,4.3279,4.9174,4.7342,5.1044857142857145,4.76947
2019-10-20,1.3898,22.4,88.85,99.21,1.17,11.97,10,293,3,-0.8660254037844386,0.5000000000000001,-0.9455963874271428,0.3253420847119795,1.8583,4.3279,5.7331,4.693642857142857,4.67794
2019-10-21,2.5555,22.48,86.88,99.37,1.25,0.38,10,294,3,-0.8660254037844386,0.5000000000000001,-0.9398560579418953,0.341570769167856,1.3898,1.8583,5.43,4.073171428571428,4.578243333333333
2019-10-22,2.9424,21.86,82.96,99.3,1.2,0.01,10,295,3,-0.8660254037844386,0.5000000000000001,-0.9338372288229252,0.35769823883312546,2.5555,1.3898,5.3556,3.662528571428571,4.49137
2019-10-23,1.5854,20.84,78.57,99.21,1.66,0.01,10,296,3,-0.8660254037844386,0.5000000000000001,-0.9275416835791965,0.3737197147904692,2.9424,2.5555,5.2332,3.317785714285715,4.440153333333333
2019-10-24,4.0654,20.83,80.92,90.27,2.07,0.32,10,297,3,-0.8660254037844386,0.5000000000000001,-0.9209712877166347,0.38963044953078774,1.5854,2.9424,4.9174,2.796671428571429,4.34968
2019-10-25,3.6782,20.35,87.16,99.06,2.51,0.04,10,298,3,-0.8660254037844386,0.5000000000000001,-0.9141279881853337,0.4054257283599973,4.0654,1.5854,4.3279,2.6749571428571426,4.365906666666667
2019-10-26,2.287,21.15,83.48,99.38,1.13,0.1,10,299,3,-0.8660254037844386,0.5000000000000001,-0.9070138128026362,0.42110087079608916,3.6782,4.0654,1.8583,2.582142857142857,4.341673333333333
2019-10-27,3.1435,21.99,85.12,99.47,0.89,1.34,10,300,3,-0.8660254037844386,0.5000000000000001,-0.8996308696522434,0.4366512319560638,2.287,3.6782,1.3898,2.6433857142857144,4.360153333333333
2019-10-28,4.3334,21.83,84.65,67.21,1.09,2.19,10,301,3,-0.8660254037844386,0.5000000000000001,-0.8919813464595487,0.45207220393230374,3.1435,2.287,2.5555,2.8939142857142857,4.363456666666667
2019-10-29,4.0524,22.38,80.32,75.18,1.06,0.24,10,302,3,-0.8660254037844386,0.5000000000000001,-0.8840675099433637,0.46735921715800205,4.3334,3.1435,2.9424,3.1479,4.3871199999999995
2019-10-30,3.978,22.75,76.26,75.47,0.92,0.21,10,303,3,-0.8660254037844386,0.5000000000000001,-0.8758917051442433,0.48250774176121763,4.0524,4.3334,1.5854,3.3064714285714283,4.3778
2019-10-31,4.1909,22.2,78.25,46.48,1.08,0.0,10,304,3,-0.8660254037844386,0.5000000000000001,-0.8674563547295971,0.4975132889071803,3.978,4.0524,4.0654,3.648271428571428,4.3423533333333335
2019-11-01,3.7409,22.33,78.3,52.71,0.85,0.29,11,305,3,-0.5000000000000004,0.8660254037844384,-0.858763958275803,0.5123714121284235,4.1909,3.978,3.6782,3.6661999999999995,4.29561
2019-11-02,3.5237,22.75,76.7,82.25,0.77,0.0,11,306,3,-0.5000000000000004,0.8660254037844384,-0.8498170915275277,0.5270777086423724,3.7409,4.1909,2.287,3.675157142857143,4.303786666666666
2019-11-03,2.425,22.41,78.77,98.07,0.77,0.0,11,307,3,-0.5000000000000004,0.8660254037844384,-0.8406184056344783,0.5416278206559811,3.5237,3.7409,3.1435,3.851828571428571,4.2430666666666665
2019-11-04,3.8573,22.09,78.9,34.1,1.02,0.0,11,308,3,-0.5000000000000004,0.8660254037844384,-0.8311706263658079,0.5560174366570446,2.425,3.5237,4.3334,3.7491857142857143,4.1343966666666665
2019-11-05,3.9965,22.03,79.07,7.3,1.16,0.0,11,309,3,-0.5000000000000004,0.8660254037844384,-0.8214765533024145,0.5702422926917867,3.8573,2.425,4.0524,3.681171428571428,4.082116666666667
2019-11-06,4.1801,21.1,75.5,12.06,1.04,0.0,11,310,3,-0.5000000000000004,0.8660254037844384,-0.8115390590073611,0.5842981736283683,3.9965,3.8573,3.978,3.6731857142857143,4.03615
2019-11-07,4.2732,20.61,78.22,26.05,1.41,0.15,11,311,3,-0.5000000000000004,0.8660254037844384,-0.801361088174677,0.5981809144059159,4.1801,3.9965,4.1909,3.702057142857143,4.001286666666666
2019-11-08,4.3162,20.61,78.29,54.96,1.27,0.08,11,312,3,-0.5000000000000004,0.8660254037844384,-0.7909456567567774,0.6118864012687242,4.2732,4.1801,3.7409,3.7138142857142857,3.950126666666667
2019-11-09,4.1366,19.83,79.89,18.77,1.45,0.0,11,313,3,-0.5000000000000004,0.8660254037844384,-0.780295851070776,0.6254105729852457,4.3162,4.2732,3.5237,3.7960000000000003,3.9042000000000003
2019-11-10,4.6054,19.62,84.16,0.61,1.41,0.0,11,314,3,-0.5000000000000004,0.8660254037844384,-0.7694148268839381,0.6387494220515268,4.1366,4.3162,2.425,3.8835571428571427,3.857343333333333
2019-11-11,4.5641,19.55,77.98,0.0,1.42,0.0,11,315,3,-0.5000000000000004,0.8660254037844384,-0.7583058084785625,0.6518989958787125,4.6054,4.1366,3.8573,4.195042857142857,3.8282166666666666
2019-11-12,4.512,20.1,70.66,2.5,0.93,0.0,11,316,3,-0.5000000000000004,0.8660254037844384,-0.7469720876965551,0.6648553979642866,4.5641,4.6054,3.9965,4.296014285714286,3.8225466666666668
2019-11-13,4.434,19.61,78.1,26.2,1.28,0.0,11,317,3,-0.5000000000000004,0.8660254037844384,-0.7354170229639858,0.6776147890466887,4.512,4.5641,4.1801,4.369657142857142,3.7818433333333332
2019-11-14,4.579,19.08,75.47,10.21,1.31,0.0,11,318,3,-0.5000000000000004,0.8660254037844384,-0.7236440382959124,0.690173388242972,4.434,4.512,4.2732,4.405928571428571,3.7486433333333333
2019-11-15,4.6615,18.13,76.5,7.68,1.06,0.0,11,319,3,-0.5000000000000004,0.8660254037844384,-0.711656622281775,0.7025274741691566,4.579,4.434,4.3162,4.4496142857142855,3.7227566666666667
2019-11-16,4.4707,18.3,74.57,1.11,1.13,0.0,11,320,3,-0.5000000000000004,0.8660254037844384,-0.6994583270516471,0.7146733860429608,4.6615,4.579,4.1366,4.498942857142857,3.7037
2019-11-17,4.6567,18.86,73.33,0.35,1.22,0.0,11,321,3,-0.5000000000000004,0.8660254037844384,-0.6870527672236675,0.7266075247685652,4.4707,4.6615,4.6054,4.546671428571429,3.6888099999999997
2019-11-18,4.6992,18.21,75.06,9.26,1.38,0.0,11,322,3,-0.5000000000000004,0.8660254037844384,-0.6744436188329457,0.7383263540031063,4.6567,4.4707,4.5641,4.553999999999999,3.69977
2019-11-19,4.4645,17.85,74.51,23.67,1.06,0.0,11,323,3,-0.5000000000000004,0.8660254037844384,-0.661634618242279,0.749826401204568,4.6992,4.6567,4.512,4.573299999999999,3.7944666666666667
2019-11-20,4.2598,18.47,76.3,44.2,0.97,0.0,11,324,3,-0.5000000000000004,0.8660254037844384,-0.6486295610349818,0.7611042586607742,4.4645,4.6992,4.434,4.566514285714286,3.8969566666666666
2019-11-21,4.4878,17.81,81.93,17.64,1.16,0.0,11,325,3,-0.5000000000000004,0.8660254037844384,-0.6354323008901775,0.7721565844991641,4.2598,4.4645,4.579,4.541628571428571,3.9537666666666667
2019-11-22,4.3495,18.1,82.32,13.22,1.1,0.0,11,326,3,-0.5000000000000004,0.8660254037844384,-0.622046748440868,0.7829801036770624,4.4878,4.2598,4.6615,4.5286,4.00528
2019-11-23,4.2984,18.26,79.69,9.74,1.31,0.0,11,327,3,-0.5000000000000004,0.8660254037844384,-0.6084768701151264,0.7935716089521472,4.3495,4.4878,4.4707,4.4840285714285715,4.097416666666667
2019-11-24,4.0116,17.08,80.24,53.78,1.17,0.0,11,328,3,-0.5000000000000004,0.8660254037844384,-0.594726686960764,0.8039279618328208,4.2984,4.3495,4.6567,4.459414285714286,4.105183333333334
2019-11-25,3.8328,18.03,76.14,65.53,1.43,0.0,11,329,3,-0.5000000000000004,0.8660254037844384,-0.5808002734538013,0.8140460935082175,4.0116,4.2984,4.6992,4.367257142857143,4.116296666666667
2019-11-26,4.2718,18.15,76.47,15.65,1.31,0.0,11,330,3,-0.5000000000000004,0.8660254037844384,-0.5667017562911184,0.8239230057575536,3.8328,4.0116,4.4645,4.243485714285714,4.167823333333333
2019-11-27,4.3334,18.72,80.56,1.46,1.27,0.0,11,331,3,-0.5000000000000004,0.8660254037844384,-0.5524353131676203,0.8335557718385695,4.2718,3.8328,4.2598,4.2159571428571425,4.205433333333334
2019-11-28,4.3253,19.15,81.22,2.9,1.45,0.0,11,332,3,-0.5000000000000004,0.8660254037844384,-0.5380051715382992,0.8429415373547832,4.3334,4.2718,4.4878,4.226471428571428,4.205433333333334
2019-11-29,3.7198,18.76,82.16,6.28,0.84,0.0,11,333,3,-0.5000000000000004,0.8660254037844384,-0.5234156073655503,0.8520775211013093,4.3253,4.3334,4.3495,4.203257142857143,4.21453
2019-11-30,3.7822,18.83,81.79,18.95,1.21,0.0,11,334,3,-0.5000000000000004,0.8660254037844384,-0.5086709438521042,0.8609610158889945,3.7198,4.3253,4.2984,4.113300000000001,4.205923333333334
2019-12-01,3.197,19.27,80.26,62.78,1.1,0.0,12,335,0,-2.4492935982947064e-16,1.0,-0.49377555015997737,0.8695893893466109,3.7822,3.7198,4.0116,4.039557142857143,4.1922999999999995
2019-12-02,3.1853,19.44,82.91,25.65,1.29,0.0,12,336,0,-2.4492935982947064e-16,1.0,-0.4787338401157883,0.8779600847008883,3.197,3.7822,3.8328,3.9231857142857143,4.17417
2019-12-03,3.9763,17.56,82.9,3.78,1.45,0.0,12,337,0,-2.4492935982947064e-16,1.0,-0.4635502709028512,0.8860706215341378,3.1853,3.197,4.2718,3.8306857142857145,4.16289
2019-12-04,4.3932,15.99,72.1,12.06,1.55,0.0,12,338,0,-2.4492935982947064e-16,1.0,-0.4482293417404106,0.893918596519257,3.9763,3.1853,4.3334,3.788471428571428,4.2146
2019-12-05,4.2538,14.47,69.57,66.13,1.55,0.0,12,339,0,-2.4492935982947064e-16,1.0,-0.4327755925504317,0.9015016841318838,4.3932,3.9763,4.3253,3.7970142857142863,4.2324633333333335
2019-12-06,4.0406,14.94,74.34,62.28,1.25,0.0,12,340,0,-2.4492935982947064e-16,1.0,-0.41719360261231697,0.9088176373395028,4.2538,4.3932,3.7198,3.7868,4.24104
2019-12-07,3.6538,16.4,76.47,51.06,1.17,0.0,12,341,0,-2.4492935982947064e-16,1.0,-0.4014879892059737,0.9158642882672868,4.0406,4.2538,3.7822,3.8326285714285717,4.23639
2019-12-08,3.8892,16.67,80.83,3.35,1.08,0.0,12,342,0,-2.4492935982947064e-16,1.0,-0.38566340624360745,0.9226395488404875,3.6538,4.0406,3.197,3.8142857142857145,4.215743333333333
2019-12-09,3.793,16.99,80.11,5.54,1.05,0.0,12,343,0,-2.4492935982947064e-16,1.0,-0.3697245428906732,0.9291414114031743,3.8892,3.6538,3.1853,3.9131714285714287,4.20151
2019-12-10,3.4644,16.96,78.47,2.35,0.94,0.0,12,344,0,-2.4492935982947064e-16,1.0,-0.35367612217637207,0.935367949313148,3.793,3.8892,3.9763,3.9999857142857143,4.190056666666667
2019-12-11,3.7373,17.72,79.07,14.81,1.24,0.0,12,345,0,-2.4492935982947064e-16,1.0,-0.33752289959411347,0.941317317512847,3.4644,3.793,4.3932,3.9268571428571435,4.152023333333334
2019-12-12,1.9766,17.87,79.67,86.61,2.95,0.21,12,346,0,-2.4492935982947064e-16,1.0,-0.32126966169236515,0.9469877530760751,3.7373,3.4644,4.2538,3.8331571428571425,4.124463333333333
2019-12-13,3.119,17.82,87.63,47.68,2.97,6.3,12,347,0,-2.4492935982947064e-16,1.0,-0.3049212246562894,0.9523775757303973,1.9766,3.7373,4.0406,3.5078428571428573,4.03995
2019-12-14,2.9071,19.03,85.16,50.89,1.14,1.3,12,348,0,-2.4492935982947064e-16,1.0,-0.2884824328806098,0.9574851883550389,3.119,1.9766,3.6538,3.376185714285714,3.9961166666666665
2019-12-15,1.4642,17.69,88.77,82.83,1.75,2.9,12,349,0,-2.4492935982947064e-16,1.0,-0.27195815753410524,0.9623090774541487,2.9071,3.119,3.8892,3.2695142857142856,3.940386666666667
2019-12-16,2.3964,15.65,84.32,67.3,2.0,0.25,12,350,0,-2.4492935982947064e-16,1.0,-0.2553532951161881,0.9668478136052773,1.4642,2.9071,3.793,2.9230857142857145,3.83381
2019-12-17,2.6311,14.12,81.84,46.36,1.79,0.13,12,351,0,-2.4492935982947064e-16,1.0,-0.23867276600594997,0.9711000518829505,2.3964,1.4642,3.4644,2.7235714285714288,3.7646666666666673
2019-12-18,3.0468,12.68,77.51,40.39,1.58,0.0,12,352,0,-2.4492935982947064e-16,1.0,-0.22192151300416674,0.9750645322571945,2.6311,2.3964,3.7373,2.6045285714285713,3.697146666666667
2019-12-19,3.2902,13.9,75.25,35.06,1.46,0.0,12,353,0,-2.4492935982947064e-16,1.0,-0.20510449986861926,0.9787400799669153,3.0468,2.6311,1.9766,2.5058857142857143,3.6420666666666666
2019-12-20,4.1364,14.76,69.04,48.9,1.21,0.0,12,354,0,-2.4492935982947064e-16,1.0,-0.1882267098432439,0.9821256058680006,3.2902,3.0468,3.119,2.6935428571428575,3.6029233333333335
2019-12-21,3.899,15.61,70.98,48.33,1.09,0.0,12,355,0,-2.4492935982947064e-16,1.0,-0.1712931441814778,0.9852201067560606,4.1364,3.2902,2.9071,2.838885714285714,3.5988100000000003
2019-12-22,4.0963,16.09,71.91,14.94,1.14,0.0,12,356,0,-2.4492935982947064e-16,1.0,-0.154308820664281,0.9880226656636976,3.899,4.1364,1.4642,2.980585714285714,3.5791833333333334
2019-12-23,3.7898,16.1,74.96,20.02,1.23,0.0,12,357,0,-2.4492935982947064e-16,1.0,-0.13727877211326517,0.9905324521322227,4.0963,3.899,2.3964,3.3566000000000003,3.570743333333333
2019-12-24,2.7612,17.54,81.76,65.15,1.45,0.78,12,358,0,-2.4492935982947064e-16,1.0,-0.12020804489935275,0.9927487224577402,3.7898,4.0963,2.6311,3.555657142857143,3.5537900000000002
2019-12-25,1.5955,17.73,86.59,89.56,1.33,0.56,12,359,0,-2.4492935982947064e-16,1.0,-0.10310169744743544,0.9946708199115211,2.7612,3.7898,3.0468,3.574242857142857,3.51211
2019-12-26,3.8923,15.02,75.51,22.1,2.3,0.0,12,360,0,-2.4492935982947064e-16,1.0,-0.0859647987374467,0.9962981749346077,1.5955,2.7612,3.2902,3.3669142857142864,3.4375333333333336
2019-12-27,4.361,10.36,60.48,10.46,2.1,0.0,12,361,0,-2.4492935982947064e-16,1.0,-0.06880242680232064,0.9976303053065857,3.8923,1.5955,4.1364,3.4529285714285716,3.4248833333333333
2019-12-28,4.3807,9.66,61.38,11.25,1.48,0.0,12,362,0,-2.4492935982947064e-16,1.0,-0.05161966722325418,0.9986668162884759,4.361,3.8923,3.899,3.485014285714286,3.4258033333333335
2019-12-29,3.6324,10.65,57.95,68.8,1.15,0.0,12,363,0,-2.4492935982947064e-16,1.0,-0.034421611622745804,0.9994074007397048,4.3807,4.361,4.0963,3.553828571428572,3.42765
2019-12-30,4.0152,11.66,59.49,30.77,1.5,0.0,12,364,0,-2.4492935982947064e-16,1.0,-0.01721335615583528,0.9998518392091162,3.6324,4.3807,3.7898,3.487557142857143,3.424736666666667
2019-12-31,1.6529,12.76,73.03,78.45,1.69,2.27,12,365,0,-2.4492935982947064e-16,1.0,6.432490598706546e-16,1.0,4.0152,3.6324,2.7612,3.519757142857143,3.4325033333333335
2020-01-01,1.873,14.74,87.81,85.52,1.75,6.0,1,1,0,0.49999999999999994,0.8660254037844387,0.017213356155834685,0.9998518392091162,1.6529,4.0152,1.5955,3.3614285714285717,3.3810333333333333
2020-01-02,2.2543,14.72,88.66,77.39,2.37,13.23,1,2,0,0.49999999999999994,0.8660254037844387,0.03442161162274574,0.9994074007397048,1.873,1.6529,3.8923,3.401071428571428,3.3372900000000003
2020-01-03,2.2075,15.63,85.52,80.23,1.88,2.31,1,3,0,0.49999999999999994,0.8660254037844387,0.051619667223253764,0.998666816288476,2.2543,1.873,4.361,3.1670714285714285,3.2798900000000004
2020-01-04,3.449,14.98,81.56,51.86,1.4,0.0,1,4,0,0.49999999999999994,0.8660254037844387,0.06880242680231986,0.9976303053065857,2.2075,2.2543,4.3807,2.859428571428571,3.2070333333333334
2020-01-05,3.5549,12.76,75.81,36.28,1.91,0.0,1,5,0,0.49999999999999994,0.8660254037844387,0.08596479873744647,0.9962981749346078,3.449,2.2075,3.6324,2.726328571428571,3.1802066666666664
2020-01-06,4.4971,13.37,68.37,4.91,1.32,0.0,1,6,0,0.49999999999999994,0.8660254037844387,0.10310169744743485,0.9946708199115211,3.5549,3.449,4.0152,2.715257142857143,3.164016666666667
2020-01-07,4.2799,15.27,64.69,61.55,1.45,0.0,1,7,0,0.49999999999999994,0.8660254037844387,0.1202080448993527,0.9927487224577402,4.4971,3.5549,1.6529,2.7841,3.192126666666667
2020-01-08,2.4125,14.75,91.67,70.27,2.32,7.99,1,8,0,0.49999999999999994,0.8660254037844387,0.13727877211326478,0.9905324521322229,4.2799,4.4971,1.873,3.1593857142857145,3.20515
2020-01-09,3.9158,13.36,77.4,29.02,2.39,0.25,1,9,0,0.49999999999999994,0.8660254037844387,0.15430882066428117,0.9880226656636976,2.4125,4.2799,2.2543,3.236457142857143,3.1591333333333336
2020-01-10,4.6978,9.56,73.43,30.55,1.6,0.0,1,10,0,0.49999999999999994,0.8660254037844387,0.1712931441814776,0.9852201067560606,3.9158,2.4125,2.2075,3.4738142857142855,3.17418
2020-01-11,4.8026,10.05,68.82,6.81,1.13,0.0,1,11,0,0.49999999999999994,0.8660254037844387,0.1882267098432442,0.9821256058680006,4.6978,3.9158,3.449,3.829571428571428,3.2061966666666666
2020-01-12,4.793,13.88,49.95,3.35,0.91,0.0,1,12,0,0.49999999999999994,0.8660254037844387,0.2051044998686192,0.9787400799669153,4.8026,4.6978,3.5549,4.022942857142857,3.3003966666666664
2020-01-13,4.7698,15.88,56.96,3.96,1.53,0.0,1,13,0,0.49999999999999994,0.8660254037844387,0.2219215130041655,0.9750645322571948,4.793,4.8026,4.4971,4.199814285714286,3.356196666666667
2020-01-14,3.6643,16.89,66.5,21.77,1.28,0.0,1,14,0,0.49999999999999994,0.8660254037844387,0.2386727660059501,0.9711000518829505,4.7698,4.793,4.2799,4.238771428571429,3.4182866666666665
2020-01-15,3.492,17.17,69.06,54.36,1.67,0.0,1,15,0,0.49999999999999994,0.8660254037844387,0.255353295116187,0.9668478136052775,3.6643,4.7698,2.4125,4.150828571428571,3.4916233333333335
2020-01-16,2.7629,17.97,71.61,71.92,3.09,0.12,1,16,0,0.49999999999999994,0.8660254037844387,0.2719581575341055,0.9623090774541486,3.492,3.6643,3.9158,4.3050428571428565,3.528143333333333
2020-01-17,3.3461,16.82,79.48,60.06,0.95,0.34,1,17,0,0.49999999999999994,0.8660254037844387,0.288482432880609,0.9574851883550393,2.7629,3.492,4.6978,4.1403428571428575,3.5325366666666667
2020-01-18,3.3125,16.48,75.96,38.37,1.29,0.25,1,18,0,0.49999999999999994,0.8660254037844387,0.30492122465628907,0.9523775757303974,3.3461,2.7629,4.8026,3.9472428571428573,3.5425133333333334
2020-01-19,3.6161,14.14,73.21,69.37,2.25,0.04,1,19,0,0.49999999999999994,0.8660254037844387,0.3212696616923644,0.9469877530760753,3.3125,3.3461,4.793,3.7343714285714285,3.5432566666666667
2020-01-20,4.6802,12.73,67.07,40.2,1.29,0.0,1,20,0,0.49999999999999994,0.8660254037844387,0.3375228995941133,0.9413173175128471,3.6161,3.3125,4.7698,3.566242857142857,3.5259133333333335
2020-01-21,3.913,16.76,66.25,41.73,1.56,0.04,1,21,0,0.49999999999999994,0.8660254037844387,0.3536761221763716,0.9353679493131483,4.6802,3.6161,3.6643,3.553442857142857,3.551953333333334
2020-01-22,2.1062,17.67,81.58,63.72,1.51,3.61,1,22,0,0.49999999999999994,0.8660254037844387,0.3697245428906731,0.9291414114031743,3.913,4.6802,3.492,3.588971428571429,3.545843333333333
2020-01-23,4.7258,16.24,72.74,11.28,2.09,1.08,1,23,0,0.49999999999999994,0.8660254037844387,0.38566340624360707,0.9226395488404876,2.1062,3.913,2.7629,3.3910000000000005,3.489723333333333
2020-01-24,5.1502,14.27,55.39,18.09,1.56,0.0,1,24,0,0.49999999999999994,0.8660254037844387,0.401487989205973,0.9158642882672872,4.7258,2.1062,3.3461,3.6714142857142855,3.55521
2020-01-25,5.046,15.54,54.47,5.42,1.52,0.0,1,25,0,0.49999999999999994,0.8660254037844387,0.4171936026123168,0.9088176373395029,5.1502,4.7258,3.3125,3.929142857142857,3.6736999999999997
2020-01-26,5.0748,15.03,57.74,7.98,1.71,0.0,1,26,0,0.49999999999999994,0.8660254037844387,0.4327755925504312,0.901501684131884,5.046,5.1502,3.6161,4.176785714285714,3.7121566666666665
2020-01-27,4.2134,17.92,56.58,50.39,1.86,0.0,1,27,0,0.49999999999999994,0.8660254037844387,0.4482293417404106,0.893918596519257,5.0748,5.046,4.6802,4.385171428571428,3.73595
2020-01-28,4.4966,19.1,59.53,40.12,3.2,0.03,1,28,0,0.49999999999999994,0.8660254037844387,0.4635502709028509,0.886070621534138,4.2134,5.0748,3.913,4.318485714285714,3.7303733333333335
2020-01-29,3.6194,15.95,70.89,46.64,1.85,0.35,1,29,0,0.49999999999999994,0.8660254037844387,0.47873384011578846,0.8779600847008882,4.4966,4.2134,2.1062,4.401857142857143,3.7591799999999997
2020-01-30,4.7986,13.6,63.28,7.75,2.05,0.0,1,30,0,0.49999999999999994,0.8660254037844387,0.49377555015997715,0.869589389346611,3.6194,4.4966,4.7258,4.618028571428572,3.745986666666667
2020-01-31,5.2673,14.0,53.92,2.78,1.33,0.0,1,31,0,0.49999999999999994,0.8660254037844387,0.5086709438521044,0.8609610158889943,4.7986,3.6194,5.1502,4.628428571428572,3.850843333333333
2020-02-01,5.1694,14.38,55.7,2.64,2.1,0.0,2,32,0,0.8660254037844386,0.5000000000000001,0.5234156073655503,0.8520775211013093,5.2673,4.7986,5.046,4.645157142857143,3.9639866666666665
2020-02-02,5.215,13.87,56.73,0.74,1.93,0.0,2,33,0,0.8660254037844386,0.5000000000000001,0.5380051715382996,0.8429415373547828,5.1694,5.2673,5.0748,4.662785714285714,4.061156666666666
2020-02-03,4.8019,15.6,60.61,12.98,1.69,0.09,2,34,0,0.8660254037844386,0.5000000000000001,0.5524353131676196,0.8335557718385699,5.215,5.1694,4.2134,4.6828142857142865,4.161406666666667
2020-02-04,2.3239,15.9,81.72,57.05,2.26,6.43,2,35,0,0.8660254037844386,0.5000000000000001,0.5667017562911176,0.8239230057575542,4.8019,5.215,4.4966,4.766885714285714,4.206503333333333
2020-02-05,4.8533,16.94,72.27,32.74,1.51,0.28,2,36,0,0.8660254037844386,0.5000000000000001,0.5808002734538009,0.8140460935082178,2.3239,4.8019,3.6194,4.4565,4.16547
2020-02-06,4.2996,17.97,66.08,25.82,1.28,0.01,2,37,0,0.8660254037844386,0.5000000000000001,0.5947266869607634,0.8039279618328213,4.8533,2.3239,4.7986,4.632771428571429,4.177343333333334
2020-02-07,4.2804,17.94,75.39,7.86,1.77,1.01,2,38,0,0.8660254037844386,0.5000000000000001,0.6084768701151261,0.7935716089521474,4.2996,4.8533,5.2673,4.561485714285714,4.178
2020-02-08,5.0153,14.78,60.78,2.72,2.85,0.02,2,39,0,0.8660254037844386,0.5000000000000001,0.6220467484408675,0.7829801036770629,4.2804,4.2996,5.1694,4.4205,4.240263333333334
2020-02-09,5.6138,13.4,56.17,1.15,1.84,0.0,2,40,0,0.8660254037844386,0.5000000000000001,0.6354323008901774,0.7721565844991642,5.0153,4.2804,5.215,4.398485714285714,4.276913333333334
2020-02-10,5.3714,14.59,50.18,1.85,1.37,0.0,2,41,0,0.8660254037844386,0.5000000000000001,0.6486295610349814,0.7611042586607747,5.6138,5.0153,4.8019,4.455457142857143,4.307446666666666
2020-02-11,5.2138,16.09,49.96,0.33,1.63,0.0,2,42,0,0.8660254037844386,0.5000000000000001,0.6616346182422783,0.7498264012045686,5.3714,5.6138,2.3239,4.536814285714286,4.326406666666667
2020-02-12,5.5054,17.19,49.95,3.15,1.65,0.0,2,43,0,0.8660254037844386,0.5000000000000001,0.6744436188329455,0.7383263540031065,5.2138,5.3714,4.8533,4.949657142857142,4.340433333333333
2020-02-13,5.4852,19.55,46.64,5.07,1.74,0.0,2,44,0,0.8660254037844386,0.5000000000000001,0.6870527672236669,0.7266075247685656,5.5054,5.2138,4.2996,5.042814285714286,4.364953333333333
2020-02-14,5.5649,18.45,55.94,0.92,2.05,0.0,2,45,0,0.8660254037844386,0.5000000000000001,0.699458327051647,0.7146733860429609,5.4852,5.5054,4.2804,5.212185714285715,4.42565
2020-02-15,5.7218,18.22,52.68,19.71,1.61,0.0,2,46,0,0.8660254037844386,0.5000000000000001,0.7116566222817746,0.7025274741691571,5.5649,5.4852,5.0153,5.3956857142857135,4.494746666666667
2020-02-16,5.8342,18.27,42.4,8.05,1.6,0.0,2,47,0,0.8660254037844386,0.5000000000000001,0.7236440382959124,0.6901733882429719,5.7218,5.5649,5.6138,5.496614285714286,4.593376666666667
2020-02-17,5.9921,17.9,42.19,0.28,1.81,0.0,2,48,0,0.8660254037844386,0.5000000000000001,0.7354170229639855,0.6776147890466889,5.8342,5.7218,5.3714,5.5281,4.676313333333334
2020-02-18,6.0322,19.27,39.11,0.68,1.48,0.0,2,49,0,0.8660254037844386,0.5000000000000001,0.7469720876965552,0.6648553979642865,5.9921,5.8342,5.2138,5.616771428571428,4.765633333333333
2020-02-19,5.4,19.92,38.23,62.33,1.68,0.0,2,50,0,0.8660254037844386,0.5000000000000001,0.7583058084785624,0.6518989958787126,6.0322,5.9921,5.5054,5.733685714285714,4.84617
2020-02-20,4.8475,20.97,45.28,40.27,2.91,0.0,2,51,0,0.8660254037844386,0.5000000000000001,0.7694148268839378,0.6387494220515272,5.4,6.0322,5.4852,5.71862857142857,4.870163333333333
2020-02-21,4.2538,22.01,52.53,47.27,3.5,0.05,2,52,0,0.8660254037844386,0.5000000000000001,0.7802958510707755,0.6254105729852464,4.8475,5.4,5.5649,5.627528571428571,4.901313333333333
2020-02-22,4.7376,22.26,62.44,16.08,1.33,0.07,2,53,0,0.8660254037844386,0.5000000000000001,0.7909456567567772,0.6118864012687243,4.2538,4.8475,5.7218,5.440228571428571,4.9729
2020-02-23,4.289,22.05,64.75,35.72,1.49,7.02,2,54,0,0.8660254037844386,0.5000000000000001,0.8013610881746766,0.5981809144059165,4.7376,4.2538,5.8342,5.299628571428571,4.9732933333333325
2020-02-24,4.7153,20.67,67.29,18.44,1.24,5.66,2,55,0,0.8660254037844386,0.5000000000000001,0.8115390590073611,0.5842981736283683,4.289,4.7376,5.9921,5.078885714285714,4.944586666666667
2020-02-25,5.0148,18.52,58.46,16.84,1.93,0.36,2,56,0,0.8660254037844386,0.5000000000000001,0.8214765533024142,0.5702422926917871,4.7153,4.289,6.0322,4.896485714285714,4.933563333333334
2020-02-26,5.3573,19.31,51.77,12.8,1.65,0.0,2,57,0,0.8660254037844386,0.5000000000000001,0.8311706263658079,0.5560174366570446,5.0148,4.7153,5.4,4.751142857142858,4.931563333333333
2020-02-27,5.5766,19.56,56.22,12.42,1.53,0.0,2,58,0,0.8660254037844386,0.5000000000000001,0.8406184056344782,0.5416278206559814,5.3573,5.0148,4.8475,4.745042857142857,4.969693333333334
2020-02-28,5.4898,20.53,53.58,27.21,1.52,0.0,2,59,0,0.8660254037844386,0.5000000000000001,0.8498170915275278,0.5270777086423722,5.5766,5.3573,4.2538,4.849200000000001,5.005693333333332
2020-02-29,4.8535,22.01,54.46,40.38,1.74,0.01,2,60,0,0.8660254037844386,0.5000000000000001,0.8587639582758029,0.5123714121284237,5.4898,5.5766,4.7376,5.025771428571429,5.06804
2020-03-01,4.5454,23.01,54.94,42.09,1.99,4.61,3,61,1,1.0,6.123233995736766e-17,0.8674563547295969,0.49751328890718066,4.8535,5.4898,4.289,5.0423285714285715,5.069869999999999
2020-03-02,5.1485,22.72,58.65,24.0,2.51,0.8,3,62,1,1.0,6.123233995736766e-17,0.8758917051442429,0.48250774176121847,4.5454,4.8535,4.7153,5.078957142857143,5.0458066666666666
2020-03-03,5.725,23.61,48.44,4.96,1.96,0.08,3,63,1,1.0,6.123233995736766e-17,0.8840675099433636,0.4673592171580022,5.1485,4.5454,5.0148,5.140842857142857,5.045109999999999
2020-03-04,5.5898,23.06,46.59,7.15,1.49,0.0,3,64,1,1.0,6.123233995736766e-17,0.8919813464595485,0.45207220393230435,5.725,5.1485,5.3573,5.2423,5.0621100000000006
2020-03-05,5.8003,22.14,44.22,9.93,1.38,0.04,3,65,1,1.0,6.123233995736766e-17,0.8996308696522433,0.43665123195606403,5.5898,5.725,5.5766,5.275514285714286,5.088373333333333
2020-03-06,5.4499,21.83,51.73,19.2,2.82,3.01,3,66,1,1.0,6.123233995736766e-17,0.9070138128026359,0.4211008707960896,5.8003,5.5898,5.4898,5.3074714285714295,5.204253333333333
2020-03-07,5.8961,22.18,54.28,17.14,1.32,0.22,3,67,1,1.0,6.123233995736766e-17,0.9141279881853337,0.40542572835999735,5.4499,5.8003,4.8535,5.301771428571429,5.22414
2020-03-08,6.521,20.9,49.06,0.32,1.94,0.0,3,68,1,1.0,6.123233995736766e-17,0.9209712877166346,0.38963044953078796,5.8961,5.4499,4.5454,5.450714285714286,5.277356666666666
2020-03-09,6.3977,21.81,45.38,5.52,1.66,0.0,3,69,1,1.0,6.123233995736766e-17,0.9275416835791966,0.37371971479046906,6.521,5.8961,5.1485,5.732942857142858,5.3520433333333335
2020-03-10,3.9778,20.64,63.84,73.34,2.61,3.26,3,70,1,1.0,6.123233995736766e-17,0.9338372288229252,0.35769823883312546,6.3977,6.521,5.725,5.9114,5.398123333333333
2020-03-11,5.478,22.55,65.7,42.47,2.81,2.67,3,71,1,1.0,6.123233995736766e-17,0.9398560579418954,0.3415707691678556,3.9778,6.3977,5.5898,5.6618,5.34359
2020-03-12,6.1356,24.33,57.6,21.33,1.48,1.74,3,72,1,1.0,6.123233995736766e-17,0.9455963874271426,0.3253420847119801,5.478,3.9778,5.8003,5.645828571428571,5.347143333333333
2020-03-13,5.5925,23.53,68.77,48.34,1.51,8.35,3,73,1,1.0,6.123233995736766e-17,0.9510565162951535,0.30901699437494745,6.1356,5.478,5.4499,5.693728571428571,5.37787
2020-03-14,6.4608,23.11,60.52,29.81,0.9,3.94,3,74,1,1.0,6.123233995736766e-17,0.9562348265919056,0.29260033563334836,5.5925,6.1356,5.8961,5.7141,5.380773333333333
2020-03-15,5.5157,20.3,50.74,48.24,1.66,0.0,3,75,1,1.0,6.123233995736766e-17,0.9611297838723007,0.27609697309746883,6.4608,5.5925,6.521,5.794771428571429,5.413293333333333
2020-03-16,6.3113,21.08,45.63,38.2,1.56,0.0,3,76,1,1.0,6.123233995736766e-17,0.9657399376548549,0.2595117970697999,5.5157,6.4608,6.3977,5.651157142857143,5.411653333333334
2020-03-17,6.7634,22.47,43.29,3.06,1.95,0.0,3,77,1,1.0,6.123233995736766e-17,0.9700639218515071,0.2428497220959356,6.3113,5.5157,3.9778,5.638814285714285,5.431303333333333
2020-03-18,6.1423,23.16,49.83,29.38,1.9,0.09,3,78,1,1.0,6.123233995736766e-17,0.9741004551724205,0.22611568550828828,6.7634,6.3113,5.478,6.036757142857143,5.462276666666667
2020-03-19,3.8978,24.54,59.64,45.14,1.85,8.81,3,79,1,1.0,6.123233995736766e-17,0.9778483415056568,0.20931464596304847,6.1423,6.7634,6.1356,6.131657142857144,5.467283333333333
2020-03-20,4.8583,24.51,56.7,68.25,2.48,0.43,3,80,1,1.0,6.123233995736766e-17,0.9813064702716093,0.19245158197082998,3.8978,6.1423,5.5925,5.811971428571428,5.396136666666667
2020-03-21,6.6619,23.93,57.46,9.88,2.24,0.16,3,81,1,1.0,6.123233995736766e-17,0.9844738167520922,0.1755314904214282,4.8583,3.8978,6.4608,5.707085714285713,5.37808
2020-03-22,6.3446,24.54,50.91,7.72,1.12,0.0,3,82,1,1.0,6.123233995736766e-17,0.9873494423939864,0.15855938510313475,6.6619,4.8583,5.5157,5.7358142857142855,5.43856
2020-03-23,5.9244,25.16,46.87,22.5,1.52,0.0,3,83,1,1.0,6.123233995736766e-17,0.989932495087353,0.141540295217043,6.3446,6.6619,6.3113,5.854228571428571,5.508253333333333
2020-03-24,6.1855,26.0,48.15,12.24,1.79,0.0,3,84,1,1.0,6.123233995736766e-17,0.9922222094179323,0.12447926388678915,5.9244,6.3446,6.7634,5.798957142857143,5.547813333333334
2020-03-25,5.9618,26.95,46.81,54.11,1.13,1.08,3,85,1,1.0,6.123233995736766e-17,0.994217906893952,0.10738134666416309,6.1855,5.9244,6.1423,5.716399999999999,5.6110299999999995
2020-03-26,5.2586,27.54,47.69,68.94,0.85,0.03,3,86,1,1.0,6.123233995736766e-17,0.995918996147179,0.09025161003104117,5.9618,6.1855,3.8978,5.690614285714285,5.65258
2020-03-27,3.192,27.94,50.51,72.9,2.46,0.83,3,87,1,1.0,6.123233995736766e-17,0.9973249731081555,0.07309512989807777,5.2586,5.9618,4.8583,5.885014285714286,5.660706666666667
2020-03-28,6.299,26.61,54.96,35.7,1.72,0.03,3,88,1,1.0,6.123233995736766e-17,0.9984354211555643,0.055916990100603484,3.192,5.2586,6.6619,5.646971428571429,5.58853
2020-03-29,6.7932,27.48,45.13,32.19,1.62,0.04,3,89,1,1.0,6.123233995736766e-17,0.9992500112396835,0.03872228089217446,6.299,3.192,6.3446,5.595128571428572,5.612610000000001
2020-03-30,7.1179,28.54,39.44,24.95,1.27,0.0,3,90,1,1.0,6.123233995736766e-17,0.9997685019798909,0.021516097436222254,6.7932,6.299,5.9244,5.6592142857142855,5.656056666666667
2020-03-31,6.5196,29.29,41.81,19.97,2.17,0.93,3,91,1,1.0,6.123233995736766e-17,0.9999907397361901,0.004303538296244289,7.1179,6.7932,6.1855,5.829714285714286,5.731536666666667
2020-04-01,6.9569,29.09,33.71,1.16,3.11,0.3,4,92,1,0.8660254037844387,-0.4999999999999998,0.9999166586547379,-0.01291029607500882,6.5196,7.1179,5.9618,5.877442857142858,5.797343333333333
2020-04-02,7.3294,27.77,28.43,0.26,2.28,0.0,4,93,1,0.8660254037844387,-0.4999999999999998,0.9995462806873573,-0.030120304846908114,6.9569,6.5196,5.2586,6.0196,5.857623333333334
2020-04-03,7.321,27.45,26.9,4.85,2.28,0.0,4,94,1,0.8660254037844387,-0.4999999999999998,0.9988797155850336,-0.04732138832243185,7.3294,6.9569,3.192,6.315428571428571,5.911103333333333
2020-04-04,6.504,28.43,27.71,14.09,1.51,0.5,4,95,1,0.8660254037844387,-0.4999999999999998,0.9979171608653922,-0.06450844944931623,7.321,7.3294,6.299,6.905285714285713,5.96881
2020-04-05,7.3459,27.78,29.56,1.3,1.55,1.3,4,96,1,0.8660254037844387,-0.4999999999999998,0.9966589017541702,-0.08167639533042241,6.504,7.321,6.7932,6.934571428571429,5.992266666666667
2020-04-06,6.7925,29.25,29.5,16.95,1.91,0.18,4,97,1,0.8660254037844387,-0.4999999999999998,0.9951053111006976,-0.09882013873287143,7.3459,6.504,7.1179,7.013528571428572,6.055466666666666
2020-04-07,6.5532,30.07,30.79,33.71,1.87,0.28,4,98,1,0.8660254037844387,-0.4999999999999998,0.9932568492674143,-0.11593459959550041,6.7925,7.3459,6.5196,6.967042857142857,6.085346666666667
2020-04-08,6.6936,29.67,23.4,21.1,2.13,0.0,4,99,1,0.8660254037844387,-0.4999999999999998,0.9911140639934547,-0.1330147065341959,6.5532,6.7925,6.9569,6.971842857142856,6.08642
2020-04-09,6.9926,28.91,24.52,32.66,1.6,0.52,4,100,1,0.8660254037844387,-0.4999999999999998,0.9886775902323405,-0.1500553983446526,6.6936,6.5532,7.3294,6.934228571428571,6.096283333333334
2020-04-10,7.289,30.02,22.63,4.51,1.35,0.0,4,101,1,0.8660254037844387,-0.4999999999999998,0.9859481499638304,-0.16705162550211924,6.9926,6.6936,7.321,6.886114285714286,6.196776666666667
2020-04-11,7.051,30.74,22.06,12.02,1.18,0.0,4,102,1,0.8660254037844387,-0.4999999999999998,0.9829265519799822,-0.18399835165768005,7.289,6.9926,6.504,6.881542857142857,6.2571433333333335
2020-04-12,7.2919,31.27,20.99,2.45,2.32,0.0,4,103,1,0.8660254037844387,-0.4999999999999998,0.9796136916454901,-0.20089055513063506,7.051,7.289,7.3459,6.959685714285714,6.287656666666667
2020-04-13,7.5871,32.43,18.67,1.87,1.78,0.0,4,104,1,0.8660254037844387,-0.4999999999999998,0.9760105506323683,-0.21772323039653177,7.2919,7.051,6.7925,6.951971428571428,6.344303333333333
2020-04-14,5.4787,32.96,19.97,64.78,0.96,0.0,4,105,1,0.8660254037844387,-0.4999999999999998,0.9721181966290613,-0.23449138957040985,7.5871,7.2919,6.5532,7.065485714285714,6.381846666666666
2020-04-15,5.315,33.02,21.58,43.91,1.77,0.03,4,106,1,0.8660254037844387,-0.4999999999999998,0.9679377830240642,-0.25119006388481935,5.4787,7.5871,6.6936,6.911985714285714,6.380613333333333
2020-04-16,7.4448,32.9,20.14,2.96,2.11,0.0,4,107,1,0.8660254037844387,-0.4999999999999998,0.9634705485641488,-0.2678143051621742,5.315,5.4787,6.9926,6.715042857142857,6.347403333333333
2020-04-17,6.3012,33.61,19.15,48.71,3.24,0.0,4,108,1,0.8660254037844387,-0.4999999999999998,0.9587178169872964,-0.2843591872810034,7.4448,5.315,7.289,6.779642857142856,6.370116666666666
2020-04-18,5.4355,32.95,23.75,59.66,1.98,0.39,4,109,1,0.8660254037844387,-0.4999999999999998,0.9536809966304457,-0.30081980763566735,6.3012,7.4448,7.051,6.638528571428572,6.375413333333333
2020-04-19,5.9635,32.61,23.74,69.8,2.78,0.01,4,110,1,0.8660254037844387,-0.4999999999999998,0.9483615800121715,-0.3171912885891061,5.4355,6.3012,7.2919,6.407742857142857,6.42667
2020-04-20,5.6606,32.05,23.32,89.99,2.02,0.0,4,111,1,0.8660254037844387,-0.4999999999999998,0.9427611433904207,-0.3334687789181868,5.9635,5.4355,7.5871,6.217971428571429,6.46351
2020-04-21,7.0598,31.2,25.18,23.12,2.33,0.0,4,112,1,0.8660254037844387,-0.4999999999999998,0.9368813462954315,-0.3496474552512284,5.6606,5.9635,5.4787,5.942757142857142,6.430133333333333
2020-04-22,6.3948,31.42,24.81,44.82,1.97,0.0,4,113,1,0.8660254037844387,-0.4999999999999998,0.9307239310379795,-0.36572252349726897,7.0598,5.6606,5.315,6.168628571428571,6.453973333333334
2020-04-23,6.0485,32.42,22.49,43.26,2.25,0.03,4,114,1,0.8660254037844387,-0.4999999999999998,0.9242907221930933,-0.3816892202666588,6.3948,7.0598,7.4448,6.322885714285715,6.469653333333333
2020-04-24,7.0238,33.02,22.8,36.01,2.3,0.02,4,115,1,0.8660254037844387,-0.4999999999999998,0.9175836260593937,-0.39754281428255595,6.0485,6.3948,6.3012,6.1234142857142855,6.465086666666667
2020-04-25,6.977,32.84,25.2,31.77,1.89,0.22,4,116,1,0.8660254037844387,-0.4999999999999998,0.9106046300942162,-0.41327860778290415,7.0238,6.0485,5.4355,6.226642857142857,6.500486666666666
2020-04-26,6.702,32.11,23.83,25.92,2.6,0.22,4,117,1,0.8660254037844387,-0.4999999999999998,0.9033558023246845,-0.4288919379124835,6.977,7.0238,5.9635,6.446857142857143,6.557766666666667
2020-04-27,6.2143,29.91,39.15,64.09,2.54,4.58,4,118,1,0.8660254037844387,-0.4999999999999998,0.895839290734909,-0.44437817810461316,6.702,6.977,5.6606,6.552357142857143,6.674766666666667
2020-04-28,6.521,29.75,39.25,30.11,2.25,1.85,4,119,1,0.8660254037844387,-0.4999999999999998,0.8880573226294932,-0.45973273945210397,6.2143,6.702,7.0598,6.631457142857142,6.671943333333334
2020-04-29,6.9082,29.89,40.05,10.72,2.35,2.07,4,120,1,0.8660254037844387,-0.4999999999999998,0.8800122039735357,-0.47495107206704995,6.521,6.2143,6.3948,6.554485714285714,6.66287
2020-04-30,6.4214,30.85,36.87,32.2,1.93,0.11,4,121,1,0.8660254037844387,-0.4999999999999998,0.8717063187093218,-0.4900286664290592,6.9082,6.521,6.0485,6.627828571428571,6.65588
2020-05-01,6.9816,31.89,30.15,33.66,2.62,0.12,5,122,1,0.49999999999999994,-0.8660254037844387,0.8631421280499114,-0.5049610547215204,6.4214,6.9082,7.0238,6.6811,6.652606666666667
2020-05-02,7.3786,32.44,25.34,23.6,2.11,0.09,5,123,1,0.49999999999999994,-0.8660254037844387,0.854322169749827,-0.5197438121555155,6.9816,6.4214,6.977,6.675071428571428,6.65343
2020-05-03,7.8017,33.11,27.37,18.53,1.63,0.0,5,124,1,0.49999999999999994,-0.8660254037844387,0.8452490573530633,-0.5343725582809786,7.3786,6.9816,6.702,6.732442857142857,6.655069999999999
2020-05-04,7.1832,33.69,28.2,37.06,2.15,0.16,5,125,1,0.49999999999999994,-0.8660254037844387,0.8359254794186372,-0.548842958284719,7.8017,7.3786,6.2143,6.889542857142858,6.671093333333333
2020-05-05,7.6637,32.13,36.45,17.46,2.92,2.77,5,126,1,0.49999999999999994,-0.8660254037844387,0.8263541987239096,-0.5631507242749186,7.1832,7.8017,6.521,7.027957142857143,6.693733333333333
2020-05-06,6.6499,32.12,32.65,64.67,2.24,0.0,5,127,1,0.49999999999999994,-0.8660254037844387,0.8165380514459161,-0.5772916165517272,7.6637,7.1832,6.9082,7.1912,6.704326666666668
2020-05-07,7.1443,32.56,29.29,49.84,2.24,0.65,5,128,1,0.49999999999999994,-0.8660254037844387,0.8064799463209448,-0.5912614448635781,6.6499,7.6637,6.4214,7.1543,6.699573333333333
2020-05-08,7.1002,33.35,31.43,29.56,2.76,0.0,5,129,1,0.49999999999999994,-0.8660254037844387,0.7961828637826158,-0.6050560696488488,7.1443,6.6499,6.9816,7.2575714285714295,6.719276666666667
2020-05-09,6.3586,33.6,30.73,55.31,2.8,1.3,5,130,1,0.49999999999999994,-0.8660254037844387,0.7856498550787147,-0.6186714032625031,7.1002,7.1443,7.3786,7.274514285714287,6.732830000000001
2020-05-10,6.4994,34.16,30.77,62.14,2.78,0.6,5,131,1,0.49999999999999994,-0.8660254037844387,0.7748840413670407,-0.6321034111873487,6.3586,7.1002,7.8017,7.1288,6.711696666666667
2020-05-11,7.4222,33.54,31.75,55.57,2.27,0.11,5,132,1,0.49999999999999994,-0.8660254037844387,0.7638886127905428,-0.6453481132295501,6.4994,6.3586,7.1832,6.942757142857142,6.6853766666666665
2020-05-12,5.4763,33.42,28.1,59.98,2.39,0.0,5,133,1,0.49999999999999994,-0.8660254037844387,0.7526668275320085,-0.6584015846980488,7.4222,6.4994,7.6637,6.9769000000000005,6.69775
2020-05-13,6.1469,33.84,28.79,44.73,2.4,0.07,5,134,1,0.49999999999999994,-0.8660254037844387,0.7412220108485958,-0.6712599575675313,5.4763,7.4222,6.6499,6.664414285714286,6.637230000000001
2020-05-14,6.647,34.85,31.07,52.43,1.82,0.88,5,135,1,0.49999999999999994,-0.8660254037844387,0.7295575540864875,-0.6839194216246106,6.1469,5.4763,7.1443,6.592557142857143,6.589223333333334
2020-05-15,6.0979,34.61,36.38,67.89,2.12,8.93,5,136,1,0.49999999999999994,-0.8660254037844387,0.717676913675962,-0.6963762255968722,6.647,6.1469,7.1002,6.521514285714285,6.628166666666667
2020-05-16,6.3737,32.84,48.01,52.72,2.31,23.38,5,137,1,0.49999999999999994,-0.8660254037844387,0.705583610107178,-0.7086266782644596,6.0979,6.647,6.3586,6.378328571428571,6.654263333333334
2020-05-17,6.6818,31.99,48.48,68.2,1.53,1.11,5,138,1,0.49999999999999994,-0.8660254037844387,0.6932812268869777,-0.7206671495538609,6.3737,6.0979,6.4994,6.380485714285714,6.6185599999999996
2020-05-18,6.3353,32.5,45.96,65.56,2.19,3.0,5,139,1,0.49999999999999994,-0.8660254037844387,0.6807734094770161,-0.7324940716135789,6.6818,6.3737,7.4222,6.406542857142857,6.631246666666667
2020-05-19,6.8777,31.27,41.93,90.34,2.36,2.37,5,140,1,0.49999999999999994,-0.8660254037844387,0.6680638642135335,-0.7441039398713607,6.3353,6.6818,5.4763,6.251271428571428,6.66124
2020-05-20,7.6548,30.99,28.61,60.1,2.97,0.0,5,141,1,0.49999999999999994,-0.8660254037844387,0.6551563572090853,-0.7554933140726803,6.8777,6.3353,6.1469,6.451471428571429,6.691713333333333
2020-05-21,8.3585,31.53,24.22,15.71,2.93,0.0,5,142,1,0.49999999999999994,-0.8660254037844387,0.6420547132365637,-0.766658819300159,7.6548,6.8777,6.647,6.666885714285714,6.758186666666668
2020-05-22,8.2356,34.4,20.92,11.22,2.5,0.0,5,143,1,0.49999999999999994,-0.8660254037844387,0.6287628145958344,-0.7775971469736269,8.3585,7.6548,6.0979,6.911385714285714,6.801476666666667
2020-05-23,7.919,35.59,21.71,2.35,1.51,0.0,5,144,1,0.49999999999999994,-0.8660254037844387,0.6152845999633276,-0.7883050558305255,8.2356,8.3585,6.3737,7.216771428571428,6.862836666666667
2020-05-24,7.5149,36.01,21.36,21.16,2.8,0.0,5,145,1,0.49999999999999994,-0.8660254037844387,0.6016240632249226,-0.7987793728863649,7.919,8.2356,6.6818,7.4375285714285715,6.925186666666666
2020-05-25,7.4717,36.01,20.41,19.13,2.71,0.0,5,146,1,0.49999999999999994,-0.8660254037844387,0.5877852522924732,-0.8090169943749473,7.5149,7.919,6.3353,7.556542857142857,6.941556666666667
2020-05-26,8.1816,36.57,18.63,2.38,3.13,0.0,5,147,1,0.49999999999999994,-0.8660254037844387,0.5737722679043246,-0.8190148866680801,7.4717,7.5149,6.8777,7.7188857142857135,6.958046666666666
2020-05-27,7.3937,36.45,19.22,24.09,3.68,0.0,5,148,1,0.49999999999999994,-0.8660254037844387,0.5595892624101765,-0.8287700871745038,8.1816,7.4717,7.6548,7.905157142857143,7.007366666666667
2020-05-28,7.3486,36.36,23.04,23.56,3.59,0.0,5,149,1,0.49999999999999994,-0.8660254037844387,0.545240438540651,-0.8382797052177744,7.3937,8.1816,8.3585,7.867857142857142,7.046679999999999
2020-05-29,5.941,36.0,25.09,70.34,1.63,0.32,5,150,1,0.49999999999999994,-0.8660254037844387,0.5307300481619334,-0.8475409228928311,7.3486,7.3937,8.2356,7.723585714285714,7.074266666666667
2020-05-30,6.3924,35.09,28.92,35.19,1.54,0.91,5,151,1,0.49999999999999994,-0.8660254037844387,0.5160623910158528,-0.8565509959010036,5.941,7.3486,7.919,7.395785714285714,7.0420266666666675
2020-05-31,6.8645,34.54,30.03,48.82,2.29,0.02,5,152,1,0.49999999999999994,-0.8660254037844387,0.5012418134457758,-0.865307254363206,6.3924,5.941,7.5149,7.1777,7.04106
2020-06-01,4.9092,32.68,40.39,86.88,3.1,6.19,6,153,2,1.2246467991473532e-16,-1.0,0.48627270710868997,-0.8738071036110808,6.8645,6.3924,7.4717,7.084785714285714,7.037156666666666
2020-06-02,2.9474,29.6,56.18,98.91,2.79,6.01,6,154,2,1.2246467991473532e-16,-1.0,0.4711595076738638,-0.8820480249558537,4.9092,6.8645,8.1816,6.718714285714285,6.954843333333334
2020-06-03,3.5894,27.35,64.72,97.98,2.77,10.86,6,155,2,1.2246467991473532e-16,-1.0,0.4559066935084588,-0.8900275764346767,2.9474,4.9092,7.3937,5.970971428571429,6.793033333333333
2020-06-04,2.8675,26.6,74.62,96.27,4.85,26.4,6,156,2,1.2246467991473532e-16,-1.0,0.440518784350495,-0.8977433935342337,3.5894,2.9474,7.3486,5.4275,6.673240000000001
2020-06-05,4.7122,26.74,66.28,74.2,4.81,0.82,6,157,2,1.2246467991473532e-16,-1.0,0.42500033996955416,-0.9051931898913974,2.8675,3.5894,5.941,4.787342857142856,6.513366666666666
2020-06-06,6.6881,28.55,63.56,59.93,2.33,0.0,6,158,2,1.2246467991473532e-16,-1.0,0.4093559588156213,-0.9123747579707273,4.7122,2.8675,6.3924,4.611800000000001,6.448776666666666
2020-06-07,6.3346,29.96,59.95,64.23,2.09,0.22,6,159,2,1.2246467991473532e-16,-1.0,0.39359027665646673,-0.9192859697186104,6.6881,4.7122,6.8645,4.654042857142857,6.4335700000000005
2020-06-08,5.7751,30.22,59.24,71.8,1.49,4.01,6,160,2,1.2246467991473532e-16,-1.0,0.3777079652039649,-0.9259247771938498,6.3346,6.6881,4.9092,4.578342857142857,6.40805
2020-06-09,6.5006,31.01,58.86,71.55,1.82,4.38,6,161,2,1.2246467991473532e-16,-1.0,0.36171373072976765,-0.9322892131745133,5.7751,6.3346,2.9474,4.702042857142857,6.3886
2020-06-10,6.5774,31.94,58.15,74.01,2.19,3.28,6,162,2,1.2246467991473532e-16,-1.0,0.3456123126707335,-0.9383773917408641,6.5006,5.7751,3.5894,5.209642857142858,6.38864
2020-06-11,6.0629,31.77,58.51,75.51,2.46,2.76,6,163,2,1.2246467991473532e-16,-1.0,0.3294084822245304,-0.9441875088341993,6.5774,6.5006,2.8675,5.6365,6.36048
2020-06-12,4.7234,29.71,65.72,87.68,2.21,3.62,6,164,2,1.2246467991473532e-16,-1.0,0.3131070409358269,-0.9497178427914316,6.0629,6.5774,4.7122,6.092985714285715,6.380033333333333
2020-06-13,4.5266,29.93,66.72,97.32,1.95,10.82,6,165,2,1.2246467991473532e-16,-1.0,0.29671281927349075,-0.9549667548552551,4.7234,6.0629,6.6881,6.0945857142857145,6.332583333333333
2020-06-14,3.1769,29.03,74.39,99.65,2.05,11.81,6,166,2,1.2246467991473532e-16,-1.0,0.28023067519921585,-0.9599326896597447,4.5266,4.7234,6.3346,5.785800000000001,6.261903333333334
2020-06-15,5.2373,28.12,78.55,93.21,1.38,18.08,6,167,2,1.2246467991473532e-16,-1.0,0.26366549272800704,-0.9646141756912435,3.1769,4.5266,5.7751,5.3347,6.164536666666667
2020-06-16,6.3895,29.76,65.55,82.81,2.16,0.58,6,168,2,1.2246467991473532e-16,-1.0,0.24702218048093552,-0.9690098257244062,5.2373,3.1769,6.5006,5.257871428571428,6.126656666666666
2020-06-17,5.081,28.87,68.66,91.52,3.89,4.73,6,169,2,1.2246467991473532e-16,-1.0,0.23030567023061221,-0.9731183372332619,6.3895,5.2373,6.5774,5.242,6.116913333333333
2020-06-18,4.1736,28.6,73.2,95.6,4.25,15.6,6,170,2,1.2246467991473532e-16,-1.0,0.21352091543979612,-0.9769384927771817,5.081,6.3895,6.0629,5.0282285714285715,6.075103333333334
2020-06-19,3.8597,28.39,72.66,99.29,3.94,1.93,6,171,2,1.2246467991473532e-16,-1.0,0.19667288979357647,-0.980469160361632,4.1736,5.081,4.7234,4.758328571428572,5.984966666666667
2020-06-20,6.119,27.73,72.89,85.51,5.3,1.21,6,172,2,1.2246467991473532e-16,-1.0,0.1797665857255624,-0.9837092937736097,3.8597,4.1736,4.5266,4.634942857142858,5.858463333333333
2020-06-21,6.1814,27.86,75.06,72.97,3.67,8.44,6,173,2,1.2246467991473532e-16,-1.0,0.16280701293851715,-0.986657932891657,6.119,3.8597,3.1769,4.8624285714285715,5.783813333333333
2020-06-22,4.2024,27.79,76.24,90.74,2.35,15.65,6,174,2,1.2246467991473532e-16,-1.0,0.1457991969198751,-0.9893142039703663,6.1814,6.119,5.2373,5.291642857142857,5.715339999999999
2020-06-23,3.3144,27.22,80.36,99.11,1.87,10.75,6,175,2,1.2246467991473532e-16,-1.0,0.12874817745258132,-0.99167731989929,4.2024,6.1814,6.3895,5.1438,5.591453333333334
2020-06-24,4.8312,28.33,78.94,85.43,2.27,5.09,6,176,2,1.2246467991473532e-16,-1.0,0.11165900712169512,-0.993746580436178,3.3144,4.2024,5.081,4.7045,5.451436666666666
2020-06-25,5.2075,28.35,77.8,92.94,2.65,4.16,6,177,2,1.2246467991473532e-16,-1.0,0.09453674981719912,-0.9955213724144752,4.8312,3.3144,4.1736,4.668814285714285,5.3634200000000005
2020-06-26,2.8666,26.25,84.67,98.32,4.14,10.64,6,178,2,1.2246467991473532e-16,-1.0,0.07738647923346301,-0.9970011699250151,5.2075,4.8312,3.8597,4.816514285714285,5.264283333333333
2020-06-27,3.6034,26.4,77.88,98.54,2.12,1.58,6,179,2,1.2246467991473532e-16,-1.0,0.06021327736579302,-0.9981855344718586,2.8666,5.2075,6.119,4.674642857142857,5.11338
2020-06-28,5.0878,28.31,75.68,91.63,2.44,2.74,6,180,2,1.2246467991473532e-16,-1.0,0.04302223300453059,-0.99907411510223,3.6034,2.8666,6.1814,4.315271428571428,4.9885399999999995
2020-06-29,3.3473,27.68,81.18,99.01,1.71,16.44,6,181,2,1.2246467991473532e-16,-1.0,0.02581844022713308,-0.9996666485105112,5.0878,3.6034,4.2024,4.159042857142857,4.9601
2020-06-30,4.8012,27.4,80.64,88.7,1.66,3.86,6,182,2,1.2246467991473532e-16,-1.0,0.008606996888688698,-0.9999629591162655,3.3473,5.0878,3.3144,4.036885714285714,4.858596666666667
2020-07-01,6.0082,28.68,74.57,70.51,2.24,4.48,7,183,2,-0.4999999999999997,-0.8660254037844388,-0.008606996888688009,-0.9999629591162655,4.8012,3.3473,4.8312,4.249285714285714,4.78982
2020-07-02,5.4667,28.73,76.77,85.58,2.01,5.43,7,184,2,-0.4999999999999997,-0.8660254037844388,-0.02581844022713239,-0.9996666485105112,6.0082,4.8012,5.2075,4.417428571428571,4.826453333333333
2020-07-03,5.1905,28.06,82.79,96.66,1.36,7.52,7,185,2,-0.4999999999999997,-0.8660254037844388,-0.04302223300453034,-0.99907411510223,5.4667,6.0082,2.8666,4.454457142857143,4.910430000000001
2020-07-04,4.6334,27.78,84.77,98.68,1.6,2.91,7,186,2,-0.4999999999999997,-0.8660254037844388,-0.060213277365792774,-0.9981855344718586,5.1905,5.4667,3.6034,4.786442857142857,4.9638
2020-07-05,3.3886,27.49,81.84,98.6,1.74,13.68,7,187,2,-0.4999999999999997,-0.8660254037844388,-0.07738647923346322,-0.9970011699250151,4.6334,5.1905,5.0878,4.933585714285714,5.022663333333333
2020-07-06,2.6316,26.18,87.59,99.73,3.04,26.51,7,188,2,-0.4999999999999997,-0.8660254037844388,-0.09453674981719933,-0.9955213724144752,3.3886,4.6334,3.3473,4.690842857142857,4.978543333333333
2020-07-07,4.5418,27.08,78.78,95.27,2.85,4.27,7,189,2,-0.4999999999999997,-0.8660254037844388,-0.11165900712169444,-0.9937465804361781,2.6316,3.3886,4.8012,4.5886,4.843326666666667
2020-07-08,6.3038,27.92,78.93,80.11,2.45,0.94,7,190,2,-0.4999999999999997,-0.8660254037844388,-0.12874817745258066,-0.99167731989929,4.5418,2.6316,6.0082,4.551542857142857,4.783566666666667
2020-07-09,5.8272,27.18,81.79,85.85,2.78,8.53,7,191,2,-0.4999999999999997,-0.8660254037844388,-0.14579919691987442,-0.9893142039703664,6.3038,4.5418,5.4667,4.593771428571428,4.80119
2020-07-10,5.9196,26.22,83.95,93.62,3.46,16.7,7,192,2,-0.4999999999999997,-0.8660254037844388,-0.16280701293851646,-0.9866579328916572,5.8272,6.3038,5.1905,4.645271428571428,4.778743333333334
2020-07-11,5.0213,26.72,82.34,97.43,3.45,12.08,7,193,2,-0.4999999999999997,-0.8660254037844388,-0.17976658572556214,-0.9837092937736098,5.9196,5.8272,4.6334,4.749428571428572,4.7568166666666665
2020-07-12,4.591,27.27,81.01,88.6,2.96,12.46,7,194,2,-0.4999999999999997,-0.8660254037844388,-0.19667288979357622,-0.9804691603616321,5.0213,5.9196,3.3886,4.804842857142857,4.722096666666667
2020-07-13,5.7845,27.21,82.2,84.08,2.51,1.69,7,195,2,-0.4999999999999997,-0.8660254037844388,-0.2135209154397959,-0.9769384927771817,4.591,5.0213,2.6316,4.976614285714286,4.717683333333334
2020-07-14,2.4034,26.38,88.24,99.31,1.8,12.2,7,196,2,-0.4999999999999997,-0.8660254037844388,-0.23030567023061196,-0.973118337233262,5.7845,4.591,4.5418,5.427028571428572,4.759613333333333
2020-07-15,4.7002,27.02,79.26,93.42,1.16,17.36,7,197,2,-0.4999999999999997,-0.8660254037844388,-0.24702218048093527,-0.9690098257244063,2.4034,5.7845,6.3038,5.121542857142857,4.733829999999999
2020-07-16,5.935,27.57,79.43,68.78,1.56,3.91,7,198,2,-0.4999999999999997,-0.8660254037844388,-0.2636654927280072,-0.9646141756912435,4.7002,2.4034,5.8272,4.892457142857142,4.715926666666666
2020-07-17,6.2882,27.76,79.0,63.86,2.25,0.48,7,199,2,-0.4999999999999997,-0.8660254037844388,-0.2802306751992161,-0.9599326896597445,5.935,4.7002,5.9196,4.907857142857144,4.700776666666667
2020-07-18,6.3115,27.99,77.5,72.32,2.16,0.15,7,200,2,-0.4999999999999997,-0.8660254037844388,-0.2967128192734901,-0.9549667548552553,6.2882,5.935,5.0213,4.960514285714285,4.741016666666667
2020-07-19,4.7287,27.33,83.9,94.56,2.12,4.63,7,201,2,-0.4999999999999997,-0.8660254037844388,-0.3131070409358267,-0.9497178427914317,6.3115,6.2882,4.591,5.144828571428571,4.81228
2020-07-20,4.2154,26.93,85.8,98.93,3.16,4.84,7,202,2,-0.4999999999999997,-0.8660254037844388,-0.3294084822245302,-0.9441875088341994,4.7287,6.3115,5.7845,5.164499999999999,4.841246666666667
2020-07-21,4.1155,26.26,85.04,94.28,2.61,7.94,7,203,2,-0.4999999999999997,-0.8660254037844388,-0.3456123126707333,-0.9383773917408642,4.2154,4.7287,2.4034,4.940342857142857,4.777793333333333
2020-07-22,6.3338,26.91,83.55,73.75,2.27,5.37,7,204,2,-0.4999999999999997,-0.8660254037844388,-0.3617137307297674,-0.9322892131745134,4.1155,4.2154,4.7002,5.184928571428571,4.70893
2020-07-23,4.0406,26.29,86.63,92.62,2.26,14.12,7,205,2,-0.4999999999999997,-0.8660254037844388,-0.37770796520396466,-0.9259247771938499,6.3338,4.1155,5.935,5.4183,4.779976666666666
2020-07-24,6.2227,26.61,81.16,77.15,1.2,0.48,7,206,2,-0.4999999999999997,-0.8660254037844388,-0.39359027665646645,-0.9192859697186105,4.0406,6.3338,6.2882,5.147671428571429,4.8041833333333335
2020-07-25,4.2228,26.05,80.03,89.08,1.15,4.27,7,207,2,-0.4999999999999997,-0.8660254037844388,-0.4093559588156211,-0.9123747579707274,6.2227,4.0406,6.3115,5.138314285714286,4.8505666666666665
2020-07-26,6.3398,27.13,79.1,61.8,1.6,0.27,7,208,2,-0.4999999999999997,-0.8660254037844388,-0.42500033996955394,-0.9051931898913975,4.2228,6.2227,4.7287,4.839928571428572,4.817743333333334
2020-07-27,6.041,27.69,79.83,73.61,1.88,0.2,7,209,2,-0.4999999999999997,-0.8660254037844388,-0.4405187843504952,-0.8977433935342336,6.3398,4.2228,4.2154,5.070085714285715,4.933516666666667
2020-07-28,3.8974,26.5,86.8,98.83,2.01,9.54,7,210,2,-0.4999999999999997,-0.8660254037844388,-0.455906693508459,-0.8900275764346766,6.041,6.3398,4.1155,5.3308857142857144,5.01477
2020-07-29,2.3647,26.97,81.35,99.34,1.73,5.22,7,211,2,-0.4999999999999997,-0.8660254037844388,-0.47115950767386394,-0.8820480249558535,3.8974,6.041,6.3338,5.299728571428572,4.97509
2020-07-30,6.0211,27.31,79.8,77.67,1.12,0.41,7,212,2,-0.4999999999999997,-0.8660254037844388,-0.4862727071086902,-0.8738071036110807,2.3647,3.8974,4.0406,4.732714285714286,4.942336666666667
2020-07-31,6.2904,27.27,83.61,68.14,1.92,3.93,7,213,2,-0.4999999999999997,-0.8660254037844388,-0.5012418134457756,-0.8653072543632061,6.0211,2.3647,6.2227,5.015642857142858,4.9830000000000005
2020-08-01,5.425,27.72,82.58,89.47,1.01,10.26,8,214,2,-0.8660254037844384,-0.5000000000000004,-0.5160623910158526,-0.8565509959010037,6.2904,6.0211,4.2228,5.025314285714286,4.992406666666667
2020-08-02,4.007,28.01,81.25,88.49,1.61,4.18,8,215,2,-0.8660254037844384,-0.5000000000000004,-0.5307300481619331,-0.8475409228928312,5.425,6.2904,6.3398,5.197057142857143,4.991016666666666
2020-08-03,3.9312,26.47,86.47,96.06,2.31,31.99,8,216,2,-0.8660254037844384,-0.5000000000000004,-0.5452404385406507,-0.8382797052177745,4.007,5.425,6.041,4.8637999999999995,4.9515666666666664
2020-08-04,2.771,27.19,83.37,97.47,2.23,17.6,8,217,2,-0.8660254037844384,-0.5000000000000004,-0.5595892624101763,-0.828770087174504,3.9312,4.007,3.8974,4.5624,4.928160000000001
2020-08-05,3.5549,26.34,87.63,95.81,1.62,25.55,8,218,2,-0.8660254037844384,-0.5000000000000004,-0.5737722679043243,-0.8190148866680802,2.771,3.9312,2.3647,4.401485714285714,4.907573333333334
2020-08-06,3.1078,25.74,90.05,91.76,2.92,23.01,8,219,2,-0.8660254037844384,-0.5000000000000004,-0.5877852522924734,-0.8090169943749472,3.5549,2.771,6.0211,4.571514285714286,4.93835
2020-08-07,3.959,26.42,84.0,89.07,2.67,6.97,8,220,2,-0.8660254037844384,-0.5000000000000004,-0.6016240632249227,-0.7987793728863648,3.1078,3.5549,6.2904,4.155328571428571,4.89055
2020-08-08,2.0976,26.29,87.93,98.58,2.85,28.92,8,221,2,-0.8660254037844384,-0.5000000000000004,-0.6152845999633277,-0.7883050558305253,3.959,3.1078,5.425,3.8222714285714283,4.81239
2020-08-09,1.8324,25.98,92.52,99.19,2.59,63.51,8,222,2,-0.8660254037844384,-0.5000000000000004,-0.6287628145958345,-0.7775971469736268,2.0976,3.959,4.007,3.3469285714285713,4.68807
2020-08-10,3.929,27.65,84.42,94.55,0.92,9.04,8,223,2,-0.8660254037844384,-0.5000000000000004,-0.6420547132365636,-0.7666588193001592,1.8324,2.0976,3.9312,3.0362714285714287,4.55183
2020-08-11,3.0257,26.58,90.96,96.71,2.4,6.07,8,224,2,-0.8660254037844384,-0.5000000000000004,-0.655156357209085,-0.7554933140726804,3.929,1.8324,2.771,3.035957142857143,4.515420000000001
2020-08-12,1.5382,25.93,90.7,99.18,2.93,22.75,8,225,2,-0.8660254037844384,-0.5000000000000004,-0.6680638642135333,-0.7441039398713608,3.0257,3.929,3.5549,3.072342857142857,4.463243333333334
2020-08-13,3.1836,26.16,90.12,99.11,1.49,13.47,8,226,2,-0.8660254037844384,-0.5000000000000004,-0.6807734094770159,-0.7324940716135792,1.5382,3.0257,3.1078,2.784242857142857,4.321700000000001
2020-08-14,3.2621,26.45,87.31,94.66,2.06,12.44,8,227,2,-0.8660254037844384,-0.5000000000000004,-0.6932812268869771,-0.7206671495538615,3.1836,1.5382,3.959,2.7950714285714287,4.347706666666667
2020-08-15,1.6457,24.84,92.29,99.05,2.27,30.8,8,228,2,-0.8660254037844384,-0.5000000000000004,-0.7055836101071774,-0.70862667826446,3.2621,3.1836,2.0976,2.6955142857142858,4.29977
2020-08-16,4.1503,26.47,88.05,94.65,1.76,23.28,8,229,2,-0.8660254037844384,-0.5000000000000004,-0.7176769136759615,-0.6963762255968726,1.6457,3.2621,1.8324,2.630957142857143,4.156793333333334
2020-08-17,4.038,25.57,92.75,94.11,2.9,41.72,8,230,2,-0.8660254037844384,-0.5000000000000004,-0.7295575540864876,-0.6839194216246104,4.1503,1.6457,3.929,2.962085714285714,4.08553
2020-08-18,0.9338,24.92,94.78,99.21,3.21,24.83,8,231,2,-0.8660254037844384,-0.5000000000000004,-0.7412220108485957,-0.6712599575675315,4.038,4.1503,3.0257,2.977657142857143,4.009746666666667
2020-08-19,3.2335,26.32,91.21,99.01,2.7,12.44,8,232,2,-0.8660254037844384,-0.5000000000000004,-0.7526668275320083,-0.6584015846980489,0.9338,4.038,1.5382,2.678814285714286,3.88325
2020-08-20,4.723,26.83,88.43,86.46,2.08,8.96,8,233,2,-0.8660254037844384,-0.5000000000000004,-0.7638886127905429,-0.64534811322955,3.2335,0.9338,3.1836,2.9210000000000003,3.8505200000000004
2020-08-21,1.6872,25.68,94.64,95.83,3.6,50.52,8,234,2,-0.8660254037844384,-0.5000000000000004,-0.7748840413670406,-0.6321034111873488,4.723,3.2335,3.2621,3.1409142857142855,3.8707700000000003
2020-08-22,3.863,24.93,94.04,83.27,4.12,6.46,8,235,2,-0.8660254037844384,-0.5000000000000004,-0.7856498550787144,-0.6186714032625032,1.6872,4.723,1.6457,2.9159285714285716,3.715883333333333
2020-08-23,4.0133,25.7,90.6,91.2,3.28,7.5,8,236,2,-0.8660254037844384,-0.5000000000000004,-0.7961828637826154,-0.6050560696488494,3.863,1.6872,4.1503,3.232685714285714,3.7099633333333335
2020-08-24,4.0459,25.73,88.4,90.75,2.22,0.23,8,237,2,-0.8660254037844384,-0.5000000000000004,-0.8064799463209447,-0.5912614448635782,4.0133,3.863,4.038,3.213114285714286,3.6363166666666666
2020-08-25,4.4748,25.71,88.92,87.03,2.38,0.34,8,238,2,-0.8660254037844384,-0.5000000000000004,-0.8165380514459157,-0.5772916165517278,4.0459,4.0133,0.9338,3.214242857142857,3.63042
2020-08-26,3.5484,25.04,91.11,99.33,2.9,9.11,8,239,2,-0.8660254037844384,-0.5000000000000004,-0.8263541987239094,-0.5631507242749187,4.4748,4.0459,3.2335,3.7200999999999995,3.5682533333333333
2020-08-27,3.1063,25.54,93.75,96.91,3.4,91.96,8,240,2,-0.8660254037844384,-0.5000000000000004,-0.8359254794186365,-0.5488429582847199,3.5484,4.4748,4.723,3.765085714285714,3.4851666666666663
2020-08-28,3.4944,25.59,93.85,97.09,2.92,49.56,8,241,2,-0.8660254037844384,-0.5000000000000004,-0.8452490573530634,-0.5343725582809785,3.1063,3.5484,1.6872,3.5341285714285715,3.4587966666666667
2020-08-29,2.1691,25.26,92.82,89.3,3.41,62.84,8,242,2,-0.8660254037844384,-0.5000000000000004,-0.8543221697498269,-0.5197438121555157,3.4944,3.1063,3.863,3.7923,3.4964533333333336
2020-08-30,5.2906,25.34,89.29,59.21,3.01,0.63,8,243,2,-0.8660254037844384,-0.5000000000000004,-0.8631421280499115,-0.5049610547215202,2.1691,3.4944,4.0133,3.5503142857142858,3.3680533333333336
2020-08-31,5.9599,25.77,87.26,65.18,2.17,0.0,8,244,2,-0.8660254037844384,-0.5000000000000004,-0.8717063187093217,-0.4900286664290594,5.2906,2.1691,4.0459,3.7327857142857144,3.3347266666666666
2020-09-01,5.6592,25.81,87.95,98.57,1.63,0.0,9,245,2,-1.0,-1.8369701987210297e-16,-0.8800122039735356,-0.4749510720670502,5.9599,5.2906,4.4748,4.006214285714286,3.3525566666666666
2020-09-02,3.7325,25.46,85.74,94.93,1.51,0.36,9,246,2,-1.0,-1.8369701987210297e-16,-0.888057322629493,-0.4597327394521046,5.6592,5.9599,3.5484,4.175414285714286,3.40763
2020-09-03,5.0354,25.81,85.55,71.86,1.38,5.45,9,247,2,-1.0,-1.8369701987210297e-16,-0.8958392907349089,-0.4443781781046134,3.7325,5.6592,3.1063,4.201714285714286,3.401006666666667
2020-09-04,6.143,26.5,80.57,54.43,1.16,4.84,9,248,2,-1.0,-1.8369701987210297e-16,-0.9033558023246842,-0.4288919379124841,5.0354,3.7325,3.4944,4.4773000000000005,3.4764866666666667
2020-09-05,5.6532,26.54,83.38,49.5,1.21,0.94,9,249,2,-1.0,-1.8369701987210297e-16,-0.9106046300942162,-0.41327860778290443,6.143,5.0354,2.1691,4.855671428571428,3.5627566666666666
2020-09-06,5.8104,26.55,82.83,46.14,1.33,1.93,9,250,2,-1.0,-1.8369701987210297e-16,-0.9175836260593934,-0.3975428142825566,5.6532,6.143,5.2906,5.3534,3.6476033333333335
2020-09-07,4.812,26.25,85.64,85.65,1.34,2.89,9,251,2,-1.0,-1.8369701987210297e-16,-0.9242907221930934,-0.3816892202666586,5.8104,5.6532,5.9599,5.427657142857143,3.7093166666666666
2020-09-08,5.3047,26.17,87.9,80.78,1.6,5.72,9,252,2,-1.0,-1.8369701987210297e-16,-0.9307239310379793,-0.3657225234972692,4.812,5.8104,5.6592,5.263671428571429,3.7997966666666665
2020-09-09,4.9231,26.79,84.69,77.4,1.32,2.29,9,253,2,-1.0,-1.8369701987210297e-16,-0.9368813462954315,-0.34964745525122826,5.3047,4.812,3.7325,5.213028571428572,3.91554
2020-09-10,4.8874,26.87,86.07,78.31,0.75,25.2,9,254,2,-1.0,-1.8369701987210297e-16,-0.9427611433904206,-0.33346877891818705,4.9231,5.3047,5.0354,5.383114285714285,3.9486766666666666
2020-09-11,4.8264,26.52,84.3,92.56,0.79,13.41,9,255,2,-1.0,-1.8369701987210297e-16,-0.9483615800121716,-0.31719128858910595,4.8874,4.9231,6.143,5.361971428571429,4.0107333333333335
2020-09-12,4.1138,26.32,82.2,95.43,0.88,2.35,9,256,2,-1.0,-1.8369701987210297e-16,-0.9536809966304455,-0.300819807635668,4.8264,4.8874,5.6532,5.173885714285715,4.120340000000001
2020-09-13,4.6447,26.58,86.56,85.44,1.42,1.59,9,257,2,-1.0,-1.8369701987210297e-16,-0.9587178169872964,-0.2843591872810036,4.1138,4.8264,5.8104,4.953971428571428,4.151346666666667
2020-09-14,4.0661,26.92,76.08,81.23,0.91,0.37,9,258,2,-1.0,-1.8369701987210297e-16,-0.9634705485641486,-0.26781430516217486,4.6447,4.1138,4.812,4.787442857142857,4.197433333333334
2020-09-15,4.9582,26.61,83.48,73.39,0.94,1.89,9,259,2,-1.0,-1.8369701987210297e-16,-0.9679377830240642,-0.25119006388481957,4.0661,4.6447,5.3047,4.680885714285714,4.278113333333334
2020-09-16,4.9162,26.97,82.95,77.24,1.09,3.0,9,260,2,-1.0,-1.8369701987210297e-16,-0.9721181966290612,-0.23449138957041052,4.9582,4.0661,4.9231,4.631385714285714,4.305043333333333
2020-09-17,4.8432,27.52,81.89,97.42,0.93,1.39,9,261,2,-1.0,-1.8369701987210297e-16,-0.9760105506323682,-0.21772323039653224,4.9162,4.9582,4.8874,4.6304,4.334316666666666
2020-09-18,4.9433,27.98,80.86,87.62,1.01,1.91,9,262,2,-1.0,-1.8369701987210297e-16,-0.9796136916454901,-0.20089055513063528,4.8432,4.9162,4.8264,4.624085714285714,4.4646300000000005
2020-09-19,4.8914,26.97,87.87,91.92,1.35,2.99,9,263,2,-1.0,-1.8369701987210297e-16,-0.9829265519799822,-0.18399835165767986,4.9433,4.8432,4.1138,4.640785714285714,4.521623333333334
2020-09-20,3.2818,25.84,89.5,99.11,1.8,4.74,9,264,2,-1.0,-1.8369701987210297e-16,-0.9859481499638303,-0.1670516255021195,4.8914,4.9433,4.6447,4.7518714285714285,4.527236666666667
2020-09-21,4.1126,24.43,93.13,95.47,2.15,9.94,9,265,2,-1.0,-1.8369701987210297e-16,-0.9886775902323404,-0.15005539834465262,3.2818,4.8914,4.0661,4.557171428571428,4.5803899999999995
2020-09-22,3.3396,25.58,92.36,94.08,1.45,10.66,9,266,2,-1.0,-1.8369701987210297e-16,-0.9911140639934546,-0.13301470653419636,4.1126,3.2818,4.9582,4.563814285714286,4.588710000000001
2020-09-23,3.0096,25.81,91.93,99.18,2.4,27.63,9,267,2,-1.0,-1.8369701987210297e-16,-0.9932568492674143,-0.11593459959550066,3.3396,4.1126,4.9162,4.332585714285715,4.566253333333333
2020-09-24,3.5995,25.89,90.99,99.45,2.32,7.51,9,268,2,-1.0,-1.8369701987210297e-16,-0.9951053111006974,-0.09882013873287211,3.0096,3.3396,4.8432,4.060214285714286,4.53171
2020-09-25,4.8338,26.26,82.32,97.03,1.82,1.19,9,269,2,-1.0,-1.8369701987210297e-16,-0.99665890175417,-0.08167639533042288,3.5995,3.0096,4.9433,3.8825428571428566,4.502533333333333
2020-09-26,4.9236,26.15,79.95,88.99,1.23,0.09,9,270,2,-1.0,-1.8369701987210297e-16,-0.9979171608653922,-0.06450844944931625,4.8338,3.5995,4.8914,3.8669,4.54538
2020-09-27,4.2146,25.39,85.42,81.81,1.53,1.71,9,271,2,-1.0,-1.8369701987210297e-16,-0.9988797155850335,-0.04732138832243232,4.9236,4.8338,3.2818,3.8715,4.605956666666667
2020-09-28,4.6625,25.48,84.79,66.7,1.22,0.15,9,272,2,-1.0,-1.8369701987210297e-16,-0.9995462806873573,-0.03012030484690836,4.2146,4.9236,4.1126,4.004757142857143,4.629963333333334
2020-09-29,4.7777,25.36,83.71,70.56,1.39,0.7,9,273,2,-1.0,-1.8369701987210297e-16,-0.9999166586547379,-0.012910296075008843,4.6625,4.2146,3.3396,4.083314285714286,4.713076666666667
2020-09-30,5.521,25.34,77.02,59.98,1.25,0.01,9,274,2,-1.0,-1.8369701987210297e-16,-0.9999907397361901,0.004303538296243821,4.7777,4.6625,3.0096,4.2887571428571425,4.69598
2020-10-01,6.0391,24.68,77.56,16.6,1.52,0.0,10,275,3,-0.8660254037844386,0.5000000000000001,-0.9997685019798909,0.021516097436222233,5.521,4.7777,3.5995,4.6475285714285715,4.68135
2020-10-02,6.1246,24.29,72.31,16.09,1.4,0.0,10,276,3,-0.8660254037844386,0.5000000000000001,-0.9992500112396835,0.03872228089217399,6.0391,5.521,4.8338,4.996042857142858,4.694013333333333
2020-10-03,6.0792,23.97,74.23,47.22,1.23,0.0,10,277,3,-0.8660254037844386,0.5000000000000001,-0.9984354211555643,0.05591699010060302,6.1246,6.0391,4.9236,5.180442857142857,4.773750000000001
2020-10-04,5.6707,23.73,81.15,55.74,1.63,0.22,10,278,3,-0.8660254037844386,0.5000000000000001,-0.9973249731081555,0.07309512989807776,6.0792,6.1246,4.2146,5.345528571428572,4.808543333333333
2020-10-05,5.9489,23.34,78.69,36.77,1.61,2.41,10,279,3,-0.8660254037844386,0.5000000000000001,-0.9959189961471792,0.0902516100310407,5.6707,6.0792,4.6625,5.5535428571428564,4.7928
2020-10-06,5.555,23.12,71.9,67.0,0.97,0.56,10,280,3,-0.8660254037844386,0.5000000000000001,-0.994217906893952,0.10738134666416306,5.9489,5.6707,4.7777,5.737314285714286,4.802656666666667
2020-10-07,5.1694,22.15,89.42,81.31,2.05,7.56,10,281,3,-0.8660254037844386,0.5000000000000001,-0.9922222094179324,0.12447926388678869,5.555,5.9489,5.521,5.848357142857142,4.794143333333333
2020-10-08,5.411,24.22,89.34,49.06,1.66,7.72,10,282,3,-0.8660254037844386,0.5000000000000001,-0.989932495087353,0.141540295217043,5.1694,5.555,6.0391,5.798128571428571,4.806056666666666
2020-10-09,4.783,23.61,89.93,38.42,1.74,7.91,10,283,3,-0.8660254037844386,0.5000000000000001,-0.9873494423939864,0.15855938510313475,5.411,5.1694,6.1246,5.7084,4.8096
2020-10-10,4.2194,24.93,91.57,90.63,0.84,1.97,10,284,3,-0.8660254037844386,0.5000000000000001,-0.9844738167520923,0.17553149042142777,4.783,5.411,6.0792,5.516742857142857,4.80493
2020-10-11,4.9865,25.36,89.57,65.91,1.23,0.21,10,285,3,-0.8660254037844386,0.5000000000000001,-0.9813064702716093,0.19245158197082995,4.2194,4.783,5.6707,5.251057142857143,4.782663333333334
2020-10-12,3.8767,26.23,84.69,70.73,1.11,1.04,10,286,3,-0.8660254037844386,0.5000000000000001,-0.9778483415056567,0.20931464596304888,4.9865,4.2194,5.9489,5.153314285714286,4.787999999999999
2020-10-13,4.3872,25.72,84.93,73.56,1.6,0.63,10,287,3,-0.8660254037844386,0.5000000000000001,-0.9741004551724206,0.22611568550828803,3.8767,4.9865,5.555,4.857285714285714,4.780096666666666
2020-10-14,5.3837,25.25,85.67,30.51,1.92,0.25,10,288,3,-0.8660254037844386,0.5000000000000001,-0.970063921851507,0.2428497220959358,4.3872,3.8767,5.1694,4.690457142857142,4.771513333333333
2020-10-15,4.8492,25.59,85.91,37.22,1.96,0.07,10,289,3,-0.8660254037844386,0.5000000000000001,-0.965739937654855,0.25951179706979943,5.3837,4.3872,5.411,4.721071428571428,4.815433333333333
2020-10-16,4.9078,25.74,86.46,14.46,1.48,0.08,10,290,3,-0.8660254037844386,0.5000000000000001,-0.9611297838723007,0.27609697309746883,4.8492,5.3837,4.783,4.640814285714286,4.8118
2020-10-17,4.7345,25.89,84.31,28.67,1.16,1.4,10,291,3,-0.8660254037844386,0.5000000000000001,-0.9562348265919058,0.2926003356333479,4.9078,4.8492,4.2194,4.6586428571428575,4.811520000000001
2020-10-18,4.8653,25.76,83.68,12.95,1.0,1.49,10,292,3,-0.8660254037844386,0.5000000000000001,-0.9510565162951536,0.30901699437494723,4.7345,4.9078,4.9865,4.732228571428571,4.807896666666666
2020-10-19,4.7479,25.26,79.33,14.86,1.36,0.31,10,293,3,-0.8660254037844386,0.5000000000000001,-0.9455963874271428,0.3253420847119795,4.8653,4.7345,3.8767,4.714914285714286,4.805296666666666
2020-10-20,3.4452,24.81,81.06,47.35,1.02,0.02,10,294,3,-0.8660254037844386,0.5000000000000001,-0.9398560579418953,0.341570769167856,4.7479,4.8653,4.3872,4.839371428571428,4.800513333333333
2020-10-21,4.8434,24.07,77.52,24.6,1.25,0.0,10,295,3,-0.8660254037844386,0.5000000000000001,-0.9338372288229252,0.35769823883312546,3.4452,4.7479,5.3837,4.7048,4.805960000000001
2020-10-22,5.0393,22.68,62.23,4.71,1.44,0.0,10,296,3,-0.8660254037844386,0.5000000000000001,-0.9275416835791965,0.3737197147904692,4.8434,3.4452,4.8492,4.6276142857142855,4.83032
2020-10-23,4.6572,23.38,63.46,39.51,1.08,0.0,10,297,3,-0.8660254037844386,0.5000000000000001,-0.9209712877166347,0.38963044953078774,5.0393,4.8434,4.9078,4.654771428571428,4.886976666666667
2020-10-24,4.9358,23.87,68.32,7.0,0.79,0.0,10,298,3,-0.8660254037844386,0.5000000000000001,-0.9141279881853337,0.4054257283599973,4.6572,5.0393,4.7345,4.618971428571428,4.941896666666667
2020-10-25,5.1353,23.61,66.83,11.91,0.82,0.0,10,299,3,-0.8660254037844386,0.5000000000000001,-0.9070138128026362,0.42110087079608916,4.9358,4.6572,4.8653,4.647728571428572,4.98644
2020-10-26,4.9207,24.06,64.0,20.64,0.78,0.0,10,300,3,-0.8660254037844386,0.5000000000000001,-0.8996308696522434,0.4366512319560638,5.1353,4.9358,4.7479,4.6863,4.99649
2020-10-27,4.8744,23.41,64.93,10.14,0.56,0.0,10,301,3,-0.8660254037844386,0.5000000000000001,-0.8919813464595487,0.45207220393230374,4.9207,5.1353,3.4452,4.710985714285714,4.996393333333334
2020-10-28,4.7986,22.49,67.19,7.76,0.81,0.0,10,302,3,-0.8660254037844386,0.5000000000000001,-0.8840675099433637,0.46735921715800205,4.8744,4.9207,4.8434,4.915157142857142,5.018386666666666
2020-10-29,4.7957,21.61,69.76,3.98,1.03,0.0,10,303,3,-0.8660254037844386,0.5000000000000001,-0.8758917051442433,0.48250774176121763,4.7986,4.8744,5.0393,4.908757142857143,5.022923333333334
2020-10-30,4.783,21.19,65.47,0.56,1.29,0.0,10,304,3,-0.8660254037844386,0.5000000000000001,-0.8674563547295971,0.4975132889071803,4.7957,4.7986,4.6572,4.873957142857143,5.023523333333333
2020-10-31,4.4954,20.29,62.54,27.58,1.36,0.0,10,305,3,-0.8660254037844386,0.5000000000000001,-0.858763958275803,0.5123714121284235,4.783,4.7957,4.9358,4.891928571428571,4.998923333333334
2020-11-01,4.5965,19.91,58.91,1.61,1.28,0.0,11,306,3,-0.5000000000000004,0.8660254037844384,-0.8498170915275277,0.5270777086423724,4.4954,4.783,5.1353,4.829014285714286,4.947466666666667
2020-11-02,4.6366,19.76,57.84,0.65,1.18,0.0,11,307,3,-0.5000000000000004,0.8660254037844384,-0.8406184056344783,0.5416278206559811,4.5965,4.4954,4.9207,4.752042857142857,4.896529999999999
2020-11-03,5.1005,20.46,50.62,1.13,0.86,0.0,11,308,3,-0.5000000000000004,0.8660254037844384,-0.8311706263658079,0.5560174366570446,4.6366,4.5965,4.8744,4.711457142857143,4.848443333333334
2020-11-04,5.3426,20.39,46.82,0.15,0.88,0.0,11,309,3,-0.5000000000000004,0.8660254037844384,-0.8214765533024145,0.5702422926917867,5.1005,4.6366,4.7986,4.743757142857143,4.829436666666666
2020-11-05,5.057,20.39,47.07,0.74,0.79,0.0,11,310,3,-0.5000000000000004,0.8660254037844384,-0.8115390590073611,0.5842981736283683,5.3426,5.1005,4.7957,4.821471428571429,4.809226666666666
2020-11-06,4.5782,18.86,57.55,1.04,1.28,0.0,11,311,3,-0.5000000000000004,0.8660254037844384,-0.801361088174677,0.5981809144059159,5.057,5.3426,4.783,4.8588000000000005,4.792626666666667
2020-11-07,4.3519,18.79,56.79,3.66,1.25,0.0,11,312,3,-0.5000000000000004,0.8660254037844384,-0.7909456567567774,0.6118864012687242,4.5782,5.057,4.4954,4.829542857142856,4.77292
2020-11-08,4.0126,17.72,61.24,4.34,1.42,0.0,11,313,3,-0.5000000000000004,0.8660254037844384,-0.780295851070776,0.6254105729852457,4.3519,4.5782,4.5965,4.809042857142857,4.737616666666667
2020-11-09,4.1918,17.72,56.18,6.41,1.3,0.0,11,314,3,-0.5000000000000004,0.8660254037844384,-0.7694148268839381,0.6387494220515268,4.0126,4.3519,4.6366,4.7256285714285715,4.711936666666667
2020-11-10,4.0478,17.42,60.71,13.96,1.28,0.0,11,315,3,-0.5000000000000004,0.8660254037844384,-0.7583058084785625,0.6518989958787125,4.1918,4.0126,5.1005,4.662085714285714,4.711016666666667
2020-11-11,4.5886,18.65,77.8,0.63,1.33,0.0,11,316,3,-0.5000000000000004,0.8660254037844384,-0.7469720876965551,0.6648553979642866,4.0478,4.1918,5.3426,4.5117,4.679726666666667
2020-11-12,4.0438,21.47,85.32,29.57,1.33,0.93,11,317,3,-0.5000000000000004,0.8660254037844384,-0.7354170229639858,0.6776147890466887,4.5886,4.0478,5.057,4.403985714285715,4.703456666666667
2020-11-13,4.025,22.05,77.82,36.07,1.02,0.16,11,318,3,-0.5000000000000004,0.8660254037844384,-0.7236440382959124,0.690173388242972,4.0438,4.5886,4.5782,4.259242857142857,4.69201
2020-11-14,4.1662,21.93,74.98,6.9,1.09,0.05,11,319,3,-0.5000000000000004,0.8660254037844384,-0.711656622281775,0.7025274741691566,4.025,4.0438,4.3519,4.180214285714285,4.64672
2020-11-15,4.5031,21.26,80.81,3.87,1.67,0.0,11,320,3,-0.5000000000000004,0.8660254037844384,-0.6994583270516471,0.7146733860429608,4.1662,4.025,4.0126,4.1536857142857135,4.623953333333334
2020-11-16,4.625,22.03,77.61,2.32,1.24,0.0,11,321,3,-0.5000000000000004,0.8660254037844384,-0.6870527672236675,0.7266075247685652,4.5031,4.1662,4.1918,4.223757142857143,4.610463333333333
2020-11-17,4.3471,21.99,76.78,3.87,0.85,0.0,11,322,3,-0.5000000000000004,0.8660254037844384,-0.6744436188329457,0.7383263540031063,4.625,4.5031,4.0478,4.285642857142856,4.606813333333333
2020-11-18,4.0565,22.06,79.64,36.25,1.79,0.33,11,323,3,-0.5000000000000004,0.8660254037844384,-0.661634618242279,0.749826401204568,4.3471,4.625,4.5886,4.3284,4.58954
2020-11-19,3.2945,22.42,82.31,64.3,1.87,3.59,11,324,3,-0.5000000000000004,0.8660254037844384,-0.6486295610349818,0.7611042586607742,4.0565,4.3471,4.0438,4.252385714285714,4.566493333333333
2020-11-20,3.4478,21.07,80.98,41.53,1.25,1.23,11,325,3,-0.5000000000000004,0.8660254037844384,-0.6354323008901775,0.7721565844991641,3.2945,4.0565,4.025,4.1453428571428566,4.56147
2020-11-21,4.5115,17.25,67.18,3.32,1.56,0.01,11,326,3,-0.5000000000000004,0.8660254037844384,-0.622046748440868,0.7829801036770624,3.4478,3.2945,4.1662,4.062885714285715,4.51495
2020-11-22,4.6272,15.51,56.61,12.82,1.28,0.0,11,327,3,-0.5000000000000004,0.8660254037844384,-0.6084768701151264,0.7935716089521472,4.5115,3.4478,4.5031,4.112214285714286,4.497356666666666
2020-11-23,4.704,15.67,59.58,8.51,1.12,0.0,11,328,3,-0.5000000000000004,0.8660254037844384,-0.594726686960764,0.8039279618328208,4.6272,4.5115,4.625,4.129942857142857,4.496356666666667
2020-11-24,4.7352,17.11,59.17,0.39,1.1,0.0,11,329,3,-0.5000000000000004,0.8660254037844384,-0.5808002734538013,0.8140460935082175,4.704,4.6272,4.3471,4.141228571428572,4.48863
2020-11-25,4.4095,17.63,58.44,0.73,1.19,0.0,11,330,3,-0.5000000000000004,0.8660254037844384,-0.5667017562911184,0.8239230057575536,4.7352,4.704,4.0565,4.196671428571428,4.475293333333334
2020-11-26,4.2941,17.74,69.34,37.7,1.09,0.8,11,331,3,-0.5000000000000004,0.8660254037844384,-0.5524353131676203,0.8335557718385695,4.4095,4.7352,3.2945,4.2471000000000005,4.4582533333333325
2020-11-27,3.493,18.28,78.67,32.34,2.14,0.06,11,332,3,-0.5000000000000004,0.8660254037844384,-0.5380051715382992,0.8429415373547832,4.2941,4.4095,3.4478,4.3899,4.438910000000001
2020-11-28,4.3786,17.79,68.91,0.13,1.68,0.0,11,333,3,-0.5000000000000004,0.8660254037844384,-0.5234156073655503,0.8520775211013093,3.493,4.2941,4.5115,4.396357142857143,4.39539
2020-11-29,4.331,18.54,69.05,0.0,1.1,0.0,11,334,3,-0.5000000000000004,0.8660254037844384,-0.5086709438521042,0.8609610158889945,4.3786,3.493,4.6272,4.377371428571428,4.3814866666666665
2020-11-30,4.307,18.0,65.9,0.0,1.34,0.0,11,335,3,-0.5000000000000004,0.8660254037844384,-0.49377555015997737,0.8695893893466109,4.331,4.3786,4.704,4.335057142857143,4.366420000000001
2020-12-01,4.4758,17.83,60.45,0.16,1.15,0.0,12,336,0,-2.4492935982947064e-16,1.0,-0.4787338401157883,0.8779600847008883,4.307,4.331,4.7352,4.2783428571428574,4.36014
2020-12-02,4.4914,18.74,50.7,5.1,1.27,0.0,12,337,0,-2.4492935982947064e-16,1.0,-0.4635502709028512,0.8860706215341378,4.4758,4.307,4.4095,4.2412857142857145,4.356116666666666
2020-12-03,4.6358,19.68,43.58,7.43,0.78,0.0,12,338,0,-2.4492935982947064e-16,1.0,-0.4482293417404106,0.893918596519257,4.4914,4.4758,4.2941,4.252985714285714,4.351276666666666
2020-12-04,4.6644,18.94,47.78,2.01,0.92,0.0,12,339,0,-2.4492935982947064e-16,1.0,-0.4327755925504317,0.9015016841318838,4.6358,4.4914,3.493,4.3018,4.3357866666666665
2020-12-05,4.6231,19.08,50.65,0.47,0.98,0.0,12,340,0,-2.4492935982947064e-16,1.0,-0.41719360261231697,0.9088176373395028,4.6644,4.6358,4.3786,4.469142857142857,4.31318
2020-12-06,4.6423,20.07,48.5,0.25,0.83,0.0,12,341,0,-2.4492935982947064e-16,1.0,-0.4014879892059737,0.9158642882672868,4.6231,4.6644,4.331,4.504071428571429,4.2987166666666665
2020-12-07,4.4074,19.63,53.03,0.19,1.17,0.0,12,342,0,-2.4492935982947064e-16,1.0,-0.38566340624360745,0.9226395488404875,4.6423,4.6231,4.307,4.5485428571428566,4.300853333333333
2020-12-08,4.3882,19.67,51.21,0.07,0.96,0.0,12,343,0,-2.4492935982947064e-16,1.0,-0.3697245428906732,0.9291414114031743,4.4074,4.6423,4.4758,4.562885714285714,4.302703333333333
2020-12-09,4.4863,19.77,50.3,15.96,0.9,0.0,12,344,0,-2.4492935982947064e-16,1.0,-0.35367612217637207,0.935367949313148,4.3882,4.4074,4.4914,4.550371428571428,4.315223333333334
2020-12-10,4.0654,19.47,52.86,57.33,1.08,0.0,12,345,0,-2.4492935982947064e-16,1.0,-0.33752289959411347,0.941317317512847,4.4863,4.3882,4.6358,4.549642857142857,4.32504
2020-12-11,2.5315,19.5,58.89,91.85,1.05,0.06,12,346,0,-2.4492935982947064e-16,1.0,-0.32126966169236515,0.9469877530760751,4.0654,4.4863,4.6644,4.468157142857143,4.3256266666666665
2020-12-12,1.651,18.58,68.41,98.75,1.53,0.2,12,347,0,-2.4492935982947064e-16,1.0,-0.3049212246562894,0.9523775757303973,2.5315,4.0654,4.6231,4.163457142857143,4.257056666666667
2020-12-13,1.6843,18.93,76.29,93.04,0.97,1.85,12,348,0,-2.4492935982947064e-16,1.0,-0.2884824328806098,0.9574851883550389,1.651,2.5315,4.6423,3.7388714285714286,4.177296666666667
2020-12-14,1.3819,19.23,79.4,96.47,1.02,1.82,12,349,0,-2.4492935982947064e-16,1.0,-0.27195815753410524,0.9623090774541487,1.6843,1.651,4.4074,3.3163000000000005,4.0992733333333335
2020-12-15,2.0789,19.38,80.0,74.65,1.12,0.72,12,350,0,-2.4492935982947064e-16,1.0,-0.2553532951161881,0.9668478136052773,1.3819,1.6843,4.3882,2.884085714285714,4.0064633333333335
2020-12-16,1.2305,18.78,80.28,89.21,1.7,0.2,12,351,0,-2.4492935982947064e-16,1.0,-0.23867276600594997,0.9711000518829505,2.0789,1.3819,4.4863,2.5541857142857145,3.925656666666667
2020-12-17,3.8206,16.77,78.68,15.26,1.62,0.02,12,352,0,-2.4492935982947064e-16,1.0,-0.22192151300416674,0.9750645322571945,1.2305,2.0789,4.0654,2.0890714285714287,3.8125066666666667
2020-12-18,4.5518,14.57,61.16,1.43,1.44,0.0,12,353,0,-2.4492935982947064e-16,1.0,-0.20510449986861926,0.9787400799669153,3.8206,1.2305,2.5315,2.0541,3.7949566666666668
2020-12-19,4.6567,13.72,48.01,10.3,1.56,0.0,12,354,0,-2.4492935982947064e-16,1.0,-0.1882267098432439,0.9821256058680006,4.5518,3.8206,1.651,2.342714285714286,3.811466666666667
2020-12-20,4.3094,15.06,43.44,40.47,1.57,0.0,12,355,0,-2.4492935982947064e-16,1.0,-0.1712931441814778,0.9852201067560606,4.6567,4.5518,1.6843,2.7720999999999996,3.8568733333333336
2020-12-21,4.482,15.08,48.06,12.63,1.44,0.0,12,356,0,-2.4492935982947064e-16,1.0,-0.154308820664281,0.9880226656636976,4.3094,4.6567,1.3819,3.1471142857142853,3.8855933333333335
2020-12-22,4.5485,16.02,48.68,7.21,1.28,0.0,12,357,0,-2.4492935982947064e-16,1.0,-0.13727877211326517,0.9905324521322227,4.482,4.3094,2.0789,3.589985714285714,3.88461
2020-12-23,4.6267,16.14,50.06,8.64,1.05,0.0,12,358,0,-2.4492935982947064e-16,1.0,-0.12020804489935275,0.9927487224577402,4.5485,4.482,1.2305,3.9427857142857143,3.881986666666667
2020-12-24,4.5187,15.76,54.27,0.31,1.12,0.0,12,359,0,-2.4492935982947064e-16,1.0,-0.10310169744743544,0.9946708199115211,4.6267,4.5485,3.8206,4.427957142857143,3.87941
2020-12-25,4.2744,15.11,56.24,0.29,1.44,0.0,12,360,0,-2.4492935982947064e-16,1.0,-0.0859647987374467,0.9962981749346077,4.5187,4.6267,4.5518,4.527685714285715,3.8721933333333336
2020-12-26,4.3327,15.26,50.48,1.02,1.35,0.0,12,361,0,-2.4492935982947064e-16,1.0,-0.06880242680232064,0.9976303053065857,4.2744,4.5187,4.6567,4.488057142857143,3.86769
2020-12-27,4.1794,16.43,51.11,0.5,1.42,0.0,12,362,0,-2.4492935982947064e-16,1.0,-0.05161966722325418,0.9986668162884759,4.3327,4.2744,4.3094,4.441771428571429,3.8689766666666667
2020-12-28,3.9523,16.62,62.53,2.52,1.91,0.0,12,363,0,-2.4492935982947064e-16,1.0,-0.034421611622745804,0.9994074007397048,4.1794,4.3327,4.482,4.4232000000000005,3.891856666666667
2020-12-29,3.5306,14.76,61.89,4.12,1.53,0.0,12,364,0,-2.4492935982947064e-16,1.0,-0.01721335615583528,0.9998518392091162,3.9523,4.1794,4.5485,4.347528571428572,3.8776466666666662
2020-12-30,2.4878,14.94,60.41,40.13,1.6,0.0,12,365,0,-2.4492935982947064e-16,1.0,6.432490598706546e-16,1.0,3.5306,3.9523,4.6267,4.202114285714286,3.8509666666666664
2020-12-31,3.1166,15.31,63.69,6.94,1.15,0.0,12,366,0,-2.4492935982947064e-16,1.0,0.017213356155833904,0.9998518392091162,2.4878,3.5306,4.5187,3.896557142857143,3.7903266666666666
2021-01-01,3.2222,16.8,64.45,1.73,1.27,0.0,1,1,0,0.49999999999999994,0.8660254037844387,0.017213356155834685,0.9998518392091162,3.1166,2.4878,4.2744,3.6962571428571427,3.74502
2021-01-02,3.5191,18.09,65.96,36.36,1.27,0.0,1,2,0,0.49999999999999994,0.8660254037844387,0.03442161162274574,0.9994074007397048,3.2222,3.1166,4.3327,3.5459428571428577,3.7027133333333335
2021-01-03,3.3778,18.91,61.27,76.94,1.46,0.0,1,3,0,0.49999999999999994,0.8660254037844387,0.051619667223253764,0.998666816288476,3.5191,3.2222,4.1794,3.4297142857142857,3.6654899999999997
2021-01-04,3.3617,19.51,57.55,79.59,1.39,0.0,1,4,0,0.49999999999999994,0.8660254037844387,0.06880242680231986,0.9976303053065857,3.3778,3.5191,3.9523,3.3152000000000004,3.622603333333333
2021-01-05,1.5401,19.49,58.94,99.13,1.62,0.21,1,5,0,0.49999999999999994,0.8660254037844387,0.08596479873744647,0.9962981749346078,3.3617,3.3778,3.5306,3.2308285714285714,3.580556666666667
2021-01-06,3.9161,21.06,57.6,31.32,1.08,0.05,1,6,0,0.49999999999999994,0.8660254037844387,0.10310169744743485,0.9946708199115211,1.5401,3.3617,2.4878,2.946471428571429,3.47715
2021-01-07,3.8011,21.02,55.92,35.42,1.23,0.0,1,7,0,0.49999999999999994,0.8660254037844387,0.1202080448993527,0.9927487224577402,3.9161,1.5401,3.1166,3.1505142857142863,3.4607733333333335
2021-01-08,2.6527,20.89,62.4,91.69,1.78,0.02,1,8,0,0.49999999999999994,0.8660254037844387,0.13727877211326478,0.9905324521322229,3.8011,3.9161,3.2222,3.2483,3.4412033333333336
2021-01-09,2.4182,21.11,71.05,94.05,1.37,0.07,1,9,0,0.49999999999999994,0.8660254037844387,0.15430882066428117,0.9880226656636976,2.6527,3.8011,3.5191,3.166942857142857,3.3800833333333333
2021-01-10,3.3482,20.79,70.63,61.26,1.4,0.02,1,10,0,0.49999999999999994,0.8660254037844387,0.1712931441814776,0.9852201067560606,2.4182,2.6527,3.3778,3.009671428571429,3.3251766666666667
2021-01-11,3.1414,20.28,69.62,67.56,1.58,0.0,1,11,0,0.49999999999999994,0.8660254037844387,0.1882267098432442,0.9821256058680006,3.3482,2.4182,3.3617,3.005442857142857,3.3524000000000003
2021-01-12,4.3776,18.67,64.35,35.71,1.49,0.0,1,12,0,0.49999999999999994,0.8660254037844387,0.2051044998686192,0.9787400799669153,3.1414,3.3482,1.5401,2.9739714285714287,3.4020799999999998
2021-01-13,4.8386,16.31,49.81,21.69,1.41,0.0,1,13,0,0.49999999999999994,0.8660254037844387,0.2219215130041655,0.9750645322571948,4.3776,3.1414,3.9161,3.379328571428571,3.491856666666666
2021-01-14,5.0357,15.06,37.29,4.12,1.53,0.0,1,14,0,0.49999999999999994,0.8660254037844387,0.2386727660059501,0.9711000518829505,4.8386,4.3776,3.8011,3.511114285714285,3.6070800000000003
2021-01-15,4.8422,15.02,32.22,2.38,1.4,0.0,1,15,0,0.49999999999999994,0.8660254037844387,0.255353295116187,0.9668478136052775,5.0357,4.8386,2.6527,3.6874857142857143,3.7056400000000003
2021-01-16,4.6274,17.46,29.24,4.34,1.53,0.0,1,16,0,0.49999999999999994,0.8660254037844387,0.2719581575341055,0.9623090774541486,4.8422,5.0357,2.4182,4.000271428571429,3.8260300000000003
2021-01-17,4.319,17.82,35.15,6.16,1.54,0.0,1,17,0,0.49999999999999994,0.8660254037844387,0.288482432880609,0.9574851883550393,4.6274,4.8422,3.3482,4.315871428571429,3.8529233333333335
2021-01-18,3.6192,19.0,45.3,31.57,1.5,0.0,1,18,0,0.49999999999999994,0.8660254037844387,0.30492122465628907,0.9523775757303974,4.319,4.6274,3.1414,4.454557142857142,3.8451633333333333
2021-01-19,3.678,20.58,49.41,16.25,2.28,0.0,1,19,0,0.49999999999999994,0.8660254037844387,0.3212696616923644,0.9469877530760753,3.6192,4.319,4.3776,4.5228142857142855,3.81058
2021-01-20,4.308,18.38,51.94,4.8,1.63,0.0,1,20,0,0.49999999999999994,0.8660254037844387,0.3375228995941133,0.9413173175128471,3.678,3.6192,4.8386,4.422871428571428,3.789533333333333
2021-01-21,5.0422,19.2,30.14,2.5,1.46,0.0,1,21,0,0.49999999999999994,0.8660254037844387,0.3536761221763716,0.9353679493131483,4.308,3.678,5.0357,4.347071428571428,3.783733333333333
2021-01-22,5.2022,18.62,28.42,1.04,1.15,0.0,1,22,0,0.49999999999999994,0.8660254037844387,0.3697245428906731,0.9291414114031743,5.0422,4.308,4.8422,4.348,3.8001899999999997
2021-01-23,5.0746,19.06,30.12,4.68,1.38,0.0,1,23,0,0.49999999999999994,0.8660254037844387,0.38566340624360707,0.9226395488404876,5.2022,5.0422,4.6274,4.3994285714285715,3.819373333333333
2021-01-24,4.7621,19.78,39.38,0.38,1.68,0.0,1,24,0,0.49999999999999994,0.8660254037844387,0.401487989205973,0.9158642882672872,5.0746,5.2022,4.319,4.463314285714286,3.8379033333333337
2021-01-25,4.1712,17.95,43.11,19.64,1.59,0.0,1,25,0,0.49999999999999994,0.8660254037844387,0.4171936026123168,0.9088176373395029,4.7621,5.0746,3.6192,4.526614285714286,3.8541600000000003
2021-01-26,3.9638,17.39,41.07,38.57,1.96,0.0,1,26,0,0.49999999999999994,0.8660254037844387,0.4327755925504312,0.901501684131884,4.1712,4.7621,3.678,4.605471428571429,3.8487766666666667
2021-01-27,4.2698,17.22,36.94,28.73,1.93,0.0,1,27,0,0.49999999999999994,0.8660254037844387,0.4482293417404106,0.893918596519257,3.9638,4.1712,4.308,4.646300000000001,3.8415899999999996
2021-01-28,2.8682,18.12,42.45,47.95,1.77,0.93,1,28,0,0.49999999999999994,0.8660254037844387,0.4635502709028509,0.886070621534138,4.2698,3.9638,5.0422,4.640842857142857,3.8521733333333334
2021-01-29,4.6416,16.62,37.58,28.36,1.9,0.06,1,29,0,0.49999999999999994,0.8660254037844387,0.47873384011578846,0.8779600847008882,2.8682,4.2698,5.2022,4.330271428571429,3.830093333333333
2021-01-30,5.3897,14.95,25.54,7.8,1.77,0.0,1,30,0,0.49999999999999994,0.8660254037844387,0.49377555015997715,0.869589389346611,4.6416,2.8682,5.0746,4.250185714285714,3.901886666666667
2021-01-31,5.5123,16.0,22.69,6.14,1.16,0.0,1,31,0,0.49999999999999994,0.8660254037844387,0.5086709438521044,0.8609610158889943,5.3897,4.6416,4.7621,4.2952,3.977656666666667
2021-02-01,5.4458,16.86,24.79,6.94,1.4,0.0,2,32,0,0.8660254037844386,0.5000000000000001,0.5234156073655503,0.8520775211013093,5.5123,5.3897,4.1712,4.402371428571429,4.053993333333334
2021-02-02,5.4194,18.82,24.72,0.96,1.34,0.0,2,33,0,0.8660254037844386,0.5000000000000001,0.5380051715382996,0.8429415373547828,5.4458,5.5123,3.9638,4.584457142857143,4.118216666666667
2021-02-03,5.3609,19.66,23.79,11.58,1.37,0.0,2,34,0,0.8660254037844386,0.5000000000000001,0.5524353131676196,0.8335557718385699,5.4194,5.4458,4.2698,4.792400000000001,4.1862699999999995
2021-02-04,5.0357,20.04,24.63,16.69,2.09,0.0,2,35,0,0.8660254037844386,0.5000000000000001,0.5667017562911176,0.8239230057575542,5.3609,5.4194,2.8682,4.948271428571429,4.25291
2021-02-05,4.2142,19.86,28.71,42.99,1.95,0.0,2,36,0,0.8660254037844386,0.5000000000000001,0.5808002734538009,0.8140460935082178,5.0357,5.3609,4.6416,5.2579142857142855,4.3694299999999995
2021-02-06,4.955,18.01,43.67,5.88,2.45,0.0,2,37,0,0.8660254037844386,0.5000000000000001,0.5947266869607634,0.8039279618328213,4.2142,5.0357,5.3897,5.196857142857143,4.379366666666667
2021-02-07,5.6501,16.65,28.86,3.4,1.49,0.0,2,38,0,0.8660254037844386,0.5000000000000001,0.6084768701151261,0.7935716089521474,4.955,4.2142,5.5123,5.134757142857143,4.4178299999999995
2021-02-08,5.604,17.89,23.81,6.24,1.28,0.0,2,39,0,0.8660254037844386,0.5000000000000001,0.6220467484408675,0.7829801036770629,5.6501,4.955,5.4458,5.154442857142858,4.517743333333334
2021-02-09,5.5524,20.57,21.76,30.83,1.1,0.0,2,40,0,0.8660254037844386,0.5000000000000001,0.6354323008901774,0.7721565844991642,5.604,5.6501,5.4194,5.177042857142857,4.623936666666666
2021-02-10,5.5435,21.36,22.3,15.33,1.48,0.0,2,41,0,0.8660254037844386,0.5000000000000001,0.6486295610349814,0.7611042586607747,5.5524,5.604,5.3609,5.196042857142857,4.6974100000000005
2021-02-11,5.0789,21.14,23.13,57.55,1.23,0.0,2,42,0,0.8660254037844386,0.5000000000000001,0.6616346182422783,0.7498264012045686,5.5435,5.5524,5.0357,5.222128571428572,4.77748
2021-02-12,5.4262,21.45,25.05,34.93,1.17,0.0,2,43,0,0.8660254037844386,0.5000000000000001,0.6744436188329455,0.7383263540031065,5.0789,5.5435,4.2142,5.2283,4.800856666666666
2021-02-13,5.4372,22.47,24.23,0.97,1.29,0.0,2,44,0,0.8660254037844386,0.5000000000000001,0.6870527672236669,0.7266075247685656,5.4262,5.0789,4.955,5.4014428571428565,4.8204433333333325
2021-02-14,5.0568,22.32,25.44,1.69,1.52,0.0,2,45,0,0.8660254037844386,0.5000000000000001,0.699458327051647,0.7146733860429609,5.4372,5.4262,5.6501,5.470328571428571,4.833826666666667
2021-02-15,4.8504,23.24,31.15,11.0,1.81,0.0,2,46,0,0.8660254037844386,0.5000000000000001,0.7116566222817746,0.7025274741691571,5.0568,5.4372,5.604,5.38557142857143,4.84098
2021-02-16,2.8106,22.96,45.29,72.5,1.94,7.88,2,47,0,0.8660254037844386,0.5000000000000001,0.7236440382959124,0.6901733882429719,4.8504,5.0568,5.5524,5.277914285714284,4.848413333333334
2021-02-17,4.4484,21.69,56.47,19.46,1.5,7.26,2,48,0,0.8660254037844386,0.5000000000000001,0.7354170229639855,0.6776147890466889,2.8106,4.8504,5.5435,4.88622857142857,4.798133333333333
2021-02-18,4.6409,20.54,58.54,50.82,1.32,0.26,2,49,0,0.8660254037844386,0.5000000000000001,0.7469720876965552,0.6648553979642865,4.4484,2.8106,5.0789,4.729785714285714,4.825773333333333
2021-02-19,5.003,20.43,53.11,35.84,1.22,0.0,2,50,0,0.8660254037844386,0.5000000000000001,0.7583058084785624,0.6518989958787126,4.6409,4.4484,5.4262,4.6672142857142855,4.85787
2021-02-20,5.651,19.36,45.59,3.2,1.71,0.0,2,51,0,0.8660254037844386,0.5000000000000001,0.7694148268839378,0.6387494220515272,5.003,4.6409,5.4372,4.606757142857143,4.881036666666668
2021-02-21,5.761,20.69,35.47,8.1,1.11,0.0,2,52,0,0.8660254037844386,0.5000000000000001,0.7802958510707755,0.6254105729852464,5.651,5.003,5.0568,4.637300000000001,4.90133
2021-02-22,6.025,22.57,28.45,8.82,1.12,0.0,2,53,0,0.8660254037844386,0.5000000000000001,0.7909456567567772,0.6118864012687243,5.761,5.651,4.8504,4.737900000000001,4.919956666666666
2021-02-23,6.0005,24.16,24.16,17.71,0.98,0.0,2,54,0,0.8660254037844386,0.5000000000000001,0.8013610881746766,0.5981809144059165,6.025,5.761,2.8106,4.9057,4.951636666666667
2021-02-24,6.0362,24.73,21.82,12.41,1.08,0.0,2,55,0,0.8660254037844386,0.5000000000000001,0.8115390590073611,0.5842981736283683,6.0005,6.025,4.4484,5.361400000000001,4.992916666666668
2021-02-25,5.8721,24.4,25.79,23.53,2.12,0.0,2,56,0,0.8660254037844386,0.5000000000000001,0.8214765533024142,0.5702422926917871,6.0362,6.0005,4.6409,5.588228571428572,5.055083333333333
2021-02-26,6.2134,24.75,26.06,26.0,2.11,0.0,2,57,0,0.8660254037844386,0.5000000000000001,0.8311706263658079,0.5560174366570446,5.8721,6.0362,5.003,5.764114285714285,5.118693333333334
2021-02-27,6.215,25.71,23.25,5.98,1.68,0.0,2,58,0,0.8660254037844386,0.5000000000000001,0.8406184056344782,0.5416278206559814,6.2134,5.8721,5.651,5.937028571428571,5.18348
2021-02-28,6.2062,26.41,25.53,18.27,2.21,0.0,2,59,0,0.8660254037844386,0.5000000000000001,0.8498170915275278,0.5270777086423722,6.215,6.2134,5.761,6.017600000000001,5.29504
2021-03-01,6.3012,26.7,24.62,14.21,1.7,0.0,3,60,1,1.0,6.123233995736766e-17,0.8587639582758029,0.5123714121284237,6.2062,6.215,6.025,6.0812,5.347193333333333
2021-03-02,6.5222,24.0,21.86,0.53,1.99,0.0,3,61,1,1.0,6.123233995736766e-17,0.8674563547295969,0.49751328890718066,6.3012,6.2062,6.0005,6.120657142857143,5.377576666666667
2021-03-03,6.6761,25.11,15.9,5.06,1.26,0.0,3,62,1,1.0,6.123233995736766e-17,0.8758917051442429,0.48250774176121847,6.5222,6.3012,6.0362,6.195185714285714,5.41124
2021-03-04,6.5594,26.01,13.26,11.87,1.25,0.0,3,63,1,1.0,6.123233995736766e-17,0.8840675099433636,0.4673592171580022,6.6761,6.5222,5.8721,6.286599999999999,5.45225
2021-03-05,6.6041,24.8,15.77,3.19,2.77,0.0,3,64,1,1.0,6.123233995736766e-17,0.8919813464595485,0.45207220393230435,6.5594,6.6761,6.2134,6.384785714285714,5.4902500000000005
2021-03-06,6.612,25.73,14.61,0.91,1.62,0.0,3,65,1,1.0,6.123233995736766e-17,0.8996308696522433,0.43665123195606403,6.6041,6.5594,6.215,6.440600000000001,5.53169
2021-03-07,6.4375,26.11,14.93,1.31,1.88,0.0,3,66,1,1.0,6.123233995736766e-17,0.9070138128026359,0.4211008707960896,6.612,6.6041,6.2062,6.4973142857142845,5.584233333333333
2021-03-08,6.3144,27.01,18.12,6.57,1.93,0.0,3,67,1,1.0,6.123233995736766e-17,0.9141279881853337,0.40542572835999735,6.4375,6.612,6.3012,6.5303571428571425,5.658343333333333
2021-03-09,6.3595,28.08,21.98,6.85,1.58,0.0,3,68,1,1.0,6.123233995736766e-17,0.9209712877166346,0.38963044953078796,6.3144,6.4375,6.5222,6.532242857142857,5.703656666666666
2021-03-10,5.917,28.63,22.79,20.24,1.49,0.0,3,69,1,1.0,6.123233995736766e-17,0.9275416835791966,0.37371971479046906,6.3595,6.3144,6.6761,6.509,5.727303333333333
2021-03-11,4.8828,28.6,28.79,57.11,1.31,1.59,3,70,1,1.0,6.123233995736766e-17,0.9338372288229252,0.35769823883312546,5.917,6.3595,6.5594,6.400557142857143,5.737736666666667
2021-03-12,3.3989,27.35,38.43,88.58,1.58,7.25,3,71,1,1.0,6.123233995736766e-17,0.9398560579418954,0.3415707691678556,4.8828,5.917,6.6041,6.161042857142857,5.715416666666667
2021-03-13,6.1723,24.7,46.69,26.98,1.61,0.16,3,72,1,1.0,6.123233995736766e-17,0.9455963874271426,0.3253420847119801,3.3989,4.8828,6.612,5.703157142857142,5.64393
2021-03-14,6.6031,25.61,39.57,0.94,1.5,0.0,3,73,1,1.0,6.123233995736766e-17,0.9510565162951535,0.30901699437494745,6.1723,3.3989,6.4375,5.640342857142857,5.680376666666667
2021-03-15,6.5047,26.2,32.81,8.5,1.31,0.0,3,74,1,1.0,6.123233995736766e-17,0.9562348265919056,0.29260033563334836,6.6031,6.1723,6.3144,5.664000000000001,5.7196066666666665
2021-03-16,5.0626,26.97,29.9,23.73,1.46,0.05,3,75,1,1.0,6.123233995736766e-17,0.9611297838723007,0.27609697309746883,6.5047,6.6031,6.3595,5.691185714285715,5.75519
2021-03-17,5.5589,27.54,30.98,11.74,1.46,0.13,3,76,1,1.0,6.123233995736766e-17,0.9657399376548549,0.2595117970697999,5.0626,6.5047,5.917,5.505914285714285,5.7553833333333335
2021-03-18,4.2266,28.68,28.34,59.39,1.48,0.44,3,77,1,1.0,6.123233995736766e-17,0.9700639218515071,0.2428497220959356,5.5589,5.0626,4.8828,5.454757142857142,5.779
2021-03-19,3.7471,28.81,31.48,87.34,1.68,0.26,3,78,1,1.0,6.123233995736766e-17,0.9741004551724205,0.22611568550828828,4.2266,5.5589,3.3989,5.361014285714286,5.8262
2021-03-20,6.0398,27.94,30.96,62.52,1.65,0.1,3,79,1,1.0,6.123233995736766e-17,0.9778483415056568,0.20931464596304847,3.7471,4.2266,6.1723,5.410757142857143,5.8028233333333334
2021-03-21,6.1975,28.51,27.47,26.83,1.95,0.01,3,80,1,1.0,6.123233995736766e-17,0.9813064702716093,0.19245158197082998,6.0398,3.7471,6.6031,5.391828571428571,5.849453333333333
2021-03-22,4.0906,28.76,29.76,61.56,1.67,0.0,3,81,1,1.0,6.123233995736766e-17,0.9844738167520922,0.1755314904214282,6.1975,6.0398,6.5047,5.333885714285714,5.889269999999999
2021-03-23,4.6332,28.95,30.9,74.32,1.47,0.04,3,82,1,1.0,6.123233995736766e-17,0.9873494423939864,0.15855938510313475,4.0906,6.1975,5.0626,4.989014285714285,5.837256666666667
2021-03-24,6.2309,28.83,24.73,19.8,1.03,0.08,3,83,1,1.0,6.123233995736766e-17,0.989932495087353,0.141540295217043,4.6332,4.0906,5.5589,4.927671428571429,5.799663333333333
2021-03-25,6.7699,28.38,21.54,15.98,1.62,0.0,3,84,1,1.0,6.123233995736766e-17,0.9922222094179323,0.12447926388678915,6.2309,4.6332,4.2266,5.023671428571428,5.806526666666667
2021-03-26,7.1045,26.94,17.31,7.88,2.01,0.0,3,85,1,1.0,6.123233995736766e-17,0.994217906893952,0.10738134666416309,6.7699,6.2309,3.7471,5.3870000000000005,5.8321733333333325
2021-03-27,7.3464,27.84,15.64,0.58,1.47,0.0,3,86,1,1.0,6.123233995736766e-17,0.995918996147179,0.09025161003104117,7.1045,6.7699,6.0398,5.8666285714285715,5.867783333333334
2021-03-28,7.0171,29.78,17.11,1.7,1.85,0.0,3,87,1,1.0,6.123233995736766e-17,0.9973249731081555,0.07309512989807777,7.3464,7.1045,6.1975,6.053285714285714,5.916926666666666
2021-03-29,7.2194,30.66,14.92,0.53,1.87,0.0,3,88,1,1.0,6.123233995736766e-17,0.9984354211555643,0.055916990100603484,7.0171,7.3464,4.0906,6.170371428571428,5.943716666666668
2021-03-30,7.1191,30.41,13.57,2.08,3.71,0.0,3,89,1,1.0,6.123233995736766e-17,0.9992500112396835,0.03872228089217446,7.2194,7.0171,4.6332,6.617342857142857,5.977196666666667
2021-03-31,7.0217,29.42,12.63,20.2,2.96,0.0,3,90,1,1.0,6.123233995736766e-17,0.9997685019798909,0.021516097436222254,7.1191,7.2194,6.2309,6.972471428571429,6.007626666666667
2021-04-01,7.5706,28.24,12.84,3.01,2.46,0.0,4,91,1,0.8660254037844387,-0.4999999999999998,0.9999907397361901,0.004303538296244289,7.0217,7.1191,6.7699,7.085442857142858,6.031643333333333
2021-04-02,7.6762,29.39,7.14,1.79,1.46,0.0,4,92,1,0.8660254037844387,-0.4999999999999998,0.9999166586547379,-0.01291029607500882,7.5706,7.0217,7.1045,7.199828571428571,6.06659
2021-04-03,7.3289,28.98,8.67,2.17,1.61,0.0,4,93,1,0.8660254037844387,-0.4999999999999998,0.9995462806873573,-0.030120304846908114,7.6762,7.5706,7.3464,7.2815,6.099926666666667
2021-04-04,7.4395,29.06,10.03,1.37,1.93,0.0,4,94,1,0.8660254037844387,-0.4999999999999998,0.9988797155850336,-0.04732138832243185,7.3289,7.6762,7.0171,7.279000000000001,6.125576666666666
2021-04-05,7.3514,30.5,9.67,2.67,1.5,0.0,4,95,1,0.8660254037844387,-0.4999999999999998,0.9979171608653922,-0.06450844944931623,7.4395,7.3289,7.2194,7.339342857142857,6.1534233333333335
2021-04-06,6.7493,31.43,12.01,13.77,2.01,0.0,4,96,1,0.8660254037844387,-0.4999999999999998,0.9966589017541702,-0.08167639533042241,7.3514,7.4395,7.1191,7.358200000000001,6.178070000000001
2021-04-07,6.8662,31.9,16.26,23.2,2.12,0.0,4,97,1,0.8660254037844387,-0.4999999999999998,0.9951053111006976,-0.09882013873287143,6.7493,7.3514,7.0217,7.305371428571428,6.188463333333333
2021-04-08,6.7123,31.55,15.3,28.59,1.79,0.0,4,98,1,0.8660254037844387,-0.4999999999999998,0.9932568492674143,-0.11593459959550041,6.8662,6.7493,7.5706,7.283157142857142,6.206856666666667
2021-04-09,6.4229,31.62,16.86,32.79,1.31,0.0,4,99,1,0.8660254037844387,-0.4999999999999998,0.9911140639934547,-0.1330147065341959,6.7123,6.8662,7.6762,7.160542857142857,6.218616666666667
2021-04-10,5.9482,31.72,27.84,47.9,2.1,0.36,4,100,1,0.8660254037844387,-0.4999999999999998,0.9886775902323405,-0.1500553983446526,6.4229,6.7123,7.3289,6.9815,6.23548
2021-04-11,5.8373,31.9,27.98,67.67,2.07,0.65,4,101,1,0.8660254037844387,-0.4999999999999998,0.9859481499638304,-0.16705162550211924,5.9482,6.4229,7.4395,6.784257142857142,6.270993333333333
2021-04-12,6.9977,31.49,24.74,8.39,1.07,1.46,4,102,1,0.8660254037844387,-0.4999999999999998,0.9829265519799822,-0.18399835165768005,5.8373,5.9482,7.3514,6.555371428571429,6.352273333333333
2021-04-13,7.5017,32.48,13.69,4.28,0.93,0.0,4,103,1,0.8660254037844387,-0.4999999999999998,0.9796136916454901,-0.20089055513063506,6.9977,5.8373,6.7493,6.504842857142856,6.379786666666666
2021-04-14,6.2477,31.72,12.49,57.15,1.79,0.0,4,104,1,0.8660254037844387,-0.4999999999999998,0.9760105506323683,-0.21772323039653177,7.5017,6.9977,6.8662,6.612328571428571,6.40974
2021-04-15,4.0375,30.89,20.41,70.92,2.17,0.0,4,105,1,0.8660254037844387,-0.4999999999999998,0.9721181966290613,-0.23449138957040985,6.2477,7.5017,6.7123,6.5239714285714285,6.401173333333333
2021-04-16,6.3734,31.67,21.82,41.54,1.51,0.0,4,106,1,0.8660254037844387,-0.4999999999999998,0.9679377830240642,-0.25119006388481935,4.0375,6.2477,6.4229,6.141857142857143,6.367003333333333
2021-04-17,6.3559,31.73,20.59,38.06,2.2,0.0,4,107,1,0.8660254037844387,-0.4999999999999998,0.9634705485641488,-0.2678143051621742,6.3734,4.0375,5.9482,6.134785714285714,6.394153333333334
2021-04-18,6.9079,31.34,19.84,23.13,1.88,0.0,4,108,1,0.8660254037844387,-0.4999999999999998,0.9587178169872964,-0.2843591872810034,6.3559,6.3734,5.8373,6.193028571428572,6.46513
2021-04-19,6.8155,31.82,18.28,33.54,1.6,0.0,4,109,1,0.8660254037844387,-0.4999999999999998,0.9536809966304457,-0.30081980763566735,6.9079,6.3559,6.9977,6.3459714285714295,6.57049
2021-04-20,6.3134,32.49,18.44,46.58,2.2,0.0,4,110,1,0.8660254037844387,-0.4999999999999998,0.9483615800121715,-0.3171912885891061,6.8155,6.9079,7.5017,6.319942857142857,6.596346666666666
2021-04-21,5.5709,29.92,31.15,82.67,2.86,0.03,4,111,1,0.8660254037844387,-0.4999999999999998,0.9427611433904207,-0.3334687789181868,6.3134,6.8155,6.2477,6.150185714285714,6.600210000000001
2021-04-22,7.2144,30.4,28.05,52.22,0.93,0.0,4,112,1,0.8660254037844387,-0.4999999999999998,0.9368813462954315,-0.3496474552512284,5.5709,6.3134,4.0375,6.0535,6.6495533333333325
2021-04-23,7.1681,31.58,15.7,55.33,1.39,0.0,4,113,1,0.8660254037844387,-0.4999999999999998,0.9307239310379795,-0.36572252349726897,7.2144,5.5709,6.3734,6.5073428571428575,6.735593333333333
2021-04-24,6.8244,31.33,18.03,49.52,2.34,0.0,4,114,1,0.8660254037844387,-0.4999999999999998,0.9242907221930933,-0.3816892202666588,7.1681,7.2144,6.3559,6.620871428571428,6.7668333333333335
2021-04-25,7.6783,31.31,15.25,41.12,2.17,0.0,4,115,1,0.8660254037844387,-0.4999999999999998,0.9175836260593937,-0.39754281428255595,6.8244,7.1681,6.9079,6.687800000000001,6.76865
2021-04-26,8.0606,30.79,8.77,26.82,1.89,0.0,4,116,1,0.8660254037844387,-0.4999999999999998,0.9106046300942162,-0.41327860778290415,7.6783,6.8244,6.8155,6.797857142857143,6.787776666666667
2021-04-27,7.9157,32.07,9.12,29.37,1.67,0.0,4,117,1,0.8660254037844387,-0.4999999999999998,0.9033558023246845,-0.4288919379124835,8.0606,7.6783,6.3134,6.975728571428571,6.811583333333334
2021-04-28,7.9402,33.09,8.41,10.83,1.29,0.0,4,118,1,0.8660254037844387,-0.4999999999999998,0.895839290734909,-0.44437817810461316,7.9157,8.0606,5.5709,7.204628571428571,6.841536666666666
2021-04-29,7.2982,34.29,8.42,35.8,1.02,0.0,4,119,1,0.8660254037844387,-0.4999999999999998,0.8880573226294932,-0.45973273945210397,7.9402,7.9157,7.2144,7.543100000000001,6.865563333333333
2021-04-30,7.0399,33.63,14.13,44.14,1.46,0.0,4,120,1,0.8660254037844387,-0.4999999999999998,0.8800122039735357,-0.47495107206704995,7.2982,7.9402,7.1681,7.555071428571428,6.871533333333334
2021-05-01,6.0086,33.96,18.15,72.73,2.94,0.0,5,121,1,0.49999999999999994,-0.8660254037844387,0.8717063187093218,-0.4900286664290592,7.0399,7.2982,6.8244,7.536757142857143,6.87214
2021-05-02,4.2682,31.14,29.43,80.58,2.38,0.35,5,122,1,0.49999999999999994,-0.8660254037844387,0.8631421280499114,-0.5049610547215204,6.0086,7.0399,7.6783,7.420214285714286,6.820073333333334
2021-05-03,6.5657,31.82,27.16,36.22,1.56,0.64,5,123,1,0.49999999999999994,-0.8660254037844387,0.854322169749827,-0.5197438121555155,4.2682,6.0086,8.0606,6.933057142857143,6.706473333333333
2021-05-04,6.6581,32.99,22.67,40.59,1.8,0.11,5,124,1,0.49999999999999994,-0.8660254037844387,0.8452490573530633,-0.5343725582809786,6.5657,4.2682,7.9157,6.719499999999999,6.681033333333334
2021-05-05,6.401,33.23,22.26,34.49,2.36,0.0,5,125,1,0.49999999999999994,-0.8660254037844387,0.8359254794186372,-0.548842958284719,6.6581,6.5657,7.9402,6.539842857142857,6.654986666666667
2021-05-06,6.5486,33.88,25.05,30.09,3.4,0.01,5,126,1,0.49999999999999994,-0.8660254037844387,0.8263541987239096,-0.5631507242749186,6.401,6.6581,7.2982,6.319957142857143,6.623306666666666
2021-05-07,5.6638,34.08,30.68,67.31,3.4,0.32,5,127,1,0.49999999999999994,-0.8660254037844387,0.8165380514459161,-0.5772916165517272,6.5486,6.401,7.0399,6.21287142857143,6.616616666666667
2021-05-08,5.7797,33.47,36.1,48.48,2.79,0.47,5,128,1,0.49999999999999994,-0.8660254037844387,0.8064799463209448,-0.5912614448635781,5.6638,6.5486,6.0086,6.016285714285715,6.576536666666667
2021-05-09,5.6189,31.69,45.49,56.98,2.76,9.06,5,129,1,0.49999999999999994,-0.8660254037844387,0.7961828637826158,-0.6050560696488488,5.7797,5.6638,4.2682,5.983585714285715,6.54545
2021-05-10,6.433,30.65,53.99,47.53,2.47,11.84,5,130,1,0.49999999999999994,-0.8660254037844387,0.7856498550787147,-0.6186714032625031,5.6189,5.7797,6.5657,6.176542857142857,6.518649999999999
2021-05-11,7.2982,30.47,52.68,42.52,1.83,1.8,5,131,1,0.49999999999999994,-0.8660254037844387,0.7748840413670407,-0.6321034111873487,6.433,5.6189,6.6581,6.157585714285714,6.534810000000001
2021-05-12,7.2293,31.09,40.75,52.59,2.79,0.72,5,132,1,0.49999999999999994,-0.8660254037844387,0.7638886127905428,-0.6453481132295501,7.2982,6.433,6.401,6.249028571428572,6.583506666666667
2021-05-13,6.8124,31.25,37.59,45.07,2.29,0.43,5,133,1,0.49999999999999994,-0.8660254037844387,0.7526668275320085,-0.6584015846980488,7.2293,7.2982,6.5486,6.367357142857143,6.591226666666667
2021-05-14,6.8633,31.8,37.95,34.7,1.65,0.11,5,134,1,0.49999999999999994,-0.8660254037844387,0.7412220108485958,-0.6712599575675313,6.8124,7.2293,5.6638,6.405042857142857,6.568250000000001
2021-05-15,5.8524,32.14,39.92,53.28,3.54,1.64,5,135,1,0.49999999999999994,-0.8660254037844387,0.7295575540864875,-0.6839194216246106,6.8633,6.8124,5.7797,6.5764,6.588769999999999
2021-05-16,5.923,32.42,43.25,65.38,3.3,0.1,5,136,1,0.49999999999999994,-0.8660254037844387,0.717676913675962,-0.6963762255968722,5.8524,6.8633,5.6189,6.586785714285715,6.649266666666667
2021-05-17,5.4958,31.84,50.73,90.81,2.3,8.35,5,137,1,0.49999999999999994,-0.8660254037844387,0.705583610107178,-0.7086266782644596,5.923,5.8524,6.433,6.630228571428572,6.634253333333334
2021-05-18,4.133,29.46,68.88,98.92,3.32,20.8,5,138,1,0.49999999999999994,-0.8660254037844387,0.6932812268869777,-0.7206671495538609,5.4958,5.923,7.2982,6.496342857142857,6.605583333333334
2021-05-19,5.1511,27.86,77.01,95.23,3.99,25.61,5,139,1,0.49999999999999994,-0.8660254037844387,0.6807734094770161,-0.7324940716135789,4.133,5.4958,7.2293,6.044171428571429,6.513086666666666
2021-05-20,6.2914,27.91,71.25,60.69,2.86,3.96,5,140,1,0.49999999999999994,-0.8660254037844387,0.6680638642135335,-0.7441039398713607,5.1511,4.133,6.8124,5.747285714285715,6.457606666666667
2021-05-21,7.2259,28.75,56.37,14.07,2.35,0.01,5,141,1,0.49999999999999994,-0.8660254037844387,0.6551563572090853,-0.7554933140726803,6.2914,5.1511,6.8633,5.672857142857143,6.456873333333333
2021-05-22,6.9386,30.4,47.06,48.33,1.88,0.06,5,142,1,0.49999999999999994,-0.8660254037844387,0.6420547132365637,-0.766658819300159,7.2259,6.2914,5.8524,5.724657142857143,6.51204
2021-05-23,5.7888,30.59,48.31,58.6,2.03,0.35,5,143,1,0.49999999999999994,-0.8660254037844387,0.6287628145958344,-0.7775971469736269,6.9386,7.2259,5.923,5.879828571428571,6.502846666666667
2021-05-24,7.0771,30.12,46.23,63.83,2.64,0.08,5,144,1,0.49999999999999994,-0.8660254037844387,0.6152845999633276,-0.7883050558305255,5.7888,6.9386,5.4958,5.860657142857144,6.45687
2021-05-25,6.5594,29.21,37.38,96.79,3.79,0.0,5,145,1,0.49999999999999994,-0.8660254037844387,0.6016240632249226,-0.7987793728863649,7.0771,5.7888,4.133,6.086557142857143,6.465293333333333
2021-05-26,7.3229,30.32,38.38,85.15,4.34,0.0,5,146,1,0.49999999999999994,-0.8660254037844387,0.5877852522924732,-0.8090169943749473,6.5594,7.0771,5.1511,6.433185714285714,6.427996666666667
2021-05-27,7.5048,29.99,47.82,34.39,3.31,0.0,5,147,1,0.49999999999999994,-0.8660254037844387,0.5737722679043246,-0.8190148866680801,7.3229,6.5594,6.2914,6.743442857142857,6.403406666666666
2021-05-28,6.7495,30.37,50.61,47.57,2.69,0.0,5,148,1,0.49999999999999994,-0.8660254037844387,0.5595892624101765,-0.8287700871745038,7.5048,7.3229,7.2259,6.916785714285715,6.38971
2021-05-29,7.4064,31.5,49.46,12.05,2.07,0.0,5,149,1,0.49999999999999994,-0.8660254037844387,0.545240438540651,-0.8382797052177744,6.7495,7.5048,6.9386,6.8487285714285715,6.35002
2021-05-30,5.4917,33.03,47.48,81.7,2.13,0.86,5,150,1,0.49999999999999994,-0.8660254037844387,0.5307300481619334,-0.8475409228928311,7.4064,6.7495,5.7888,6.915557142857142,6.353626666666667
2021-05-31,6.2021,32.93,44.2,66.02,3.21,0.23,5,151,1,0.49999999999999994,-0.8660254037844387,0.5160623910158528,-0.8565509959010036,5.4917,7.4064,7.0771,6.873114285714285,6.30202
2021-06-01,6.8412,33.67,42.24,74.89,1.99,2.3,6,152,2,1.2246467991473532e-16,-1.0,0.5012418134457758,-0.865307254363206,6.2021,5.4917,6.5594,6.748114285714286,6.30847
2021-06-02,6.571,32.46,48.16,74.34,1.37,4.39,6,153,2,1.2246467991473532e-16,-1.0,0.48627270710868997,-0.8738071036110808,6.8412,6.2021,7.3229,6.788371428571429,6.394236666666667
2021-06-03,6.6254,31.55,51.42,71.46,1.9,5.62,6,154,2,1.2246467991473532e-16,-1.0,0.4711595076738638,-0.8820480249558537,6.571,6.8412,7.5048,6.680957142857143,6.3944133333333335
2021-06-04,4.3306,30.27,57.04,94.18,2.19,1.5,6,155,2,1.2246467991473532e-16,-1.0,0.4559066935084588,-0.8900275764346767,6.6254,6.571,6.7495,6.5553285714285705,6.393323333333333
2021-06-05,3.8045,29.88,57.8,80.94,2.11,1.07,6,156,2,1.2246467991473532e-16,-1.0,0.440518784350495,-0.8977433935342337,4.3306,6.6254,7.4064,6.209771428571429,6.32431
2021-06-06,5.8658,30.15,60.93,79.72,2.43,0.1,6,157,2,1.2246467991473532e-16,-1.0,0.42500033996955416,-0.9051931898913974,3.8045,4.3306,5.4917,5.695214285714286,6.2328399999999995
2021-06-07,5.3539,31.62,54.12,93.12,2.66,0.14,6,158,2,1.2246467991473532e-16,-1.0,0.4093559588156213,-0.9123747579707273,5.8658,3.8045,6.2021,5.748657142857143,6.239573333333333
2021-06-08,5.6167,31.94,55.77,88.4,3.11,6.38,6,159,2,1.2246467991473532e-16,-1.0,0.39359027665646673,-0.9192859697186104,5.3539,5.8658,6.8412,5.627485714285713,6.22538
2021-06-09,5.7833,29.86,69.08,75.55,2.92,26.48,6,160,2,1.2246467991473532e-16,-1.0,0.3777079652039649,-0.9259247771938498,5.6167,5.3539,6.571,5.452557142857143,6.225306666666667
2021-06-10,4.6454,30.03,68.46,94.38,3.24,16.24,6,161,2,1.2246467991473532e-16,-1.0,0.36171373072976765,-0.9322892131745133,5.7833,5.6167,6.6254,5.340028571428571,6.20365
2021-06-11,3.8225,27.59,81.19,94.74,3.17,29.65,6,162,2,1.2246467991473532e-16,-1.0,0.3456123126707335,-0.9383773917408641,4.6454,5.7833,4.3306,5.057171428571428,6.115223333333334
2021-06-12,3.5431,27.51,80.32,94.82,3.15,5.12,6,163,2,1.2246467991473532e-16,-1.0,0.3294084822245304,-0.9441875088341993,3.8225,4.6454,3.8045,4.984585714285714,6.001663333333334
2021-06-13,6.2686,29.12,73.61,71.85,2.07,3.16,6,164,2,1.2246467991473532e-16,-1.0,0.3131070409358269,-0.9497178427914316,3.5431,3.8225,5.8658,4.947242857142856,5.892686666666666
2021-06-14,6.3312,29.37,70.85,75.92,2.81,4.35,6,165,2,1.2246467991473532e-16,-1.0,0.29671281927349075,-0.9549667548552551,6.2686,3.5431,5.3539,5.004785714285714,5.872863333333333
2021-06-15,6.0156,28.74,72.86,79.4,3.5,16.77,6,166,2,1.2246467991473532e-16,-1.0,0.28023067519921585,-0.9599326896597447,6.3312,6.2686,5.6167,5.1444,5.888823333333333
2021-06-16,4.5526,28.27,75.78,87.99,3.02,9.2,6,167,2,1.2246467991473532e-16,-1.0,0.26366549272800704,-0.9646141756912435,6.0156,6.3312,5.7833,5.201385714285714,5.891909999999999
2021-06-17,5.2308,27.42,78.29,88.83,2.85,9.45,6,168,2,1.2246467991473532e-16,-1.0,0.24702218048093552,-0.9690098257244062,4.5526,6.0156,4.6454,5.025571428571429,5.860470000000001
2021-06-18,3.5842,27.17,73.1,99.4,4.14,7.2,6,169,2,1.2246467991473532e-16,-1.0,0.23030567023061221,-0.9731183372332619,5.2308,4.5526,3.8225,5.1092,5.8970633333333335
2021-06-19,4.219,26.59,75.36,96.21,4.17,6.02,6,170,2,1.2246467991473532e-16,-1.0,0.21352091543979612,-0.9769384927771817,3.5842,5.2308,3.5431,5.075157142857143,5.844833333333333
2021-06-20,6.5554,27.51,71.28,59.9,3.71,1.77,6,171,2,1.2246467991473532e-16,-1.0,0.19667288979357647,-0.980469160361632,4.219,3.5842,6.2686,5.171714285714286,5.775753333333333
2021-06-21,5.7554,27.65,71.8,65.95,3.54,1.91,6,172,2,1.2246467991473532e-16,-1.0,0.1797665857255624,-0.9837092937736097,6.5554,4.219,6.3312,5.212685714285714,5.753403333333334
2021-06-22,5.8858,28.96,69.58,75.12,2.59,4.07,6,173,2,1.2246467991473532e-16,-1.0,0.16280701293851715,-0.986657932891657,5.7554,6.5554,6.0156,5.130428571428571,5.713963333333334
2021-06-23,4.0354,27.8,77.91,94.94,1.93,12.01,6,174,2,1.2246467991473532e-16,-1.0,0.1457991969198751,-0.9893142039703663,5.8858,5.7554,4.5526,5.111885714285714,5.717196666666666
2021-06-24,3.3094,27.03,83.92,97.34,3.03,25.17,6,175,2,1.2246467991473532e-16,-1.0,0.12874817745258132,-0.99167731989929,4.0354,5.8858,5.2308,5.037999999999999,5.615806666666667
2021-06-25,5.0599,25.97,84.13,89.53,3.08,10.52,6,176,2,1.2246467991473532e-16,-1.0,0.11165900712169512,-0.993746580436178,3.3094,4.0354,3.5842,4.763514285714286,5.507473333333334
2021-06-26,5.802,27.74,75.12,75.99,2.25,2.4,6,177,2,1.2246467991473532e-16,-1.0,0.09453674981719912,-0.9955213724144752,5.0599,3.3094,4.219,4.974328571428571,5.432040000000001
2021-06-27,4.422,28.28,75.76,90.08,1.81,1.58,6,178,2,1.2246467991473532e-16,-1.0,0.07738647923346301,-0.9970011699250151,5.802,5.0599,6.5554,5.200471428571428,5.37528
2021-06-28,5.9546,28.28,76.02,76.71,1.87,1.93,6,179,2,1.2246467991473532e-16,-1.0,0.06021327736579302,-0.9981855344718586,4.422,5.802,5.7554,4.8957,5.297696666666667
2021-06-29,6.533,29.33,72.62,69.97,3.46,0.2,6,180,2,1.2246467991473532e-16,-1.0,0.04302223300453059,-0.99907411510223,5.9546,4.422,5.8858,4.924157142857142,5.249303333333333
2021-06-30,6.0672,28.64,76.01,87.17,4.32,2.49,6,181,2,1.2246467991473532e-16,-1.0,0.02581844022713308,-0.9996666485105112,6.533,5.9546,4.0354,5.016614285714286,5.284013333333333
2021-07-01,5.8656,27.94,79.35,88.48,3.13,8.04,7,182,2,-0.4999999999999997,-0.8660254037844388,0.008606996888688698,-0.9999629591162655,6.0672,6.533,3.3094,5.306871428571428,5.279516666666667
2021-07-02,6.0029,27.75,76.36,80.71,3.46,1.71,7,183,2,-0.4999999999999997,-0.8660254037844388,-0.008606996888688009,-0.9999629591162655,5.8656,6.0672,5.0599,5.6720428571428565,5.246996666666666
2021-07-03,6.0994,28.18,74.37,67.46,2.92,2.32,7,184,2,-0.4999999999999997,-0.8660254037844388,-0.02581844022713239,-0.9996666485105112,6.0029,5.8656,5.802,5.806757142857143,5.228059999999999
2021-07-04,5.4293,28.48,68.81,84.63,2.51,0.01,7,185,2,-0.4999999999999997,-0.8660254037844388,-0.04302223300453034,-0.99907411510223,6.0994,6.0029,4.422,5.8492428571428565,5.2105266666666665
2021-07-05,5.8706,28.27,71.53,79.63,2.51,0.26,7,186,2,-0.4999999999999997,-0.8660254037844388,-0.060213277365792774,-0.9981855344718586,5.4293,6.0994,5.9546,5.993142857142857,5.24715
2021-07-06,5.0398,28.81,71.15,91.59,2.31,0.09,7,187,2,-0.4999999999999997,-0.8660254037844388,-0.07738647923346322,-0.9970011699250151,5.8706,5.4293,6.533,5.981142857142857,5.31602
2021-07-07,4.7081,29.14,70.87,96.88,2.4,1.4,7,188,2,-0.4999999999999997,-0.8660254037844388,-0.09453674981719933,-0.9955213724144752,5.0398,5.8706,6.0672,5.767828571428572,5.2884866666666674
2021-07-08,2.9374,26.26,84.48,98.97,3.07,17.08,7,189,2,-0.4999999999999997,-0.8660254037844388,-0.11165900712169444,-0.9937465804361781,4.7081,5.0398,5.8656,5.573671428571429,5.26696
2021-07-09,4.7762,27.11,78.87,94.2,1.45,3.49,7,190,2,-0.4999999999999997,-0.8660254037844388,-0.12874817745258066,-0.99167731989929,2.9374,4.7081,6.0029,5.1553571428571425,5.17765
2021-07-10,5.0378,28.08,75.39,89.5,1.39,1.59,7,191,2,-0.4999999999999997,-0.8660254037844388,-0.14579919691987442,-0.9893142039703664,4.7762,2.9374,6.0994,4.9801142857142855,5.14408
2021-07-11,5.8015,27.62,79.57,85.82,1.81,1.16,7,192,2,-0.4999999999999997,-0.8660254037844388,-0.16280701293851646,-0.9866579328916572,5.0378,4.7762,5.4293,4.828457142857142,5.15716
2021-07-12,6.0197,28.25,76.26,78.44,3.02,0.11,7,193,2,-0.4999999999999997,-0.8660254037844388,-0.17976658572556214,-0.9837092937736098,5.8015,5.0378,5.8706,4.881628571428571,5.223126666666667
2021-07-13,6.2261,28.16,75.25,71.57,2.38,0.05,7,194,2,-0.4999999999999997,-0.8660254037844388,-0.19667288979357622,-0.9804691603616321,6.0197,5.8015,5.0398,4.90292857142857,5.30568
2021-07-14,5.6227,28.61,74.39,76.18,2.08,0.29,7,195,2,-0.4999999999999997,-0.8660254037844388,-0.2135209154397959,-0.9769384927771817,6.2261,6.0197,4.7081,5.0724,5.304263333333334
2021-07-15,5.6426,28.52,74.25,63.06,2.95,0.15,7,196,2,-0.4999999999999997,-0.8660254037844388,-0.23030567023061196,-0.973118337233262,5.6227,6.2261,2.9374,5.203057142857142,5.280646666666667
2021-07-16,6.6067,28.82,73.2,68.26,2.85,0.17,7,197,2,-0.4999999999999997,-0.8660254037844388,-0.24702218048093527,-0.9690098257244063,5.6426,5.6227,4.7762,5.589514285714285,5.268213333333334
2021-07-17,6.6122,28.24,77.36,88.78,2.24,0.01,7,198,2,-0.4999999999999997,-0.8660254037844388,-0.2636654927280072,-0.9646141756912435,6.6067,5.6426,5.0378,5.851014285714286,5.336683333333332
2021-07-18,2.6006,28.06,78.23,93.08,2.19,4.28,7,199,2,-0.4999999999999997,-0.8660254037844388,-0.2802306751992161,-0.9599326896597445,6.6122,6.6067,5.8015,6.0759285714285705,5.38273
2021-07-19,5.4487,28.47,75.48,94.01,1.98,0.54,7,200,2,-0.4999999999999997,-0.8660254037844388,-0.2967128192734901,-0.9549667548552553,2.6006,6.6122,6.0197,5.618657142857143,5.349943333333333
2021-07-20,2.5882,26.88,82.15,99.39,3.08,7.65,7,201,2,-0.4999999999999997,-0.8660254037844388,-0.3131070409358267,-0.9497178427914317,5.4487,2.6006,6.2261,5.537085714285714,5.390933333333334
2021-07-21,2.9515,26.22,85.83,99.45,2.66,16.67,7,202,2,-0.4999999999999997,-0.8660254037844388,-0.3294084822245302,-0.9441875088341994,2.5882,5.4487,5.6227,5.017385714285714,5.2586933333333326
2021-07-22,2.0573,26.26,88.81,99.33,2.15,25.11,7,203,2,-0.4999999999999997,-0.8660254037844388,-0.3456123126707333,-0.9383773917408642,2.9515,2.5882,5.6426,4.635785714285714,5.165229999999999
2021-07-23,3.6612,27.23,84.25,97.17,1.62,30.02,7,204,2,-0.4999999999999997,-0.8660254037844388,-0.3617137307297674,-0.9322892131745134,2.0573,2.9515,6.6067,4.123600000000001,5.037613333333334
2021-07-24,1.5857,25.76,91.63,99.2,2.72,50.72,7,205,2,-0.4999999999999997,-0.8660254037844388,-0.37770796520396466,-0.9259247771938499,3.6612,2.0573,6.6122,3.7028142857142856,5.0251399999999995
2021-07-25,3.8938,26.78,86.87,75.35,3.08,7.85,7,206,2,-0.4999999999999997,-0.8660254037844388,-0.39359027665646645,-0.9192859697186105,1.5857,3.6612,2.6006,2.9847428571428574,4.967683333333333
2021-07-26,1.8686,25.85,83.2,99.29,4.91,3.51,7,207,2,-0.4999999999999997,-0.8660254037844388,-0.4093559588156211,-0.9123747579707274,3.8938,1.5857,5.4487,3.169485714285714,4.928813333333333
2021-07-27,1.5187,25.09,88.51,99.54,4.36,17.32,7,208,2,-0.4999999999999997,-0.8660254037844388,-0.42500033996955394,-0.9051931898913975,1.8686,3.8938,2.5882,2.658042857142857,4.7977
2021-07-28,2.1461,24.82,88.75,99.49,3.96,6.95,7,209,2,-0.4999999999999997,-0.8660254037844388,-0.4405187843504952,-0.8977433935342336,1.5187,1.8686,2.9515,2.505257142857143,4.700923333333334
2021-07-29,2.49,24.64,88.28,99.58,4.56,6.18,7,210,2,-0.4999999999999997,-0.8660254037844388,-0.455906693508459,-0.8900275764346766,2.1461,1.5187,2.0573,2.3902,4.573973333333333
2021-07-30,1.8454,25.37,85.69,99.54,4.2,6.96,7,211,2,-0.4999999999999997,-0.8660254037844388,-0.47115950767386394,-0.8820480249558535,2.49,2.1461,3.6612,2.4520142857142857,4.439206666666667
2021-07-31,2.1252,25.08,89.96,99.35,4.97,13.61,7,212,2,-0.4999999999999997,-0.8660254037844388,-0.4862727071086902,-0.8738071036110807,1.8454,2.49,1.5857,2.192614285714286,4.29848
2021-08-01,2.0666,24.66,88.83,99.14,6.05,13.01,8,213,2,-0.8660254037844384,-0.5000000000000004,-0.5012418134457756,-0.8653072543632061,2.1252,1.8454,3.8938,2.2696857142857145,4.1738
2021-08-02,2.3359,24.99,89.18,98.92,5.91,6.68,8,214,2,-0.8660254037844384,-0.5000000000000004,-0.5160623910158526,-0.8565509959010037,2.0666,2.1252,1.8686,2.008657142857143,4.04259
2021-08-03,3.2623,25.45,85.4,89.56,4.55,0.57,8,215,2,-0.8660254037844384,-0.5000000000000004,-0.5307300481619331,-0.8475409228928312,2.3359,2.0666,1.5187,2.075414285714286,3.9171400000000003
2021-08-04,2.911,25.45,85.38,93.15,4.1,1.23,8,216,2,-0.8660254037844384,-0.5000000000000004,-0.5452404385406507,-0.8382797052177745,3.2623,2.3359,2.1461,2.3245000000000005,3.8449066666666667
2021-08-05,2.2538,25.12,90.65,94.58,4.2,6.34,8,217,2,-0.8660254037844384,-0.5000000000000004,-0.5595892624101763,-0.828770087174504,2.911,3.2623,2.49,2.4337714285714287,3.7462533333333337
2021-08-06,2.6952,24.78,89.97,81.1,4.56,4.4,8,218,2,-0.8660254037844384,-0.5000000000000004,-0.5737722679043243,-0.8190148866680802,2.2538,2.911,1.8454,2.4000285714285714,3.653386666666667
2021-08-07,2.5884,26.36,85.32,72.06,3.44,1.24,8,219,2,-0.8660254037844384,-0.5000000000000004,-0.5877852522924734,-0.8090169943749472,2.6952,2.2538,2.1252,2.521428571428572,3.58629
2021-08-08,2.2942,26.54,87.52,97.36,2.46,1.09,8,220,2,-0.8660254037844384,-0.5000000000000004,-0.6016240632249227,-0.7987793728863648,2.5884,2.6952,2.0666,2.5876000000000006,3.574656666666667
2021-08-09,3.0859,26.24,87.62,97.69,3.4,9.11,8,221,2,-0.8660254037844384,-0.5000000000000004,-0.6152845999633277,-0.7883050558305253,2.2942,2.5884,2.3359,2.620114285714286,3.4919233333333333
2021-08-10,2.479,25.77,88.83,99.63,3.4,5.89,8,222,2,-0.8660254037844384,-0.5000000000000004,-0.6287628145958345,-0.7775971469736268,3.0859,2.2942,3.2623,2.7272571428571433,3.42686
2021-08-11,4.4866,25.35,88.77,99.02,2.48,1.36,8,223,2,-0.8660254037844384,-0.5000000000000004,-0.6420547132365636,-0.7666588193001592,2.479,3.0859,2.911,2.615357142857143,3.31611
2021-08-12,5.2819,26.01,84.05,98.58,2.14,0.01,8,224,2,-0.8660254037844384,-0.5000000000000004,-0.655156357209085,-0.7554933140726804,4.4866,2.479,2.2538,2.840442857142857,3.265006666666667
2021-08-13,5.6532,26.0,83.43,90.54,2.27,0.0,8,225,2,-0.8660254037844384,-0.5000000000000004,-0.6680638642135333,-0.7441039398713608,5.2819,4.4866,2.6952,3.2730285714285716,3.2335333333333334
2021-08-14,5.9885,26.35,83.94,69.26,2.51,0.52,8,226,2,-0.8660254037844384,-0.5000000000000004,-0.6807734094770159,-0.7324940716135792,5.6532,5.2819,2.5884,3.6955999999999998,3.2345499999999996
2021-08-15,5.6978,26.88,82.56,70.99,2.17,0.32,8,227,2,-0.8660254037844384,-0.5000000000000004,-0.6932812268869771,-0.7206671495538615,5.9885,5.6532,2.2942,4.181328571428572,3.2460799999999996
2021-08-16,4.4474,26.88,84.37,91.86,1.37,3.94,8,228,2,-0.8660254037844384,-0.5000000000000004,-0.7055836101071774,-0.70862667826446,5.6978,5.9885,3.0859,4.6675571428571425,3.2157833333333334
2021-08-17,3.4776,26.67,86.71,97.75,1.49,17.12,8,229,2,-0.8660254037844384,-0.5000000000000004,-0.7176769136759615,-0.6963762255968726,4.4474,5.6978,2.479,4.862057142857142,3.143623333333333
2021-08-18,3.0432,25.24,89.55,96.62,1.42,6.31,8,230,2,-0.8660254037844384,-0.5000000000000004,-0.7295575540864876,-0.6839194216246104,3.4776,4.4474,4.4866,5.004714285714286,3.1728566666666667
2021-08-19,3.156,26.52,82.92,99.42,1.0,13.33,8,231,2,-0.8660254037844384,-0.5000000000000004,-0.7412220108485957,-0.6712599575675315,3.0432,3.4776,5.2819,4.798514285714285,3.0926733333333334
2021-08-20,2.4281,26.22,87.07,97.11,1.31,5.49,8,232,2,-0.8660254037844384,-0.5000000000000004,-0.7526668275320083,-0.6584015846980489,3.156,3.0432,5.6532,4.494814285714286,3.1116
2021-08-21,4.4659,25.76,85.74,82.21,2.75,0.81,8,233,2,-0.8660254037844384,-0.5000000000000004,-0.7638886127905429,-0.64534811322955,2.4281,3.156,5.9885,4.034085714285714,3.0941533333333333
2021-08-22,5.1197,26.41,83.39,79.77,2.13,2.1,8,234,2,-0.8660254037844384,-0.5000000000000004,-0.7748840413670406,-0.6321034111873488,4.4659,2.4281,5.6978,3.8165714285714287,3.17444
2021-08-23,4.5895,26.91,85.58,97.42,2.21,1.81,8,235,2,-0.8660254037844384,-0.5000000000000004,-0.7856498550787144,-0.6186714032625032,5.1197,4.4659,4.4474,3.7339857142857147,3.2230566666666665
2021-08-24,4.0454,25.75,90.38,92.33,2.33,2.79,8,236,2,-0.8660254037844384,-0.5000000000000004,-0.7961828637826154,-0.6050560696488494,4.5895,5.1197,3.4776,3.7542857142857144,3.323183333333333
2021-08-25,4.152,26.27,87.36,98.93,2.46,4.44,8,237,2,-0.8660254037844384,-0.5000000000000004,-0.8064799463209447,-0.5912614448635782,4.0454,4.5895,3.0432,3.8354,3.3282366666666667
2021-08-26,4.9104,26.26,85.01,97.87,2.48,0.68,8,238,2,-0.8660254037844384,-0.5000000000000004,-0.8165380514459157,-0.5772916165517278,4.152,4.0454,3.156,3.9938000000000002,3.40435
2021-08-27,4.8936,26.69,81.58,88.12,1.69,0.02,8,239,2,-0.8660254037844384,-0.5000000000000004,-0.8263541987239094,-0.5631507242749187,4.9104,4.152,2.4281,4.244428571428571,3.5174066666666666
2021-08-28,4.1782,26.27,83.29,78.26,1.02,6.79,8,240,2,-0.8660254037844384,-0.5000000000000004,-0.8359254794186365,-0.5488429582847199,4.8936,4.9104,4.4659,4.596642857142856,3.60899
2021-08-29,4.9366,26.38,85.89,81.57,1.9,2.33,8,241,2,-0.8660254037844384,-0.5000000000000004,-0.8452490573530634,-0.5343725582809785,4.1782,4.8936,5.1197,4.555542857142858,3.6652633333333338
2021-08-30,4.4179,26.54,86.86,86.85,1.54,3.54,8,242,2,-0.8660254037844384,-0.5000000000000004,-0.8543221697498269,-0.5197438121555157,4.9366,4.1782,4.5895,4.529385714285715,3.768303333333334
2021-08-31,4.291,25.96,85.84,90.86,2.45,0.92,8,243,2,-0.8660254037844384,-0.5000000000000004,-0.8631421280499115,-0.5049610547215202,4.4179,4.9366,4.0454,4.504871428571429,3.844726666666667
2021-09-01,5.1614,26.08,84.22,55.6,2.62,0.64,9,244,2,-1.0,-1.8369701987210297e-16,-0.8717063187093217,-0.4900286664290594,4.291,4.4179,4.152,4.539957142857142,3.9188733333333334
2021-09-02,4.89,26.45,83.19,76.33,1.81,0.42,9,245,2,-1.0,-1.8369701987210297e-16,-0.8800122039735356,-0.4749510720670502,5.1614,4.291,4.9104,4.684157142857144,4.0130566666666665
2021-09-03,5.6582,26.38,85.02,79.04,1.51,2.35,9,246,2,-1.0,-1.8369701987210297e-16,-0.888057322629493,-0.4597327394521046,4.89,5.1614,4.8936,4.681242857142857,4.067313333333334
2021-09-04,5.1854,26.24,85.84,89.63,1.62,2.22,9,247,2,-1.0,-1.8369701987210297e-16,-0.8958392907349089,-0.4443781781046134,5.6582,4.89,4.1782,4.790471428571428,4.158886666666667
2021-09-05,5.1223,26.85,81.2,81.93,0.89,3.84,9,248,2,-1.0,-1.8369701987210297e-16,-0.9033558023246842,-0.4288919379124841,5.1854,5.6582,4.9366,4.934357142857143,4.256606666666666
2021-09-06,4.2444,26.28,87.75,94.83,1.9,4.95,9,249,2,-1.0,-1.8369701987210297e-16,-0.9106046300942162,-0.41327860778290443,5.1223,5.1854,4.4179,4.960885714285714,4.33751
2021-09-07,4.801,26.61,86.41,88.55,2.73,9.35,9,250,2,-1.0,-1.8369701987210297e-16,-0.9175836260593934,-0.3975428142825566,4.2444,5.1223,4.291,4.936100000000001,4.39271
2021-09-08,3.8534,25.8,88.47,87.24,3.71,98.14,9,251,2,-1.0,-1.8369701987210297e-16,-0.9242907221930934,-0.3816892202666586,4.801,4.2444,5.1614,5.008957142857143,4.4762699999999995
2021-09-09,2.3419,25.66,90.03,98.48,2.04,47.75,9,252,2,-1.0,-1.8369701987210297e-16,-0.9307239310379793,-0.3657225234972692,3.8534,4.801,4.89,4.8221,4.501853333333333
2021-09-10,3.414,24.58,92.92,96.33,2.49,10.35,9,253,2,-1.0,-1.8369701987210297e-16,-0.9368813462954315,-0.34964745525122826,2.3419,3.8534,5.6582,4.458085714285715,4.497283333333333
2021-09-11,4.8526,25.81,86.25,81.61,1.43,5.73,9,254,2,-1.0,-1.8369701987210297e-16,-0.9427611433904206,-0.33346877891818705,3.414,2.3419,5.1854,4.137485714285714,4.461530000000001
2021-09-12,4.398,26.36,86.39,94.95,0.86,8.41,9,255,2,-1.0,-1.8369701987210297e-16,-0.9483615800121716,-0.31719128858910595,4.8526,3.414,5.1223,4.089942857142858,4.447220000000001
2021-09-13,5.2942,26.34,88.61,83.33,1.35,4.91,9,256,2,-1.0,-1.8369701987210297e-16,-0.9536809966304455,-0.300819807635668,4.398,4.8526,4.2444,3.986471428571428,4.40538
2021-09-14,4.0562,25.93,88.03,88.84,3.32,6.44,9,257,2,-1.0,-1.8369701987210297e-16,-0.9587178169872964,-0.2843591872810036,5.2942,4.398,4.801,4.136442857142858,4.3822366666666674
2021-09-15,2.875,25.21,93.53,95.51,3.51,53.1,9,258,2,-1.0,-1.8369701987210297e-16,-0.9634705485641486,-0.26781430516217486,4.0562,5.2942,3.8534,4.030042857142857,4.327516666666667
2021-09-16,2.6112,25.23,90.67,99.2,4.33,12.66,9,259,2,-1.0,-1.8369701987210297e-16,-0.9679377830240642,-0.25119006388481957,2.875,4.0562,2.3419,3.8902714285714284,4.275103333333334
2021-09-17,2.7281,26.0,89.01,94.08,2.86,7.56,9,260,2,-1.0,-1.8369701987210297e-16,-0.9721181966290612,-0.23449138957041052,2.6112,2.875,3.414,3.928742857142857,4.246223333333334
2021-09-18,3.9432,25.96,87.84,62.16,1.97,2.01,9,261,2,-1.0,-1.8369701987210297e-16,-0.9760105506323682,-0.21772323039653224,2.7281,2.6112,4.8526,3.8307571428571427,4.23572
2021-09-19,5.1598,25.83,87.22,65.93,1.56,1.72,9,262,2,-1.0,-1.8369701987210297e-16,-0.9796136916454901,-0.20089055513063528,3.9432,2.7281,4.398,3.700842857142857,4.26196
2021-09-20,5.2853,26.39,82.07,62.45,0.55,4.84,9,263,2,-1.0,-1.8369701987210297e-16,-0.9829265519799822,-0.18399835165767986,5.1598,3.9432,5.2942,3.809671428571428,4.353016666666666
2021-09-21,4.2607,25.83,84.84,75.0,0.71,17.03,9,264,2,-1.0,-1.8369701987210297e-16,-0.9859481499638303,-0.1670516255021195,5.2853,5.1598,4.0562,3.8084000000000002,4.38033
2021-09-22,5.0789,25.95,85.78,41.01,1.52,1.99,9,265,2,-1.0,-1.8369701987210297e-16,-0.9886775902323404,-0.15005539834465262,4.2607,5.2853,2.875,3.837614285714286,4.351696666666667
2021-09-23,4.32,24.99,90.24,67.73,2.08,1.28,9,266,2,-1.0,-1.8369701987210297e-16,-0.9911140639934546,-0.13301470653419636,5.0789,4.2607,2.6112,4.152457142857143,4.36801
2021-09-24,4.4518,25.47,87.35,88.91,1.71,5.46,9,267,2,-1.0,-1.8369701987210297e-16,-0.9932568492674143,-0.11593459959550066,4.32,5.0789,2.7281,4.396571428571429,4.377163333333333
2021-09-25,3.8594,25.68,86.16,96.87,1.31,9.45,9,268,2,-1.0,-1.8369701987210297e-16,-0.9951053111006974,-0.09882013873287211,4.4518,4.32,3.9432,4.6428142857142864,4.387156666666667
2021-09-26,4.7422,25.96,85.49,78.42,1.55,2.44,9,269,2,-1.0,-1.8369701987210297e-16,-0.99665890175417,-0.08167639533042288,3.8594,4.4518,5.1598,4.6308428571428575,4.352123333333334
2021-09-27,5.651,25.74,87.66,47.76,2.61,1.79,9,270,2,-1.0,-1.8369701987210297e-16,-0.9979171608653922,-0.06450844944931625,4.7422,3.8594,5.2853,4.571185714285715,4.347076666666666
2021-09-28,4.8622,25.12,85.35,58.74,3.3,0.77,9,271,2,-1.0,-1.8369701987210297e-16,-0.9988797155850335,-0.04732138832243232,5.651,4.7422,4.2607,4.623428571428571,4.39617
2021-09-29,5.2356,25.34,86.05,47.98,1.57,1.04,9,272,2,-1.0,-1.8369701987210297e-16,-0.9995462806873573,-0.03012030484690836,4.8622,5.651,5.0789,4.709357142857143,4.39369
2021-09-30,4.9289,26.0,86.23,58.66,1.05,6.01,9,273,2,-1.0,-1.8369701987210297e-16,-0.9999166586547379,-0.012910296075008843,5.2356,4.8622,4.32,4.731742857142857,4.420946666666667
2021-10-01,5.8262,25.75,86.67,18.26,1.31,0.63,10,274,3,-0.8660254037844386,0.5000000000000001,-0.9999907397361901,0.004303538296243821,4.9289,5.2356,4.4518,4.818728571428571,4.44221
2021-10-02,5.4554,26.21,82.79,32.55,0.76,2.02,10,275,3,-0.8660254037844386,0.5000000000000001,-0.9997685019798909,0.021516097436222233,5.8262,4.9289,3.8594,5.015071428571429,4.464370000000001
2021-10-03,5.52,25.61,86.28,25.51,1.48,2.37,10,276,3,-0.8660254037844386,0.5000000000000001,-0.9992500112396835,0.03872228089217399,5.4554,5.8262,4.7422,5.243071428571428,4.483216666666666
2021-10-04,5.411,26.53,81.32,49.82,1.02,0.68,10,277,3,-0.8660254037844386,0.5000000000000001,-0.9984354211555643,0.05591699010060302,5.52,5.4554,5.651,5.354185714285713,4.478610000000001
2021-10-05,4.3973,26.71,81.36,74.66,0.98,2.01,10,278,3,-0.8660254037844386,0.5000000000000001,-0.9973249731081555,0.07309512989807776,5.411,5.52,4.8622,5.3199,4.48613
2021-10-06,5.4823,26.24,83.15,29.58,1.02,0.95,10,279,3,-0.8660254037844386,0.5000000000000001,-0.9959189961471792,0.0902516100310407,4.3973,5.411,5.2356,5.2534857142857145,4.461963333333333
2021-10-07,5.1478,26.19,79.98,24.74,0.82,0.17,10,280,3,-0.8660254037844386,0.5000000000000001,-0.994217906893952,0.10738134666416306,5.4823,4.3973,4.9289,5.288728571428571,4.5032266666666665
2021-10-08,5.4386,25.81,80.72,15.03,1.21,0.08,10,281,3,-0.8660254037844386,0.5000000000000001,-0.9922222094179324,0.12447926388678869,5.1478,5.4823,5.8262,5.32,4.514786666666667
2021-10-09,5.8855,25.26,73.89,0.3,1.13,0.0,10,282,3,-0.8660254037844386,0.5000000000000001,-0.989932495087353,0.141540295217043,5.4386,5.1478,5.4554,5.264628571428572,4.5676266666666665
2021-10-10,5.7646,24.99,72.35,0.26,1.16,0.0,10,283,3,-0.8660254037844386,0.5000000000000001,-0.9873494423939864,0.15855938510313475,5.8855,5.4386,5.52,5.326071428571429,4.685746666666666
2021-10-11,5.7821,24.6,69.46,1.53,0.74,0.0,10,284,3,-0.8660254037844386,0.5000000000000001,-0.9844738167520923,0.17553149042142777,5.7646,5.8855,5.411,5.361014285714285,4.7641
2021-10-12,5.5061,24.39,71.7,9.13,1.19,0.0,10,285,3,-0.8660254037844386,0.5000000000000001,-0.9813064702716093,0.19245158197082995,5.7821,5.7646,4.3973,5.414028571428571,4.795083333333333
2021-10-13,5.6611,23.81,77.86,7.16,1.51,0.0,10,286,3,-0.8660254037844386,0.5000000000000001,-0.9778483415056567,0.20931464596304888,5.5061,5.7821,5.4823,5.572428571428572,4.83202
2021-10-14,5.7614,22.68,75.36,20.34,1.7,0.0,10,287,3,-0.8660254037844386,0.5000000000000001,-0.9741004551724206,0.22611568550828803,5.6611,5.5061,5.1478,5.597971428571428,4.84425
2021-10-15,5.5219,22.72,76.12,29.31,1.67,0.98,10,288,3,-0.8660254037844386,0.5000000000000001,-0.970063921851507,0.2428497220959358,5.7614,5.6611,5.4386,5.6856285714285715,4.90109
2021-10-16,4.5353,24.08,89.39,53.05,1.49,0.46,10,289,3,-0.8660254037844386,0.5000000000000001,-0.965739937654855,0.25951179706979943,5.5219,5.7614,5.8855,5.697528571428571,4.98932
2021-10-17,4.3327,24.92,88.91,60.96,1.85,1.62,10,290,3,-0.8660254037844386,0.5000000000000001,-0.9611297838723007,0.27609697309746883,4.5353,5.5219,5.7646,5.504642857142857,5.0534566666666665
2021-10-18,3.4258,25.22,88.64,91.11,1.9,11.61,10,291,3,-0.8660254037844386,0.5000000000000001,-0.9562348265919058,0.2926003356333479,4.3327,4.5353,5.7821,5.300085714285714,5.106943333333333
2021-10-19,4.8667,23.44,87.08,51.83,2.32,1.67,10,292,3,-0.8660254037844386,0.5000000000000001,-0.9510565162951536,0.30901699437494723,3.4258,4.3327,5.5061,4.963471428571429,5.089696666666667
2021-10-20,5.1259,22.69,78.66,31.24,1.34,0.0,10,293,3,-0.8660254037844386,0.5000000000000001,-0.9455963874271428,0.3253420847119795,4.8667,3.4258,5.6611,4.872128571428571,5.079926666666667
2021-10-21,5.5738,21.28,73.5,0.23,1.54,0.0,10,294,3,-0.8660254037844386,0.5000000000000001,-0.9398560579418953,0.341570769167856,5.1259,4.8667,5.7614,4.795671428571429,5.074613333333334
2021-10-22,5.5548,21.57,76.19,0.0,1.57,0.0,10,295,3,-0.8660254037844386,0.5000000000000001,-0.9338372288229252,0.35769823883312546,5.5738,5.1259,5.5219,4.768871428571429,5.118383333333333
2021-10-23,5.6155,22.06,71.58,2.05,0.76,0.0,10,296,3,-0.8660254037844386,0.5000000000000001,-0.9275416835791965,0.3737197147904692,5.5548,5.5738,4.5353,4.773571428571429,5.134246666666667
2021-10-24,4.9219,22.07,68.47,15.72,0.78,0.0,10,297,3,-0.8660254037844386,0.5000000000000001,-0.9209712877166347,0.38963044953078774,5.6155,5.5548,4.3327,4.927885714285715,5.17743
2021-10-25,4.9459,21.79,68.69,31.61,0.9,0.0,10,298,3,-0.8660254037844386,0.5000000000000001,-0.9141279881853337,0.4054257283599973,4.9219,5.6155,3.4258,5.012057142857143,5.1931
2021-10-26,4.5223,21.42,72.3,31.68,1.17,0.0,10,299,3,-0.8660254037844386,0.5000000000000001,-0.9070138128026362,0.42110087079608916,4.9459,4.9219,4.8667,5.229214285714286,5.229316666666667
2021-10-27,4.854,20.72,74.93,12.8,1.47,0.0,10,300,3,-0.8660254037844386,0.5000000000000001,-0.8996308696522434,0.4366512319560638,4.5223,4.9459,5.1259,5.180014285714286,5.221986666666667
2021-10-28,5.2277,19.2,70.47,0.59,1.39,0.0,10,301,3,-0.8660254037844386,0.5000000000000001,-0.8919813464595487,0.45207220393230374,4.854,4.5223,5.5738,5.141171428571428,5.19542
2021-10-29,5.4864,18.48,64.73,2.3,1.34,0.0,10,302,3,-0.8660254037844386,0.5000000000000001,-0.8840675099433637,0.46735921715800205,5.2277,4.854,5.5548,5.091728571428571,5.207603333333334
2021-10-30,5.2226,18.49,62.6,16.75,1.25,0.0,10,303,3,-0.8660254037844386,0.5000000000000001,-0.8758917051442433,0.48250774176121763,5.4864,5.2277,5.6155,5.081957142857143,5.215963333333333
2021-10-31,5.243,19.38,56.9,4.0,1.02,0.0,10,304,3,-0.8660254037844386,0.5000000000000001,-0.8674563547295971,0.4975132889071803,5.2226,5.4864,4.9219,5.025828571428571,5.225753333333333
2021-11-01,5.2226,18.94,55.73,1.41,1.0,0.0,11,305,3,-0.5000000000000004,0.8660254037844384,-0.858763958275803,0.5123714121284235,5.243,5.2226,4.9459,5.0717,5.206313333333333
2021-11-02,5.0964,19.97,51.77,0.02,0.72,0.0,11,306,3,-0.5000000000000004,0.8660254037844384,-0.8498170915275277,0.5270777086423724,5.2226,5.243,4.5223,5.111228571428571,5.198553333333334
2021-11-03,5.2063,19.54,63.74,0.6,0.93,0.0,11,307,3,-0.5000000000000004,0.8660254037844384,-0.8406184056344783,0.5416278206559811,5.0964,5.2226,4.854,5.193242857142857,5.184433333333333
2021-11-04,5.075,19.94,67.21,24.05,0.92,0.0,11,308,3,-0.5000000000000004,0.8660254037844384,-0.8311706263658079,0.5560174366570446,5.2063,5.0964,5.2277,5.243571428571428,5.17761
2021-11-05,5.0678,19.6,70.26,8.37,1.08,0.0,11,309,3,-0.5000000000000004,0.8660254037844384,-0.8214765533024145,0.5702422926917867,5.075,5.2063,5.4864,5.221757142857143,5.200199999999999
2021-11-06,4.8144,19.52,65.41,9.63,1.0,0.0,11,310,3,-0.5000000000000004,0.8660254037844384,-0.8115390590073611,0.5842981736283683,5.0678,5.075,5.2226,5.161957142857142,5.186383333333334
2021-11-07,4.2338,19.01,62.56,14.31,1.29,0.0,11,311,3,-0.5000000000000004,0.8660254037844384,-0.801361088174677,0.5981809144059159,4.8144,5.0678,5.243,5.103642857142857,5.175269999999999
2021-11-08,4.3546,18.98,63.58,11.36,1.36,0.0,11,312,3,-0.5000000000000004,0.8660254037844384,-0.7909456567567774,0.6118864012687242,4.2338,4.8144,5.2226,4.959471428571429,5.13511
2021-11-09,4.3841,18.54,61.56,2.38,1.57,0.0,11,313,3,-0.5000000000000004,0.8660254037844384,-0.780295851070776,0.6254105729852457,4.3546,4.2338,5.0964,4.835471428571429,5.08408
2021-11-10,4.3445,18.51,62.89,6.84,1.45,0.0,11,314,3,-0.5000000000000004,0.8660254037844384,-0.7694148268839381,0.6387494220515268,4.3841,4.3546,5.2063,4.733714285714285,5.038063333333333
2021-11-11,4.3241,18.17,68.44,39.14,1.72,0.0,11,315,3,-0.5000000000000004,0.8660254037844384,-0.7583058084785625,0.6518989958787125,4.3445,4.3841,5.075,4.6106,4.990143333333334
2021-11-12,4.3798,19.59,70.22,30.43,1.5,0.03,11,316,3,-0.5000000000000004,0.8660254037844384,-0.7469720876965551,0.6648553979642866,4.3241,4.3445,5.0678,4.503328571428571,4.9507433333333335
2021-11-13,4.2506,20.09,74.15,17.52,2.1,0.03,11,317,3,-0.5000000000000004,0.8660254037844384,-0.7354170229639858,0.6776147890466887,4.3798,4.3241,4.8144,4.405042857142857,4.908033333333334
2021-11-14,4.5082,19.86,75.79,2.73,1.87,0.0,11,318,3,-0.5000000000000004,0.8660254037844384,-0.7236440382959124,0.690173388242972,4.2506,4.3798,4.2338,4.3245,4.8576733333333335
2021-11-15,4.3087,19.4,72.29,6.43,1.95,0.0,11,319,3,-0.5000000000000004,0.8660254037844384,-0.711656622281775,0.7025274741691566,4.5082,4.2506,4.3546,4.3637,4.823883333333333
2021-11-16,4.333,19.12,69.77,11.81,1.85,0.0,11,320,3,-0.5000000000000004,0.8660254037844384,-0.6994583270516471,0.7146733860429608,4.3087,4.5082,4.3841,4.357142857142857,4.81633
2021-11-17,3.8794,20.21,73.36,22.44,1.79,0.0,11,321,3,-0.5000000000000004,0.8660254037844384,-0.6870527672236675,0.7266075247685652,4.333,4.3087,4.3445,4.349842857142858,4.81634
2021-11-18,3.9967,22.05,78.52,30.07,1.64,0.0,11,322,3,-0.5000000000000004,0.8660254037844384,-0.6744436188329457,0.7383263540031063,3.8794,4.333,4.3241,4.283399999999999,4.831460000000001
2021-11-19,3.5522,22.12,73.88,69.24,1.55,0.0,11,323,3,-0.5000000000000004,0.8660254037844384,-0.661634618242279,0.749826401204568,3.9967,3.8794,4.3798,4.236628571428572,4.80246
2021-11-20,2.8524,22.07,71.71,91.34,1.59,0.03,11,324,3,-0.5000000000000004,0.8660254037844384,-0.6486295610349818,0.7611042586607742,3.5522,3.9967,4.2506,4.1184,4.750003333333334
2021-11-21,3.7109,23.38,71.07,76.84,1.1,0.34,11,325,3,-0.5000000000000004,0.8660254037844384,-0.6354323008901775,0.7721565844991641,2.8524,3.5522,4.5082,3.9186571428571426,4.6592899999999995
2021-11-22,4.0596,22.91,75.12,36.18,1.35,3.11,11,326,3,-0.5000000000000004,0.8660254037844384,-0.622046748440868,0.7829801036770624,3.7109,2.8524,4.3087,3.804757142857143,4.597826666666666
2021-11-23,4.3476,21.5,68.96,10.49,1.26,0.0,11,327,3,-0.5000000000000004,0.8660254037844384,-0.6084768701151264,0.7935716089521472,4.0596,3.7109,4.333,3.7691714285714286,4.545963333333333
2021-11-24,4.4657,20.65,61.79,4.09,1.07,0.0,11,328,3,-0.5000000000000004,0.8660254037844384,-0.594726686960764,0.8039279618328208,4.3476,4.0596,3.8794,3.771257142857143,4.52682
2021-11-25,4.3862,19.85,65.02,0.33,1.39,0.0,11,329,3,-0.5000000000000004,0.8660254037844384,-0.5808002734538013,0.8140460935082175,4.4657,4.3476,3.9967,3.8550142857142857,4.510813333333333
2021-11-26,4.4981,18.79,56.35,11.78,1.49,0.0,11,330,3,-0.5000000000000004,0.8660254037844384,-0.5667017562911184,0.8239230057575536,4.3862,4.4657,3.5522,3.910657142857143,4.5062766666666665
2021-11-27,4.5922,18.44,52.09,7.44,1.36,0.0,11,331,3,-0.5000000000000004,0.8660254037844384,-0.5524353131676203,0.8335557718385695,4.4981,4.3862,2.8524,4.0457857142857145,4.494413333333332
2021-11-28,4.5204,17.93,55.49,28.98,1.36,0.0,11,332,3,-0.5000000000000004,0.8660254037844384,-0.5380051715382992,0.8429415373547832,4.5922,4.4981,3.7109,4.294328571428571,4.47323
2021-11-29,4.4383,17.54,57.11,27.1,1.57,0.0,11,333,3,-0.5000000000000004,0.8660254037844384,-0.5234156073655503,0.8520775211013093,4.5204,4.5922,4.0596,4.409971428571429,4.4410300000000005
2021-11-30,3.859,16.58,58.95,76.41,1.58,0.0,11,334,3,-0.5000000000000004,0.8660254037844384,-0.5086709438521042,0.8609610158889945,4.4383,4.5204,4.3476,4.464071428571429,4.414886666666667
2021-12-01,4.1683,16.84,55.7,58.44,1.81,0.0,12,335,0,-2.4492935982947064e-16,1.0,-0.49377555015997737,0.8695893893466109,3.859,4.4383,4.4657,4.394271428571428,4.368753333333333
2021-12-02,3.5592,17.02,54.8,75.54,1.96,0.0,12,336,0,-2.4492935982947064e-16,1.0,-0.4787338401157883,0.8779600847008883,4.1683,3.859,4.3862,4.351785714285715,4.333609999999999
2021-12-03,2.2042,16.01,66.28,81.79,1.78,0.0,12,337,0,-2.4492935982947064e-16,1.0,-0.4635502709028512,0.8860706215341378,3.5592,4.1683,4.4981,4.233642857142858,4.28237
2021-12-04,3.8275,18.54,64.48,21.54,1.63,0.0,12,338,0,-2.4492935982947064e-16,1.0,-0.4482293417404106,0.893918596519257,2.2042,3.5592,4.5922,3.9059428571428576,4.182300000000001
2021-12-05,3.7315,19.49,71.64,17.66,1.48,0.0,12,339,0,-2.4492935982947064e-16,1.0,-0.4327755925504317,0.9015016841318838,3.8275,2.2042,4.5204,3.7967000000000004,4.140716666666667
2021-12-06,3.4342,18.81,75.43,10.54,1.75,0.0,12,340,0,-2.4492935982947064e-16,1.0,-0.41719360261231697,0.9088176373395028,3.7315,3.8275,4.4383,3.684,4.096173333333334
2021-12-07,3.6132,18.53,75.34,8.63,1.92,0.0,12,341,0,-2.4492935982947064e-16,1.0,-0.4014879892059737,0.9158642882672868,3.4342,3.7315,3.859,3.5405571428571427,4.050166666666667
2021-12-08,3.8719,18.5,67.59,16.53,1.58,0.0,12,342,0,-2.4492935982947064e-16,1.0,-0.38566340624360745,0.9226395488404875,3.6132,3.4342,4.1683,3.505442857142857,4.02948
2021-12-09,2.8889,18.72,69.85,47.85,1.23,0.0,12,343,0,-2.4492935982947064e-16,1.0,-0.3697245428906732,0.9291414114031743,3.8719,3.6132,3.5592,3.4631000000000003,4.013389999999999
2021-12-10,3.5402,17.74,65.07,19.16,1.48,0.0,12,344,0,-2.4492935982947064e-16,1.0,-0.35367612217637207,0.935367949313148,2.8889,3.8719,2.2042,3.3673428571428574,3.96355
2021-12-11,3.9499,16.43,59.25,0.37,1.4,0.0,12,345,0,-2.4492935982947064e-16,1.0,-0.33752289959411347,0.941317317512847,3.5402,2.8889,3.8275,3.5582,3.93674
2021-12-12,4.0325,16.12,53.45,0.22,1.14,0.0,12,346,0,-2.4492935982947064e-16,1.0,-0.32126966169236515,0.9469877530760751,3.9499,3.5402,3.7315,3.5756857142857146,3.9242666666666666
2021-12-13,3.8434,16.29,60.48,2.32,1.15,0.0,12,347,0,-2.4492935982947064e-16,1.0,-0.3049212246562894,0.9523775757303973,4.0325,3.9499,3.4342,3.6186857142857147,3.91269
2021-12-14,3.5815,16.79,64.81,10.47,1.41,0.0,12,348,0,-2.4492935982947064e-16,1.0,-0.2884824328806098,0.9574851883550389,3.8434,4.0325,3.6132,3.6771428571428575,3.8991166666666666
2021-12-15,3.1534,17.54,64.23,59.97,1.6,0.0,12,349,0,-2.4492935982947064e-16,1.0,-0.27195815753410524,0.9623090774541487,3.5815,3.8434,3.8719,3.672614285714286,3.8682266666666667
2021-12-16,3.6406,19.02,61.88,14.42,1.32,0.0,12,350,0,-2.4492935982947064e-16,1.0,-0.2553532951161881,0.9668478136052773,3.1534,3.5815,2.8889,3.5699714285714284,3.8297166666666667
2021-12-17,2.946,17.98,69.35,24.31,2.07,0.0,12,351,0,-2.4492935982947064e-16,1.0,-0.23867276600594997,0.9711000518829505,3.6406,3.1534,3.5402,3.6773571428571428,3.806636666666667
2021-12-18,3.8292,14.62,55.41,23.48,2.19,0.0,12,352,0,-2.4492935982947064e-16,1.0,-0.22192151300416674,0.9750645322571945,2.946,3.6406,3.9499,3.5924714285714288,3.775523333333333
2021-12-19,4.739,11.48,41.9,12.94,1.84,0.0,12,353,0,-2.4492935982947064e-16,1.0,-0.20510449986861926,0.9787400799669153,3.8292,2.946,4.0325,3.5752285714285716,3.76994
2021-12-20,4.7549,13.05,39.69,15.46,1.17,0.0,12,354,0,-2.4492935982947064e-16,1.0,-0.1882267098432439,0.9821256058680006,4.739,3.8292,3.8434,3.676157142857143,3.8095000000000003
2021-12-21,4.643,14.36,36.54,2.4,1.44,0.0,12,355,0,-2.4492935982947064e-16,1.0,-0.1712931441814778,0.9852201067560606,4.7549,4.739,3.5815,3.8063714285714285,3.872916666666667
2021-12-22,4.5338,16.5,34.44,0.53,1.3,0.0,12,356,0,-2.4492935982947064e-16,1.0,-0.154308820664281,0.9880226656636976,4.643,4.7549,3.1534,3.9580142857142855,3.903986666666667
2021-12-23,4.1249,17.65,41.72,0.09,1.47,0.0,12,357,0,-2.4492935982947064e-16,1.0,-0.13727877211326517,0.9905324521322227,4.5338,4.643,3.6406,4.155214285714286,3.9197933333333332
2021-12-24,4.2055,18.72,48.29,11.8,1.54,0.0,12,358,0,-2.4492935982947064e-16,1.0,-0.12020804489935275,0.9927487224577402,4.1249,4.5338,2.946,4.2244,3.91237
2021-12-25,4.1148,18.72,51.84,1.38,1.34,0.0,12,359,0,-2.4492935982947064e-16,1.0,-0.10310169744743544,0.9946708199115211,4.2055,4.1249,3.8292,4.404328571428572,3.903696666666667
2021-12-26,3.9742,18.46,50.05,5.9,1.45,0.0,12,360,0,-2.4492935982947064e-16,1.0,-0.0859647987374467,0.9962981749346077,4.1148,4.2055,4.739,4.4451285714285715,3.89465
2021-12-27,3.5638,18.71,59.85,41.99,1.62,0.0,12,361,0,-2.4492935982947064e-16,1.0,-0.06880242680232064,0.9976303053065857,3.9742,4.1148,4.7549,4.335871428571428,3.8771866666666663
2021-12-28,1.1585,18.0,75.39,90.14,1.86,18.66,12,362,0,-2.4492935982947064e-16,1.0,-0.05161966722325418,0.9986668162884759,3.5638,3.9742,4.643,4.1657142857142855,3.8429066666666665
2021-12-29,1.9152,16.01,81.85,65.27,1.85,4.67,12,363,0,-2.4492935982947064e-16,1.0,-0.034421611622745804,0.9994074007397048,1.1585,3.5638,4.5338,3.667928571428572,3.730843333333333
2021-12-30,2.5898,13.95,71.4,48.69,2.01,0.17,12,364,0,-2.4492935982947064e-16,1.0,-0.01721335615583528,0.9998518392091162,1.9152,1.1585,4.1249,3.293842857142857,3.64674
2021-12-31,2.995,13.77,70.53,61.74,1.69,0.0,12,365,0,-2.4492935982947064e-16,1.0,6.432490598706546e-16,1.0,2.5898,1.9152,4.2055,3.074542857142857,3.6044333333333336
2022-01-01,3.2527,15.33,65.83,59.2,1.43,0.0,1,1,0,0.49999999999999994,0.8660254037844387,0.017213356155834685,0.9998518392091162,2.995,2.5898,4.1148,2.9016142857142855,3.565323333333333
2022-01-02,3.9734,15.87,64.79,18.92,1.52,0.0,1,2,0,0.49999999999999994,0.8660254037844387,0.03442161162274574,0.9994074007397048,3.2527,2.995,3.9742,2.7784571428571425,3.5551066666666666
2022-01-03,4.4494,15.54,65.1,2.69,1.35,0.0,1,3,0,0.49999999999999994,0.8660254037844387,0.051619667223253764,0.998666816288476,3.9734,3.2527,3.5638,2.778342857142857,3.61408
2022-01-04,4.5293,16.49,56.69,0.25,1.28,0.0,1,4,0,0.49999999999999994,0.8660254037844387,0.06880242680231986,0.9976303053065857,4.4494,3.9734,1.1585,2.904857142857143,3.63481
2022-01-05,3.9658,18.58,60.45,37.25,1.45,0.0,1,5,0,0.49999999999999994,0.8660254037844387,0.08596479873744647,0.9962981749346078,4.5293,4.4494,1.9152,3.3863999999999996,3.6614033333333333
2022-01-06,2.5651,19.26,65.95,56.7,1.85,0.19,1,6,0,0.49999999999999994,0.8660254037844387,0.10310169744743485,0.9946708199115211,3.9658,4.5293,2.5898,3.6793428571428572,3.6791233333333335
2022-01-07,1.8413,18.81,67.42,72.4,2.4,1.15,1,7,0,0.49999999999999994,0.8660254037844387,0.1202080448993527,0.9927487224577402,2.5651,3.9658,2.995,3.6758142857142855,3.644186666666667
2022-01-08,3.0139,19.41,70.05,45.12,2.77,1.12,1,8,0,0.49999999999999994,0.8660254037844387,0.13727877211326478,0.9905324521322229,1.8413,2.5651,3.2527,3.5109999999999997,3.5765000000000002
2022-01-09,0.703,18.78,80.79,91.05,2.93,18.52,1,9,0,0.49999999999999994,0.8660254037844387,0.15430882066428117,0.9880226656636976,3.0139,1.8413,3.9734,3.4768857142857144,3.5806666666666667
2022-01-10,2.8978,16.11,72.27,70.09,1.63,0.63,1,10,0,0.49999999999999994,0.8660254037844387,0.1712931441814776,0.9852201067560606,0.703,3.0139,4.4494,3.0096857142857147,3.4860933333333337
2022-01-11,1.711,16.14,75.88,87.05,1.14,0.93,1,11,0,0.49999999999999994,0.8660254037844387,0.1882267098432442,0.9821256058680006,2.8978,0.703,4.5293,2.7880285714285713,3.451023333333333
2022-01-12,3.475,15.23,73.13,48.37,1.53,1.66,1,12,0,0.49999999999999994,0.8660254037844387,0.2051044998686192,0.9787400799669153,1.711,2.8978,3.9658,2.385414285714286,3.37364
2022-01-13,3.9857,14.86,70.43,27.8,1.89,0.0,1,13,0,0.49999999999999994,0.8660254037844387,0.2219215130041655,0.9750645322571948,3.475,1.711,2.5651,2.3153,3.36136
2022-01-14,3.0823,14.2,71.43,57.77,2.25,0.88,1,14,0,0.49999999999999994,0.8660254037844387,0.2386727660059501,0.9711000518829505,3.9857,3.475,1.8413,2.5182428571428574,3.374833333333333
2022-01-15,2.1444,14.76,74.49,65.33,1.8,0.22,1,15,0,0.49999999999999994,0.8660254037844387,0.255353295116187,0.9668478136052775,3.0823,3.9857,3.0139,2.6955285714285715,3.3724633333333336
2022-01-16,3.3307,14.6,70.69,54.64,1.32,0.0,1,16,0,0.49999999999999994,0.8660254037844387,0.2719581575341055,0.9623090774541486,2.1444,3.0823,0.703,2.5713142857142857,3.32259
2022-01-17,3.1874,14.76,63.66,49.14,1.47,0.0,1,17,0,0.49999999999999994,0.8660254037844387,0.288482432880609,0.9574851883550393,3.3307,2.1444,2.8978,2.9467,3.3354133333333333
2022-01-18,4.2974,15.14,58.84,23.77,1.62,0.0,1,18,0,0.49999999999999994,0.8660254037844387,0.30492122465628907,0.9523775757303974,3.1874,3.3307,1.711,2.9880714285714283,3.3140199999999997
2022-01-19,4.6853,14.86,54.15,7.91,1.45,0.0,1,19,0,0.49999999999999994,0.8660254037844387,0.3212696616923644,0.9469877530760753,4.2974,3.1874,3.475,3.357557142857143,3.2993
2022-01-20,4.7179,17.54,52.4,15.34,1.79,0.0,1,20,0,0.49999999999999994,0.8660254037844387,0.3375228995941133,0.9413173175128471,4.6853,4.2974,3.9857,3.5304571428571427,3.29698
2022-01-21,4.4626,16.74,62.76,13.81,1.74,0.0,1,21,0,0.49999999999999994,0.8660254037844387,0.3536761221763716,0.9353679493131483,4.7179,4.6853,3.0823,3.6350571428571428,3.2994766666666666
2022-01-22,3.2671,18.43,62.44,51.17,2.65,4.26,1,22,0,0.49999999999999994,0.8660254037844387,0.3697245428906731,0.9291414114031743,4.4626,4.7179,2.1444,3.8322428571428566,3.2971033333333333
2022-01-23,3.6014,16.94,65.74,43.88,2.29,1.35,1,23,0,0.49999999999999994,0.8660254037844387,0.38566340624360707,0.9226395488404876,3.2671,4.4626,3.3307,3.9926285714285714,3.26851
2022-01-24,3.9763,12.01,59.98,43.06,1.56,0.0,1,24,0,0.49999999999999994,0.8660254037844387,0.401487989205973,0.9158642882672872,3.6014,3.2671,3.1874,4.0313,3.2483733333333333
2022-01-25,4.8871,11.68,63.93,13.43,1.57,0.0,1,25,0,0.49999999999999994,0.8660254037844387,0.4171936026123168,0.9088176373395029,3.9763,3.6014,4.2974,4.144,3.243756666666667
2022-01-26,5.0484,12.06,62.04,9.23,1.57,0.0,1,26,0,0.49999999999999994,0.8660254037844387,0.4327755925504312,0.901501684131884,4.8871,3.9763,4.6853,4.228242857142858,3.274186666666667
2022-01-27,5.1977,11.8,60.21,6.3,1.47,0.0,1,27,0,0.49999999999999994,0.8660254037844387,0.4482293417404106,0.893918596519257,5.0484,4.8871,4.7179,4.280114285714285,3.3236733333333333
2022-01-28,5.0446,12.37,52.23,9.08,1.39,0.0,1,28,0,0.49999999999999994,0.8660254037844387,0.4635502709028509,0.886070621534138,5.1977,5.0484,4.4626,4.348657142857143,3.458313333333334
2022-01-29,5.383,14.22,44.07,13.93,1.38,0.0,1,29,0,0.49999999999999994,0.8660254037844387,0.47873384011578846,0.8779600847008882,5.0446,5.1977,3.2671,4.4318,3.5626266666666666
2022-01-30,5.1127,17.37,36.07,5.36,1.59,0.0,1,30,0,0.49999999999999994,0.8660254037844387,0.49377555015997715,0.869589389346611,5.383,5.0446,3.6014,4.734071428571428,3.655733333333333
2022-01-31,5.0786,18.67,38.17,4.06,1.5,0.0,1,31,0,0.49999999999999994,0.8660254037844387,0.5086709438521044,0.8609610158889943,5.1127,5.383,3.9763,4.949971428571429,3.7263233333333337
2022-02-01,5.1758,19.26,43.09,0.79,1.65,0.0,2,32,0,0.8660254037844386,0.5000000000000001,0.5234156073655503,0.8520775211013093,5.0786,5.1127,4.8871,5.107442857142857,3.7871866666666665
2022-02-02,5.231,19.89,47.58,2.61,1.11,0.0,2,33,0,0.8660254037844386,0.5000000000000001,0.5380051715382996,0.8429415373547828,5.1758,5.0786,5.0484,5.1486857142857145,3.8272666666666666
2022-02-03,5.2762,18.62,52.75,0.91,3.42,0.13,2,34,0,0.8660254037844386,0.5000000000000001,0.5524353131676196,0.8335557718385699,5.231,5.1758,5.1977,5.174771428571428,3.8533200000000005
2022-02-04,5.4247,14.67,53.73,1.76,2.11,2.37,2,35,0,0.8660254037844386,0.5000000000000001,0.5667017562911176,0.8239230057575542,5.2762,5.231,5.0446,5.185985714285715,3.8782166666666664
2022-02-05,5.5766,16.15,39.34,1.46,1.78,0.0,2,36,0,0.8660254037844386,0.5000000000000001,0.5808002734538009,0.8140460935082178,5.4247,5.2762,5.383,5.240285714285714,3.9268466666666666
2022-02-06,5.4802,16.01,40.93,5.43,1.14,0.0,2,37,0,0.8660254037844386,0.5000000000000001,0.5947266869607634,0.8039279618328213,5.5766,5.4247,5.1127,5.267942857142857,4.027229999999999
2022-02-07,5.4727,16.9,37.8,6.5,1.39,0.0,2,38,0,0.8660254037844386,0.5000000000000001,0.6084768701151261,0.7935716089521474,5.4802,5.5766,5.0786,5.320442857142857,4.148526666666667
2022-02-08,5.3566,18.57,36.27,10.52,1.59,0.0,2,39,0,0.8660254037844386,0.5000000000000001,0.6220467484408675,0.7829801036770629,5.4727,5.4802,5.1758,5.376742857142857,4.230486666666667
2022-02-09,3.389,19.42,58.91,42.06,2.12,8.27,2,40,0,0.8660254037844386,0.5000000000000001,0.6354323008901774,0.7721565844991642,5.3566,5.4727,5.231,5.402571428571428,4.385606666666666
2022-02-10,4.1347,16.8,66.88,39.22,1.97,0.06,2,41,0,0.8660254037844386,0.5000000000000001,0.6486295610349814,0.7611042586607747,3.389,5.3566,5.2762,5.139428571428572,4.40198
2022-02-11,5.7571,15.34,52.62,6.07,1.58,0.0,2,42,0,0.8660254037844386,0.5000000000000001,0.6616346182422783,0.7498264012045686,4.1347,3.389,5.4247,4.976357142857142,4.4827699999999995
2022-02-12,5.9184,16.67,42.99,3.98,1.29,0.0,2,43,0,0.8660254037844386,0.5000000000000001,0.6744436188329455,0.7383263540031065,5.7571,4.1347,5.5766,5.023842857142857,4.55884
2022-02-13,5.7634,17.1,41.01,2.22,1.3,0.0,2,44,0,0.8660254037844386,0.5000000000000001,0.6870527672236669,0.7266075247685656,5.9184,5.7571,5.4802,5.072671428571428,4.623263333333332
2022-02-14,5.7442,17.95,41.3,2.79,1.44,0.0,2,45,0,0.8660254037844386,0.5000000000000001,0.699458327051647,0.7146733860429609,5.7634,5.9184,5.4727,5.113128571428571,4.712633333333333
2022-02-15,4.476,18.5,47.03,36.39,1.68,0.0,2,46,0,0.8660254037844386,0.5000000000000001,0.7116566222817746,0.7025274741691571,5.7442,5.7634,5.3566,5.151914285714286,4.832626666666667
2022-02-16,5.2894,19.03,45.2,15.76,1.71,0.0,2,47,0,0.8660254037844386,0.5000000000000001,0.7236440382959124,0.6901733882429719,4.476,5.7442,3.389,5.026114285714286,4.870803333333333
2022-02-17,5.5531,19.05,38.18,13.61,1.85,0.0,2,48,0,0.8660254037844386,0.5000000000000001,0.7354170229639855,0.6776147890466889,5.2894,4.476,4.1347,5.2976,4.94087
2022-02-18,5.3966,19.74,36.27,21.9,1.6,0.01,2,49,0,0.8660254037844386,0.5000000000000001,0.7469720876965552,0.6648553979642865,5.5531,5.2894,5.7571,5.500228571428571,4.982726666666667
2022-02-19,3.8203,20.92,45.2,39.6,1.54,1.72,2,50,0,0.8660254037844386,0.5000000000000001,0.7583058084785624,0.6518989958787126,5.3966,5.5531,5.9184,5.448728571428572,5.006436666666667
2022-02-20,5.8061,21.01,45.77,3.51,2.41,0.07,2,51,0,0.8660254037844386,0.5000000000000001,0.7694148268839378,0.6387494220515272,3.8203,5.3966,5.7634,5.149,4.976516666666667
2022-02-21,6.1286,19.69,31.04,0.88,2.14,0.0,2,52,0,0.8660254037844386,0.5000000000000001,0.7802958510707755,0.6254105729852464,5.8061,3.8203,5.7442,5.1551,5.0213
2022-02-22,5.9203,22.2,28.3,0.88,1.55,0.0,2,53,0,0.8660254037844386,0.5000000000000001,0.7909456567567772,0.6118864012687243,6.1286,5.8061,4.476,5.210014285714286,5.116683333333333
2022-02-23,5.9333,23.12,31.65,1.29,2.73,0.0,2,54,0,0.8660254037844386,0.5000000000000001,0.8013610881746766,0.5981809144059165,5.9203,6.1286,5.2894,5.416342857142857,5.19398
2022-02-24,5.7703,23.61,35.74,2.85,3.11,0.2,2,55,0,0.8660254037844386,0.5000000000000001,0.8115390590073611,0.5842981736283683,5.9333,5.9203,5.5531,5.508328571428572,5.259213333333333
2022-02-25,5.7305,21.89,38.08,14.79,1.91,0.0,2,56,0,0.8660254037844386,0.5000000000000001,0.8214765533024142,0.5702422926917871,5.7703,5.9333,5.3966,5.539357142857143,5.288653333333333
2022-02-26,5.4538,23.93,36.88,19.8,2.89,0.14,2,57,0,0.8660254037844386,0.5000000000000001,0.8311706263658079,0.5560174366570446,5.7305,5.7703,3.8203,5.587057142857143,5.31139
2022-02-27,5.1595,25.45,45.98,21.95,1.98,2.91,2,58,0,0.8660254037844386,0.5000000000000001,0.8406184056344782,0.5416278206559814,5.4538,5.7305,5.8061,5.8204142857142855,5.3199266666666665
2022-02-28,5.5358,23.33,47.07,0.83,1.71,0.12,2,59,0,0.8660254037844386,0.5000000000000001,0.8498170915275278,0.5270777086423722,5.1595,5.4538,6.1286,5.728042857142858,5.323756666666666
2022-03-01,5.796,22.7,40.76,0.0,1.78,0.19,3,60,1,1.0,6.123233995736766e-17,0.8587639582758029,0.5123714121284237,5.5358,5.1595,5.9203,5.643357142857142,5.32885
2022-03-02,6.1699,23.18,31.85,1.56,1.84,0.05,3,61,1,1.0,6.123233995736766e-17,0.8674563547295969,0.49751328890718066,5.796,5.5358,5.9333,5.6255999999999995,5.351626666666666
2022-03-03,4.968,24.66,30.15,27.94,1.28,0.09,3,62,1,1.0,6.123233995736766e-17,0.8758917051442429,0.48250774176121847,6.1699,5.796,5.7703,5.6594,5.388003333333333
2022-03-04,5.4466,26.05,35.54,11.15,1.79,0.05,3,63,1,1.0,6.123233995736766e-17,0.8840675099433636,0.4673592171580022,4.968,6.1699,5.7305,5.544785714285714,5.381076666666667
2022-03-05,6.1733,23.56,34.21,0.13,1.86,0.0,3,64,1,1.0,6.123233995736766e-17,0.8919813464595485,0.45207220393230435,5.4466,4.968,5.4538,5.5042285714285715,5.388263333333333
2022-03-06,6.4262,23.66,25.26,0.56,1.4,0.0,3,65,1,1.0,6.123233995736766e-17,0.8996308696522433,0.43665123195606403,6.1733,5.4466,5.1595,5.6070142857142855,5.418166666666667
2022-03-07,5.7151,24.16,23.0,18.72,1.6,0.0,3,66,1,1.0,6.123233995736766e-17,0.9070138128026359,0.4211008707960896,6.4262,6.1733,5.5358,5.787971428571429,5.45155
2022-03-08,3.7342,24.16,25.15,64.71,1.77,0.0,3,67,1,1.0,6.123233995736766e-17,0.9141279881853337,0.40542572835999735,5.7151,6.4262,5.796,5.813585714285715,5.456166666666666
2022-03-09,5.3981,25.19,26.51,36.64,1.57,0.01,3,68,1,1.0,6.123233995736766e-17,0.9209712877166346,0.38963044953078796,3.7342,5.7151,6.1699,5.519042857142858,5.397966666666666
2022-03-10,5.8666,25.86,26.96,14.98,1.32,0.0,3,69,1,1.0,6.123233995736766e-17,0.9275416835791966,0.37371971479046906,5.3981,3.7342,4.968,5.408785714285714,5.39548
2022-03-11,6.325,25.24,31.28,0.91,1.92,0.0,3,70,1,1.0,6.123233995736766e-17,0.9338372288229252,0.35769823883312546,5.8666,5.3981,5.4466,5.537157142857143,5.41248
2022-03-12,6.7622,25.77,23.65,0.14,1.65,0.0,3,71,1,1.0,6.123233995736766e-17,0.9398560579418954,0.3415707691678556,6.325,5.8666,6.1733,5.662642857142857,5.510346666666666
2022-03-13,6.6816,25.75,18.64,0.57,1.42,0.0,3,72,1,1.0,6.123233995736766e-17,0.9455963874271426,0.3253420847119801,6.7622,6.325,6.4262,5.746771428571429,5.597930000000001
2022-03-14,6.5098,28.03,18.67,0.01,1.55,0.0,3,73,1,1.0,6.123233995736766e-17,0.9510565162951535,0.30901699437494745,6.6816,6.7622,5.7151,5.783257142857143,5.628746666666667
2022-03-15,6.3638,28.69,23.44,0.0,2.42,0.0,3,74,1,1.0,6.123233995736766e-17,0.9562348265919056,0.29260033563334836,6.5098,6.6816,3.7342,5.8967857142857145,5.64846
2022-03-16,6.7207,29.73,23.86,0.48,2.1,0.0,3,75,1,1.0,6.123233995736766e-17,0.9611297838723007,0.27609697309746883,6.3638,6.5098,5.3981,6.272442857142857,5.668473333333334
2022-03-17,6.6134,30.13,22.56,0.18,1.8,0.0,3,76,1,1.0,6.123233995736766e-17,0.9657399376548549,0.2595117970697999,6.7207,6.3638,5.8666,6.461385714285714,5.7010233333333336
2022-03-18,6.0907,29.86,23.56,1.96,0.65,0.0,3,77,1,1.0,6.123233995736766e-17,0.9700639218515071,0.2428497220959356,6.6134,6.7207,6.325,6.568071428571429,5.77227
2022-03-19,5.6902,30.26,26.29,14.21,1.27,0.0,3,78,1,1.0,6.123233995736766e-17,0.9741004551724205,0.22611568550828828,6.0907,6.6134,6.7622,6.534599999999999,5.798979999999999
2022-03-20,6.1807,31.09,25.81,37.85,1.54,0.0,3,79,1,1.0,6.123233995736766e-17,0.9778483415056568,0.20931464596304847,5.6902,6.0907,6.6816,6.381457142857143,5.8035499999999995
2022-03-21,6.1675,29.92,17.47,29.39,1.71,0.0,3,80,1,1.0,6.123233995736766e-17,0.9813064702716093,0.19245158197082998,6.1807,5.6902,6.5098,6.3099,5.8296866666666665
2022-03-22,6.8006,30.14,14.36,0.61,1.16,0.0,3,81,1,1.0,6.123233995736766e-17,0.9844738167520922,0.1755314904214282,6.1675,6.1807,6.3638,6.261,5.907926666666667
2022-03-23,6.6492,29.69,18.25,3.26,1.47,0.0,3,82,1,1.0,6.123233995736766e-17,0.9873494423939864,0.15855938510313475,6.8006,6.1675,6.7207,6.3234,5.941076666666666
2022-03-24,5.047,30.39,18.26,73.49,2.03,0.0,3,83,1,1.0,6.123233995736766e-17,0.989932495087353,0.141540295217043,6.6492,6.8006,6.6134,6.313185714285715,5.958430000000001
2022-03-25,4.6978,31.55,20.32,87.68,2.3,0.0,3,84,1,1.0,6.123233995736766e-17,0.9922222094179323,0.12447926388678915,5.047,6.6492,6.0907,6.089414285714286,5.92932
2022-03-26,6.6382,30.48,16.23,16.68,1.89,0.0,3,85,1,1.0,6.123233995736766e-17,0.994217906893952,0.10738134666416309,4.6978,5.047,5.6902,5.890428571428572,5.888136666666667
2022-03-27,7.1719,30.8,11.87,0.91,1.36,0.0,3,86,1,1.0,6.123233995736766e-17,0.995918996147179,0.09025161003104117,6.6382,4.6978,6.1807,6.025857142857142,5.917066666666667
2022-03-28,7.1861,30.8,12.25,0.26,2.05,0.0,3,87,1,1.0,6.123233995736766e-17,0.9973249731081555,0.07309512989807777,7.1719,6.6382,6.1675,6.167457142857144,5.965113333333333
2022-03-29,7.327,31.11,12.22,2.23,2.16,0.0,3,88,1,1.0,6.123233995736766e-17,0.9984354211555643,0.055916990100603484,7.1861,7.1719,6.8006,6.312971428571428,6.022856666666667
2022-03-30,7.3344,31.61,11.49,2.31,1.78,0.0,3,89,1,1.0,6.123233995736766e-17,0.9992500112396835,0.03872228089217446,7.327,7.1861,6.6492,6.388171428571428,6.095106666666667
2022-03-31,7.2998,32.15,11.3,0.81,1.57,0.0,3,90,1,1.0,6.123233995736766e-17,0.9997685019798909,0.021516097436222254,7.3344,7.327,5.047,6.486057142857142,6.155060000000001
2022-04-01,6.9139,31.62,11.62,0.53,2.13,0.0,4,91,1,0.8660254037844387,-0.4999999999999998,0.9999907397361901,0.004303538296244289,7.2998,7.3344,4.6978,6.807885714285715,6.205186666666666
2022-04-02,7.1647,31.48,12.87,7.08,1.44,0.0,4,92,1,0.8660254037844387,-0.4999999999999998,0.9999166586547379,-0.01291029607500882,6.9139,7.2998,6.6382,7.124471428571428,6.229986666666667
2022-04-03,7.2086,32.03,11.34,0.69,1.38,0.0,4,93,1,0.8660254037844387,-0.4999999999999998,0.9995462806873573,-0.030120304846908114,7.1647,6.9139,7.1719,7.199685714285715,6.303209999999999
2022-04-04,7.3728,33.02,10.6,0.3,1.84,0.0,4,94,1,0.8660254037844387,-0.4999999999999998,0.9988797155850336,-0.04732138832243185,7.2086,7.1647,7.1861,7.204928571428572,6.3619433333333335
2022-04-05,7.4052,32.26,9.19,0.62,1.34,0.0,4,95,1,0.8660254037844387,-0.4999999999999998,0.9979171608653922,-0.06450844944931623,7.3728,7.2086,7.327,7.2316,6.401926666666666
2022-04-06,7.1254,32.2,9.43,17.51,1.31,0.0,4,96,1,0.8660254037844387,-0.4999999999999998,0.9966589017541702,-0.08167639533042241,7.4052,7.3728,7.3344,7.242771428571428,6.43456
2022-04-07,6.8093,32.28,12.9,25.43,1.39,0.0,4,97,1,0.8660254037844387,-0.4999999999999998,0.9951053111006976,-0.09882013873287143,7.1254,7.4052,7.2998,7.212914285714286,6.48157
2022-04-08,7.2499,33.08,13.51,1.05,1.44,0.0,4,98,1,0.8660254037844387,-0.4999999999999998,0.9932568492674143,-0.11593459959550041,6.8093,7.1254,6.9139,7.142842857142857,6.5840733333333334
2022-04-09,7.2228,33.34,20.05,1.66,1.98,0.0,4,99,1,0.8660254037844387,-0.4999999999999998,0.9911140639934547,-0.1330147065341959,7.2499,6.8093,7.1647,7.190842857142857,6.6457999999999995
2022-04-10,7.0752,34.16,19.86,6.9,2.23,0.0,4,100,1,0.8660254037844387,-0.4999999999999998,0.9886775902323405,-0.1500553983446526,7.2228,7.2499,7.2086,7.199142857142857,6.6910066666666665
2022-04-11,6.882,33.91,15.67,24.44,1.84,0.0,4,101,1,0.8660254037844387,-0.4999999999999998,0.9859481499638304,-0.16705162550211924,7.0752,7.2228,7.3728,7.180085714285714,6.716013333333334
2022-04-12,6.2868,34.57,16.83,51.83,1.59,0.0,4,102,1,0.8660254037844387,-0.4999999999999998,0.9829265519799822,-0.18399835165768005,6.882,7.0752,7.4052,7.109971428571429,6.7200066666666665
2022-04-13,5.8142,34.19,18.2,48.3,2.36,0.0,4,103,1,0.8660254037844387,-0.4999999999999998,0.9796136916454901,-0.20089055513063506,6.2868,6.882,7.1254,6.950200000000001,6.706846666666666
2022-04-14,6.9454,34.05,15.84,23.38,2.4,0.0,4,104,1,0.8660254037844387,-0.4999999999999998,0.9760105506323683,-0.21772323039653177,5.8142,6.2868,6.8093,6.762885714285715,6.683660000000001
2022-04-15,7.5739,32.33,13.26,1.69,3.22,0.0,4,105,1,0.8660254037844387,-0.4999999999999998,0.9721181966290613,-0.23449138957040985,6.9454,5.8142,7.2499,6.782328571428572,6.703046666666666
2022-04-16,7.4239,32.49,14.73,4.41,2.76,0.0,4,106,1,0.8660254037844387,-0.4999999999999998,0.9679377830240642,-0.25119006388481935,7.5739,6.9454,7.2228,6.828614285714286,6.731486666666666
2022-04-17,6.6091,33.82,13.47,37.16,2.05,0.0,4,107,1,0.8660254037844387,-0.4999999999999998,0.9634705485641488,-0.2678143051621742,7.4239,7.5739,7.0752,6.857342857142856,6.7585033333333335
2022-04-18,6.7944,34.15,13.17,19.11,2.26,0.0,4,108,1,0.8660254037844387,-0.4999999999999998,0.9587178169872964,-0.2843591872810034,6.6091,7.4239,6.882,6.790757142857143,6.775783333333334
2022-04-19,6.763,34.52,14.59,34.6,2.33,0.0,4,109,1,0.8660254037844387,-0.4999999999999998,0.9536809966304457,-0.30081980763566735,6.7944,6.6091,6.2868,6.778242857142857,6.81259
2022-04-20,7.1318,35.29,14.14,41.16,1.77,0.0,4,110,1,0.8660254037844387,-0.4999999999999998,0.9483615800121715,-0.3171912885891061,6.763,6.7944,5.8142,6.846271428571428,6.832
2022-04-21,4.4611,34.42,15.13,83.09,1.61,0.0,4,111,1,0.8660254037844387,-0.4999999999999998,0.9427611433904207,-0.3334687789181868,7.1318,6.763,6.9454,7.0345,6.864143333333333
2022-04-22,6.7222,33.08,20.52,32.98,1.71,0.01,4,112,1,0.8660254037844387,-0.4999999999999998,0.9368813462954315,-0.3496474552512284,4.4611,7.1318,7.5739,6.6796,6.78616
2022-04-23,6.6782,33.59,22.08,32.51,2.02,0.0,4,113,1,0.8660254037844387,-0.4999999999999998,0.9307239310379795,-0.36572252349726897,6.7222,4.4611,7.4239,6.557928571428571,6.788593333333334
2022-04-24,7.1904,33.96,16.61,34.5,2.7,0.0,4,114,1,0.8660254037844387,-0.4999999999999998,0.9242907221930933,-0.3816892202666588,6.6782,6.7222,6.6091,6.4514000000000005,6.842966666666667
2022-04-25,7.7558,34.11,11.27,11.49,2.02,0.0,4,115,1,0.8660254037844387,-0.4999999999999998,0.9175836260593937,-0.39754281428255595,7.1904,6.6782,6.7944,6.534442857142857,6.926053333333333
2022-04-26,7.5955,33.2,12.96,9.84,2.38,0.0,4,116,1,0.8660254037844387,-0.4999999999999998,0.9106046300942162,-0.41327860778290415,7.7558,7.1904,6.763,6.671785714285714,6.963306666666667
2022-04-27,7.6507,34.27,11.52,12.47,1.96,0.0,4,117,1,0.8660254037844387,-0.4999999999999998,0.9033558023246845,-0.4288919379124835,7.5955,7.7558,7.1318,6.790714285714286,6.977426666666667
2022-04-28,7.1081,35.35,12.13,22.53,1.98,0.0,4,118,1,0.8660254037844387,-0.4999999999999998,0.895839290734909,-0.44437817810461316,7.6507,7.5955,4.4611,6.864842857142857,6.992913333333333
2022-04-29,6.9514,35.84,12.89,53.67,2.13,0.0,4,119,1,0.8660254037844387,-0.4999999999999998,0.8880573226294932,-0.45973273945210397,7.1081,7.6507,6.7222,7.242985714285715,6.985616666666667
2022-04-30,7.4645,35.15,13.41,26.08,3.21,0.0,4,120,1,0.8660254037844387,-0.4999999999999998,0.8800122039735357,-0.47495107206704995,6.9514,7.1081,6.6782,7.275728571428572,6.972849999999999
2022-05-01,6.7253,35.13,15.4,23.84,2.19,0.0,5,121,1,0.49999999999999994,-0.8660254037844387,0.8717063187093218,-0.4900286664290592,7.4645,6.9514,7.1904,7.388057142857143,6.97834
2022-05-02,5.933,36.6,15.62,47.05,1.34,0.0,5,122,1,0.49999999999999994,-0.8660254037844387,0.8631421280499114,-0.5049610547215204,6.7253,7.4645,7.7558,7.321614285714285,6.972053333333333
2022-05-03,6.6096,36.36,18.24,44.55,2.36,0.0,5,123,1,0.49999999999999994,-0.8660254037844387,0.854322169749827,-0.5197438121555155,5.933,6.7253,7.5955,7.061214285714286,6.930996666666667
2022-05-04,7.2161,34.84,18.8,25.84,2.35,0.27,5,124,1,0.49999999999999994,-0.8660254037844387,0.8452490573530633,-0.5343725582809786,6.6096,5.933,7.6507,6.920371428571428,6.911029999999999
2022-05-05,7.211,34.29,16.58,24.49,2.02,0.05,5,125,1,0.49999999999999994,-0.8660254037844387,0.8359254794186372,-0.548842958284719,7.2161,6.6096,7.1081,6.858285714285714,6.905806666666667
2022-05-06,5.8714,34.19,18.27,58.46,2.09,0.01,5,126,1,0.49999999999999994,-0.8660254037844387,0.8263541987239096,-0.5631507242749186,7.211,7.2161,6.9514,6.872985714285714,6.899333333333333
2022-05-07,6.1409,33.73,22.89,37.91,1.76,0.0,5,127,1,0.49999999999999994,-0.8660254037844387,0.8165380514459161,-0.5772916165517272,5.8714,7.211,7.4645,6.7187,6.8575333333333335
2022-05-08,6.7939,34.69,19.91,27.46,2.19,0.0,5,128,1,0.49999999999999994,-0.8660254037844387,0.8064799463209448,-0.5912614448635781,6.1409,5.8714,6.7253,6.529614285714286,6.835253333333333
2022-05-09,6.9881,34.64,19.97,27.14,2.59,0.0,5,129,1,0.49999999999999994,-0.8660254037844387,0.7961828637826158,-0.6050560696488488,6.7939,6.1409,5.933,6.539414285714286,6.820053333333334
2022-05-10,6.9108,34.52,26.97,5.55,3.13,0.0,5,130,1,0.49999999999999994,-0.8660254037844387,0.7856498550787147,-0.6186714032625031,6.9881,6.7939,6.6096,6.690142857142858,6.81223
2022-05-11,6.33,34.74,29.0,29.54,2.68,0.0,5,131,1,0.49999999999999994,-0.8660254037844387,0.7748840413670407,-0.6321034111873487,6.9108,6.9881,7.2161,6.733171428571429,6.80675
2022-05-12,6.1195,35.86,27.9,32.93,2.18,0.0,5,132,1,0.49999999999999994,-0.8660254037844387,0.7638886127905428,-0.6453481132295501,6.33,6.9108,7.211,6.606585714285715,6.788349999999999
2022-05-13,6.4906,37.18,22.52,29.61,2.84,0.01,5,133,1,0.49999999999999994,-0.8660254037844387,0.7526668275320085,-0.6584015846980488,6.1195,6.33,5.8714,6.4506571428571435,6.782773333333334
2022-05-14,6.5702,37.43,18.26,52.14,2.86,0.0,5,134,1,0.49999999999999994,-0.8660254037844387,0.7412220108485958,-0.6712599575675313,6.4906,6.1195,6.1409,6.539114285714286,6.80532
2022-05-15,6.1855,37.66,17.8,81.26,2.12,0.08,5,135,1,0.49999999999999994,-0.8660254037844387,0.7295575540864875,-0.6839194216246106,6.5702,6.4906,6.7939,6.600442857142857,6.792813333333333
2022-05-16,5.6518,37.77,17.91,64.33,3.38,0.08,5,136,1,0.49999999999999994,-0.8660254037844387,0.717676913675962,-0.6963762255968722,6.1855,6.5702,6.9881,6.513528571428572,6.746533333333334
2022-05-17,7.6841,35.49,11.5,11.8,2.69,0.01,5,137,1,0.49999999999999994,-0.8660254037844387,0.705583610107178,-0.7086266782644596,5.6518,6.1855,6.9108,6.322628571428571,6.687463333333334
2022-05-18,6.6631,35.81,26.02,50.8,2.08,0.0,5,138,1,0.49999999999999994,-0.8660254037844387,0.6932812268869777,-0.7206671495538609,7.6841,5.6518,6.33,6.4331000000000005,6.723296666666667
2022-05-19,7.0378,36.46,22.11,25.24,2.27,0.0,5,139,1,0.49999999999999994,-0.8660254037844387,0.6807734094770161,-0.7324940716135789,6.6631,7.6841,6.1195,6.4806857142857135,6.71892
2022-05-20,7.4232,36.57,24.79,14.78,3.14,0.0,5,140,1,0.49999999999999994,-0.8660254037844387,0.6680638642135335,-0.7441039398713607,7.0378,6.6631,6.4906,6.611871428571429,6.72808
2022-05-21,6.8381,36.08,24.96,32.22,4.62,0.0,5,141,1,0.49999999999999994,-0.8660254037844387,0.6551563572090853,-0.7554933140726803,7.4232,7.0378,6.5702,6.7451,6.737793333333333
2022-05-22,5.9842,34.78,28.31,40.79,4.1,0.68,5,142,1,0.49999999999999994,-0.8660254037844387,0.6420547132365637,-0.766658819300159,6.8381,7.4232,6.1855,6.783371428571429,6.817026666666667
2022-05-23,6.5023,34.89,30.83,41.18,3.34,0.3,5,143,1,0.49999999999999994,-0.8660254037844387,0.6287628145958344,-0.7775971469736269,5.9842,6.8381,5.6518,6.754614285714285,6.792426666666667
2022-05-24,5.9808,32.51,33.44,38.64,2.1,3.91,5,144,1,0.49999999999999994,-0.8660254037844387,0.6152845999633276,-0.7883050558305255,6.5023,5.9842,7.6841,6.876114285714285,6.7865633333333335
2022-05-25,5.1374,33.17,33.87,59.47,2.38,0.18,5,145,1,0.49999999999999994,-0.8660254037844387,0.6016240632249226,-0.7987793728863649,5.9808,6.5023,6.6631,6.632785714285715,6.746243333333334
2022-05-26,6.2088,33.81,32.96,46.32,2.32,1.7,5,146,1,0.49999999999999994,-0.8660254037844387,0.5877852522924732,-0.8090169943749473,5.1374,5.9808,7.0378,6.414828571428572,6.658963333333333
2022-05-27,6.5244,34.37,30.13,62.77,4.16,0.09,5,147,1,0.49999999999999994,-0.8660254037844387,0.5737722679043246,-0.8190148866680801,6.2088,5.1374,7.4232,6.296399999999999,6.6127400000000005
2022-05-28,6.8554,34.25,32.83,63.55,4.12,1.66,5,148,1,0.49999999999999994,-0.8660254037844387,0.5595892624101765,-0.8287700871745038,6.5244,6.2088,6.8381,6.168,6.575196666666667
2022-05-29,6.2834,35.01,31.6,57.18,3.4,0.91,5,149,1,0.49999999999999994,-0.8660254037844387,0.545240438540651,-0.8382797052177744,6.8554,6.5244,5.9842,6.170471428571429,6.566773333333333
2022-05-30,5.7766,35.28,31.85,58.25,2.96,0.03,5,150,1,0.49999999999999994,-0.8660254037844387,0.5307300481619334,-0.8475409228928311,6.2834,6.8554,6.5023,6.213214285714286,6.544506666666667
2022-05-31,6.1706,35.92,28.58,56.68,3.23,0.0,5,151,1,0.49999999999999994,-0.8660254037844387,0.5160623910158528,-0.8565509959010036,5.7766,6.2834,5.9808,6.109542857142857,6.488243333333333
2022-06-01,6.6346,36.34,20.3,92.39,2.79,0.0,6,152,2,1.2246467991473532e-16,-1.0,0.5012418134457758,-0.865307254363206,6.1706,5.7766,5.1374,6.1366571428571435,6.469753333333333
2022-06-02,6.0768,36.41,19.22,95.86,2.27,0.0,6,153,2,1.2246467991473532e-16,-1.0,0.48627270710868997,-0.8738071036110808,6.6346,6.1706,6.2088,6.350542857142857,6.49314
2022-06-03,6.5333,36.28,17.15,91.54,2.72,0.0,6,154,2,1.2246467991473532e-16,-1.0,0.4711595076738638,-0.8820480249558537,6.0768,6.6346,6.5244,6.331685714285714,6.47538
2022-06-04,6.587,36.98,18.36,87.69,3.03,0.0,6,155,2,1.2246467991473532e-16,-1.0,0.4559066935084588,-0.8900275764346767,6.5333,6.0768,6.8554,6.332957142857144,6.45262
2022-06-05,6.8647,37.25,16.81,83.06,3.09,0.0,6,156,2,1.2246467991473532e-16,-1.0,0.440518784350495,-0.8977433935342337,6.587,6.5333,6.2834,6.294614285714286,6.43182
2022-06-06,7.2696,36.95,17.22,72.35,2.87,0.0,6,157,2,1.2246467991473532e-16,-1.0,0.42500033996955416,-0.9051931898913974,6.8647,6.587,5.7766,6.377657142857143,6.46493
2022-06-07,6.9931,36.64,16.72,70.55,2.97,0.0,6,158,2,1.2246467991473532e-16,-1.0,0.4093559588156213,-0.9123747579707273,7.2696,6.8647,6.1706,6.590942857142857,6.502553333333333
2022-06-08,6.3739,36.77,19.17,84.85,3.06,0.0,6,159,2,1.2246467991473532e-16,-1.0,0.39359027665646673,-0.9192859697186104,6.9931,7.2696,6.6346,6.708442857142857,6.509193333333333
2022-06-09,6.0562,36.99,26.7,85.26,3.71,0.02,6,160,2,1.2246467991473532e-16,-1.0,0.3777079652039649,-0.9259247771938498,6.3739,6.9931,6.0768,6.6712,6.488720000000001
2022-06-10,6.217,37.04,26.19,81.34,3.6,0.0,6,161,2,1.2246467991473532e-16,-1.0,0.36171373072976765,-0.9322892131745133,6.0562,6.3739,6.5333,6.668257142857143,6.460233333333333
2022-06-11,5.6318,35.72,32.82,89.39,3.82,0.11,6,162,2,1.2246467991473532e-16,-1.0,0.3456123126707335,-0.9383773917408641,6.217,6.0562,6.587,6.623071428571428,6.4564666666666675
2022-06-12,4.8086,34.52,38.81,90.97,2.46,0.03,6,163,2,1.2246467991473532e-16,-1.0,0.3294084822245304,-0.9441875088341993,5.6318,6.217,6.8647,6.486614285714286,6.4402099999999995
2022-06-13,5.5459,34.67,38.79,79.79,2.78,0.18,6,164,2,1.2246467991473532e-16,-1.0,0.3131070409358269,-0.9497178427914316,4.8086,5.6318,7.2696,6.1928857142857145,6.384143333333332
2022-06-14,6.6638,33.14,47.82,68.9,3.12,1.34,6,165,2,1.2246467991473532e-16,-1.0,0.29671281927349075,-0.9549667548552551,5.5459,4.8086,6.9931,5.946642857142857,6.35
2022-06-15,5.8565,28.22,71.24,88.51,3.2,16.34,6,166,2,1.2246467991473532e-16,-1.0,0.28023067519921585,-0.9599326896597447,6.6638,5.5459,6.3739,5.8995999999999995,6.365943333333333
2022-06-16,3.414,26.87,79.66,92.65,3.01,1.35,6,167,2,1.2246467991473532e-16,-1.0,0.26366549272800704,-0.9646141756912435,5.8565,6.6638,6.0562,5.825685714285713,6.372766666666666
2022-06-17,3.864,27.38,77.83,97.51,2.68,15.18,6,168,2,1.2246467991473532e-16,-1.0,0.24702218048093552,-0.9690098257244062,3.414,5.8565,6.217,5.448228571428571,6.230429999999999
2022-06-18,4.2749,27.14,81.61,92.92,2.91,38.47,6,169,2,1.2246467991473532e-16,-1.0,0.23030567023061221,-0.9731183372332619,3.864,3.414,5.6318,5.112085714285714,6.137126666666666
2022-06-19,5.4456,26.87,82.67,86.76,3.33,32.05,6,170,2,1.2246467991473532e-16,-1.0,0.21352091543979612,-0.9769384927771817,4.2749,3.864,4.8086,4.918242857142857,6.04503
2022-06-20,5.8342,27.36,80.74,82.19,2.85,13.11,6,171,2,1.2246467991473532e-16,-1.0,0.19667288979357647,-0.980469160361632,5.4456,4.2749,5.5459,5.009242857142857,5.97911
2022-06-21,5.5867,27.7,74.99,91.76,1.35,2.29,6,172,2,1.2246467991473532e-16,-1.0,0.1797665857255624,-0.9837092937736097,5.8342,5.4456,6.6638,5.05042857142857,5.945646666666666
2022-06-22,6.6658,28.38,68.99,80.21,1.35,5.07,6,173,2,1.2246467991473532e-16,-1.0,0.16280701293851715,-0.986657932891657,5.5867,5.8342,5.8565,4.896557142857143,5.9323966666666665
2022-06-23,6.007,29.27,65.05,78.78,1.68,2.44,6,174,2,1.2246467991473532e-16,-1.0,0.1457991969198751,-0.9893142039703663,6.6658,5.5867,3.414,5.0121714285714285,5.937846666666666
2022-06-24,6.4397,29.35,66.44,73.29,1.86,2.01,6,175,2,1.2246467991473532e-16,-1.0,0.12874817745258132,-0.99167731989929,6.007,6.6658,3.864,5.382599999999999,5.93872
2022-06-25,4.8377,29.77,65.76,98.39,1.76,1.21,6,176,2,1.2246467991473532e-16,-1.0,0.11165900712169512,-0.993746580436178,6.4397,6.007,4.2749,5.750557142857143,5.98213
2022-06-26,5.3794,28.93,70.34,85.23,1.37,4.0,6,177,2,1.2246467991473532e-16,-1.0,0.09453674981719912,-0.9955213724144752,4.8377,6.4397,5.4456,5.830957142857143,5.936426666666666
2022-06-27,6.0545,29.04,71.94,78.11,1.69,1.57,6,178,2,1.2246467991473532e-16,-1.0,0.07738647923346301,-0.9970011699250151,5.3794,4.8377,5.8342,5.8215,5.89826
2022-06-28,5.6098,29.15,74.4,91.86,2.42,2.42,6,179,2,1.2246467991473532e-16,-1.0,0.06021327736579302,-0.9981855344718586,6.0545,5.3794,5.5867,5.852971428571429,5.871563333333333
2022-06-29,3.5455,26.58,87.46,97.86,2.7,30.56,6,180,2,1.2246467991473532e-16,-1.0,0.04302223300453059,-0.99907411510223,5.6098,6.0545,6.6658,5.8562714285714295,5.84911
2022-06-30,3.6336,26.93,86.15,99.52,2.28,18.12,6,181,2,1.2246467991473532e-16,-1.0,0.02581844022713308,-0.9996666485105112,3.5455,5.6098,6.007,5.410514285714285,5.7747399999999995
2022-07-01,5.8493,27.1,85.72,86.94,2.81,9.01,7,182,2,-0.4999999999999997,-0.8660254037844388,0.008606996888688698,-0.9999629591162655,3.6336,3.5455,6.4397,5.071457142857143,5.690173333333333
2022-07-02,3.6828,26.44,86.93,96.5,1.99,23.74,7,183,2,-0.4999999999999997,-0.8660254037844388,-0.008606996888688009,-0.9999629591162655,5.8493,3.6336,4.8377,4.987114285714285,5.663996666666666
2022-07-03,3.5544,26.89,84.84,97.21,1.29,20.61,7,184,2,-0.4999999999999997,-0.8660254037844388,-0.02581844022713239,-0.9996666485105112,3.6828,5.8493,5.3794,4.822128571428571,5.584196666666667
2022-07-04,4.2811,27.35,83.7,90.31,2.07,22.26,7,185,2,-0.4999999999999997,-0.8660254037844388,-0.04302223300453034,-0.99907411510223,3.5544,3.6828,6.0545,4.561414285714286,5.4849
2022-07-05,6.2858,27.64,81.33,56.92,2.44,8.01,7,186,2,-0.4999999999999997,-0.8660254037844388,-0.060213277365792774,-0.9981855344718586,4.2811,3.5544,5.6098,4.308071428571429,5.408036666666667
2022-07-06,3.0026,27.97,80.51,95.69,1.83,5.1,7,187,2,-0.4999999999999997,-0.8660254037844388,-0.07738647923346322,-0.9970011699250151,6.2858,4.2811,3.5455,4.404642857142857,5.38874
2022-07-07,4.661,27.73,84.77,94.7,1.67,10.41,7,188,2,-0.4999999999999997,-0.8660254037844388,-0.09453674981719933,-0.9955213724144752,3.0026,6.2858,3.6336,4.327085714285714,5.246506666666667
2022-07-08,6.2906,28.37,80.37,74.32,2.36,5.88,7,189,2,-0.4999999999999997,-0.8660254037844388,-0.11165900712169444,-0.9937465804361781,4.661,3.0026,5.8493,4.473857142857143,5.16877
2022-07-09,6.6607,27.42,83.65,67.78,1.58,18.2,7,190,2,-0.4999999999999997,-0.8660254037844388,-0.12874817745258066,-0.99167731989929,6.2906,4.661,3.6828,4.5369,5.165993333333333
2022-07-10,6.4474,27.91,80.45,65.68,1.85,28.06,7,191,2,-0.4999999999999997,-0.8660254037844388,-0.14579919691987442,-0.9893142039703664,6.6607,6.2906,3.5544,4.962314285714285,5.186143333333334
2022-07-11,4.805,28.06,80.22,88.49,1.73,14.48,7,192,2,-0.4999999999999997,-0.8660254037844388,-0.16280701293851646,-0.9866579328916572,6.4474,6.6607,4.2811,5.3756,5.193823333333333
2022-07-12,5.0988,27.91,80.68,83.66,2.26,8.08,7,193,2,-0.4999999999999997,-0.8660254037844388,-0.17976658572556214,-0.9837092937736098,4.805,6.4474,6.2858,5.450442857142858,5.166263333333333
2022-07-13,5.9004,28.78,78.32,90.39,2.41,5.77,7,194,2,-0.4999999999999997,-0.8660254037844388,-0.19667288979357622,-0.9804691603616321,5.0988,4.805,3.0026,5.280871428571428,5.175936666666667
2022-07-14,5.2056,28.11,80.17,91.74,2.51,7.94,7,195,2,-0.4999999999999997,-0.8660254037844388,-0.2135209154397959,-0.9769384927771817,5.9004,5.0988,4.661,5.6948428571428575,5.187753333333333
2022-07-15,4.7616,26.55,88.91,93.48,2.34,19.32,7,196,2,-0.4999999999999997,-0.8660254037844388,-0.23030567023061196,-0.973118337233262,5.2056,5.9004,6.2906,5.7726428571428565,5.139146666666667
2022-07-16,4.9366,26.39,86.81,93.4,1.46,15.19,7,197,2,-0.4999999999999997,-0.8660254037844388,-0.24702218048093527,-0.9690098257244063,4.7616,5.2056,6.6607,5.554214285714286,5.10265
2022-07-17,4.7986,26.98,88.06,86.82,2.04,36.44,7,198,2,-0.4999999999999997,-0.8660254037844388,-0.2636654927280072,-0.9646141756912435,4.9366,4.7616,6.4474,5.307914285714285,5.153403333333333
2022-07-18,5.3064,27.98,81.53,78.91,2.88,3.3,7,199,2,-0.4999999999999997,-0.8660254037844388,-0.2802306751992161,-0.9599326896597445,4.7986,4.9366,4.805,5.0723714285714285,5.1845566666666665
2022-07-19,4.3562,27.47,85.75,47.64,2.91,0.86,7,200,2,-0.4999999999999997,-0.8660254037844388,-0.2967128192734901,-0.9549667548552553,5.3064,4.7986,5.0988,5.144,5.21894
2022-07-20,1.8622,26.56,87.02,81.39,2.96,0.96,7,201,2,-0.4999999999999997,-0.8660254037844388,-0.3131070409358267,-0.9497178427914317,4.3562,5.3064,5.9004,5.037914285714286,5.182626666666666
2022-07-21,3.3542,27.78,83.19,99.25,1.46,6.77,7,202,2,-0.4999999999999997,-0.8660254037844388,-0.3294084822245302,-0.9441875088341994,1.8622,4.3562,5.2056,4.461028571428572,5.050226666666666
2022-07-22,3.5038,27.01,86.69,99.22,1.59,4.2,7,203,2,-0.4999999999999997,-0.8660254037844388,-0.3456123126707333,-0.9383773917408642,3.3542,1.8622,4.7616,4.196542857142857,4.97581
2022-07-23,4.0363,26.72,87.04,96.99,1.45,32.14,7,204,2,-0.4999999999999997,-0.8660254037844388,-0.3617137307297674,-0.9322892131745134,3.5038,3.3542,4.9366,4.016857142857143,4.870410000000001
2022-07-24,3.7526,27.27,84.36,98.34,1.64,11.04,7,205,2,-0.4999999999999997,-0.8660254037844388,-0.37770796520396466,-0.9259247771938499,4.0363,3.5038,4.7986,3.888242857142857,4.8047200000000005
2022-07-25,2.4972,25.42,91.02,99.73,2.13,9.95,7,206,2,-0.4999999999999997,-0.8660254037844388,-0.39359027665646645,-0.9192859697186105,3.7526,4.0363,5.3064,3.738814285714286,4.7151499999999995
2022-07-26,4.0226,26.1,83.94,98.04,1.06,13.64,7,207,2,-0.4999999999999997,-0.8660254037844388,-0.4093559588156211,-0.9123747579707274,2.4972,3.7526,4.3562,3.3374999999999995,4.637133333333334
2022-07-27,3.8333,25.79,88.19,98.06,1.67,11.51,7,208,2,-0.4999999999999997,-0.8660254037844388,-0.42500033996955394,-0.9051931898913975,4.0226,2.4972,1.8622,3.2898428571428573,4.5919066666666675
2022-07-28,4.7933,26.55,84.98,97.0,1.39,11.1,7,209,2,-0.4999999999999997,-0.8660254037844388,-0.4405187843504952,-0.8977433935342336,3.8333,4.0226,3.3542,3.5714285714285716,4.5178666666666665
2022-07-29,3.8215,26.6,85.46,97.02,1.1,14.5,7,210,2,-0.4999999999999997,-0.8660254037844388,-0.455906693508459,-0.8900275764346766,4.7933,3.8333,3.5038,3.777014285714286,4.4906500000000005
2022-07-30,4.278,26.64,86.66,95.87,1.84,5.81,7,211,2,-0.4999999999999997,-0.8660254037844388,-0.47115950767386394,-0.8820480249558535,3.8215,4.7933,4.0363,3.8223999999999996,4.4998499999999995
2022-07-31,6.0449,26.23,86.56,79.98,1.49,2.61,7,212,2,-0.4999999999999997,-0.8660254037844388,-0.4862727071086902,-0.8738071036110807,4.278,3.8215,3.7526,3.8569285714285715,4.521330000000001
2022-08-01,6.0122,25.31,85.33,72.18,1.63,0.5,8,213,2,-0.8660254037844384,-0.5000000000000004,-0.5012418134457756,-0.8653072543632061,6.0449,4.278,2.4972,4.184399999999999,4.52785
2022-08-02,5.2752,26.36,83.56,91.81,1.24,0.16,8,214,2,-0.8660254037844384,-0.5000000000000004,-0.5160623910158526,-0.8565509959010037,6.0122,6.0449,4.0226,4.6865428571428565,4.605496666666666
2022-08-03,3.9437,26.96,83.65,96.67,0.88,2.92,8,215,2,-0.8660254037844384,-0.5000000000000004,-0.5307300481619331,-0.8475409228928312,5.2752,6.0122,3.8333,4.865485714285714,4.662856666666666
2022-08-04,4.3214,26.52,86.34,96.97,2.09,2.71,8,216,2,-0.8660254037844384,-0.5000000000000004,-0.5452404385406507,-0.8382797052177745,3.9437,5.2752,4.7933,4.881257142857143,4.65161
2022-08-05,5.2469,26.97,81.57,82.63,1.47,0.74,8,217,2,-0.8660254037844384,-0.5000000000000004,-0.5595892624101763,-0.828770087174504,4.3214,3.9437,3.8215,4.813842857142857,4.58613
2022-08-06,5.6021,27.72,81.35,84.1,1.33,6.43,8,218,2,-0.8660254037844384,-0.5000000000000004,-0.5737722679043243,-0.8190148866680802,5.2469,4.3214,4.278,5.017471428571428,4.660939999999999
2022-08-07,4.3061,26.4,87.59,91.31,1.62,11.69,8,219,2,-0.8660254037844384,-0.5000000000000004,-0.5877852522924734,-0.8090169943749472,5.6021,5.2469,6.0449,5.206628571428571,4.69231
2022-08-08,4.9894,26.85,86.42,87.07,2.36,7.42,8,220,2,-0.8660254037844384,-0.5000000000000004,-0.6016240632249227,-0.7987793728863648,4.3061,5.6021,6.0122,4.958228571428571,4.6261600000000005
2022-08-09,4.8487,26.73,88.18,89.41,2.74,18.59,8,221,2,-0.8660254037844384,-0.5000000000000004,-0.6152845999633277,-0.7883050558305253,4.9894,4.3061,5.2752,4.812114285714286,4.570449999999999
2022-08-10,3.2626,26.86,86.62,98.01,2.74,9.02,8,222,2,-0.8660254037844384,-0.5000000000000004,-0.6287628145958345,-0.7775971469736268,4.8487,4.9894,3.9437,4.751185714285714,4.5171600000000005
2022-08-11,2.4641,25.06,92.62,98.6,3.66,21.63,8,223,2,-0.8660254037844384,-0.5000000000000004,-0.6420547132365636,-0.7666588193001592,3.2626,4.8487,4.3214,4.653885714285714,4.465746666666666
2022-08-12,4.2314,24.82,91.72,94.73,3.4,35.02,8,224,2,-0.8660254037844384,-0.5000000000000004,-0.655156357209085,-0.7554933140726804,2.4641,3.2626,5.2469,4.388557142857143,4.377923333333333
2022-08-13,3.0079,25.78,89.56,99.54,3.2,23.15,8,225,2,-0.8660254037844384,-0.5000000000000004,-0.6680638642135333,-0.7441039398713608,4.2314,2.4641,5.6021,4.243485714285714,4.32229
2022-08-14,1.8192,25.26,94.6,98.75,3.62,55.89,8,226,2,-0.8660254037844384,-0.5000000000000004,-0.6807734094770159,-0.7324940716135792,3.0079,4.2314,4.3061,3.8728857142857143,4.249033333333333
2022-08-15,1.5521,24.92,92.82,97.47,4.4,53.3,8,227,2,-0.8660254037844384,-0.5000000000000004,-0.6932812268869771,-0.7206671495538615,1.8192,3.0079,4.9894,3.5176142857142856,4.150953333333333
2022-08-16,3.8866,25.22,89.36,86.92,4.6,17.15,8,228,2,-0.8660254037844384,-0.5000000000000004,-0.7055836101071774,-0.70862667826446,1.5521,1.8192,4.8487,3.0265714285714287,4.038136666666667
2022-08-17,5.8255,25.92,87.47,66.26,2.32,0.65,8,229,2,-0.8660254037844384,-0.5000000000000004,-0.7176769136759615,-0.6963762255968726,3.8866,1.5521,3.2626,2.889128571428571,4.007736666666666
2022-08-18,5.1862,25.67,88.73,85.49,2.43,1.03,8,230,2,-0.8660254037844384,-0.5000000000000004,-0.7295575540864876,-0.6839194216246104,5.8255,3.8866,2.4641,3.255257142857143,4.02504
2022-08-19,3.8926,24.94,92.96,92.79,2.46,17.28,8,231,2,-0.8660254037844384,-0.5000000000000004,-0.7412220108485957,-0.6712599575675315,5.1862,5.8255,4.2314,3.6441285714285714,4.0527066666666665
2022-08-20,2.4026,25.22,93.11,99.87,3.42,29.55,8,232,2,-0.8660254037844384,-0.5000000000000004,-0.7526668275320083,-0.6584015846980489,3.8926,5.1862,3.0079,3.595728571428571,4.120386666666667
2022-08-21,1.2996,25.17,93.53,99.38,4.13,93.42,8,233,2,-0.8660254037844384,-0.5000000000000004,-0.7638886127905429,-0.64534811322955,2.4026,3.8926,1.8192,3.5092571428571433,4.088666666666667
2022-08-22,1.6409,24.74,91.78,93.95,5.93,27.01,8,234,2,-0.8660254037844384,-0.5000000000000004,-0.7748840413670406,-0.6321034111873488,1.2996,2.4026,1.5521,3.4350285714285715,4.015193333333333
2022-08-23,4.0318,25.19,86.8,84.23,2.64,1.54,8,235,2,-0.8660254037844384,-0.5000000000000004,-0.7856498550787144,-0.6186714032625032,1.6409,1.2996,3.8866,3.447714285714286,3.9353466666666668
2022-08-24,5.6822,25.16,85.82,80.26,1.02,1.6,8,236,2,-0.8660254037844384,-0.5000000000000004,-0.7961828637826154,-0.6050560696488494,4.0318,1.6409,5.8255,3.4684571428571433,3.944653333333333
2022-08-25,4.0872,24.47,88.53,94.99,1.61,4.3,8,237,2,-0.8660254037844384,-0.5000000000000004,-0.8064799463209447,-0.5912614448635782,5.6822,4.0318,5.1862,3.447985714285714,4.05082
2022-08-26,3.9756,24.89,86.54,86.76,1.91,0.44,8,238,2,-0.8660254037844384,-0.5000000000000004,-0.8165380514459157,-0.5772916165517278,4.0872,5.6822,3.8926,3.290985714285714,4.052973333333333
2022-08-27,3.6792,25.21,89.87,94.72,1.81,4.72,8,239,2,-0.8660254037844384,-0.5000000000000004,-0.8263541987239094,-0.5631507242749187,3.9756,4.0872,2.4026,3.302842857142857,4.057716666666667
2022-08-28,2.4528,24.86,93.62,99.74,1.9,20.23,8,240,2,-0.8660254037844384,-0.5000000000000004,-0.8359254794186365,-0.5488429582847199,3.6792,3.9756,1.2996,3.4852142857142856,4.02058
2022-08-29,3.1138,25.07,90.02,96.72,1.71,10.12,8,241,2,-0.8660254037844384,-0.5000000000000004,-0.8452490573530634,-0.5343725582809785,2.4528,3.6792,1.6409,3.649957142857143,3.9749566666666665
2022-08-30,4.1318,26.07,86.72,88.13,1.11,4.45,8,242,2,-0.8660254037844384,-0.5000000000000004,-0.8543221697498269,-0.5197438121555157,3.1138,2.4528,4.0318,3.8603714285714283,3.93615
2022-08-31,5.5704,27.17,84.13,77.82,0.95,2.27,8,243,2,-0.8660254037844384,-0.5000000000000004,-0.8631421280499115,-0.5049610547215202,4.1318,3.1138,5.6822,3.874657142857143,3.87238
2022-09-01,4.0951,26.91,87.34,88.34,0.89,14.89,9,244,2,-1.0,-1.8369701987210297e-16,-0.8717063187093217,-0.4900286664290594,5.5704,4.1318,4.0872,3.858685714285714,3.857653333333333
2022-09-02,5.8814,26.5,88.52,82.11,1.36,4.45,9,245,2,-1.0,-1.8369701987210297e-16,-0.8800122039735356,-0.4749510720670502,4.0951,5.5704,3.9756,3.859814285714286,3.8183166666666666
2022-09-03,4.5962,26.12,89.13,74.72,1.56,5.48,9,246,2,-1.0,-1.8369701987210297e-16,-0.888057322629493,-0.4597327394521046,5.8814,4.0951,3.6792,4.132071428571429,3.8829066666666665
2022-09-04,3.0408,26.02,89.59,95.74,1.71,22.94,9,247,2,-1.0,-1.8369701987210297e-16,-0.8958392907349089,-0.4443781781046134,4.5962,5.8814,2.4528,4.263071428571428,3.8920666666666666
2022-09-05,3.936,25.13,87.39,76.24,0.98,12.5,9,248,2,-1.0,-1.8369701987210297e-16,-0.9033558023246842,-0.4288919379124841,3.0408,4.5962,3.1138,4.347071428571429,3.81853
2022-09-06,5.808,26.56,79.75,51.44,0.8,0.24,9,249,2,-1.0,-1.8369701987210297e-16,-0.9106046300942162,-0.41327860778290443,3.936,3.0408,4.1318,4.464528571428572,3.7629933333333336
2022-09-07,4.8002,26.58,83.94,75.91,1.27,0.27,9,250,2,-1.0,-1.8369701987210297e-16,-0.9175836260593934,-0.3975428142825566,5.808,3.936,5.5704,4.703985714285714,3.8130566666666668
2022-09-08,4.1198,25.98,90.19,88.78,1.07,11.64,9,251,2,-1.0,-1.8369701987210297e-16,-0.9242907221930934,-0.3816892202666586,4.8002,5.808,4.0951,4.593957142857143,3.80675
2022-09-09,5.8267,26.31,89.19,74.64,1.21,1.98,9,252,2,-1.0,-1.8369701987210297e-16,-0.9307239310379793,-0.3657225234972692,4.1198,4.8002,5.8814,4.597485714285715,3.7824533333333337
2022-09-10,5.4701,26.08,88.5,71.19,1.71,1.01,9,253,2,-1.0,-1.8369701987210297e-16,-0.9368813462954315,-0.34964745525122826,5.8267,4.1198,4.5962,4.589671428571428,3.867923333333333
2022-09-11,5.297,26.11,88.64,79.58,2.74,6.74,9,254,2,-1.0,-1.8369701987210297e-16,-0.9427611433904206,-0.33346877891818705,5.4701,5.8267,3.0408,4.714514285714285,3.9681233333333332
2022-09-12,3.7553,25.33,93.6,91.69,3.6,21.07,9,255,2,-1.0,-1.8369701987210297e-16,-0.9483615800121716,-0.31719128858910595,5.297,5.4701,3.936,5.036828571428571,4.003643333333334
2022-09-13,2.1408,25.33,92.52,98.63,3.18,32.22,9,256,2,-1.0,-1.8369701987210297e-16,-0.9536809966304455,-0.300819807635668,3.7553,5.297,5.808,5.011014285714286,4.028556666666667
2022-09-14,3.0254,25.57,91.14,99.16,3.61,30.54,9,257,2,-1.0,-1.8369701987210297e-16,-0.9587178169872964,-0.2843591872810036,2.1408,3.7553,4.8002,4.487128571428571,4.039276666666667
2022-09-15,2.4468,25.25,91.36,99.69,3.93,22.91,9,258,2,-1.0,-1.8369701987210297e-16,-0.9634705485641486,-0.26781430516217486,3.0254,2.1408,4.1198,4.233585714285714,4.088386666666667
2022-09-16,3.3065,24.88,94.15,97.27,3.03,8.31,9,259,2,-1.0,-1.8369701987210297e-16,-0.9679377830240642,-0.25119006388481957,2.4468,3.0254,5.8267,3.9945857142857144,4.040393333333333
2022-09-17,3.2875,25.48,88.79,97.4,1.86,2.76,9,260,2,-1.0,-1.8369701987210297e-16,-0.9721181966290612,-0.23449138957041052,3.3065,2.4468,5.4701,3.6345571428571426,3.9564266666666668
2022-09-18,5.1338,25.61,87.26,53.86,1.5,2.28,9,261,2,-1.0,-1.8369701987210297e-16,-0.9760105506323682,-0.21772323039653224,3.2875,3.3065,5.297,3.3227571428571427,3.8931366666666665
2022-09-19,5.4924,25.65,87.61,71.48,1.25,4.6,9,262,2,-1.0,-1.8369701987210297e-16,-0.9796136916454901,-0.20089055513063528,5.1338,3.2875,3.7553,3.299442857142857,3.9345100000000004
2022-09-20,4.153,25.63,88.63,87.44,1.37,5.12,9,263,2,-1.0,-1.8369701987210297e-16,-0.9829265519799822,-0.18399835165767986,5.4924,5.1338,2.1408,3.5476,4.0375033333333326
2022-09-21,2.7422,24.65,91.98,98.83,1.34,8.75,9,264,2,-1.0,-1.8369701987210297e-16,-0.9859481499638303,-0.1670516255021195,4.153,5.4924,3.0254,3.8350571428571425,4.132616666666666
2022-09-22,2.9736,24.86,92.24,98.23,1.81,14.88,9,265,2,-1.0,-1.8369701987210297e-16,-0.9886775902323404,-0.15005539834465262,2.7422,4.153,2.4468,3.7946,4.169326666666667
2022-09-23,1.9464,23.5,92.89,92.55,3.47,10.47,9,266,2,-1.0,-1.8369701987210297e-16,-0.9911140639934546,-0.13301470653419636,2.9736,2.7422,3.3065,3.869857142857143,4.134053333333333
2022-09-24,2.8697,22.94,93.5,89.96,2.86,0.56,9,267,2,-1.0,-1.8369701987210297e-16,-0.9932568492674143,-0.11593459959550066,1.9464,2.9736,3.2875,3.675557142857143,4.009526666666667
2022-09-25,5.4202,24.5,85.66,50.48,1.5,0.14,9,268,2,-1.0,-1.8369701987210297e-16,-0.9951053111006974,-0.09882013873287211,2.8697,1.9464,5.1338,3.6158714285714284,3.9689433333333333
2022-09-26,4.1225,24.59,87.46,75.51,1.21,7.08,9,269,2,-1.0,-1.8369701987210297e-16,-0.99665890175417,-0.08167639533042288,5.4202,2.8697,5.4924,3.6567857142857143,4.017096666666666
2022-09-27,5.1648,25.21,85.45,42.08,1.04,1.12,9,270,2,-1.0,-1.8369701987210297e-16,-0.9979171608653922,-0.06450844944931625,4.1225,5.4202,4.153,3.4610857142857143,4.031873333333333
2022-09-28,5.8651,24.97,83.65,7.13,1.45,0.45,9,271,2,-1.0,-1.8369701987210297e-16,-0.9988797155850335,-0.04732138832243232,5.1648,4.1225,2.7422,3.6056285714285714,4.122273333333333
2022-09-29,5.9182,24.8,82.74,11.39,1.48,0.02,9,272,2,-1.0,-1.8369701987210297e-16,-0.9995462806873573,-0.03012030484690836,5.8651,5.1648,2.9736,4.051757142857142,4.213983333333333
2022-09-30,5.5188,25.04,78.62,14.56,1.15,0.0,9,273,2,-1.0,-1.8369701987210297e-16,-0.9999166586547379,-0.012910296075008843,5.9182,5.8651,1.9464,4.472414285714286,4.273529999999999
2022-10-01,5.7622,25.02,81.84,13.01,1.41,0.8,10,274,3,-0.8660254037844386,0.5000000000000001,-0.9999907397361901,0.004303538296243821,5.5188,5.9182,2.8697,4.982757142857143,4.27181
2022-10-02,5.9374,24.37,84.52,26.27,1.83,0.18,10,275,3,-0.8660254037844386,0.5000000000000001,-0.9997685019798909,0.021516097436222233,5.7622,5.5188,5.4202,5.395971428571428,4.327380000000001
2022-10-03,5.6107,24.23,84.9,56.09,1.63,0.0,10,276,3,-0.8660254037844386,0.5000000000000001,-0.9992500112396835,0.03872228089217399,5.9374,5.7622,4.1225,5.469857142857143,4.329246666666666
2022-10-04,3.1099,23.94,91.88,95.15,2.16,14.0,10,277,3,-0.8660254037844386,0.5000000000000001,-0.9984354211555643,0.05591699010060302,5.6107,5.9374,5.1648,5.682457142857143,4.363063333333333
2022-10-05,3.186,24.42,92.68,96.5,2.59,7.79,10,278,3,-0.8660254037844386,0.5000000000000001,-0.9973249731081555,0.07309512989807776,3.1099,5.6107,5.8651,5.3889,4.3653666666666675
2022-10-06,4.6253,24.81,91.17,75.41,2.41,3.68,10,279,3,-0.8660254037844386,0.5000000000000001,-0.9959189961471792,0.0902516100310407,3.186,3.1099,5.9182,5.006171428571428,4.340366666666666
2022-10-07,4.6661,24.71,88.68,81.63,2.83,2.43,10,280,3,-0.8660254037844386,0.5000000000000001,-0.994217906893952,0.10738134666416306,4.6253,3.186,5.5188,4.821471428571428,4.300943333333334
2022-10-08,4.6908,24.74,87.57,67.81,2.92,1.54,10,281,3,-0.8660254037844386,0.5000000000000001,-0.9922222094179324,0.12447926388678869,4.6661,4.6253,5.7622,4.699657142857142,4.296473333333334
2022-10-09,4.5974,25.15,87.84,84.11,2.15,0.04,10,282,3,-0.8660254037844386,0.5000000000000001,-0.989932495087353,0.141540295217043,4.6908,4.6661,5.9374,4.5466,4.315506666666667
2022-10-10,4.6457,24.32,90.9,94.32,2.51,20.18,10,283,3,-0.8660254037844386,0.5000000000000001,-0.9873494423939864,0.15855938510313475,4.5974,4.6908,5.6107,4.3551714285714285,4.2745299999999995
2022-10-11,3.9814,23.67,93.21,74.56,2.24,37.54,10,284,3,-0.8660254037844386,0.5000000000000001,-0.9844738167520923,0.17553149042142777,4.6457,4.5974,3.1099,4.217314285714286,4.24705
2022-10-12,4.627,24.3,87.9,33.79,1.42,1.19,10,285,3,-0.8660254037844386,0.5000000000000001,-0.9813064702716093,0.19245158197082995,3.9814,4.6457,3.186,4.341814285714285,4.203196666666667
2022-10-13,5.838,23.57,88.63,6.42,1.78,0.15,10,286,3,-0.8660254037844386,0.5000000000000001,-0.9778483415056567,0.20931464596304888,4.627,3.9814,4.6253,4.547671428571428,4.232253333333333
2022-10-14,6.1318,22.16,83.52,1.15,1.92,0.0,10,287,3,-0.8660254037844386,0.5000000000000001,-0.9741004551724206,0.22611568550828803,5.838,4.627,4.6661,4.720914285714286,4.3554933333333326
2022-10-15,6.0907,21.03,76.84,0.25,1.42,0.11,10,288,3,-0.8660254037844386,0.5000000000000001,-0.970063921851507,0.2428497220959358,6.1318,5.838,4.6908,4.930300000000001,4.45904
2022-10-16,5.3174,22.19,88.21,8.65,1.46,3.29,10,289,3,-0.8660254037844386,0.5000000000000001,-0.965739937654855,0.25951179706979943,6.0907,6.1318,4.5974,5.130285714285714,4.580503333333334
2022-10-17,5.2241,23.58,89.35,15.92,1.26,1.61,10,290,3,-0.8660254037844386,0.5000000000000001,-0.9611297838723007,0.27609697309746883,5.3174,6.0907,4.6457,5.233142857142857,4.6475333333333335
2022-10-18,5.7142,22.1,82.45,1.13,1.84,0.05,10,291,3,-0.8660254037844386,0.5000000000000001,-0.9562348265919058,0.2926003356333479,5.2241,5.3174,3.9814,5.315771428571429,4.712086666666666
2022-10-19,5.7955,20.52,80.91,0.74,1.71,0.0,10,292,3,-0.8660254037844386,0.5000000000000001,-0.9510565162951536,0.30901699437494723,5.7142,5.2241,4.627,5.563314285714285,4.731433333333333
2022-10-20,5.8742,20.17,76.39,0.42,1.39,0.0,10,293,3,-0.8660254037844386,0.5000000000000001,-0.9455963874271428,0.3253420847119795,5.7955,5.7142,5.838,5.730242857142857,4.741536666666667
2022-10-21,5.4528,19.94,75.49,0.43,1.4,0.0,10,294,3,-0.8660254037844386,0.5000000000000001,-0.9398560579418953,0.341570769167856,5.8742,5.7955,6.1318,5.735414285714286,4.798910000000001
2022-10-22,5.5582,20.71,80.39,2.23,1.55,0.0,10,295,3,-0.8660254037844386,0.5000000000000001,-0.9338372288229252,0.35769823883312546,5.4528,5.8742,6.0907,5.638414285714285,4.889263333333333
2022-10-23,5.2975,19.83,83.06,0.68,1.6,0.0,10,296,3,-0.8660254037844386,0.5000000000000001,-0.9275416835791965,0.3737197147904692,5.5582,5.4528,5.3174,5.562342857142857,4.975416666666667
2022-10-24,5.3892,19.5,77.65,0.08,1.56,0.0,10,297,3,-0.8660254037844386,0.5000000000000001,-0.9209712877166347,0.38963044953078774,5.2975,5.5582,5.2241,5.5595,5.08712
2022-10-25,5.4526,20.48,67.72,0.21,1.05,0.0,10,298,3,-0.8660254037844386,0.5000000000000001,-0.9141279881853337,0.4054257283599973,5.3892,5.2975,5.7142,5.583085714285715,5.171103333333334
2022-10-26,5.3436,20.67,66.21,0.14,1.02,0.0,10,299,3,-0.8660254037844386,0.5000000000000001,-0.9070138128026362,0.42110087079608916,5.4526,5.3892,5.7955,5.545714285714285,5.172183333333334
2022-10-27,5.5015,20.33,69.04,0.53,1.08,0.0,10,300,3,-0.8660254037844386,0.5000000000000001,-0.8996308696522434,0.4366512319560638,5.3436,5.4526,5.8742,5.4811571428571435,5.212886666666667
2022-10-28,5.2922,20.36,69.71,1.04,1.12,0.0,10,301,3,-0.8660254037844386,0.5000000000000001,-0.8919813464595487,0.45207220393230374,5.5015,5.3436,5.4528,5.427914285714286,5.22411
2022-10-29,5.0105,19.99,75.59,2.79,1.25,0.0,10,302,3,-0.8660254037844386,0.5000000000000001,-0.8840675099433637,0.46735921715800205,5.2922,5.5015,5.5582,5.404971428571429,5.205013333333334
2022-10-30,4.7806,19.37,78.53,0.27,1.21,0.0,10,303,3,-0.8660254037844386,0.5000000000000001,-0.8758917051442433,0.48250774176121763,5.0105,5.2922,5.2975,5.326728571428572,5.174756666666667
2022-10-31,5.1586,18.63,75.88,0.37,1.3,0.0,10,304,3,-0.8660254037844386,0.5000000000000001,-0.8674563547295971,0.4975132889071803,4.7806,5.0105,5.3892,5.252885714285715,5.15015
2022-11-01,5.304,18.97,77.6,0.98,1.11,0.0,11,305,3,-0.5000000000000004,0.8660254037844384,-0.858763958275803,0.5123714121284235,5.1586,4.7806,5.4526,5.219942857142857,5.13003
2022-11-02,5.0249,19.99,70.25,0.14,0.84,0.0,11,306,3,-0.5000000000000004,0.8660254037844384,-0.8498170915275277,0.5270777086423724,5.304,5.1586,5.3436,5.198714285714287,5.1089166666666666
2022-11-03,4.8547,20.5,67.23,0.34,1.05,0.0,11,307,3,-0.5000000000000004,0.8660254037844384,-0.8406184056344783,0.5416278206559811,5.0249,5.304,5.5015,5.153185714285714,5.089389999999999
2022-11-04,4.5888,20.88,71.92,0.53,0.95,0.0,11,308,3,-0.5000000000000004,0.8660254037844384,-0.8311706263658079,0.5560174366570446,4.8547,5.0249,5.2922,5.060785714285714,5.14755
2022-11-05,4.6814,21.24,77.78,1.87,0.96,0.0,11,309,3,-0.5000000000000004,0.8660254037844384,-0.8214765533024145,0.5702422926917867,4.5888,4.8547,5.0105,4.960299999999999,5.19431
2022-11-06,4.5058,20.53,84.61,8.38,1.17,0.0,11,310,3,-0.5000000000000004,0.8660254037844384,-0.8115390590073611,0.5842981736283683,4.6814,4.5888,4.7806,4.913285714285714,5.196179999999999
2022-11-07,4.7597,19.73,81.83,7.02,1.26,0.0,11,311,3,-0.5000000000000004,0.8660254037844384,-0.801361088174677,0.5981809144059159,4.5058,4.6814,5.1586,4.874028571428572,5.190836666666667
2022-11-08,4.7707,19.4,80.06,7.27,1.33,0.0,11,312,3,-0.5000000000000004,0.8660254037844384,-0.7909456567567774,0.6118864012687242,4.7597,4.5058,5.304,4.817042857142857,5.193133333333333
2022-11-09,4.4681,19.47,77.88,1.98,1.26,0.0,11,313,3,-0.5000000000000004,0.8660254037844384,-0.780295851070776,0.6254105729852457,4.7707,4.7597,5.0249,4.740857142857143,5.19891
2022-11-10,4.1441,19.7,79.73,6.31,1.1,0.0,11,314,3,-0.5000000000000004,0.8660254037844384,-0.7694148268839381,0.6387494220515268,4.4681,4.7707,4.8547,4.661314285714285,5.192989999999999
2022-11-11,3.9518,19.96,82.71,9.91,1.22,0.0,11,315,3,-0.5000000000000004,0.8660254037844384,-0.7583058084785625,0.6518989958787125,4.1441,4.4681,4.5888,4.5598,5.198413333333333
2022-11-12,4.3382,18.84,78.32,3.59,1.17,0.0,11,316,3,-0.5000000000000004,0.8660254037844384,-0.7469720876965551,0.6648553979642866,3.9518,4.1441,4.6814,4.4688,5.175906666666666
2022-11-13,4.7316,18.17,67.18,0.38,1.33,0.0,11,317,3,-0.5000000000000004,0.8660254037844384,-0.7354170229639858,0.6776147890466887,4.3382,3.9518,4.5058,4.419771428571429,5.125913333333333
2022-11-14,4.8802,17.64,68.78,0.01,1.23,0.0,11,318,3,-0.5000000000000004,0.8660254037844384,-0.7236440382959124,0.690173388242972,4.7316,4.3382,4.7597,4.4520285714285714,5.07924
2022-11-15,4.9562,18.31,68.0,0.28,1.1,0.0,11,319,3,-0.5000000000000004,0.8660254037844384,-0.711656622281775,0.7025274741691566,4.8802,4.7316,4.7707,4.4692428571428575,5.038889999999999
2022-11-16,4.8468,19.04,62.85,0.43,0.77,0.0,11,320,3,-0.5000000000000004,0.8660254037844384,-0.6994583270516471,0.7146733860429608,4.9562,4.8802,4.4681,4.495742857142857,5.02685
2022-11-17,4.5982,17.94,69.62,2.22,1.39,0.0,11,321,3,-0.5000000000000004,0.8660254037844384,-0.6870527672236675,0.7266075247685652,4.8468,4.9562,4.1441,4.549842857142857,5.014273333333334
2022-11-18,4.9378,16.41,66.94,0.96,1.38,0.0,11,322,3,-0.5000000000000004,0.8660254037844384,-0.6744436188329457,0.7383263540031063,4.5982,4.8468,3.9518,4.614714285714286,4.977073333333333
2022-11-19,4.7623,15.21,67.72,1.72,1.32,0.0,11,323,3,-0.5000000000000004,0.8660254037844384,-0.661634618242279,0.749826401204568,4.9378,4.5982,4.3382,4.755571428571429,4.948483333333333
2022-11-20,4.5146,14.98,71.31,6.06,1.06,0.0,11,324,3,-0.5000000000000004,0.8660254037844384,-0.6486295610349818,0.7611042586607742,4.7623,4.9378,4.7316,4.816157142857143,4.911420000000001
2022-11-21,4.5322,15.47,72.78,6.78,1.02,0.0,11,325,3,-0.5000000000000004,0.8660254037844384,-0.6354323008901775,0.7721565844991641,4.5146,4.7623,4.8802,4.785157142857143,4.880146666666666
2022-11-22,4.7544,16.09,74.28,2.11,1.33,0.0,11,326,3,-0.5000000000000004,0.8660254037844384,-0.622046748440868,0.7829801036770624,4.5322,4.5146,4.9562,4.735442857142857,4.845946666666666
2022-11-23,4.7887,16.36,70.96,1.82,1.28,0.0,11,327,3,-0.5000000000000004,0.8660254037844384,-0.6084768701151264,0.7935716089521472,4.7544,4.5322,4.8468,4.706614285714286,4.827843333333334
2022-11-24,4.8581,15.86,70.45,5.62,1.31,0.0,11,328,3,-0.5000000000000004,0.8660254037844384,-0.594726686960764,0.8039279618328208,4.7887,4.7544,4.5982,4.698314285714285,4.807826666666667
2022-11-25,4.9608,15.0,66.14,6.88,1.33,0.0,11,329,3,-0.5000000000000004,0.8660254037844384,-0.5808002734538013,0.8140460935082175,4.8581,4.7887,4.9378,4.735442857142857,4.78801
2022-11-26,4.806,16.07,60.76,3.79,0.91,0.0,11,330,3,-0.5000000000000004,0.8660254037844384,-0.5667017562911184,0.8239230057575536,4.9608,4.8581,4.7623,4.738728571428571,4.77525
2022-11-27,4.6702,17.2,60.07,2.53,0.8,0.0,11,331,3,-0.5000000000000004,0.8660254037844384,-0.5524353131676203,0.8335557718385695,4.806,4.9608,4.5146,4.7449714285714295,4.752066666666667
2022-11-28,4.6013,16.22,67.24,8.32,1.03,0.0,11,332,3,-0.5000000000000004,0.8660254037844384,-0.5380051715382992,0.8429415373547832,4.6702,4.806,4.5322,4.767200000000001,4.731333333333334
2022-11-29,4.3699,15.73,73.09,10.28,1.08,0.0,11,333,3,-0.5000000000000004,0.8660254037844384,-0.5234156073655503,0.8520775211013093,4.6013,4.6702,4.7544,4.777071428571429,4.717693333333334
2022-11-30,4.0445,16.36,75.25,5.4,1.07,0.0,11,334,3,-0.5000000000000004,0.8660254037844384,-0.5086709438521042,0.8609610158889945,4.3699,4.6013,4.7887,4.722142857142857,4.704003333333333
2022-12-01,4.1124,16.19,76.57,2.36,1.09,0.0,12,335,0,-2.4492935982947064e-16,1.0,-0.49377555015997737,0.8695893893466109,4.0445,4.3699,4.8581,4.615828571428572,4.666866666666667
2022-12-02,4.1626,16.85,75.02,1.18,1.21,0.0,12,336,0,-2.4492935982947064e-16,1.0,-0.4787338401157883,0.8779600847008883,4.1124,4.0445,4.9608,4.5093000000000005,4.6271466666666665
2022-12-03,3.9588,17.25,77.64,4.2,1.0,0.0,12,337,0,-2.4492935982947064e-16,1.0,-0.4635502709028512,0.8860706215341378,4.1626,4.1124,4.806,4.395271428571428,4.598403333333334
2022-12-04,4.057,17.33,78.77,1.84,1.09,0.0,12,338,0,-2.4492935982947064e-16,1.0,-0.4482293417404106,0.893918596519257,3.9588,4.1626,4.6702,4.274242857142857,4.56854
2022-12-05,3.7066,17.23,78.41,0.71,1.39,0.0,12,339,0,-2.4492935982947064e-16,1.0,-0.4327755925504317,0.9015016841318838,4.057,3.9588,4.6013,4.186642857142858,4.550813333333334
2022-12-06,3.9924,16.55,72.91,1.62,1.48,0.0,12,340,0,-2.4492935982947064e-16,1.0,-0.41719360261231697,0.9088176373395028,3.7066,4.057,4.3699,4.058828571428571,4.518320000000001
2022-12-07,4.5847,14.66,68.56,13.28,1.62,0.0,12,341,0,-2.4492935982947064e-16,1.0,-0.4014879892059737,0.9158642882672868,3.9924,3.7066,4.0445,4.0049,4.501206666666666
2022-12-08,4.4837,13.75,66.06,38.24,1.69,0.0,12,342,0,-2.4492935982947064e-16,1.0,-0.38566340624360745,0.9226395488404875,4.5847,3.9924,4.1124,4.082071428571429,4.495373333333334
2022-12-09,4.5067,14.24,68.16,16.0,1.59,0.0,12,343,0,-2.4492935982947064e-16,1.0,-0.3697245428906732,0.9291414114031743,4.4837,4.5847,4.1626,4.135114285714286,4.485806666666667
2022-12-10,4.2943,15.55,69.88,33.82,1.45,0.0,12,344,0,-2.4492935982947064e-16,1.0,-0.35367612217637207,0.935367949313148,4.5067,4.4837,3.9588,4.184271428571429,4.487093333333334
2022-12-11,4.159,17.86,66.61,28.3,1.26,0.0,12,345,0,-2.4492935982947064e-16,1.0,-0.33752289959411347,0.941317317512847,4.2943,4.5067,4.057,4.2322,4.4921
2022-12-12,2.7458,19.3,72.01,92.27,1.16,0.43,12,346,0,-2.4492935982947064e-16,1.0,-0.32126966169236515,0.9469877530760751,4.159,4.2943,3.7066,4.246771428571429,4.499006666666667
2022-12-13,2.6522,18.71,76.06,87.04,1.44,0.85,12,347,0,-2.4492935982947064e-16,1.0,-0.3049212246562894,0.9523775757303973,2.7458,4.159,3.9924,4.109514285714286,4.445926666666667
2022-12-14,3.8386,18.47,67.36,42.54,1.59,0.32,12,348,0,-2.4492935982947064e-16,1.0,-0.2884824328806098,0.9574851883550389,2.6522,2.7458,4.5847,3.918057142857143,4.376613333333333
2022-12-15,4.1539,18.78,71.59,18.89,1.25,0.04,12,349,0,-2.4492935982947064e-16,1.0,-0.27195815753410524,0.9623090774541487,3.8386,2.6522,4.4837,3.8114714285714286,4.341893333333333
2022-12-16,4.5178,17.99,72.04,6.84,1.33,0.0,12,350,0,-2.4492935982947064e-16,1.0,-0.2553532951161881,0.9668478136052773,4.1539,3.8386,4.5067,3.764357142857143,4.31515
2022-12-17,4.7323,16.53,65.24,0.59,1.47,0.0,12,351,0,-2.4492935982947064e-16,1.0,-0.23867276600594997,0.9711000518829505,4.5178,4.1539,4.2943,3.7659428571428575,4.304183333333333
2022-12-18,4.6291,15.63,62.64,1.88,1.52,0.0,12,352,0,-2.4492935982947064e-16,1.0,-0.22192151300416674,0.9750645322571945,4.7323,4.5178,4.159,3.8285142857142858,4.308653333333334
2022-12-19,4.4172,15.59,61.46,2.31,1.27,0.0,12,353,0,-2.4492935982947064e-16,1.0,-0.20510449986861926,0.9787400799669153,4.6291,4.7323,2.7458,3.8956714285714287,4.298363333333333
2022-12-20,4.3361,16.44,57.45,1.22,1.46,0.0,12,354,0,-2.4492935982947064e-16,1.0,-0.1882267098432439,0.9821256058680006,4.4172,4.6291,2.6522,4.134442857142857,4.286860000000001
2022-12-21,4.4107,16.84,57.01,0.6,1.55,0.0,12,355,0,-2.4492935982947064e-16,1.0,-0.1712931441814778,0.9852201067560606,4.3361,4.4172,3.8386,4.375,4.28091
2022-12-22,4.4316,18.52,58.82,0.02,1.03,0.0,12,356,0,-2.4492935982947064e-16,1.0,-0.154308820664281,0.9880226656636976,4.4107,4.3361,4.1539,4.456728571428572,4.27686
2022-12-23,4.121,19.39,62.18,2.16,1.93,0.0,12,357,0,-2.4492935982947064e-16,1.0,-0.13727877211326517,0.9905324521322227,4.4316,4.4107,4.5178,4.4964,4.2661
2022-12-24,3.4908,19.22,70.49,10.77,1.95,0.0,12,358,0,-2.4492935982947064e-16,1.0,-0.12020804489935275,0.9927487224577402,4.121,4.4316,4.7323,4.439714285714286,4.243843333333333
2022-12-25,3.4366,17.76,78.04,3.2,1.73,0.0,12,359,0,-2.4492935982947064e-16,1.0,-0.10310169744743544,0.9946708199115211,3.4908,4.121,4.6291,4.262357142857143,4.198266666666666
2022-12-26,2.4562,18.21,75.95,25.35,1.5,0.0,12,360,0,-2.4492935982947064e-16,1.0,-0.0859647987374467,0.9962981749346077,3.4366,3.4908,4.4172,4.0920000000000005,4.14746
2022-12-27,3.493,17.04,75.79,5.77,1.56,0.0,12,361,0,-2.4492935982947064e-16,1.0,-0.06880242680232064,0.9976303053065857,2.4562,3.4366,4.3361,3.811857142857143,4.069133333333334
2022-12-28,4.5542,15.71,58.53,0.66,1.57,0.0,12,362,0,-2.4492935982947064e-16,1.0,-0.05161966722325418,0.9986668162884759,3.493,2.4562,4.4107,3.6914142857142855,4.029893333333333
2022-12-29,4.674,15.83,52.28,0.67,1.37,0.0,12,363,0,-2.4492935982947064e-16,1.0,-0.034421611622745804,0.9994074007397048,4.5542,3.493,4.4316,3.7119142857142857,4.028323333333334
2022-12-30,4.3723,17.8,55.28,10.85,1.32,0.0,12,364,0,-2.4492935982947064e-16,1.0,-0.01721335615583528,0.9998518392091162,4.674,4.5542,4.121,3.746542857142857,4.03846
2022-12-31,4.3354,17.53,59.2,0.62,1.54,0.0,12,365,0,-2.4492935982947064e-16,1.0,6.432490598706546e-16,1.0,4.3723,4.674,3.4908,3.782442857142857,4.049386666666667
2023-01-01,3.7483,14.93,67.3,13.78,1.98,0.0,1,1,0,0.49999999999999994,0.8660254037844387,0.017213356155834685,0.9998518392091162,4.3354,4.3723,3.4366,3.9031,4.05682
2023-01-02,3.0574,14.26,66.01,44.6,1.99,0.0,1,2,0,0.49999999999999994,0.8660254037844387,0.03442161162274574,0.9994074007397048,3.7483,4.3354,2.4562,3.947628571428571,4.04301
2023-01-03,2.5961,14.15,71.34,50.94,1.92,0.0,1,3,0,0.49999999999999994,0.8660254037844387,0.051619667223253764,0.998666816288476,3.0574,3.7483,3.493,4.033514285714285,4.012963333333333
2023-01-04,3.0766,13.26,74.59,48.14,2.58,0.05,1,4,0,0.49999999999999994,0.8660254037844387,0.06880242680231986,0.9976303053065857,2.5961,3.0574,4.5542,3.905385714285714,3.9642666666666666
2023-01-05,3.7831,13.19,69.88,26.1,2.26,0.03,1,5,0,0.49999999999999994,0.8660254037844387,0.08596479873744647,0.9962981749346078,3.0766,2.5961,4.674,3.6942999999999997,3.9432666666666667
2023-01-06,4.3262,12.69,54.11,43.13,1.92,0.0,1,6,0,0.49999999999999994,0.8660254037844387,0.10310169744743485,0.9946708199115211,3.7831,3.0766,4.3723,3.5670285714285717,3.93629
2023-01-07,4.6375,10.88,54.2,45.11,1.92,0.0,1,7,0,0.49999999999999994,0.8660254037844387,0.1202080448993527,0.9927487224577402,4.3262,3.7831,4.3354,3.560442857142857,3.9276733333333333
2023-01-08,4.663,11.7,50.76,33.64,1.62,0.0,1,8,0,0.49999999999999994,0.8660254037844387,0.13727877211326478,0.9905324521322229,4.6375,4.3262,3.7483,3.6035999999999997,3.9328000000000003
2023-01-09,4.8619,14.7,49.15,11.71,1.34,0.0,1,9,0,0.49999999999999994,0.8660254037844387,0.15430882066428117,0.9880226656636976,4.663,4.6375,3.0574,3.7342714285714287,3.9380100000000002
2023-01-10,4.8886,15.45,51.1,2.72,1.53,0.0,1,10,0,0.49999999999999994,0.8660254037844387,0.1712931441814776,0.9852201067560606,4.8619,4.663,2.5961,3.992057142857143,3.9569300000000003
2023-01-11,4.8295,17.32,46.23,0.84,1.15,0.0,1,11,0,0.49999999999999994,0.8660254037844387,0.1882267098432442,0.9821256058680006,4.8886,4.8619,3.0766,4.3195571428571435,3.98125
2023-01-12,4.6548,18.1,48.12,6.41,1.39,0.0,1,12,0,0.49999999999999994,0.8660254037844387,0.2051044998686192,0.9787400799669153,4.8295,4.8886,3.7831,4.569971428571429,4.050706666666667
2023-01-13,4.2182,18.61,53.81,14.68,1.34,0.0,1,13,0,0.49999999999999994,0.8660254037844387,0.2219215130041655,0.9750645322571948,4.6548,4.8295,4.3262,4.6945,4.1174599999999995
2023-01-14,4.5581,17.1,61.59,8.37,1.44,0.0,1,14,0,0.49999999999999994,0.8660254037844387,0.2386727660059501,0.9711000518829505,4.2182,4.6548,4.6375,4.6790714285714285,4.130113333333333
2023-01-15,4.0658,13.48,62.38,26.16,1.69,0.0,1,15,0,0.49999999999999994,0.8660254037844387,0.255353295116187,0.9668478136052775,4.5581,4.2182,4.663,4.6677285714285714,4.143586666666667
2023-01-16,4.4414,14.11,56.64,10.34,1.89,0.0,1,16,0,0.49999999999999994,0.8660254037844387,0.2719581575341055,0.9623090774541486,4.0658,4.5581,4.8619,4.582414285714286,4.12852
2023-01-17,4.331,14.5,53.62,12.05,1.7,0.0,1,17,0,0.49999999999999994,0.8660254037844387,0.288482432880609,0.9574851883550393,4.4414,4.0658,4.8886,4.522342857142857,4.118823333333333
2023-01-18,4.7364,14.32,48.85,1.44,1.77,0.0,1,18,0,0.49999999999999994,0.8660254037844387,0.30492122465628907,0.9523775757303974,4.331,4.4414,4.8295,4.442685714285714,4.108886666666667
2023-01-19,4.4681,15.71,55.51,9.02,1.29,0.0,1,19,0,0.49999999999999994,0.8660254037844387,0.3212696616923644,0.9469877530760753,4.7364,4.331,4.6548,4.429385714285714,4.119526666666667
2023-01-20,3.786,18.66,67.44,20.42,2.33,0.01,1,20,0,0.49999999999999994,0.8660254037844387,0.3375228995941133,0.9413173175128471,4.4681,4.7364,4.2182,4.4027142857142865,4.123926666666667
2023-01-21,3.6091,20.27,65.47,24.71,1.72,0.0,1,21,0,0.49999999999999994,0.8660254037844387,0.3536761221763716,0.9353679493131483,3.786,4.4681,4.5581,4.340971428571428,4.103103333333333
2023-01-22,3.5465,20.37,64.19,27.75,2.21,0.01,1,22,0,0.49999999999999994,0.8660254037844387,0.3697245428906731,0.9291414114031743,3.6091,3.786,4.0658,4.2054,4.075686666666667
2023-01-23,4.061,20.19,58.42,31.92,2.09,0.0,1,23,0,0.49999999999999994,0.8660254037844387,0.38566340624360707,0.9226395488404876,3.5465,3.6091,4.4414,4.131214285714286,4.056536666666667
2023-01-24,4.2734,20.47,55.46,18.5,2.57,0.0,1,24,0,0.49999999999999994,0.8660254037844387,0.401487989205973,0.9158642882672872,4.061,3.5465,4.331,4.076871428571429,4.075543333333333
2023-01-25,2.8438,21.29,58.9,69.57,2.48,0.27,1,25,0,0.49999999999999994,0.8660254037844387,0.4171936026123168,0.9088176373395029,4.2734,4.061,4.7364,4.068642857142857,4.103436666666667
2023-01-26,2.591,19.46,73.43,86.91,1.83,0.25,1,26,0,0.49999999999999994,0.8660254037844387,0.4327755925504312,0.901501684131884,2.8438,4.2734,4.4681,3.7982714285714283,4.116356666666666
2023-01-27,1.5703,19.25,71.86,76.48,2.28,0.02,1,27,0,0.49999999999999994,0.8660254037844387,0.4482293417404106,0.893918596519257,2.591,2.8438,3.786,3.5301142857142858,4.08629
2023-01-28,4.7186,18.73,65.86,11.82,1.59,0.0,1,28,0,0.49999999999999994,0.8660254037844387,0.4635502709028509,0.886070621534138,1.5703,2.591,3.6091,3.2135857142857143,3.986826666666667
2023-01-29,4.4952,20.79,55.37,6.44,1.83,0.0,1,29,0,0.49999999999999994,0.8660254037844387,0.47873384011578846,0.8779600847008882,4.7186,1.5703,3.5465,3.372085714285714,3.988313333333333
2023-01-30,3.821,21.84,56.67,18.11,2.14,0.04,1,30,0,0.49999999999999994,0.8660254037844387,0.49377555015997715,0.869589389346611,4.4952,4.7186,4.061,3.5076142857142854,3.99241
2023-01-31,4.3663,18.88,56.66,7.09,2.77,0.0,1,31,0,0.49999999999999994,0.8660254037844387,0.5086709438521044,0.8609610158889943,3.821,4.4952,4.2734,3.4733285714285715,3.975263333333333
2023-02-01,5.659,16.0,52.71,13.6,2.22,0.0,2,32,0,0.8660254037844386,0.5000000000000001,0.5234156073655503,0.8520775211013093,4.3663,3.821,2.8438,3.4865999999999997,3.9958633333333333
2023-02-02,5.7914,15.63,42.88,4.53,1.64,0.0,2,33,0,0.8660254037844386,0.5000000000000001,0.5380051715382996,0.8429415373547828,5.659,4.3663,2.591,3.8887714285714283,4.082583333333333
2023-02-03,5.6508,17.17,37.12,11.28,1.46,0.0,2,34,0,0.8660254037844386,0.5000000000000001,0.5524353131676196,0.8335557718385699,5.7914,5.659,1.5703,4.345971428571429,4.189093333333333
2023-02-04,5.7444,18.2,35.77,1.61,1.65,0.0,2,35,0,0.8660254037844386,0.5000000000000001,0.5667017562911176,0.8239230057575542,5.6508,5.7914,4.7186,4.9289,4.274900000000001
2023-02-05,5.6539,19.8,33.18,1.5,1.31,0.0,2,36,0,0.8660254037844386,0.5000000000000001,0.5808002734538009,0.8140460935082178,5.7444,5.6508,4.4952,5.075442857142856,4.340276666666667
2023-02-06,5.6251,20.32,37.37,0.6,1.53,0.0,2,37,0,0.8660254037844386,0.5000000000000001,0.5947266869607634,0.8039279618328213,5.6539,5.7444,3.821,5.240971428571428,4.384533333333334
2023-02-07,5.6796,20.23,37.44,1.28,2.06,0.0,2,38,0,0.8660254037844386,0.5000000000000001,0.6084768701151261,0.7935716089521474,5.6251,5.6539,4.3663,5.4987,4.417453333333333
2023-02-08,5.706,18.74,36.27,3.62,1.89,0.0,2,39,0,0.8660254037844386,0.5000000000000001,0.6220467484408675,0.7829801036770629,5.6796,5.6251,5.659,5.686314285714286,4.45134
2023-02-09,5.76,20.5,29.49,3.24,1.41,0.0,2,40,0,0.8660254037844386,0.5000000000000001,0.6354323008901774,0.7721565844991642,5.706,5.6796,5.7914,5.693028571428571,4.479476666666667
2023-02-10,5.7677,22.93,25.5,0.68,1.74,0.0,2,41,0,0.8660254037844386,0.5000000000000001,0.6486295610349814,0.7611042586607747,5.76,5.706,5.6508,5.688542857142857,4.508523333333334
2023-02-11,5.7802,21.32,32.32,1.15,2.57,0.0,2,42,0,0.8660254037844386,0.5000000000000001,0.6616346182422783,0.7498264012045686,5.7677,5.76,5.7444,5.705242857142857,4.539796666666666
2023-02-12,5.8318,19.65,35.54,0.54,2.51,0.0,2,43,0,0.8660254037844386,0.5000000000000001,0.6744436188329455,0.7383263540031065,5.7802,5.7677,5.6539,5.710357142857143,4.57731
2023-02-13,6.1356,17.72,27.75,0.5,2.37,0.0,2,44,0,0.8660254037844386,0.5000000000000001,0.6870527672236669,0.7266075247685656,5.8318,5.7802,5.6251,5.73577142857143,4.631096666666666
2023-02-14,5.9177,19.08,24.37,1.2,2.12,0.0,2,45,0,0.8660254037844386,0.5000000000000001,0.699458327051647,0.7146733860429609,6.1356,5.8318,5.6796,5.8087,4.68368
2023-02-15,5.8709,20.78,27.17,0.32,2.27,0.0,2,46,0,0.8660254037844386,0.5000000000000001,0.7116566222817746,0.7025274741691571,5.9177,6.1356,5.706,5.842714285714286,4.745410000000001
2023-02-16,5.7773,21.83,31.2,24.77,2.49,0.0,2,47,0,0.8660254037844386,0.5000000000000001,0.7236440382959124,0.6901733882429719,5.8709,5.9177,5.76,5.866271428571429,4.79306
2023-02-17,5.1101,20.86,40.34,30.72,1.81,0.0,2,48,0,0.8660254037844386,0.5000000000000001,0.7354170229639855,0.6776147890466889,5.7773,5.8709,5.7677,5.868742857142856,4.84127
2023-02-18,5.4967,21.24,38.43,1.49,1.8,0.0,2,49,0,0.8660254037844386,0.5000000000000001,0.7469720876965552,0.6648553979642865,5.1101,5.7773,5.7802,5.7748,4.853726666666666
2023-02-19,5.886,21.62,35.77,6.31,1.69,0.0,2,50,0,0.8660254037844386,0.5000000000000001,0.7583058084785624,0.6518989958787126,5.4967,5.1101,5.8318,5.734299999999999,4.888013333333333
2023-02-20,6.1812,24.11,25.29,2.31,1.6,0.0,2,51,0,0.8660254037844386,0.5000000000000001,0.7694148268839378,0.6387494220515272,5.886,5.4967,6.1356,5.742042857142857,4.958013333333333
2023-02-21,6.072,24.78,17.13,8.45,2.16,0.0,2,52,0,0.8660254037844386,0.5000000000000001,0.7802958510707755,0.6254105729852464,6.1812,5.886,5.9177,5.748557142857143,5.04375
2023-02-22,5.8577,23.62,18.78,24.19,2.09,0.0,2,53,0,0.8660254037844386,0.5000000000000001,0.7909456567567772,0.6118864012687243,6.072,6.1812,5.8709,5.7706,5.127933333333334
2023-02-23,5.6654,24.78,22.35,44.81,1.56,0.0,2,54,0,0.8660254037844386,0.5000000000000001,0.8013610881746766,0.5981809144059165,5.8577,6.072,5.7773,5.768714285714286,5.187823333333333
2023-02-24,5.951,24.04,28.58,4.5,1.56,0.0,2,55,0,0.8660254037844386,0.5000000000000001,0.8115390590073611,0.5842981736283683,5.6654,5.8577,5.1101,5.752728571428571,5.2342233333333334
2023-02-25,6.0977,24.04,26.43,3.74,1.39,0.0,2,56,0,0.8660254037844386,0.5000000000000001,0.8214765533024142,0.5702422926917871,5.951,5.6654,5.4967,5.872857142857143,5.337796666666667
2023-02-26,6.1157,24.22,24.48,2.33,1.67,0.0,2,57,0,0.8660254037844386,0.5000000000000001,0.8311706263658079,0.5560174366570446,6.0977,5.951,5.886,5.958714285714286,5.4546866666666665
2023-02-27,5.9621,24.56,23.88,4.42,1.74,0.0,2,58,0,0.8660254037844386,0.5000000000000001,0.8406184056344782,0.5416278206559814,6.1157,6.0977,6.1812,5.991528571428572,5.6062
2023-02-28,5.5601,25.37,26.19,9.27,1.61,0.0,2,59,0,0.8660254037844386,0.5000000000000001,0.8498170915275278,0.5270777086423722,5.9621,6.1157,6.072,5.960228571428572,5.64765
2023-03-01,3.4514,26.37,26.49,62.79,1.52,0.0,3,60,1,1.0,6.123233995736766e-17,0.8587639582758029,0.5123714121284237,5.5601,5.9621,5.8577,5.887099999999999,5.6831466666666675
2023-03-02,5.0995,26.93,27.65,10.13,1.23,0.0,3,61,1,1.0,6.123233995736766e-17,0.8674563547295969,0.49751328890718066,3.4514,5.5601,5.6654,5.543342857142856,5.670826666666667
2023-03-03,6.0206,26.22,26.15,1.37,1.66,0.0,3,62,1,1.0,6.123233995736766e-17,0.8758917051442429,0.48250774176121847,5.0995,3.4514,5.951,5.4624999999999995,5.695266666666667
2023-03-04,6.0562,26.47,21.13,10.46,1.64,0.0,3,63,1,1.0,6.123233995736766e-17,0.8840675099433636,0.4673592171580022,6.0206,5.0995,6.0977,5.472442857142857,5.707319999999999
2023-03-05,4.7434,25.82,28.39,39.79,1.76,0.03,3,64,1,1.0,6.123233995736766e-17,0.8919813464595485,0.45207220393230435,6.0562,6.0206,6.1157,5.466514285714287,5.716146666666666
2023-03-06,5.4362,26.03,27.48,37.93,1.5,0.0,3,65,1,1.0,6.123233995736766e-17,0.8996308696522433,0.43665123195606403,4.7434,6.0562,5.9621,5.270471428571428,5.6859
2023-03-07,1.9742,25.61,28.33,90.64,1.32,0.48,3,66,1,1.0,6.123233995736766e-17,0.9070138128026359,0.4211008707960896,5.4362,4.7434,5.5601,5.195342857142857,5.675626666666667
2023-03-08,6.0384,24.74,29.42,10.73,1.36,0.05,3,67,1,1.0,6.123233995736766e-17,0.9141279881853337,0.40542572835999735,1.9742,5.4362,3.4514,4.683071428571429,5.55297
2023-03-09,5.815,24.68,30.91,18.07,1.84,0.01,3,68,1,1.0,6.123233995736766e-17,0.9209712877166346,0.38963044953078796,6.0384,1.9742,5.0995,5.052642857142857,5.566746666666666
2023-03-10,6.3893,24.48,30.79,5.72,1.85,0.08,3,69,1,1.0,6.123233995736766e-17,0.9275416835791966,0.37371971479046906,5.815,6.0384,6.0206,5.154857142857144,5.57126
2023-03-11,6.5491,24.49,28.95,0.05,1.8,0.0,3,70,1,1.0,6.123233995736766e-17,0.9338372288229252,0.35769823883312546,6.3893,5.815,6.0562,5.207528571428571,5.594036666666667
2023-03-12,6.6895,25.58,24.5,3.34,1.86,0.0,3,71,1,1.0,6.123233995736766e-17,0.9398560579418954,0.3415707691678556,6.5491,6.3893,4.7434,5.277942857142857,5.62034
2023-03-13,5.6105,26.24,22.44,41.14,2.06,0.0,3,72,1,1.0,6.123233995736766e-17,0.9455963874271426,0.3253420847119801,6.6895,6.5491,5.4362,5.555957142857143,5.651066666666667
2023-03-14,5.5733,27.13,24.29,53.15,1.66,0.02,3,73,1,1.0,6.123233995736766e-17,0.9510565162951535,0.30901699437494745,5.6105,6.6895,1.9742,5.580857142857143,5.64541
2023-03-15,5.0222,27.97,24.6,67.94,1.42,0.14,3,74,1,1.0,6.123233995736766e-17,0.9562348265919056,0.29260033563334836,5.5733,5.6105,6.0384,6.095014285714285,5.636793333333333
2023-03-16,3.3552,26.38,32.36,94.91,1.69,0.24,3,75,1,1.0,6.123233995736766e-17,0.9611297838723007,0.27609697309746883,5.0222,5.5733,5.815,5.949842857142857,5.59968
2023-03-17,4.7628,25.32,39.82,74.41,1.91,1.89,3,76,1,1.0,6.123233995736766e-17,0.9657399376548549,0.2595117970697999,3.3552,5.0222,6.3893,5.598442857142857,5.514263333333333
2023-03-18,5.0426,22.63,57.95,68.94,1.3,3.16,3,77,1,1.0,6.123233995736766e-17,0.9700639218515071,0.2428497220959356,4.7628,3.3552,6.5491,5.366085714285714,5.4773266666666665
2023-03-19,3.6598,22.32,64.33,95.13,1.06,8.51,3,78,1,1.0,6.123233995736766e-17,0.9741004551724205,0.22611568550828828,5.0426,4.7628,6.6895,5.1508714285714285,5.452836666666667
2023-03-20,5.0546,22.21,61.96,75.41,1.57,5.38,3,79,1,1.0,6.123233995736766e-17,0.9778483415056568,0.20931464596304847,3.6598,5.0426,5.6105,4.718057142857143,5.404493333333334
2023-03-21,5.8181,23.26,57.28,44.48,1.62,1.05,3,80,1,1.0,6.123233995736766e-17,0.9813064702716093,0.19245158197082998,5.0546,3.6598,5.5733,4.638642857142857,5.389756666666667
2023-03-22,5.9359,23.32,57.96,40.5,1.38,2.22,3,81,1,1.0,6.123233995736766e-17,0.9844738167520922,0.1755314904214282,5.8181,5.0546,5.0222,4.673614285714286,5.387493333333334
2023-03-23,5.2939,24.13,51.6,30.76,1.44,0.01,3,82,1,1.0,6.123233995736766e-17,0.9873494423939864,0.15855938510313475,5.9359,5.8181,3.3552,4.804142857142858,5.379316666666666
2023-03-24,5.8152,26.94,46.5,16.51,1.27,0.0,3,83,1,1.0,6.123233995736766e-17,0.989932495087353,0.141540295217043,5.2939,5.9359,4.7628,5.0811,5.35338
2023-03-25,6.4087,27.26,45.89,25.22,1.43,0.0,3,84,1,1.0,6.123233995736766e-17,0.9922222094179323,0.12447926388678915,5.8152,5.2939,5.0426,5.2314428571428575,5.351963333333333
2023-03-26,5.7043,28.15,42.68,29.94,1.08,1.71,3,85,1,1.0,6.123233995736766e-17,0.994217906893952,0.10738134666416309,6.4087,5.8152,3.6598,5.4266,5.37674
2023-03-27,6.7037,25.93,37.76,19.69,1.71,0.0,3,86,1,1.0,6.123233995736766e-17,0.995918996147179,0.09025161003104117,5.7043,6.4087,5.0546,5.718671428571429,5.368516666666666
2023-03-28,6.3703,26.26,41.0,12.46,1.43,0.08,3,87,1,1.0,6.123233995736766e-17,0.9973249731081555,0.07309512989807777,6.7037,5.7043,5.8181,5.954257142857143,5.388716666666666
2023-03-29,6.6101,27.94,35.12,13.61,1.73,0.0,3,88,1,1.0,6.123233995736766e-17,0.9984354211555643,0.055916990100603484,6.3703,6.7037,5.9359,6.033142857142857,5.397203333333334
2023-03-30,5.9498,29.01,30.76,45.62,2.02,0.06,3,89,1,1.0,6.123233995736766e-17,0.9992500112396835,0.03872228089217446,6.6101,6.3703,5.2939,6.1294571428571425,5.418803333333333
2023-03-31,3.9898,26.34,43.13,78.36,2.2,1.7,3,90,1,1.0,6.123233995736766e-17,0.9997685019798909,0.021516097436222254,5.9498,6.6101,5.8152,6.223157142857143,5.431793333333333
2023-04-01,6.3079,26.0,40.24,19.01,2.41,0.0,4,91,1,0.8660254037844387,-0.4999999999999998,0.9999907397361901,0.004303538296244289,3.9898,5.9498,6.4087,5.962385714285714,5.449740000000001
2023-04-02,6.829,26.96,33.94,17.12,1.85,0.0,4,92,1,0.8660254037844387,-0.4999999999999998,0.9999166586547379,-0.01291029607500882,6.3079,3.9898,5.7043,5.947985714285715,5.49002
2023-04-03,6.2652,28.87,27.0,27.36,1.28,0.0,4,93,1,0.8660254037844387,-0.4999999999999998,0.9995462806873573,-0.030120304846908114,6.829,6.3079,6.7037,6.108657142857142,5.516966666666667
2023-04-04,6.4205,28.71,29.12,27.61,2.23,0.0,4,94,1,0.8660254037844387,-0.4999999999999998,0.9988797155850336,-0.04732138832243185,6.2652,6.829,6.3703,6.046014285714286,5.523933333333334
2023-04-05,6.4841,29.39,30.6,24.55,1.43,0.06,4,95,1,0.8660254037844387,-0.4999999999999998,0.9979171608653922,-0.06450844944931623,6.4205,6.2652,6.6101,6.053185714285715,5.579836666666667
2023-04-06,6.6547,28.96,20.94,42.66,1.42,0.0,4,96,1,0.8660254037844387,-0.4999999999999998,0.9966589017541702,-0.08167639533042241,6.4841,6.4205,5.9498,6.035185714285714,5.614766666666666
2023-04-07,6.5038,29.25,24.06,51.69,1.57,0.0,4,97,1,0.8660254037844387,-0.4999999999999998,0.9951053111006976,-0.09882013873287143,6.6547,6.4841,3.9898,6.135885714285714,5.770783333333333
2023-04-08,5.6124,25.34,38.14,72.64,1.23,1.0,4,98,1,0.8660254037844387,-0.4999999999999998,0.9932568492674143,-0.11593459959550041,6.5038,6.6547,6.3079,6.495028571428571,5.786296666666667
2023-04-09,6.2232,28.59,33.1,47.35,1.59,0.0,4,99,1,0.8660254037844387,-0.4999999999999998,0.9911140639934547,-0.1330147065341959,5.6124,6.5038,6.829,6.395671428571427,5.779543333333334
2023-04-10,6.7138,29.81,30.18,38.2,1.36,2.24,4,100,1,0.8660254037844387,-0.4999999999999998,0.9886775902323405,-0.1500553983446526,6.2232,5.6124,6.2652,6.309128571428572,5.774006666666667
2023-04-11,7.4393,30.28,21.35,13.95,1.93,0.01,4,101,1,0.8660254037844387,-0.4999999999999998,0.9859481499638304,-0.16705162550211924,6.7138,6.2232,6.4205,6.373214285714286,5.779496666666668
2023-04-12,7.1995,31.53,20.61,10.61,1.51,0.0,4,102,1,0.8660254037844387,-0.4999999999999998,0.9829265519799822,-0.18399835165768005,7.4393,6.7138,6.4841,6.518757142857142,5.8044899999999995
2023-04-13,6.5263,32.45,22.85,47.95,1.57,0.0,4,103,1,0.8660254037844387,-0.4999999999999998,0.9796136916454901,-0.20089055513063506,7.1995,7.4393,6.6547,6.620957142857143,5.857456666666666
2023-04-14,5.2313,31.27,27.38,84.48,3.53,0.0,4,104,1,0.8660254037844387,-0.4999999999999998,0.9760105506323683,-0.21772323039653177,6.5263,7.1995,6.5038,6.602614285714286,5.889223333333334
2023-04-15,4.8636,30.75,26.98,79.39,2.17,0.01,4,105,1,0.8660254037844387,-0.4999999999999998,0.9721181966290613,-0.23449138957040985,5.2313,6.5263,5.6124,6.420828571428572,5.896193333333334
2023-04-16,6.7637,31.84,22.89,31.91,2.13,0.04,4,106,1,0.8660254037844387,-0.4999999999999998,0.9679377830240642,-0.25119006388481935,4.8636,5.2313,6.2232,6.3138571428571435,5.9464733333333335
2023-04-17,7.0262,32.1,19.3,29.46,2.18,0.0,4,107,1,0.8660254037844387,-0.4999999999999998,0.9634705485641488,-0.2678143051621742,6.7637,4.8636,6.7138,6.391071428571428,6.013170000000001
2023-04-18,7.0618,32.82,16.85,15.67,2.79,0.0,4,108,1,0.8660254037844387,-0.4999999999999998,0.9587178169872964,-0.2843591872810034,7.0262,6.7637,7.4393,6.4357,6.079289999999999
2023-04-19,5.6273,32.67,19.79,60.11,2.98,0.0,4,109,1,0.8660254037844387,-0.4999999999999998,0.9536809966304457,-0.30081980763566735,7.0618,7.0262,7.1995,6.381771428571429,6.19269
2023-04-20,4.5629,30.5,27.1,76.69,2.98,2.6,4,110,1,0.8660254037844387,-0.4999999999999998,0.9483615800121715,-0.3171912885891061,5.6273,7.0618,6.5263,6.157171428571429,6.21178
2023-04-21,6.7824,30.42,27.6,41.52,3.61,0.01,4,111,1,0.8660254037844387,-0.4999999999999998,0.9427611433904207,-0.3334687789181868,4.5629,5.6273,5.2313,5.876685714285714,6.1699399999999995
2023-04-22,4.2242,29.37,29.31,75.39,1.9,1.05,4,112,1,0.8660254037844387,-0.4999999999999998,0.9368813462954315,-0.3496474552512284,6.7824,4.5629,4.8636,6.098271428571429,6.198156666666667
2023-04-23,5.8474,27.98,41.85,32.34,3.45,2.06,4,113,1,0.8660254037844387,-0.4999999999999998,0.9307239310379795,-0.36572252349726897,4.2242,6.7824,6.7637,6.006928571428571,6.1625
2023-04-24,6.564,28.75,40.01,49.87,3.72,0.41,4,114,1,0.8660254037844387,-0.4999999999999998,0.9242907221930933,-0.3816892202666588,5.8474,4.2242,7.0262,5.876028571428571,6.163573333333333
2023-04-25,6.7229,27.86,48.11,41.32,3.02,2.98,4,115,1,0.8660254037844387,-0.4999999999999998,0.9175836260593937,-0.39754281428255595,6.564,5.8474,7.0618,5.81,6.16875
2023-04-26,6.2729,27.0,56.57,61.05,2.38,3.85,4,116,1,0.8660254037844387,-0.4999999999999998,0.9106046300942162,-0.41327860778290415,6.7229,6.564,5.6273,5.761585714285714,6.202703333333333
2023-04-27,6.9569,27.34,53.87,63.04,1.77,0.8,4,117,1,0.8660254037844387,-0.4999999999999998,0.9033558023246845,-0.4288919379124835,6.2729,6.7229,4.5629,5.853814285714286,6.188343333333334
2023-04-28,5.3525,27.19,52.86,86.7,1.76,4.76,4,118,1,0.8660254037844387,-0.4999999999999998,0.895839290734909,-0.44437817810461316,6.9569,6.2729,6.7824,6.1958142857142855,6.207896666666667
2023-04-29,5.7156,25.29,67.18,81.43,1.68,3.16,4,119,1,0.8660254037844387,-0.4999999999999998,0.8880573226294932,-0.45973273945210397,5.3525,6.9569,4.2242,5.991542857142856,6.165976666666666
2023-04-30,3.9031,22.24,79.35,96.94,1.68,32.65,4,120,1,0.8660254037844387,-0.4999999999999998,0.8800122039735357,-0.47495107206704995,5.7156,5.3525,5.8474,6.2046,6.158169999999999
2023-05-01,5.831,24.92,68.64,62.86,2.9,5.23,5,121,1,0.49999999999999994,-0.8660254037844387,0.8717063187093218,-0.4900286664290592,3.9031,5.7156,6.564,5.926842857142858,6.15528
2023-05-02,5.4871,25.81,67.17,50.82,1.74,2.96,5,122,1,0.49999999999999994,-0.8660254037844387,0.8631421280499114,-0.5049610547215204,5.831,3.9031,6.7229,5.822128571428572,6.139383333333333
2023-05-03,3.7906,26.13,61.78,86.86,1.78,7.08,5,123,1,0.49999999999999994,-0.8660254037844387,0.854322169749827,-0.5197438121555155,5.4871,5.831,6.2729,5.645585714285715,6.094653333333333
2023-05-04,5.3328,26.72,60.09,78.08,1.56,4.97,5,124,1,0.49999999999999994,-0.8660254037844387,0.8452490573530633,-0.5343725582809786,3.7906,5.4871,6.9569,5.290971428571429,6.012166666666667
2023-05-05,5.5889,27.74,54.4,67.21,1.29,0.07,5,125,1,0.49999999999999994,-0.8660254037844387,0.8359254794186372,-0.548842958284719,5.3328,3.7906,5.3525,5.058957142857143,5.97591
2023-05-06,6.9286,29.81,46.48,51.92,1.41,0.0,5,126,1,0.49999999999999994,-0.8660254037844387,0.8263541987239096,-0.5631507242749186,5.5889,5.3328,5.7156,5.092728571428571,5.946070000000001
2023-05-07,6.2198,30.38,46.89,64.19,1.81,0.25,5,127,1,0.49999999999999994,-0.8660254037844387,0.8165380514459161,-0.5772916165517272,6.9286,5.5889,3.9031,5.266014285714285,5.9552
2023-05-08,5.8394,31.22,47.38,45.25,1.85,1.27,5,128,1,0.49999999999999994,-0.8660254037844387,0.8064799463209448,-0.5912614448635781,6.2198,6.9286,5.831,5.596971428571429,5.945733333333334
2023-05-09,7.6246,31.71,42.24,8.24,1.79,0.49,5,129,1,0.49999999999999994,-0.8660254037844387,0.7961828637826158,-0.6050560696488488,5.8394,6.2198,5.4871,5.598171428571429,5.9533
2023-05-10,8.1583,30.35,35.38,9.3,1.99,0.04,5,130,1,0.49999999999999994,-0.8660254037844387,0.7856498550787147,-0.6186714032625031,7.6246,5.8394,3.7906,5.903528571428572,6.000013333333333
2023-05-11,7.8842,30.58,28.84,0.51,1.8,0.0,5,131,1,0.49999999999999994,-0.8660254037844387,0.7748840413670407,-0.6321034111873487,8.1583,7.6246,5.3328,6.527485714285715,6.048163333333334
2023-05-12,8.1182,30.66,27.85,0.49,2.12,0.0,5,132,1,0.49999999999999994,-0.8660254037844387,0.7638886127905428,-0.6453481132295501,7.8842,8.1583,5.5889,6.891971428571429,6.062993333333334
2023-05-13,7.4635,30.91,29.56,0.64,2.29,0.0,5,133,1,0.49999999999999994,-0.8660254037844387,0.7526668275320085,-0.6584015846980488,8.1182,7.8842,6.9286,7.253300000000001,6.093616666666667
2023-05-14,7.4522,32.74,28.71,21.31,2.07,0.0,5,134,1,0.49999999999999994,-0.8660254037844387,0.7412220108485958,-0.6712599575675313,7.4635,8.1182,6.2198,7.329714285714286,6.124856666666667
2023-05-15,7.0409,33.38,27.49,38.09,3.44,0.0,5,135,1,0.49999999999999994,-0.8660254037844387,0.7295575540864875,-0.6839194216246106,7.4522,7.4635,5.8394,7.505771428571429,6.1988866666666675
2023-05-16,7.1846,33.61,31.6,33.99,2.94,0.18,5,136,1,0.49999999999999994,-0.8660254037844387,0.717676913675962,-0.6963762255968722,7.0409,7.4522,7.6246,7.677414285714286,6.271463333333333
2023-05-17,7.213,34.76,29.05,44.01,2.52,0.04,5,137,1,0.49999999999999994,-0.8660254037844387,0.705583610107178,-0.7086266782644596,7.1846,7.0409,8.1583,7.6145571428571435,6.285493333333333
2023-05-18,7.1141,34.06,31.82,36.6,2.38,0.13,5,138,1,0.49999999999999994,-0.8660254037844387,0.6932812268869777,-0.7206671495538609,7.213,7.1846,7.8842,7.479514285714286,6.29172
2023-05-19,6.8753,34.28,28.44,26.14,2.78,0.25,5,139,1,0.49999999999999994,-0.8660254037844387,0.6807734094770161,-0.7324940716135789,7.1141,7.213,8.1182,7.3695,6.293463333333333
2023-05-20,7.2552,34.73,26.31,36.93,2.02,0.17,5,140,1,0.49999999999999994,-0.8660254037844387,0.6680638642135335,-0.7441039398713607,6.8753,7.1141,7.4635,7.191942857142856,6.335063333333334
2023-05-21,7.1611,35.61,22.21,36.71,1.77,0.0,5,141,1,0.49999999999999994,-0.8660254037844387,0.6551563572090853,-0.7554933140726803,7.2552,6.8753,7.4522,7.162185714285714,6.424806666666667
2023-05-22,5.2121,35.79,24.37,60.03,2.85,0.0,5,142,1,0.49999999999999994,-0.8660254037844387,0.6420547132365637,-0.766658819300159,7.1611,7.2552,7.0409,7.1206000000000005,6.437430000000001
2023-05-23,7.3109,35.35,25.53,25.32,2.93,0.19,5,143,1,0.49999999999999994,-0.8660254037844387,0.6287628145958344,-0.7775971469736269,5.2121,7.1611,7.1846,6.859342857142858,6.47036
2023-05-24,7.6651,35.03,24.33,10.97,3.82,0.06,5,144,1,0.49999999999999994,-0.8660254037844387,0.6152845999633276,-0.7883050558305255,7.3109,5.2121,7.213,6.877385714285714,6.519143333333334
2023-05-25,7.1304,33.56,27.55,26.63,3.75,0.06,5,145,1,0.49999999999999994,-0.8660254037844387,0.6016240632249226,-0.7987793728863649,7.6651,7.3109,7.1141,6.941971428571429,6.555846666666667
2023-05-26,7.2679,33.0,32.33,29.64,3.42,0.33,5,146,1,0.49999999999999994,-0.8660254037844387,0.5877852522924732,-0.8090169943749473,7.1304,7.6651,6.8753,6.9443,6.56943
2023-05-27,5.3633,32.36,42.22,30.77,2.69,5.73,5,147,1,0.49999999999999994,-0.8660254037844387,0.5737722679043246,-0.8190148866680801,7.2679,7.1304,7.2552,7.000385714285715,6.602596666666667
2023-05-28,5.0599,32.72,45.18,36.37,2.07,0.34,5,148,1,0.49999999999999994,-0.8660254037844387,0.5595892624101765,-0.8287700871745038,5.3633,7.2679,7.1611,6.7301142857142855,6.549476666666666
2023-05-29,7.272,32.38,44.0,35.77,1.33,1.16,5,149,1,0.49999999999999994,-0.8660254037844387,0.545240438540651,-0.8382797052177744,5.0599,5.3633,5.2121,6.429942857142857,6.539723333333333
2023-05-30,7.0656,33.69,37.78,24.74,1.98,0.0,5,150,1,0.49999999999999994,-0.8660254037844387,0.5307300481619334,-0.8475409228928311,7.272,5.0599,7.3109,6.724214285714285,6.591603333333334
2023-05-31,7.5919,33.54,30.73,20.77,2.44,0.01,5,151,1,0.49999999999999994,-0.8660254037844387,0.5160623910158528,-0.8565509959010036,7.0656,7.272,7.6651,6.689171428571428,6.697019999999999
2023-06-01,7.3733,33.33,27.07,47.21,2.36,0.0,6,152,2,1.2246467991473532e-16,-1.0,0.5012418134457758,-0.865307254363206,7.5919,7.0656,7.1304,6.678714285714285,6.755716666666667
2023-06-02,6.9106,33.83,28.09,69.14,2.69,0.06,6,153,2,1.2246467991473532e-16,-1.0,0.48627270710868997,-0.8738071036110808,7.3733,7.5919,7.2679,6.713414285714285,6.81859
2023-06-03,5.9933,34.05,32.06,81.02,1.8,0.4,6,154,2,1.2246467991473532e-16,-1.0,0.4711595076738638,-0.8820480249558537,6.9106,7.3733,5.3633,6.662371428571428,6.92259
2023-06-04,6.8909,34.17,35.29,50.58,1.48,1.44,6,155,2,1.2246467991473532e-16,-1.0,0.4559066935084588,-0.8900275764346767,5.9933,6.9106,5.0599,6.752371428571429,6.944606666666667
2023-06-05,7.2058,34.28,29.8,48.2,2.51,0.0,6,156,2,1.2246467991473532e-16,-1.0,0.440518784350495,-0.8977433935342337,6.8909,5.9933,7.272,7.013942857142857,6.988006666666666
2023-06-06,6.3322,34.14,29.06,72.46,2.02,0.07,6,157,2,1.2246467991473532e-16,-1.0,0.42500033996955416,-0.9051931898913974,7.2058,6.8909,7.0656,7.004485714285714,6.997246666666667
2023-06-07,6.2335,34.89,27.61,69.38,1.68,0.01,6,158,2,1.2246467991473532e-16,-1.0,0.4093559588156213,-0.9123747579707273,6.3322,7.2058,7.5919,6.899714285714286,7.000993333333333
2023-06-08,7.3565,35.29,23.49,59.37,2.24,0.18,6,159,2,1.2246467991473532e-16,-1.0,0.39359027665646673,-0.9192859697186104,6.2335,6.3322,7.3733,6.7056571428571425,7.01413
2023-06-09,6.6936,35.88,26.29,59.98,2.97,0.08,6,160,2,1.2246467991473532e-16,-1.0,0.3777079652039649,-0.9259247771938498,7.3565,6.2335,6.9106,6.703257142857143,7.005193333333334
2023-06-10,6.8242,36.1,25.85,63.05,3.23,0.02,6,161,2,1.2246467991473532e-16,-1.0,0.36171373072976765,-0.9322892131745133,6.6936,7.3565,5.9933,6.672257142857142,6.956370000000001
2023-06-11,7.0822,35.82,28.57,60.77,3.65,1.03,6,162,2,1.2246467991473532e-16,-1.0,0.3456123126707335,-0.9383773917408641,6.8242,6.6936,6.8909,6.790957142857143,6.921036666666667
2023-06-12,6.4128,37.07,26.11,69.72,3.05,0.15,6,163,2,1.2246467991473532e-16,-1.0,0.3294084822245304,-0.9441875088341993,7.0822,6.8242,7.2058,6.818285714285714,6.886503333333334
2023-06-13,5.8154,36.96,32.8,80.13,3.47,0.27,6,164,2,1.2246467991473532e-16,-1.0,0.3131070409358269,-0.9497178427914316,6.4128,7.0822,6.3322,6.705,6.85148
2023-06-14,7.0716,36.15,30.58,69.82,4.6,0.34,6,165,2,1.2246467991473532e-16,-1.0,0.29671281927349075,-0.9549667548552551,5.8154,6.4128,6.2335,6.631171428571428,6.796919999999999
2023-06-15,7.6126,35.06,30.21,53.21,4.44,0.01,6,166,2,1.2246467991473532e-16,-1.0,0.28023067519921585,-0.9599326896597447,7.0716,5.8154,7.3565,6.750900000000001,6.7979433333333334
2023-06-16,7.3634,35.49,30.46,53.3,3.78,0.0,6,167,2,1.2246467991473532e-16,-1.0,0.26366549272800704,-0.9646141756912435,7.6126,7.0716,6.6936,6.787485714285714,6.812209999999999
2023-06-17,7.1323,35.34,34.49,38.76,3.24,0.02,6,168,2,1.2246467991473532e-16,-1.0,0.24702218048093552,-0.9690098257244062,7.3634,7.6126,6.8242,6.883171428571429,6.817223333333334
2023-06-18,6.8383,34.66,36.07,57.3,3.73,0.0,6,169,2,1.2246467991473532e-16,-1.0,0.23030567023061221,-0.9731183372332619,7.1323,7.3634,7.0822,6.927185714285715,6.81783
2023-06-19,6.3732,35.06,36.74,67.66,3.79,0.0,6,170,2,1.2246467991473532e-16,-1.0,0.21352091543979612,-0.9769384927771817,6.8383,7.1323,6.4128,6.892342857142857,6.816596666666666
2023-06-20,5.7058,34.99,39.55,87.01,3.5,0.24,6,171,2,1.2246467991473532e-16,-1.0,0.19667288979357647,-0.980469160361632,6.3732,6.8383,5.8154,6.886685714285714,6.787196666666666
2023-06-21,4.6699,33.33,47.91,97.41,3.31,3.68,6,172,2,1.2246467991473532e-16,-1.0,0.1797665857255624,-0.9837092937736097,5.7058,6.3732,7.0716,6.871028571428572,6.738686666666666
2023-06-22,3.2393,31.18,58.38,97.27,2.86,3.55,6,173,2,1.2246467991473532e-16,-1.0,0.16280701293851715,-0.986657932891657,4.6699,5.7058,7.6126,6.52792857142857,6.7206133333333336
2023-06-23,1.6109,28.3,69.6,95.37,2.97,7.89,6,174,2,1.2246467991473532e-16,-1.0,0.1457991969198751,-0.9893142039703663,3.2393,4.6699,7.3634,5.903171428571428,6.584893333333333
2023-06-24,4.4033,29.79,68.3,87.01,2.39,1.59,6,175,2,1.2246467991473532e-16,-1.0,0.12874817745258132,-0.99167731989929,1.6109,3.2393,7.1323,5.081385714285714,6.383086666666666
2023-06-25,4.7124,28.32,77.65,98.53,2.73,16.04,6,176,2,1.2246467991473532e-16,-1.0,0.11165900712169512,-0.993746580436178,4.4033,1.6109,6.8383,4.691528571428571,6.292183333333332
2023-06-26,1.0994,26.88,86.8,99.33,3.67,74.82,6,177,2,1.2246467991473532e-16,-1.0,0.09453674981719912,-0.9955213724144752,4.7124,4.4033,6.3732,4.387828571428571,6.206999999999999
2023-06-27,3.863,27.1,87.53,95.94,2.98,95.58,6,178,2,1.2246467991473532e-16,-1.0,0.07738647923346301,-0.9970011699250151,1.0994,4.7124,5.7058,3.634428571428572,6.06487
2023-06-28,2.4074,26.62,87.74,98.59,3.76,35.7,6,179,2,1.2246467991473532e-16,-1.0,0.06021327736579302,-0.9981855344718586,3.863,1.0994,4.6699,3.3711714285714285,6.0249733333333335
2023-06-29,2.3326,25.53,89.32,99.51,3.94,39.41,6,180,2,1.2246467991473532e-16,-1.0,0.04302223300453059,-0.99907411510223,2.4074,3.863,3.2393,3.047957142857143,5.862819999999999
2023-06-30,3.9698,26.06,86.62,93.74,3.88,204.38,6,181,2,1.2246467991473532e-16,-1.0,0.02581844022713308,-0.9996666485105112,2.3326,2.4074,1.6109,2.918428571428571,5.705053333333334
2023-07-01,3.6826,26.86,84.42,94.56,3.3,38.51,7,182,2,-0.4999999999999997,-0.8660254037844388,0.008606996888688698,-0.9999629591162655,3.9698,2.3326,4.4033,3.255414285714285,5.584316666666666
2023-07-02,4.2425,27.52,80.88,98.09,2.46,2.61,7,183,2,-0.4999999999999997,-0.8660254037844388,-0.008606996888688009,-0.9999629591162655,3.6826,3.9698,4.7124,3.1524571428571426,5.461293333333333
2023-07-03,5.5858,28.36,77.29,86.71,2.01,0.23,7,184,2,-0.4999999999999997,-0.8660254037844388,-0.02581844022713239,-0.9996666485105112,4.2425,3.6826,1.0994,3.085328571428571,5.372356666666667
2023-07-04,4.9668,28.3,80.26,97.55,1.37,2.42,7,185,2,-0.4999999999999997,-0.8660254037844388,-0.04302223300453034,-0.99907411510223,5.5858,4.2425,3.863,3.7262428571428567,5.358773333333333
2023-07-05,5.6249,28.04,80.58,87.69,1.79,1.18,7,186,2,-0.4999999999999997,-0.8660254037844388,-0.060213277365792774,-0.9981855344718586,4.9668,5.5858,2.4074,3.8839285714285716,5.294636666666666
2023-07-06,5.0081,27.87,79.99,96.08,2.14,12.39,7,187,2,-0.4999999999999997,-0.8660254037844388,-0.07738647923346322,-0.9970011699250151,5.6249,4.9668,2.3326,4.343571428571429,5.24194
2023-07-07,2.9806,26.89,85.29,99.33,1.02,31.03,7,188,2,-0.4999999999999997,-0.8660254037844388,-0.09453674981719933,-0.9955213724144752,5.0081,5.6249,3.9698,4.725785714285714,5.197803333333334
2023-07-08,4.3985,27.02,86.86,93.52,2.37,34.47,7,189,2,-0.4999999999999997,-0.8660254037844388,-0.11165900712169444,-0.9937465804361781,2.9806,5.0081,3.6826,4.584471428571429,5.089373333333333
2023-07-09,2.1617,26.89,85.28,95.78,2.93,17.4,7,190,2,-0.4999999999999997,-0.8660254037844388,-0.12874817745258066,-0.99167731989929,4.3985,2.9806,4.2425,4.686742857142858,4.990773333333333
2023-07-10,4.3145,27.0,84.91,92.59,3.34,11.92,7,191,2,-0.4999999999999997,-0.8660254037844388,-0.14579919691987442,-0.9893142039703664,2.1617,4.3985,5.5858,4.389485714285715,4.839709999999999
2023-07-11,4.2754,27.39,84.87,95.63,2.24,11.26,7,192,2,-0.4999999999999997,-0.8660254037844388,-0.16280701293851646,-0.9866579328916572,4.3145,2.1617,4.9668,4.207871428571429,4.756053333333333
2023-07-12,4.698,27.64,84.29,83.68,2.13,0.84,7,193,2,-0.4999999999999997,-0.8660254037844388,-0.17976658572556214,-0.9837092937736098,4.2754,4.3145,5.6249,4.109100000000001,4.662493333333333
2023-07-13,5.2471,27.43,83.38,82.28,1.36,0.37,7,194,2,-0.4999999999999997,-0.8660254037844388,-0.19667288979357622,-0.9804691603616321,4.698,4.2754,5.0081,3.976685714285715,4.605333333333333
2023-07-14,4.6176,26.75,89.8,81.99,2.51,5.38,7,195,2,-0.4999999999999997,-0.8660254037844388,-0.2135209154397959,-0.9769384927771817,5.2471,4.698,2.9806,4.010828571428571,4.58639
2023-07-15,1.3853,25.62,91.78,99.26,2.51,22.7,7,196,2,-0.4999999999999997,-0.8660254037844388,-0.23030567023061196,-0.973118337233262,4.6176,5.2471,4.3985,4.244685714285715,4.504589999999999
2023-07-16,3.4018,25.52,89.88,95.13,2.78,25.49,7,197,2,-0.4999999999999997,-0.8660254037844388,-0.24702218048093527,-0.9690098257244063,1.3853,4.6176,2.1617,3.814228571428572,4.297013333333333
2023-07-17,3.6667,25.97,90.89,95.49,2.7,32.29,7,198,2,-0.4999999999999997,-0.8660254037844388,-0.2636654927280072,-0.9646141756912435,3.4018,1.3853,4.3145,3.991385714285714,4.16496
2023-07-18,4.6099,27.15,87.0,90.84,2.16,13.47,7,199,2,-0.4999999999999997,-0.8660254037844388,-0.2802306751992161,-0.9599326896597445,3.6667,3.4018,4.2754,3.8988428571428573,4.04944
2023-07-19,5.6191,28.06,85.2,82.0,1.74,8.81,7,200,2,-0.4999999999999997,-0.8660254037844388,-0.2967128192734901,-0.9549667548552553,4.6099,3.6667,4.698,3.9466285714285716,3.9751600000000002
2023-07-20,6.125,28.82,81.69,67.31,1.57,8.85,7,201,2,-0.4999999999999997,-0.8660254037844388,-0.3131070409358267,-0.9497178427914317,5.6191,4.6099,5.2471,4.078214285714286,3.950023333333333
2023-07-21,6.2539,28.27,84.07,69.15,1.88,13.56,7,202,2,-0.4999999999999997,-0.8660254037844388,-0.3294084822245302,-0.9441875088341994,6.125,5.6191,4.6176,4.203628571428571,3.9639966666666666
2023-07-22,4.5737,27.52,86.36,93.35,2.57,14.13,7,203,2,-0.4999999999999997,-0.8660254037844388,-0.3456123126707333,-0.9383773917408642,6.2539,6.125,1.3853,4.437385714285715,4.016796666666667
2023-07-23,5.2946,27.3,86.29,78.84,3.11,7.97,7,204,2,-0.4999999999999997,-0.8660254037844388,-0.3617137307297674,-0.9322892131745134,4.5737,6.2539,3.4018,4.892871428571428,4.061276666666667
2023-07-24,6.121,27.42,86.96,66.09,3.38,7.14,7,205,2,-0.4999999999999997,-0.8660254037844388,-0.37770796520396466,-0.9259247771938499,5.2946,4.5737,3.6667,5.163271428571428,4.184066666666666
2023-07-25,6.3612,28.41,80.4,77.16,1.09,1.08,7,206,2,-0.4999999999999997,-0.8660254037844388,-0.39359027665646645,-0.9192859697186105,6.121,5.2946,4.6099,5.513885714285714,4.241323333333333
2023-07-26,6.4841,28.46,82.27,75.08,1.73,0.84,7,207,2,-0.4999999999999997,-0.8660254037844388,-0.4093559588156211,-0.9123747579707274,6.3612,6.121,5.6191,5.7640714285714285,4.296283333333333
2023-07-27,6.0082,28.36,82.71,68.11,2.07,1.01,7,208,2,-0.4999999999999997,-0.8660254037844388,-0.42500033996955394,-0.9051931898913975,6.4841,6.3612,6.125,5.887642857142857,4.475773333333334
2023-07-28,4.7578,27.7,88.4,92.51,2.2,6.29,7,209,2,-0.4999999999999997,-0.8660254037844388,-0.4405187843504952,-0.8977433935342336,6.0082,6.4841,6.2539,5.870957142857143,4.547280000000001
2023-07-29,3.7615,26.3,91.83,97.42,3.02,6.82,7,210,2,-0.4999999999999997,-0.8660254037844388,-0.455906693508459,-0.8900275764346766,4.7578,6.0082,4.5737,5.657228571428571,4.625626666666666
2023-07-30,3.9298,26.42,86.65,96.49,3.05,0.57,7,211,2,-0.4999999999999997,-0.8660254037844388,-0.47115950767386394,-0.8820480249558535,3.7615,4.7578,5.2946,5.541199999999999,4.673256666666666
2023-07-31,3.9821,26.14,90.56,91.38,3.14,6.4,7,212,2,-0.4999999999999997,-0.8660254037844388,-0.4862727071086902,-0.8738071036110807,3.9298,3.7615,6.121,5.34622857142857,4.671923333333334
2023-08-01,4.4604,26.33,91.53,97.34,3.03,50.71,8,213,2,-0.8660254037844384,-0.5000000000000004,-0.5012418134457756,-0.8653072543632061,3.9821,3.9298,6.3612,5.040671428571429,4.681906666666666
2023-08-02,1.2482,25.63,92.09,99.31,4.02,47.41,8,214,2,-0.8660254037844384,-0.5000000000000004,-0.5160623910158526,-0.8565509959010037,4.4604,3.9821,6.4841,4.769128571428571,4.68917
2023-08-03,1.1328,24.57,94.46,99.71,6.57,99.85,8,215,2,-0.8660254037844384,-0.5000000000000004,-0.5307300481619331,-0.8475409228928312,1.2482,4.4604,6.0082,4.021142857142857,4.544583333333334
2023-08-04,1.4429,24.8,92.63,99.28,4.95,29.18,8,216,2,-0.8660254037844384,-0.5000000000000004,-0.5452404385406507,-0.8382797052177745,1.1328,1.2482,4.7578,3.3246571428571428,4.416783333333333
2023-08-05,1.8461,24.56,93.08,99.61,4.13,5.59,8,217,2,-0.8660254037844384,-0.5000000000000004,-0.5595892624101763,-0.828770087174504,1.4429,1.1328,3.7615,2.8511,4.277383333333333
2023-08-06,1.9303,24.66,92.8,99.32,3.72,7.62,8,218,2,-0.8660254037844384,-0.5000000000000004,-0.5737722679043243,-0.8190148866680802,1.8461,1.4429,3.9298,2.5774714285714286,4.171983333333333
2023-08-07,3.2856,25.18,89.24,99.37,3.6,2.97,8,219,2,-0.8660254037844384,-0.5000000000000004,-0.5877852522924734,-0.8090169943749472,1.9303,1.8461,3.9821,2.2918285714285713,4.136973333333334
2023-08-08,3.8729,24.64,89.45,94.71,3.55,0.0,8,220,2,-0.8660254037844384,-0.5000000000000004,-0.6016240632249227,-0.7987793728863648,3.2856,1.9303,4.4604,2.1923285714285714,4.099876666666667
2023-08-09,3.7992,25.32,87.73,99.27,2.86,0.0,8,221,2,-0.8660254037844384,-0.5000000000000004,-0.6152845999633277,-0.7883050558305253,3.8729,3.2856,1.2482,2.1084,4.156916666666667
2023-08-10,5.2992,25.95,86.52,83.91,2.69,0.0,8,222,2,-0.8660254037844384,-0.5000000000000004,-0.6287628145958345,-0.7775971469736268,3.7992,3.8729,1.1328,2.4728285714285714,4.13974
2023-08-11,5.8884,26.04,86.15,75.57,2.53,0.04,8,223,2,-0.8660254037844384,-0.5000000000000004,-0.6420547132365636,-0.7666588193001592,5.2992,3.7992,1.4429,3.068028571428571,4.173866666666667
2023-08-12,5.843,25.94,87.06,81.77,2.88,0.04,8,224,2,-0.8660254037844384,-0.5000000000000004,-0.655156357209085,-0.7554933140726804,5.8884,5.2992,1.8461,3.7030999999999996,4.213546666666667
2023-08-13,3.6156,26.0,86.69,98.33,2.61,4.92,8,225,2,-0.8660254037844384,-0.5000000000000004,-0.6680638642135333,-0.7441039398713608,5.843,5.8884,1.9303,4.274085714285714,4.23341
2023-08-14,4.6195,25.11,86.45,89.71,1.9,0.3,8,226,2,-0.8660254037844384,-0.5000000000000004,-0.6807734094770159,-0.7324940716135792,3.6156,5.843,3.2856,4.514842857142857,4.20001
2023-08-15,5.7955,25.58,85.31,74.18,1.98,0.97,8,227,2,-0.8660254037844384,-0.5000000000000004,-0.6932812268869771,-0.7206671495538615,4.6195,3.6156,3.8729,4.7054,4.307816666666667
2023-08-16,5.6566,25.57,86.85,74.09,2.07,3.88,8,228,2,-0.8660254037844384,-0.5000000000000004,-0.7055836101071774,-0.70862667826446,5.7955,4.6195,3.7992,4.9800571428571425,4.387606666666667
2023-08-17,3.8878,25.93,89.49,98.5,2.34,20.34,8,229,2,-0.8660254037844384,-0.5000000000000004,-0.7176769136759615,-0.6963762255968726,5.6566,5.7955,5.2992,5.245399999999999,4.453936666666666
2023-08-18,2.2651,25.28,93.53,97.78,2.71,54.53,8,230,2,-0.8660254037844384,-0.5000000000000004,-0.7295575540864876,-0.6839194216246104,3.8878,5.6566,5.8884,5.0437714285714295,4.429866666666666
2023-08-19,3.0026,26.96,88.53,89.12,2.56,34.81,8,231,2,-0.8660254037844384,-0.5000000000000004,-0.7412220108485957,-0.6712599575675315,2.2651,3.8878,5.843,4.5261571428571425,4.318066666666667
2023-08-20,4.9937,27.18,87.13,64.16,1.83,6.46,8,232,2,-0.8660254037844384,-0.5000000000000004,-0.7526668275320083,-0.6584015846980489,3.0026,2.2651,3.6156,4.120385714285715,4.213986666666667
2023-08-21,4.7244,27.52,83.87,89.83,0.82,4.26,8,233,2,-0.8660254037844384,-0.5000000000000004,-0.7638886127905429,-0.64534811322955,4.9937,3.0026,4.6195,4.317257142857143,4.17198
2023-08-22,3.3674,26.67,87.93,99.28,2.12,3.69,8,234,2,-0.8660254037844384,-0.5000000000000004,-0.7748840413670406,-0.6321034111873488,4.7244,4.9937,5.7955,4.332242857142857,4.177003333333333
2023-08-23,2.7646,24.89,92.38,99.37,2.78,1.04,8,235,2,-0.8660254037844384,-0.5000000000000004,-0.7856498550787144,-0.6186714032625032,3.3674,4.7244,5.6566,3.985371428571429,4.1127633333333335
2023-08-24,2.4377,24.83,90.05,98.54,2.89,0.48,8,236,2,-0.8660254037844384,-0.5000000000000004,-0.7961828637826154,-0.6050560696488494,2.7646,3.3674,3.8878,3.5722285714285715,4.000883333333333
2023-08-25,2.9609,25.21,86.76,96.98,2.9,0.07,8,237,2,-0.8660254037844384,-0.5000000000000004,-0.8064799463209447,-0.5912614448635782,2.4377,2.7646,2.2651,3.365071428571429,3.8701
2023-08-26,5.0892,25.62,86.34,73.55,2.55,0.0,8,238,2,-0.8660254037844384,-0.5000000000000004,-0.8165380514459157,-0.5772916165517278,2.9609,2.4377,3.0026,3.4644714285714286,3.75266
2023-08-27,5.2927,25.45,86.41,74.0,2.74,0.0,8,239,2,-0.8660254037844384,-0.5000000000000004,-0.8263541987239094,-0.5631507242749187,5.0892,2.9609,4.9937,3.7625571428571427,3.7220266666666664
2023-08-28,4.8914,24.71,86.27,82.01,2.76,0.11,8,240,2,-0.8660254037844384,-0.5000000000000004,-0.8359254794186365,-0.5488429582847199,5.2927,5.0892,4.7244,3.805271428571428,3.739856666666667
2023-08-29,5.4751,25.09,83.51,72.85,1.89,0.11,8,241,2,-0.8660254037844384,-0.5000000000000004,-0.8452490573530634,-0.5343725582809785,4.8914,5.2927,3.3674,3.8291285714285714,3.77752
2023-08-30,6.462,25.76,81.77,58.28,1.7,0.02,8,242,2,-0.8660254037844384,-0.5000000000000004,-0.8543221697498269,-0.5197438121555157,5.4751,4.8914,2.7646,4.130228571428572,3.8290300000000004
2023-08-31,6.3005,25.99,80.93,60.88,1.09,0.55,8,243,2,-0.8660254037844384,-0.5000000000000004,-0.8631421280499115,-0.5049610547215202,6.462,5.4751,2.4377,4.658428571428571,3.911693333333333
2023-09-01,6.2726,26.46,83.01,28.26,1.42,0.07,9,244,2,-1.0,-1.8369701987210297e-16,-0.8717063187093217,-0.4900286664290594,6.3005,6.462,2.9609,5.210257142857143,3.97303
2023-09-02,5.9527,27.17,82.35,24.21,1.42,0.0,9,245,2,-1.0,-1.8369701987210297e-16,-0.8800122039735356,-0.4749510720670502,6.2726,6.3005,5.0892,5.683357142857142,4.14051
2023-09-03,6.2282,27.09,84.13,56.17,1.39,0.4,9,246,2,-1.0,-1.8369701987210297e-16,-0.888057322629493,-0.4597327394521046,5.9527,6.2726,5.2927,5.8067142857142855,4.301173333333334
2023-09-04,6.2306,26.41,82.48,59.36,1.61,0.04,9,247,2,-1.0,-1.8369701987210297e-16,-0.8958392907349089,-0.4443781781046134,6.2282,5.9527,4.8914,5.940357142857144,4.460683333333333
2023-09-05,3.967,26.15,86.13,88.59,1.83,18.37,9,248,2,-1.0,-1.8369701987210297e-16,-0.9033558023246842,-0.4288919379124841,6.2306,6.2282,5.4751,6.131671428571429,4.6068333333333324
2023-09-06,3.3293,26.26,88.38,96.86,1.88,13.4,9,249,2,-1.0,-1.8369701987210297e-16,-0.9106046300942162,-0.41327860778290443,3.967,6.2306,6.462,5.916228571428571,4.674723333333334
2023-09-07,2.9172,26.53,88.29,98.32,1.52,19.54,9,250,2,-1.0,-1.8369701987210297e-16,-0.9175836260593934,-0.3975428142825566,3.3293,3.967,6.3005,5.468699999999999,4.6761800000000004
2023-09-08,3.8678,26.36,87.29,97.34,1.11,31.35,9,251,2,-1.0,-1.8369701987210297e-16,-0.9242907221930934,-0.3816892202666586,2.9172,3.3293,6.2726,4.985371428571428,4.644323333333333
2023-09-09,3.3931,26.39,86.69,97.77,1.23,13.88,9,252,2,-1.0,-1.8369701987210297e-16,-0.9307239310379793,-0.3657225234972692,3.8678,2.9172,5.9527,4.641828571428571,4.64661
2023-09-10,2.4072,26.31,90.4,99.26,1.81,11.47,9,253,2,-1.0,-1.8369701987210297e-16,-0.9368813462954315,-0.34964745525122826,3.3931,3.8678,6.2282,4.276171428571429,4.583073333333333
2023-09-11,2.0467,25.02,92.52,98.91,3.02,3.15,9,254,2,-1.0,-1.8369701987210297e-16,-0.9427611433904206,-0.33346877891818705,2.4072,3.3931,6.2306,3.7303142857142855,4.467033333333333
2023-09-12,3.7447,25.4,90.39,92.07,2.78,9.33,9,255,2,-1.0,-1.8369701987210297e-16,-0.9483615800121716,-0.31719128858910595,2.0467,2.4072,3.967,3.132614285714286,4.34049
2023-09-13,3.2434,24.66,92.46,93.48,2.14,12.09,9,256,2,-1.0,-1.8369701987210297e-16,-0.9536809966304455,-0.300819807635668,3.7447,2.0467,3.3293,3.100857142857143,4.3447933333333335
2023-09-14,3.5815,26.01,90.87,95.87,1.84,25.63,9,257,2,-1.0,-1.8369701987210297e-16,-0.9587178169872964,-0.2843591872810036,3.2434,3.7447,2.9172,3.0885857142857143,4.298923333333334
2023-09-15,1.692,25.71,93.54,98.83,2.71,46.33,9,258,2,-1.0,-1.8369701987210297e-16,-0.9634705485641486,-0.26781430516217486,3.5815,3.2434,3.8678,3.183485714285714,4.225123333333333
2023-09-16,3.4452,25.49,89.81,73.02,4.12,2.81,9,259,2,-1.0,-1.8369701987210297e-16,-0.9679377830240642,-0.25119006388481957,1.692,3.5815,3.3931,2.872657142857143,4.09297
2023-09-17,4.9193,25.05,86.64,76.6,2.85,0.21,9,260,2,-1.0,-1.8369701987210297e-16,-0.9721181966290612,-0.23449138957041052,3.4452,1.692,2.4072,2.8800999999999997,4.078216666666667
2023-09-18,5.9436,25.96,81.13,56.93,1.11,0.55,9,261,2,-1.0,-1.8369701987210297e-16,-0.9760105506323682,-0.21772323039653224,4.9193,3.4452,2.0467,3.238971428571429,4.16669
2023-09-19,5.2327,26.94,78.57,74.69,0.66,0.2,9,262,2,-1.0,-1.8369701987210297e-16,-0.9796136916454901,-0.20089055513063528,5.9436,4.9193,3.7447,3.795671428571428,4.264723333333333
2023-09-20,3.2422,25.57,89.71,96.57,1.3,2.7,9,263,2,-1.0,-1.8369701987210297e-16,-0.9829265519799822,-0.18399835165767986,5.2327,5.9436,3.2434,4.008242857142857,4.27269
2023-09-21,4.7033,26.2,88.22,92.47,1.4,10.25,9,264,2,-1.0,-1.8369701987210297e-16,-0.9859481499638303,-0.1670516255021195,3.2422,5.2327,3.5815,4.008071428571428,4.223283333333334
2023-09-22,4.349,26.61,85.7,92.87,1.05,8.63,9,265,2,-1.0,-1.8369701987210297e-16,-0.9886775902323404,-0.15005539834465262,4.7033,3.2422,1.692,4.168328571428572,4.267813333333334
2023-09-23,4.5578,26.06,89.09,77.72,1.3,6.26,9,266,2,-1.0,-1.8369701987210297e-16,-0.9911140639934546,-0.13301470653419636,4.349,4.7033,3.4452,4.5479,4.320626666666667
2023-09-24,4.7376,25.75,88.48,64.16,1.65,0.47,9,267,2,-1.0,-1.8369701987210297e-16,-0.9932568492674143,-0.11593459959550066,4.5578,4.349,4.9193,4.706842857142858,4.391296666666666
2023-09-25,5.3153,25.6,85.42,47.4,1.34,0.01,9,268,2,-1.0,-1.8369701987210297e-16,-0.9951053111006974,-0.09882013873287211,4.7376,4.5578,5.9436,4.680885714285715,4.45052
2023-09-26,5.6218,25.93,81.35,17.9,1.03,0.0,9,269,2,-1.0,-1.8369701987210297e-16,-0.99665890175417,-0.08167639533042288,5.3153,4.7376,5.2327,4.5911285714285714,4.458056666666666
2023-09-27,5.791,25.9,85.37,30.71,1.16,0.0,9,270,2,-1.0,-1.8369701987210297e-16,-0.9979171608653922,-0.06450844944931625,5.6218,5.3153,3.2422,4.646714285714286,4.469026666666666
2023-09-28,5.1499,25.78,84.83,61.25,1.28,0.36,9,271,2,-1.0,-1.8369701987210297e-16,-0.9988797155850335,-0.04732138832243232,5.791,5.6218,4.7033,5.010828571428571,4.499013333333333
2023-09-29,5.2111,25.77,83.97,72.06,1.05,1.81,9,272,2,-1.0,-1.8369701987210297e-16,-0.9995462806873573,-0.03012030484690836,5.1499,5.791,4.349,5.074628571428572,4.488173333333333
2023-09-30,4.9457,24.49,82.89,72.82,1.25,0.52,9,273,2,-1.0,-1.8369701987210297e-16,-0.9999166586547379,-0.012910296075008843,5.2111,5.1499,4.5578,5.197785714285714,4.446476666666667
2023-10-01,4.9579,24.48,80.12,79.08,1.16,1.6,10,274,3,-0.8660254037844386,0.5000000000000001,-0.9999907397361901,0.004303538296243821,4.9457,5.2111,4.7376,5.2532,4.401316666666667
2023-10-02,3.977,25.36,89.25,76.72,2.35,3.37,10,275,3,-0.8660254037844386,0.5000000000000001,-0.9997685019798909,0.021516097436222233,4.9579,4.9457,5.3153,5.2846714285714285,4.357493333333333
2023-10-03,5.3753,24.34,83.68,46.16,2.63,0.42,10,276,3,-0.8660254037844386,0.5000000000000001,-0.9992500112396835,0.03872228089217399,3.977,4.9579,5.6218,5.093485714285714,4.291636666666666
2023-10-04,6.1733,22.82,74.68,13.48,1.87,0.0,10,277,3,-0.8660254037844386,0.5000000000000001,-0.9984354211555643,0.05591699010060302,5.3753,3.977,5.791,5.0582714285714285,4.263206666666666
2023-10-05,6.299,22.56,75.16,3.03,1.84,0.0,10,278,3,-0.8660254037844386,0.5000000000000001,-0.9973249731081555,0.07309512989807776,6.1733,5.3753,5.1499,5.1128857142857145,4.261296666666667
2023-10-06,6.3067,23.34,71.57,1.34,1.18,0.0,10,279,3,-0.8660254037844386,0.5000000000000001,-0.9959189961471792,0.0902516100310407,6.299,6.1733,5.2111,5.277042857142858,4.33903
2023-10-07,6.0204,24.19,77.79,4.97,1.3,0.0,10,280,3,-0.8660254037844386,0.5000000000000001,-0.994217906893952,0.10738134666416306,6.3067,6.299,4.9457,5.4335571428571425,4.438276666666667
2023-10-08,5.9863,24.46,82.06,1.67,1.62,0.0,10,281,3,-0.8660254037844386,0.5000000000000001,-0.9922222094179324,0.12447926388678869,6.0204,6.3067,4.9579,5.587085714285714,4.541716666666667
2023-10-09,6.0072,24.17,82.25,0.48,1.89,0.0,10,282,3,-0.8660254037844386,0.5000000000000001,-0.989932495087353,0.141540295217043,5.9863,6.0204,3.977,5.734000000000001,4.612333333333334
2023-10-10,6.0324,24.34,80.96,2.38,1.5,0.0,10,283,3,-0.8660254037844386,0.5000000000000001,-0.9873494423939864,0.15855938510313475,6.0072,5.9863,5.3753,6.0240285714285715,4.699470000000001
2023-10-11,5.5793,24.62,78.07,11.42,1.41,0.0,10,284,3,-0.8660254037844386,0.5000000000000001,-0.9844738167520923,0.17553149042142777,6.0324,6.0072,6.1733,6.117900000000001,4.820310000000001
2023-10-12,5.2848,25.13,75.07,35.61,1.13,0.0,10,285,3,-0.8660254037844386,0.5000000000000001,-0.9813064702716093,0.19245158197082995,5.5793,6.0324,6.299,6.033042857142857,4.938063333333333
2023-10-13,5.5483,24.93,70.18,22.97,1.03,0.0,10,286,3,-0.8660254037844386,0.5000000000000001,-0.9778483415056567,0.20931464596304888,5.2848,5.5793,6.3067,5.8881571428571435,4.989400000000001
2023-10-14,5.2999,24.48,69.32,14.12,1.0,0.0,10,287,3,-0.8660254037844386,0.5000000000000001,-0.9741004551724206,0.22611568550828803,5.5483,5.2848,6.0204,5.779814285714286,5.06623
2023-10-15,4.3207,23.87,74.66,47.03,1.25,0.01,10,288,3,-0.8660254037844386,0.5000000000000001,-0.970063921851507,0.2428497220959358,5.2999,5.5483,5.9863,5.6768857142857145,5.12351
2023-10-16,4.4004,24.03,77.75,30.08,1.5,0.07,10,289,3,-0.8660254037844386,0.5000000000000001,-0.965739937654855,0.25951179706979943,4.3207,5.2999,6.0072,5.438942857142857,5.211133333333334
2023-10-17,4.5547,23.4,80.81,33.76,1.23,0.21,10,290,3,-0.8660254037844386,0.5000000000000001,-0.9611297838723007,0.27609697309746883,4.4004,4.3207,6.0324,5.2094000000000005,5.242973333333334
2023-10-18,4.716,23.04,78.95,20.29,1.11,0.0,10,291,3,-0.8660254037844386,0.5000000000000001,-0.9562348265919058,0.2926003356333479,4.5547,4.4004,5.5793,4.9983,5.23082
2023-10-19,4.937,22.43,78.94,13.65,1.25,0.04,10,292,3,-0.8660254037844386,0.5000000000000001,-0.9510565162951536,0.30901699437494723,4.716,4.5547,5.2848,4.8749714285714285,5.1899
2023-10-20,5.6347,21.58,73.75,1.57,1.21,0.0,10,293,3,-0.8660254037844386,0.5000000000000001,-0.9455963874271428,0.3253420847119795,4.937,4.716,5.5483,4.825285714285714,5.180043333333333
2023-10-21,5.3122,21.16,69.58,6.96,1.26,0.0,10,294,3,-0.8660254037844386,0.5000000000000001,-0.9398560579418953,0.341570769167856,5.6347,4.937,5.2999,4.837628571428572,5.2597933333333335
2023-10-22,5.2723,20.58,72.39,4.59,1.45,0.0,10,295,3,-0.8660254037844386,0.5000000000000001,-0.9338372288229252,0.35769823883312546,5.3122,5.6347,4.3207,4.839385714285714,5.28009
2023-10-23,5.2951,20.28,67.85,7.22,1.42,0.0,10,296,3,-0.8660254037844386,0.5000000000000001,-0.9275416835791965,0.3737197147904692,5.2723,5.3122,4.4004,4.975328571428571,5.310866666666667
2023-10-24,5.1346,20.28,67.59,6.55,1.3,0.0,10,297,3,-0.8660254037844386,0.5000000000000001,-0.9209712877166347,0.38963044953078774,5.2951,5.2723,4.5547,5.103142857142857,5.335443333333333
2023-10-25,5.0306,20.74,67.61,5.68,1.29,0.0,10,298,3,-0.8660254037844386,0.5000000000000001,-0.9141279881853337,0.4054257283599973,5.1346,5.2951,4.716,5.185985714285715,5.348676666666666
2023-10-26,5.1622,20.8,62.05,0.49,1.29,0.0,10,299,3,-0.8660254037844386,0.5000000000000001,-0.9070138128026362,0.42110087079608916,5.0306,5.1346,4.937,5.230928571428572,5.3391866666666665
2023-10-27,5.269,20.2,63.42,0.73,1.0,0.0,10,300,3,-0.8660254037844386,0.5000000000000001,-0.8996308696522434,0.4366512319560638,5.1622,5.0306,5.6347,5.2631,5.3238666666666665
2023-10-28,5.2402,19.58,69.9,3.66,1.18,0.0,10,301,3,-0.8660254037844386,0.5000000000000001,-0.8919813464595487,0.45207220393230374,5.269,5.1622,5.3122,5.210857142857143,5.306466666666667
2023-10-29,5.0299,19.31,73.83,0.28,1.26,0.0,10,302,3,-0.8660254037844386,0.5000000000000001,-0.8840675099433637,0.46735921715800205,5.2402,5.269,5.2723,5.200571428571428,5.309476666666667
2023-10-30,4.7359,19.15,78.6,32.73,1.29,0.0,10,303,3,-0.8660254037844386,0.5000000000000001,-0.8758917051442433,0.48250774176121763,5.0299,5.2402,5.2951,5.165942857142857,5.303436666666666
2023-10-31,4.8211,20.41,78.51,47.82,1.37,0.0,10,304,3,-0.8660254037844386,0.5000000000000001,-0.8674563547295971,0.4975132889071803,4.7359,5.0299,5.1346,5.086057142857143,5.296443333333333
2023-11-01,4.8245,20.86,79.82,19.3,1.32,0.0,11,305,3,-0.5000000000000004,0.8660254037844384,-0.858763958275803,0.5123714121284235,4.8211,4.7359,5.0306,5.041271428571428,5.291883333333334
2023-11-02,4.6073,20.91,76.57,9.2,0.97,0.0,11,306,3,-0.5000000000000004,0.8660254037844384,-0.8498170915275277,0.5270777086423724,4.8245,4.8211,5.1622,5.0118285714285715,5.320133333333334
2023-11-03,4.7062,21.23,73.94,4.78,1.04,0.0,11,307,3,-0.5000000000000004,0.8660254037844384,-0.8406184056344783,0.5416278206559811,4.6073,4.8245,5.269,4.932557142857143,5.294533333333333
2023-11-04,4.3954,20.76,70.6,2.73,1.53,0.0,11,308,3,-0.5000000000000004,0.8660254037844384,-0.8311706263658079,0.5560174366570446,4.7062,4.6073,5.2402,4.852157142857143,5.245630000000001
2023-11-05,4.4028,20.62,62.27,0.37,1.45,0.0,11,309,3,-0.5000000000000004,0.8660254037844384,-0.8214765533024145,0.5702422926917867,4.3954,4.7062,5.0299,4.731471428571429,5.182176666666667
2023-11-06,4.0582,21.42,57.74,25.37,1.06,0.0,11,310,3,-0.5000000000000004,0.8660254037844384,-0.8115390590073611,0.5842981736283683,4.4028,4.3954,4.7359,4.641885714285714,5.118713333333333
2023-11-07,4.1234,21.02,62.11,12.6,1.23,0.0,11,311,3,-0.5000000000000004,0.8660254037844384,-0.801361088174677,0.5981809144059159,4.0582,4.4028,4.8211,4.545071428571428,5.053306666666667
2023-11-08,4.4227,21.29,61.24,8.87,0.98,0.0,11,312,3,-0.5000000000000004,0.8660254037844384,-0.7909456567567774,0.6118864012687242,4.1234,4.0582,4.8245,4.4454,4.99121
2023-11-09,4.2626,21.51,62.13,14.69,1.2,0.0,11,313,3,-0.5000000000000004,0.8660254037844384,-0.780295851070776,0.6254105729852457,4.4227,4.1234,4.6073,4.388,4.938393333333333
2023-11-10,4.1587,21.47,66.44,1.85,1.13,0.0,11,314,3,-0.5000000000000004,0.8660254037844384,-0.7694148268839381,0.6387494220515268,4.2626,4.4227,4.7062,4.338757142857143,4.8794
2023-11-11,3.9362,22.21,66.52,9.17,1.34,0.0,11,315,3,-0.5000000000000004,0.8660254037844384,-0.7583058084785625,0.6518989958787125,4.1587,4.2626,4.3954,4.260542857142857,4.832046666666667
2023-11-12,4.3241,20.37,69.8,8.97,1.25,0.0,11,316,3,-0.5000000000000004,0.8660254037844384,-0.7469720876965551,0.6648553979642866,3.9362,4.1587,4.4028,4.194942857142857,4.787093333333333
2023-11-13,4.0802,19.65,72.34,25.58,1.13,0.0,11,317,3,-0.5000000000000004,0.8660254037844384,-0.7354170229639858,0.6776147890466887,4.3241,3.9362,4.0582,4.1837,4.746286666666666
2023-11-14,4.441,19.96,76.01,16.99,0.98,0.0,11,318,3,-0.5000000000000004,0.8660254037844384,-0.7236440382959124,0.690173388242972,4.0802,4.3241,4.1234,4.1868428571428575,4.70563
2023-11-15,4.2007,19.49,74.53,3.72,1.1,0.0,11,319,3,-0.5000000000000004,0.8660254037844384,-0.711656622281775,0.7025274741691566,4.441,4.0802,4.4227,4.232214285714286,4.709640000000001
2023-11-16,4.0454,18.61,72.6,0.7,1.58,0.0,11,320,3,-0.5000000000000004,0.8660254037844384,-0.6994583270516471,0.7146733860429608,4.2007,4.441,4.2626,4.2005,4.702983333333333
2023-11-17,4.0442,18.44,70.69,0.43,1.39,0.0,11,321,3,-0.5000000000000004,0.8660254037844384,-0.6870527672236675,0.7266075247685652,4.0454,4.2007,4.1587,4.169471428571429,4.686006666666667
2023-11-18,4.1628,20.26,76.81,3.65,1.08,0.0,11,322,3,-0.5000000000000004,0.8660254037844384,-0.6744436188329457,0.7383263540031063,4.0442,4.0454,3.9362,4.1531142857142855,4.663613333333332
2023-11-19,3.9751,20.74,77.0,14.72,1.38,0.0,11,323,3,-0.5000000000000004,0.8660254037844384,-0.661634618242279,0.749826401204568,4.1628,4.0442,4.3241,4.185485714285714,4.637806666666666
2023-11-20,3.8789,20.27,76.5,11.27,1.36,0.0,11,324,3,-0.5000000000000004,0.8660254037844384,-0.6486295610349818,0.7611042586607742,3.9751,4.1628,4.0802,4.135628571428571,4.582486666666666
2023-11-21,3.5813,19.58,74.36,1.97,1.02,0.0,11,325,3,-0.5000000000000004,0.8660254037844384,-0.6354323008901775,0.7721565844991641,3.8789,3.9751,4.441,4.106871428571429,4.5347100000000005
2023-11-22,3.2726,19.02,67.26,4.05,1.01,0.0,11,326,3,-0.5000000000000004,0.8660254037844384,-0.622046748440868,0.7829801036770624,3.5813,3.8789,4.2007,3.984057142857143,4.478343333333333
2023-11-23,3.385,18.49,67.93,9.93,1.15,0.0,11,327,3,-0.5000000000000004,0.8660254037844384,-0.6084768701151264,0.7935716089521472,3.2726,3.5813,4.0454,3.8514714285714287,4.410926666666667
2023-11-24,3.8683,18.69,67.29,2.71,0.99,0.0,11,328,3,-0.5000000000000004,0.8660254037844384,-0.594726686960764,0.8039279618328208,3.385,3.2726,4.0442,3.757128571428571,4.352606666666667
2023-11-25,4.3824,17.47,60.48,0.5,1.25,0.0,11,329,3,-0.5000000000000004,0.8660254037844384,-0.5808002734538013,0.8140460935082175,3.8683,3.385,4.1628,3.7319999999999998,4.313863333333333
2023-11-26,3.2237,17.27,61.07,65.91,1.29,0.0,11,330,3,-0.5000000000000004,0.8660254037844384,-0.5667017562911184,0.8239230057575536,4.3824,3.8683,3.9751,3.7633714285714284,4.28787
2023-11-27,2.0208,18.07,70.57,99.38,1.52,3.32,11,331,3,-0.5000000000000004,0.8660254037844384,-0.5524353131676203,0.8335557718385695,3.2237,4.3824,3.8789,3.656028571428571,4.219693333333333
2023-11-28,1.5883,17.13,91.81,80.99,1.89,9.49,11,332,3,-0.5000000000000004,0.8660254037844384,-0.5380051715382992,0.8429415373547832,2.0208,3.2237,3.5813,3.390585714285714,4.11238
2023-11-29,2.6354,19.89,87.1,79.82,1.73,6.54,11,333,3,-0.5000000000000004,0.8660254037844384,-0.5234156073655503,0.8520775211013093,1.5883,2.0208,3.2726,3.1058714285714286,3.99766
2023-11-30,2.0731,20.74,82.5,87.51,2.17,9.9,11,334,3,-0.5000000000000004,0.8660254037844384,-0.5086709438521042,0.8609610158889945,2.6354,1.5883,3.385,3.014842857142857,3.9276433333333336
2023-12-01,1.8427,18.99,87.89,98.02,1.53,4.69,12,335,0,-2.4492935982947064e-16,1.0,-0.49377555015997737,0.8695893893466109,2.0731,2.6354,3.8683,2.827428571428572,3.8360433333333335
2023-12-02,2.8512,20.78,79.73,58.17,1.52,0.11,12,336,0,-2.4492935982947064e-16,1.0,-0.4787338401157883,0.8779600847008883,1.8427,2.0731,4.3824,2.538057142857143,3.73665
2023-12-03,3.2527,20.52,74.76,35.63,1.64,0.0,12,337,0,-2.4492935982947064e-16,1.0,-0.4635502709028512,0.8860706215341378,2.8512,1.8427,3.2237,2.3193142857142854,3.6781133333333336
2023-12-04,2.9203,20.55,75.88,81.17,1.77,0.02,12,338,0,-2.4492935982947064e-16,1.0,-0.4482293417404106,0.893918596519257,3.2527,2.8512,2.0208,2.3234571428571433,3.6296633333333332
2023-12-05,2.3791,20.28,78.73,91.38,1.47,0.29,12,339,0,-2.4492935982947064e-16,1.0,-0.4327755925504317,0.9015016841318838,2.9203,3.2527,1.5883,2.451957142857143,3.5804933333333335
2023-12-06,1.667,19.15,88.73,98.78,2.39,7.4,12,340,0,-2.4492935982947064e-16,1.0,-0.41719360261231697,0.9088176373395028,2.3791,2.9203,2.6354,2.5649285714285717,3.513036666666667
2023-12-07,1.343,18.99,89.45,80.18,1.76,7.19,12,341,0,-2.4492935982947064e-16,1.0,-0.4014879892059737,0.9158642882672868,1.667,2.3791,2.0731,2.4265857142857143,3.4333299999999998
2023-12-08,2.963,18.86,83.18,42.01,1.28,0.05,12,342,0,-2.4492935982947064e-16,1.0,-0.38566340624360745,0.9226395488404875,1.343,1.667,1.8427,2.3222857142857145,3.3406500000000006
2023-12-09,3.6358,18.14,77.43,19.82,1.14,0.0,12,343,0,-2.4492935982947064e-16,1.0,-0.3697245428906732,0.9291414114031743,2.963,1.343,2.8512,2.4823285714285714,3.291993333333333
2023-12-10,3.7738,16.55,73.56,24.67,1.15,0.0,12,344,0,-2.4492935982947064e-16,1.0,-0.35367612217637207,0.935367949313148,3.6358,2.963,3.2527,2.594414285714286,3.2711
2023-12-11,3.8957,16.32,72.28,11.05,1.43,0.0,12,345,0,-2.4492935982947064e-16,1.0,-0.33752289959411347,0.941317317512847,3.7738,3.6358,2.9203,2.668857142857143,3.25827
2023-12-12,3.8628,17.21,73.37,23.5,1.46,0.0,12,346,0,-2.4492935982947064e-16,1.0,-0.32126966169236515,0.9469877530760751,3.8957,3.7738,2.3791,2.8082,3.25692
2023-12-13,4.2662,16.88,66.48,23.22,1.2,0.0,12,347,0,-2.4492935982947064e-16,1.0,-0.3049212246562894,0.9523775757303973,3.8628,3.8957,1.667,3.020157142857143,3.241543333333333
2023-12-14,4.5691,15.26,55.87,16.0,1.13,0.0,12,348,0,-2.4492935982947064e-16,1.0,-0.2884824328806098,0.9574851883550389,4.2662,3.8628,1.343,3.3914714285714287,3.247743333333333
2023-12-15,4.6222,15.16,61.24,2.48,1.17,0.0,12,349,0,-2.4492935982947064e-16,1.0,-0.27195815753410524,0.9623090774541487,4.5691,4.2662,2.963,3.8523428571428573,3.252013333333333
2023-12-16,4.4083,15.3,62.67,6.63,1.22,0.0,12,350,0,-2.4492935982947064e-16,1.0,-0.2553532951161881,0.9668478136052773,4.6222,4.5691,3.6358,4.089371428571428,3.2660633333333338
2023-12-17,4.2482,15.04,64.67,6.32,1.42,0.0,12,351,0,-2.4492935982947064e-16,1.0,-0.23867276600594997,0.9711000518829505,4.4083,4.6222,3.7738,4.1997285714285715,3.27816
2023-12-18,4.1402,13.9,59.22,10.89,1.55,0.0,12,352,0,-2.4492935982947064e-16,1.0,-0.22192151300416674,0.9750645322571945,4.2482,4.4083,3.8957,4.2675,3.28496
2023-12-19,4.2372,14.15,55.48,45.8,1.61,0.0,12,353,0,-2.4492935982947064e-16,1.0,-0.20510449986861926,0.9787400799669153,4.1402,4.2482,3.8628,4.302428571428572,3.2842066666666665
2023-12-20,3.9238,13.51,56.63,94.59,1.48,0.0,12,354,0,-2.4492935982947064e-16,1.0,-0.1882267098432439,0.9821256058680006,4.2372,4.1402,4.2662,4.355914285714285,3.292943333333333
2023-12-21,4.2096,14.96,53.77,54.53,1.17,0.0,12,355,0,-2.4492935982947064e-16,1.0,-0.1712931441814778,0.9852201067560606,3.9238,4.2372,4.5691,4.307,3.29444
2023-12-22,3.7819,16.16,52.78,82.5,1.08,0.0,12,356,0,-2.4492935982947064e-16,1.0,-0.154308820664281,0.9880226656636976,4.2096,3.9238,4.6222,4.255642857142857,3.3153833333333336
2023-12-23,3.8906,18.18,52.95,26.67,1.07,0.0,12,357,0,-2.4492935982947064e-16,1.0,-0.13727877211326517,0.9905324521322227,3.7819,4.2096,4.4083,4.135599999999999,3.33236
2023-12-24,3.6278,17.42,57.45,16.73,1.09,0.0,12,358,0,-2.4492935982947064e-16,1.0,-0.12020804489935275,0.9927487224577402,3.8906,3.7819,4.2482,4.061642857142857,3.349213333333333
2023-12-25,3.4997,17.27,58.3,29.5,1.29,0.0,12,359,0,-2.4492935982947064e-16,1.0,-0.10310169744743544,0.9946708199115211,3.6278,3.8906,4.1402,3.9730142857142856,3.341196666666667
2023-12-26,3.703,16.98,58.31,25.73,1.23,0.0,12,360,0,-2.4492935982947064e-16,1.0,-0.0859647987374467,0.9962981749346077,3.4997,3.6278,4.2372,3.8815142857142857,3.3117733333333335
2023-12-27,4.1465,16.68,58.88,20.57,1.25,0.0,12,361,0,-2.4492935982947064e-16,1.0,-0.06880242680232064,0.9976303053065857,3.703,3.4997,3.9238,3.8051999999999997,3.3277500000000004
2023-12-28,4.0913,16.76,60.89,24.75,1.18,0.0,12,362,0,-2.4492935982947064e-16,1.0,-0.05161966722325418,0.9986668162884759,4.1465,3.703,4.2096,3.837014285714286,3.3986066666666668
2023-12-29,3.2594,16.95,69.76,25.59,1.22,0.0,12,363,0,-2.4492935982947064e-16,1.0,-0.034421611622745804,0.9994074007397048,4.0913,4.1465,3.7819,3.820114285714286,3.4820399999999996
2023-12-30,2.6839,16.86,72.98,39.67,1.36,0.0,12,364,0,-2.4492935982947064e-16,1.0,-0.01721335615583528,0.9998518392091162,3.2594,4.0913,3.8906,3.7454714285714283,3.50284
2023-12-31,2.9969,17.04,71.89,32.18,1.47,0.0,12,365,0,-2.4492935982947064e-16,1.0,6.432490598706546e-16,1.0,2.6839,3.2594,3.6278,3.5730857142857144,3.5232000000000006
