Date,Solar_Irradiance_MJ_m2,Temperature_C,Relative_Humidity_pct,Cloud_Fraction,Wind_Speed_ms,Precipitation_mm,Month,Day_of_Year,Season,Month_sin,Month_cos,DOY_sin,DOY_cos,Solar_Lag_1,Solar_Lag_2,Solar_Lag_7,Solar_Roll7,Solar_Roll30
2019-01-31,3.7452,13.77,28.05,70.82,2.05,0.0,1,31,0,0.49999999999999994,0.8660254037844387,0.5086709438521044,0.8609610158889943,4.6212,5.028,2.0323,4.240357142857143,4.01406
2019-02-01,4.6687,13.41,37.22,11.44,2.31,0.0,2,32,0,0.8660254037844386,0.5000000000000001,0.5234156073655503,0.8520775211013093,3.7452,4.6212,3.7234,4.485057142857143,3.997516666666667
2019-02-02,4.1628,12.33,51.39,15.24,1.78,0.0,2,33,0,0.8660254037844386,0.5000000000000001,0.5380051715382996,0.8429415373547828,4.6687,3.7452,4.86,4.6201,4.009586666666666
2019-02-03,4.2158,13.57,44.05,7.79,1.11,0.0,2,34,0,0.8660254037844386,0.5000000000000001,0.5524353131676196,0.8335557718385699,4.1628,4.6687,4.5708,4.5205,4.01209
2019-02-04,3.7649,16.41,39.63,13.56,1.74,0.0,2,35,0,0.8660254037844386,0.5000000000000001,0.5667017562911176,0.8239230057575542,4.2158,4.1628,4.8468,4.469785714285714,4.061496666666667
2019-02-05,3.073,20.26,40.55,54.48,1.54,0.0,2,36,0,0.8660254037844386,0.5000000000000001,0.5808002734538009,0.8140460935082178,3.7649,4.2158,5.028,4.315228571428571,4.051153333333334
2019-02-06,4.1993,20.35,34.78,27.49,1.03,0.02,2,37,0,0.8660254037844386,0.5000000000000001,0.5947266869607634,0.8039279618328213,3.073,3.7649,4.6212,4.0359428571428575,4.04565
2019-02-07,4.9615,15.47,33.38,18.53,2.97,0.06,2,38,0,0.8660254037844386,0.5000000000000001,0.6084768701151261,0.7935716089521474,4.1993,3.073,3.7452,3.9756714285714283,4.06385
2019-02-08,5.4907,12.43,27.66,7.19,1.47,0.0,2,39,0,0.8660254037844386,0.5000000000000001,0.6220467484408675,0.7829801036770629,4.9615,4.1993,4.6687,4.1494285714285715,4.094593333333333
2019-02-09,5.5776,12.19,25.36,11.22,1.88,0.0,2,40,0,0.8660254037844386,0.5000000000000001,0.6354323008901774,0.7721565844991642,5.4907,4.9615,4.1628,4.266857142857143,4.13912
2019-02-10,4.4431,13.46,23.78,43.14,1.27,0.0,2,41,0,0.8660254037844386,0.5000000000000001,0.6486295610349814,0.7611042586607747,5.5776,5.4907,4.2158,4.468971428571429,4.181473333333333
2019-02-11,4.7201,15.17,20.73,66.49,1.41,0.0,2,42,0,0.8660254037844386,0.5000000000000001,0.6616346182422783,0.7498264012045686,4.4431,5.5776,3.7649,4.501442857142857,4.191263333333334
2019-02-12,5.0482,16.15,26.28,40.76,1.75,0.0,2,43,0,0.8660254037844386,0.5000000000000001,0.6744436188329455,0.7383263540031065,4.7201,4.4431,3.073,4.6379,4.2132
2019-02-13,3.5167,18.49,25.36,81.69,1.9,0.22,2,44,0,0.8660254037844386,0.5000000000000001,0.6870527672236669,0.7266075247685656,5.0482,4.7201,4.1993,4.920071428571428,4.255576666666666
2019-02-14,4.8511,19.62,35.71,33.93,2.7,0.37,2,45,0,0.8660254037844386,0.5000000000000001,0.699458327051647,0.7146733860429609,3.5167,5.0482,4.9615,4.822557142857143,4.2394799999999995
2019-02-15,5.2858,16.0,35.92,4.93,2.72,0.01,2,46,0,0.8660254037844386,0.5000000000000001,0.7116566222817746,0.7025274741691571,4.8511,3.5167,5.4907,4.806785714285715,4.25723
2019-02-16,5.7499,14.4,40.48,2.91,2.18,0.0,2,47,0,0.8660254037844386,0.5000000000000001,0.7236440382959124,0.6901733882429719,5.2858,4.8511,5.5776,4.777514285714285,4.28963
2019-02-17,5.3698,15.55,31.47,38.9,1.69,0.0,2,48,0,0.8660254037844386,0.5000000000000001,0.7354170229639855,0.6776147890466889,5.7499,5.2858,4.4431,4.802128571428571,4.3342366666666665
2019-02-18,5.1862,18.95,23.57,31.32,2.58,0.05,2,49,0,0.8660254037844386,0.5000000000000001,0.7469720876965552,0.6648553979642865,5.3698,5.7499,4.7201,4.934514285714285,4.369870000000001
2019-02-19,5.2073,19.93,40.22,38.96,1.42,0.12,2,50,0,0.8660254037844386,0.5000000000000001,0.7583058084785624,0.6518989958787126,5.1862,5.3698,5.0482,5.0011,4.403766666666667
2019-02-20,4.0188,20.98,45.91,87.1,2.79,0.57,2,51,0,0.8660254037844386,0.5000000000000001,0.7694148268839378,0.6387494220515272,5.2073,5.1862,3.5167,5.023828571428571,4.42699
2019-02-21,5.172,20.25,48.48,48.09,2.44,0.0,2,52,0,0.8660254037844386,0.5000000000000001,0.7802958510707755,0.6254105729852464,4.0188,5.2073,4.8511,5.095557142857143,4.472316666666667
2019-02-22,5.5313,18.68,39.03,28.42,2.88,0.0,2,53,0,0.8660254037844386,0.5000000000000001,0.7909456567567772,0.6118864012687243,5.172,4.0188,5.2858,5.1414,4.531093333333333
2019-02-23,5.483,15.9,26.19,50.4,1.98,0.0,2,54,0,0.8660254037844386,0.5000000000000001,0.8013610881746766,0.5981809144059165,5.5313,5.172,5.7499,5.176471428571429,4.588076666666667
2019-02-24,5.2267,17.36,22.74,48.58,1.86,0.0,2,55,0,0.8660254037844386,0.5000000000000001,0.8115390590073611,0.5842981736283683,5.483,5.5313,5.3698,5.138342857142858,4.703100000000001
2019-02-25,5.6849,17.67,21.26,16.27,2.12,0.0,2,56,0,0.8660254037844386,0.5000000000000001,0.8214765533024142,0.5702422926917871,5.2267,5.483,5.1862,5.1179,4.75321
2019-02-26,3.2779,17.4,23.23,80.3,2.21,0.33,2,57,0,0.8660254037844386,0.5000000000000001,0.8311706263658079,0.5560174366570446,5.6849,5.2267,5.2073,5.189142857142857,4.780706666666666
2019-02-27,4.8989,16.02,33.85,28.6,2.62,0.05,2,58,0,0.8660254037844386,0.5000000000000001,0.8406184056344782,0.5416278206559814,3.2779,5.6849,4.0188,4.913514285714285,4.73761
2019-02-28,6.1075,15.47,31.08,22.25,1.36,0.0,2,59,0,0.8660254037844386,0.5000000000000001,0.8498170915275278,0.5270777086423722,4.8989,3.2779,5.172,5.039242857142858,4.739346666666666
2019-03-01,5.9088,17.17,23.43,49.25,1.27,0.0,3,60,1,1.0,6.123233995736766e-17,0.8587639582758029,0.5123714121284237,6.1075,4.8989,5.5313,5.172885714285714,4.77533
2019-03-02,2.1149,19.28,25.46,99.44,3.14,1.5,3,61,1,1.0,6.123233995736766e-17,0.8674563547295969,0.49751328890718066,5.9088,6.1075,5.483,5.226814285714285,4.81825
2019-03-03,5.2222,18.94,43.82,62.0,2.62,0.04,3,62,1,1.0,6.123233995736766e-17,0.8758917051442429,0.48250774176121847,2.1149,5.9088,5.2267,4.745657142857143,4.763906666666667
2019-03-04,4.9589,17.62,57.35,66.24,1.59,2.55,3,63,1,1.0,6.123233995736766e-17,0.8840675099433636,0.4673592171580022,5.2222,2.1149,5.6849,4.745014285714285,4.782356666666668
2019-03-05,6.0098,17.57,43.26,56.35,1.9,0.09,3,64,1,1.0,6.123233995736766e-17,0.8919813464595485,0.45207220393230435,4.9589,5.2222,3.2779,4.6413,4.808893333333334
2019-03-06,6.1896,17.86,34.17,64.59,1.71,0.0,3,65,1,1.0,6.123233995736766e-17,0.8996308696522433,0.43665123195606403,6.0098,4.9589,4.8989,5.031571428571428,4.868693333333334
2019-03-07,6.1466,19.88,29.41,60.33,1.16,0.0,3,66,1,1.0,6.123233995736766e-17,0.9070138128026359,0.4211008707960896,6.1896,6.0098,6.1075,5.215957142857143,4.949516666666667
2019-03-08,5.7072,20.66,31.47,69.74,2.13,0.0,3,67,1,1.0,6.123233995736766e-17,0.9141279881853337,0.40542572835999735,6.1466,6.1896,5.9088,5.2215428571428575,5.05197
2019-03-09,5.9057,19.83,40.53,64.4,2.5,0.0,3,68,1,1.0,6.123233995736766e-17,0.9209712877166346,0.38963044953078796,5.7072,6.1466,2.1149,5.192742857142858,5.102233333333333
2019-03-10,5.9978,20.18,30.08,60.82,1.74,0.0,3,69,1,1.0,6.123233995736766e-17,0.9275416835791966,0.37371971479046906,5.9057,5.7072,5.2222,5.734285714285714,5.133706666666667
2019-03-11,6.2047,20.57,33.7,56.27,2.97,0.0,3,70,1,1.0,6.123233995736766e-17,0.9338372288229252,0.35769823883312546,5.9978,5.9057,4.9589,5.845085714285714,5.1506099999999995
2019-03-12,5.1658,19.01,36.49,91.92,2.07,0.0,3,71,1,1.0,6.123233995736766e-17,0.9398560579418954,0.3415707691678556,6.2047,5.9978,6.0098,6.023057142857143,5.171513333333333
2019-03-13,3.1039,20.34,31.57,93.33,1.39,0.0,3,72,1,1.0,6.123233995736766e-17,0.9455963874271426,0.3253420847119801,5.1658,6.2047,6.1896,5.9024857142857154,5.1956033333333345
2019-03-14,5.0254,20.38,37.8,78.19,2.54,0.39,3,73,1,1.0,6.123233995736766e-17,0.9510565162951535,0.30901699437494745,3.1039,5.1658,6.1466,5.461671428571429,5.14173
2019-03-15,6.0276,19.7,33.44,74.0,2.22,0.0,3,74,1,1.0,6.123233995736766e-17,0.9562348265919056,0.29260033563334836,5.0254,3.1039,5.7072,5.3015,5.14097
2019-03-16,5.8925,19.81,27.08,73.26,1.63,0.0,3,75,1,1.0,6.123233995736766e-17,0.9611297838723007,0.27609697309746883,6.0276,5.0254,5.9057,5.347271428571429,5.224666666666666
2019-03-17,6.4505,21.01,24.68,58.98,1.86,0.0,3,76,1,1.0,6.123233995736766e-17,0.9657399376548549,0.2595117970697999,5.8925,6.0276,5.9978,5.3453857142857135,5.259380000000001
2019-03-18,6.5714,21.78,23.07,61.29,1.33,0.0,3,77,1,1.0,6.123233995736766e-17,0.9700639218515071,0.2428497220959356,6.4505,5.8925,6.2047,5.410057142857143,5.298203333333333
2019-03-19,6.6866,23.94,22.11,54.23,1.66,0.0,3,78,1,1.0,6.123233995736766e-17,0.9741004551724205,0.22611568550828828,6.5714,6.4505,5.1658,5.4624428571428565,5.325586666666666
2019-03-20,6.384,24.02,22.66,63.99,2.28,0.0,3,79,1,1.0,6.123233995736766e-17,0.9778483415056568,0.20931464596304847,6.6866,6.5714,3.1039,5.6796999999999995,5.369479999999999
2019-03-21,6.2374,23.26,27.08,67.1,3.01,0.0,3,80,1,1.0,6.123233995736766e-17,0.9813064702716093,0.19245158197082998,6.384,6.6866,5.0254,6.148285714285715,5.409406666666667
2019-03-22,6.48,23.6,20.61,67.32,2.92,0.0,3,81,1,1.0,6.123233995736766e-17,0.9844738167520922,0.1755314904214282,6.2374,6.384,6.0276,6.321428571428571,5.443743333333333
2019-03-23,6.4454,23.65,20.38,71.76,2.04,0.0,3,82,1,1.0,6.123233995736766e-17,0.9873494423939864,0.15855938510313475,6.48,6.2374,5.8925,6.386057142857142,5.525783333333334
2019-03-24,6.3989,25.54,26.57,61.11,2.65,0.0,3,83,1,1.0,6.123233995736766e-17,0.989932495087353,0.141540295217043,6.4454,6.48,6.4505,6.465042857142857,5.568230000000001
2019-03-25,5.3364,25.4,30.86,85.93,3.26,0.0,3,84,1,1.0,6.123233995736766e-17,0.9922222094179323,0.12447926388678915,6.3989,6.4454,6.5714,6.4576714285714285,5.59715
2019-03-26,6.8642,24.33,21.11,64.5,1.99,0.0,3,85,1,1.0,6.123233995736766e-17,0.994217906893952,0.10738134666416309,5.3364,6.3989,6.6866,6.281242857142858,5.592263333333333
2019-03-27,6.6972,25.93,17.85,72.91,1.38,0.0,3,86,1,1.0,6.123233995736766e-17,0.995918996147179,0.09025161003104117,6.8642,5.3364,6.384,6.306614285714285,5.646846666666666
2019-03-28,6.3809,29.45,18.97,74.74,1.42,0.0,3,87,1,1.0,6.123233995736766e-17,0.9973249731081555,0.07309512989807777,6.6972,6.8642,6.2374,6.351357142857142,5.68059
2019-03-29,6.425,30.23,19.88,73.06,1.54,0.0,3,88,1,1.0,6.123233995736766e-17,0.9984354211555643,0.055916990100603484,6.3809,6.6972,6.48,6.371857142857142,5.784023333333334
2019-03-30,6.7855,30.1,21.32,60.41,1.76,0.0,3,89,1,1.0,6.123233995736766e-17,0.9992500112396835,0.03872228089217446,6.425,6.3809,6.4454,6.364,5.834893333333334
2019-03-31,6.1922,28.08,20.14,86.65,3.44,0.02,3,90,1,1.0,6.123233995736766e-17,0.9997685019798909,0.021516097436222254,6.7855,6.425,6.3989,6.412585714285714,5.857493333333333
2019-04-01,7.1366,27.5,11.79,63.41,2.17,0.0,4,91,1,0.8660254037844387,-0.4999999999999998,0.9999907397361901,0.004303538296244289,6.1922,6.7855,5.3364,6.383057142857142,5.8669400000000005
2019-04-02,6.781,28.03,13.53,83.02,1.77,0.0,4,92,1,0.8660254037844387,-0.4999999999999998,0.9999166586547379,-0.01291029607500882,7.1366,6.1922,6.8642,6.640228571428572,6.03433
2019-04-03,6.7968,29.95,13.22,64.21,1.48,0.0,4,93,1,0.8660254037844387,-0.4999999999999998,0.9995462806873573,-0.030120304846908114,6.781,7.1366,6.6972,6.628342857142857,6.08629
2019-04-04,7.0433,31.14,15.32,63.91,1.57,0.0,4,94,1,0.8660254037844387,-0.4999999999999998,0.9988797155850336,-0.04732138832243185,6.7968,6.781,6.3809,6.642571428571428,6.147553333333333
2019-04-05,5.6726,33.14,15.2,78.03,2.15,0.0,4,95,1,0.8660254037844387,-0.4999999999999998,0.9979171608653922,-0.06450844944931623,7.0433,6.7968,6.425,6.7372000000000005,6.182003333333333
2019-04-06,6.8786,32.33,18.61,63.72,2.99,0.18,4,96,1,0.8660254037844387,-0.4999999999999998,0.9966589017541702,-0.08167639533042241,5.6726,7.0433,6.7855,6.629714285714286,6.16477
2019-04-07,6.8542,31.95,17.35,64.15,2.89,0.0,4,97,1,0.8660254037844387,-0.4999999999999998,0.9951053111006976,-0.09882013873287143,6.8786,5.6726,6.1922,6.643014285714286,6.18917
2019-04-08,6.9468,30.69,19.83,60.59,1.83,0.41,4,98,1,0.8660254037844387,-0.4999999999999998,0.9932568492674143,-0.11593459959550041,6.8542,6.8786,7.1366,6.737585714285714,6.227403333333332
2019-04-09,7.1486,30.96,19.68,65.88,1.55,0.0,4,99,1,0.8660254037844387,-0.4999999999999998,0.9911140639934547,-0.1330147065341959,6.9468,6.8542,6.781,6.710471428571428,6.262106666666666
2019-04-10,6.4968,31.66,20.34,88.68,1.79,0.0,4,100,1,0.8660254037844387,-0.4999999999999998,0.9886775902323405,-0.1500553983446526,7.1486,6.9468,6.7968,6.762985714285714,6.300466666666667
2019-04-11,6.8465,32.78,20.32,70.47,1.87,0.0,4,101,1,0.8660254037844387,-0.4999999999999998,0.9859481499638304,-0.16705162550211924,6.4968,7.1486,7.0433,6.720128571428572,6.310203333333334
2019-04-12,6.773,32.7,21.66,75.37,1.57,0.0,4,102,1,0.8660254037844387,-0.4999999999999998,0.9829265519799822,-0.18399835165768005,6.8465,6.4968,5.6726,6.6920142857142855,6.366226666666667
2019-04-13,6.8294,32.51,22.79,66.23,2.21,0.0,4,103,1,0.8660254037844387,-0.4999999999999998,0.9796136916454901,-0.20089055513063506,6.773,6.8465,6.8786,6.849214285714285,6.48853
2019-04-14,7.1789,32.23,23.17,62.36,1.41,0.0,4,104,1,0.8660254037844387,-0.4999999999999998,0.9760105506323683,-0.21772323039653177,6.8294,6.773,6.8542,6.842185714285714,6.548663333333333
2019-04-15,6.0996,29.85,34.95,88.33,3.1,0.93,4,105,1,0.8660254037844387,-0.4999999999999998,0.9721181966290613,-0.23449138957040985,7.1789,6.8294,6.9468,6.888571428571429,6.58704
2019-04-16,3.935,27.12,47.24,97.22,3.22,3.89,4,106,1,0.8660254037844387,-0.4999999999999998,0.9679377830240642,-0.25119006388481935,6.0996,7.1789,7.1486,6.767542857142857,6.593943333333333
2019-04-17,5.4761,23.24,63.95,75.34,2.71,14.47,4,107,1,0.8660254037844387,-0.4999999999999998,0.9634705485641488,-0.2678143051621742,3.935,6.0996,6.4968,6.308457142857143,6.510093333333333
2019-04-18,6.9031,23.82,55.3,60.99,2.15,0.03,4,108,1,0.8660254037844387,-0.4999999999999998,0.9587178169872964,-0.2843591872810034,5.4761,3.935,6.8465,6.162642857142857,6.473583333333334
2019-04-19,7.3044,24.92,42.57,44.37,1.79,0.0,4,109,1,0.8660254037844387,-0.4999999999999998,0.9536809966304457,-0.30081980763566735,6.9031,5.4761,6.773,6.170728571428571,6.4808
2019-04-20,7.6313,26.52,36.19,36.72,1.52,0.0,4,110,1,0.8660254037844387,-0.4999999999999998,0.9483615800121715,-0.3171912885891061,7.3044,6.9031,6.8294,6.246642857142857,6.51148
2019-04-21,7.2257,30.04,28.91,56.48,1.29,0.0,4,111,1,0.8660254037844387,-0.4999999999999998,0.9427611433904207,-0.3334687789181868,7.6313,7.3044,7.1789,6.361199999999999,6.557943333333332
2019-04-22,7.5026,30.79,28.05,58.5,1.87,0.07,4,112,1,0.8660254037844387,-0.4999999999999998,0.9368813462954315,-0.3496474552512284,7.2257,7.6313,6.0996,6.3678857142857135,6.5828
2019-04-23,7.5566,33.23,22.61,60.07,1.48,0.0,4,113,1,0.8660254037844387,-0.4999999999999998,0.9307239310379795,-0.36572252349726897,7.5026,7.2257,3.935,6.568314285714286,6.618039999999999
2019-04-24,7.4237,33.37,22.47,57.73,2.82,0.0,4,114,1,0.8660254037844387,-0.4999999999999998,0.9242907221930933,-0.3816892202666588,7.5566,7.5026,5.4761,7.085685714285715,6.656629999999999
2019-04-25,7.337,33.12,18.8,56.5,3.56,0.0,4,115,1,0.8660254037844387,-0.4999999999999998,0.9175836260593937,-0.39754281428255595,7.4237,7.5566,6.9031,7.363914285714285,6.726206666666667
2019-04-26,6.6449,33.42,24.21,51.03,2.24,0.0,4,116,1,0.8660254037844387,-0.4999999999999998,0.9106046300942162,-0.41327860778290415,7.337,7.4237,7.3044,7.4259,6.741966666666667
2019-04-27,7.5158,33.6,20.91,51.03,1.96,0.0,4,117,1,0.8660254037844387,-0.4999999999999998,0.9033558023246845,-0.4288919379124835,6.6449,7.337,7.6313,7.331685714285714,6.740223333333334
2019-04-28,7.2847,33.57,19.7,64.98,1.7,0.0,4,118,1,0.8660254037844387,-0.4999999999999998,0.895839290734909,-0.44437817810461316,7.5158,6.6449,7.2257,7.315185714285714,6.778053333333333
2019-04-29,7.7803,34.26,15.04,61.77,1.93,0.0,4,119,1,0.8660254037844387,-0.4999999999999998,0.8880573226294932,-0.45973273945210397,7.2847,7.5158,7.5026,7.323614285714285,6.80671
2019-04-30,7.7734,32.98,14.81,57.84,3.13,0.0,4,120,1,0.8660254037844387,-0.4999999999999998,0.8800122039735357,-0.47495107206704995,7.7803,7.2847,7.5566,7.363285714285715,6.83987
2019-05-01,7.3279,32.73,16.19,65.67,2.14,0.0,5,121,1,0.49999999999999994,-0.8660254037844387,0.8717063187093218,-0.4900286664290592,7.7734,7.7803,7.4237,7.394257142857143,6.892576666666667
2019-05-02,6.949,33.06,16.71,82.94,2.11,0.0,5,122,1,0.49999999999999994,-0.8660254037844387,0.8631421280499114,-0.5049610547215204,7.3279,7.7734,7.337,7.380571428571429,6.898953333333334
2019-05-03,5.9098,32.63,18.04,79.03,2.83,0.01,5,123,1,0.49999999999999994,-0.8660254037844387,0.854322169749827,-0.5197438121555155,6.949,7.3279,6.6449,7.325142857142857,6.904553333333333
2019-05-04,6.6017,32.63,20.24,68.67,1.99,0.06,5,124,1,0.49999999999999994,-0.8660254037844387,0.8452490573530633,-0.5343725582809786,5.9098,6.949,7.5158,7.220128571428572,6.8749866666666675
2019-05-05,7.6661,32.11,19.11,56.67,2.41,0.0,5,125,1,0.49999999999999994,-0.8660254037844387,0.8359254794186372,-0.548842958284719,6.6017,5.9098,7.2847,7.089542857142858,6.860266666666666
2019-05-06,7.6754,32.98,11.81,61.85,3.48,0.0,5,126,1,0.49999999999999994,-0.8660254037844387,0.8263541987239096,-0.5631507242749186,7.6661,6.6017,7.7803,7.144028571428572,6.926716666666667
2019-05-07,7.4714,33.1,14.98,74.79,4.7,0.0,5,127,1,0.49999999999999994,-0.8660254037844387,0.8165380514459161,-0.5772916165517272,7.6754,7.6661,7.7734,7.129042857142857,6.9532766666666666
2019-05-08,7.4426,33.7,16.99,71.23,4.43,0.0,5,128,1,0.49999999999999994,-0.8660254037844387,0.8064799463209448,-0.5912614448635781,7.4714,7.6754,7.3279,7.0859000000000005,6.9738500000000005
2019-05-09,7.5185,33.08,21.77,66.69,5.43,0.0,5,129,1,0.49999999999999994,-0.8660254037844387,0.7961828637826158,-0.6050560696488488,7.4426,7.4714,6.949,7.102285714285714,6.990376666666667
2019-05-10,7.9006,32.66,24.58,57.37,3.77,0.0,5,130,1,0.49999999999999994,-0.8660254037844387,0.7856498550787147,-0.6186714032625031,7.5185,7.4426,5.9098,7.183642857142857,7.002706666666667
2019-05-11,7.097,32.68,25.09,81.14,2.18,0.09,5,131,1,0.49999999999999994,-0.8660254037844387,0.7748840413670407,-0.6321034111873487,7.9006,7.5185,6.6017,7.468042857142857,7.049499999999999
2019-05-12,6.6461,32.84,25.74,81.88,2.35,0.01,5,132,1,0.49999999999999994,-0.8660254037844387,0.7638886127905428,-0.6453481132295501,7.097,7.9006,7.6661,7.5388,7.05785
2019-05-13,7.0891,33.79,23.51,58.01,2.09,0.59,5,133,1,0.49999999999999994,-0.8660254037844387,0.7526668275320085,-0.6584015846980488,6.6461,7.097,7.6754,7.393085714285713,7.05362
2019-05-14,6.7886,33.01,27.16,62.08,1.87,1.99,5,134,1,0.49999999999999994,-0.8660254037844387,0.7412220108485958,-0.6712599575675313,7.0891,6.6461,7.4714,7.309328571428572,7.0622766666666665
2019-05-15,6.955,33.19,28.97,60.82,1.71,1.87,5,135,1,0.49999999999999994,-0.8660254037844387,0.7295575540864875,-0.6839194216246106,6.7886,7.0891,7.4426,7.211785714285715,7.049266666666667
2019-05-16,7.1606,32.67,30.63,60.83,2.87,0.93,5,136,1,0.49999999999999994,-0.8660254037844387,0.717676913675962,-0.6963762255968722,6.955,6.7886,7.5185,7.142128571428572,7.077780000000001
2019-05-17,6.8527,30.91,34.85,67.59,4.13,1.26,5,137,1,0.49999999999999994,-0.8660254037844387,0.705583610107178,-0.7086266782644596,7.1606,6.955,7.9006,7.090999999999999,7.1853
2019-05-18,7.6162,29.03,44.16,44.34,3.6,0.0,5,138,1,0.49999999999999994,-0.8660254037844387,0.6932812268869777,-0.7206671495538609,6.8527,7.1606,7.097,6.9413,7.231186666666667
2019-05-19,7.632,31.24,28.18,57.14,1.93,0.0,5,139,1,0.49999999999999994,-0.8660254037844387,0.6807734094770161,-0.7324940716135789,7.6162,6.8527,6.6461,7.015471428571429,7.254956666666667
2019-05-20,6.4934,34.08,24.18,70.91,1.8,0.14,5,140,1,0.49999999999999994,-0.8660254037844387,0.6680638642135335,-0.7441039398713607,7.632,7.6162,7.0891,7.156314285714286,7.265876666666667
2019-05-21,6.5563,34.86,26.92,70.14,1.82,0.21,5,141,1,0.49999999999999994,-0.8660254037844387,0.6551563572090853,-0.7554933140726803,6.4934,7.632,6.7886,7.0712142857142855,7.227946666666667
2019-05-22,6.5496,34.75,28.91,80.2,1.7,1.98,5,142,1,0.49999999999999994,-0.8660254037844387,0.6420547132365637,-0.766658819300159,6.5563,6.4934,6.955,7.038028571428572,7.205633333333334
2019-05-23,6.665,35.14,29.85,69.58,2.46,1.0,5,143,1,0.49999999999999994,-0.8660254037844387,0.6287628145958344,-0.7775971469736269,6.5496,6.5563,7.1606,6.9801142857142855,7.173866666666667
2019-05-24,6.9386,34.13,30.85,72.1,2.49,0.03,5,144,1,0.49999999999999994,-0.8660254037844387,0.6152845999633276,-0.7883050558305255,6.665,6.5496,6.8527,6.909314285714286,7.144146666666667
2019-05-25,7.3411,33.2,28.31,59.78,2.45,0.07,5,145,1,0.49999999999999994,-0.8660254037844387,0.6016240632249226,-0.7987793728863649,6.9386,6.665,7.6162,6.9215857142857145,7.127976666666666
2019-05-26,7.2948,34.37,23.79,75.36,2.52,0.0,5,146,1,0.49999999999999994,-0.8660254037844387,0.5877852522924732,-0.8090169943749473,7.3411,6.9386,7.632,6.882285714285714,7.128113333333333
2019-05-27,7.3356,35.48,18.75,74.34,2.08,0.0,5,147,1,0.49999999999999994,-0.8660254037844387,0.5737722679043246,-0.8190148866680801,7.2948,7.3411,6.4934,6.834114285714286,7.149776666666666
2019-05-28,7.3272,36.39,16.05,63.51,1.63,0.0,5,148,1,0.49999999999999994,-0.8660254037844387,0.5595892624101765,-0.8287700871745038,7.3356,7.2948,6.5563,6.954428571428571,7.14377
2019-05-29,6.8911,37.01,16.41,70.42,2.17,0.0,5,149,1,0.49999999999999994,-0.8660254037844387,0.545240438540651,-0.8382797052177744,7.3272,7.3356,6.5496,7.064557142857143,7.145186666666666
2019-05-30,6.3454,37.89,16.23,77.66,3.15,0.0,5,150,1,0.49999999999999994,-0.8660254037844387,0.5307300481619334,-0.8475409228928311,6.8911,7.3272,6.665,7.1133428571428565,7.115546666666666
2019-05-31,6.023,38.28,18.09,76.13,2.18,0.0,5,151,1,0.49999999999999994,-0.8660254037844387,0.5160623910158528,-0.8565509959010036,6.3454,6.8911,6.9386,7.067685714285715,7.067946666666667
2019-06-01,6.9926,38.34,18.6,73.1,3.55,0.0,6,152,2,1.2246467991473532e-16,-1.0,0.5012418134457758,-0.865307254363206,6.023,6.3454,7.3411,6.936885714285714,7.02445
2019-06-02,7.4964,38.05,14.21,72.17,4.01,0.0,6,153,2,1.2246467991473532e-16,-1.0,0.48627270710868997,-0.8738071036110808,6.9926,6.023,7.2948,6.887100000000001,7.025903333333334
2019-06-03,7.0102,37.95,14.27,70.75,3.08,0.0,6,154,2,1.2246467991473532e-16,-1.0,0.4711595076738638,-0.8820480249558537,7.4964,6.9926,7.3356,6.915900000000001,7.07879
2019-06-04,7.5154,37.53,17.11,59.97,3.97,0.0,6,155,2,1.2246467991473532e-16,-1.0,0.4559066935084588,-0.8900275764346767,7.0102,7.4964,7.3272,6.869414285714286,7.092406666666666
2019-06-05,7.5341,37.58,19.68,47.68,3.48,0.0,6,156,2,1.2246467991473532e-16,-1.0,0.440518784350495,-0.8977433935342337,7.5154,7.0102,6.8911,6.896299999999999,7.087383333333333
2019-06-06,7.1822,38.23,17.53,60.68,3.18,0.0,6,157,2,1.2246467991473532e-16,-1.0,0.42500033996955416,-0.9051931898913974,7.5341,7.5154,6.3454,6.988157142857143,7.082673333333333
2019-06-07,7.4801,36.79,13.48,69.74,2.12,0.0,6,158,2,1.2246467991473532e-16,-1.0,0.4093559588156213,-0.9123747579707273,7.1822,7.5341,6.023,7.1076999999999995,7.073033333333332
2019-06-08,7.3754,37.57,13.57,63.55,1.9,0.0,6,159,2,1.2246467991473532e-16,-1.0,0.39359027665646673,-0.9192859697186104,7.4801,7.1822,6.9926,7.315857142857142,7.074283333333333
2019-06-09,7.5348,38.69,13.09,65.32,1.76,0.0,6,160,2,1.2246467991473532e-16,-1.0,0.3777079652039649,-0.9259247771938498,7.3754,7.4801,7.4964,7.3705428571428575,7.069513333333333
2019-06-10,7.387,38.62,14.24,65.61,3.55,0.0,6,161,2,1.2246467991473532e-16,-1.0,0.36171373072976765,-0.9322892131745133,7.5348,7.3754,7.0102,7.376028571428571,7.057320000000001
2019-06-11,6.8813,39.15,19.58,61.14,3.81,0.58,6,162,2,1.2246467991473532e-16,-1.0,0.3456123126707335,-0.9383773917408641,7.387,7.5348,7.5154,7.429857142857143,7.066986666666667
2019-06-12,5.6935,37.42,28.15,63.05,2.19,3.12,6,163,2,1.2246467991473532e-16,-1.0,0.3294084822245304,-0.9441875088341993,6.8813,7.387,7.5341,7.339271428571428,7.074826666666667
2019-06-13,3.4553,34.49,40.88,98.47,1.84,0.49,6,164,2,1.2246467991473532e-16,-1.0,0.3131070409358269,-0.9497178427914316,5.6935,6.8813,7.1822,7.07632857142857,7.0283066666666665
2019-06-14,5.7449,36.43,30.54,84.84,3.12,0.0,6,165,2,1.2246467991473532e-16,-1.0,0.29671281927349075,-0.9549667548552551,3.4553,5.6935,7.4801,6.543914285714286,6.917196666666666
2019-06-15,4.8852,34.24,39.54,94.74,4.09,3.55,6,166,2,1.2246467991473532e-16,-1.0,0.28023067519921585,-0.9599326896597447,5.7449,3.4553,7.3754,6.296028571428572,6.876859999999999
2019-06-16,5.3902,33.19,47.28,77.15,3.9,2.91,6,167,2,1.2246467991473532e-16,-1.0,0.26366549272800704,-0.9646141756912435,4.8852,5.7449,7.5348,5.9402857142857135,6.801013333333333
2019-06-17,6.6511,33.06,46.58,49.85,3.97,2.75,6,168,2,1.2246467991473532e-16,-1.0,0.24702218048093552,-0.9690098257244062,5.3902,4.8852,7.387,5.633914285714285,6.7522633333333335
2019-06-18,4.7347,31.18,51.54,83.8,2.35,3.43,6,169,2,1.2246467991473532e-16,-1.0,0.23030567023061221,-0.9731183372332619,6.6511,5.3902,6.8813,5.528785714285713,6.720093333333334
2019-06-19,6.4812,30.37,55.18,58.06,3.17,0.37,6,170,2,1.2246467991473532e-16,-1.0,0.21352091543979612,-0.9769384927771817,4.7347,6.6511,5.6935,5.222128571428571,6.623516666666666
2019-06-20,6.3907,32.67,48.24,74.31,1.68,0.17,6,171,2,1.2246467991473532e-16,-1.0,0.19667288979357647,-0.980469160361632,6.4812,4.7347,3.4553,5.334657142857142,6.62311
2019-06-21,5.1259,34.17,43.02,73.35,2.51,0.98,6,172,2,1.2246467991473532e-16,-1.0,0.1797665857255624,-0.9837092937736097,6.3907,6.4812,5.7449,5.754,6.617590000000001
2019-06-22,6.7999,35.94,33.89,46.25,2.42,0.0,6,173,2,1.2246467991473532e-16,-1.0,0.16280701293851715,-0.986657932891657,5.1259,6.3907,4.8852,5.66557142857143,6.570133333333334
2019-06-23,6.6475,35.62,33.31,60.68,2.41,0.01,6,174,2,1.2246467991473532e-16,-1.0,0.1457991969198751,-0.9893142039703663,6.7999,5.1259,5.3902,5.939100000000001,6.57463
2019-06-24,6.1126,35.3,40.63,76.39,1.94,3.47,6,175,2,1.2246467991473532e-16,-1.0,0.12874817745258132,-0.99167731989929,6.6475,6.7999,6.6511,6.118714285714285,6.564926666666667
2019-06-25,5.1667,34.64,44.31,85.41,1.49,0.78,6,176,2,1.2246467991473532e-16,-1.0,0.11165900712169512,-0.993746580436178,6.1126,6.6475,4.7347,6.041785714285714,6.523976666666667
2019-06-26,6.4459,36.38,33.17,60.28,2.46,0.0,6,177,2,1.2246467991473532e-16,-1.0,0.09453674981719912,-0.9955213724144752,5.1667,6.1126,6.4812,6.1034999999999995,6.4530400000000006
2019-06-27,6.2834,35.97,35.2,59.53,3.03,0.14,6,178,2,1.2246467991473532e-16,-1.0,0.07738647923346301,-0.9970011699250151,6.4459,5.1667,6.3907,6.098457142857143,6.423383333333334
2019-06-28,6.6665,36.28,38.91,67.17,3.45,0.65,6,179,2,1.2246467991473532e-16,-1.0,0.06021327736579302,-0.9981855344718586,6.2834,6.4459,5.1259,6.083128571428571,6.38859
2019-06-29,6.3278,36.21,37.34,73.39,4.02,0.55,6,180,2,1.2246467991473532e-16,-1.0,0.04302223300453059,-0.99907411510223,6.6665,6.2834,6.7999,6.303214285714285,6.381103333333334
2019-06-30,6.5606,36.69,34.98,78.6,3.66,1.08,6,181,2,1.2246467991473532e-16,-1.0,0.02581844022713308,-0.9996666485105112,6.3278,6.6665,6.6475,6.235771428571428,6.380516666666667
2019-07-01,6.648,35.18,42.49,54.76,3.51,6.84,7,182,2,-0.4999999999999997,-0.8660254037844388,0.008606996888688698,-0.9999629591162655,6.5606,6.3278,6.1126,6.223357142857144,6.398436666666667
2019-07-02,5.3611,34.67,42.44,79.12,2.62,0.93,7,183,2,-0.4999999999999997,-0.8660254037844388,-0.008606996888688009,-0.9999629591162655,6.648,6.5606,5.1667,6.299842857142857,6.38695
2019-07-03,5.7703,34.88,39.36,80.96,2.61,1.08,7,184,2,-0.4999999999999997,-0.8660254037844388,-0.02581844022713239,-0.9996666485105112,5.3611,6.648,6.4459,6.327614285714286,6.3157733333333335
2019-07-04,3.7795,31.79,59.32,98.61,1.89,10.96,7,185,2,-0.4999999999999997,-0.8660254037844388,-0.04302223300453034,-0.99907411510223,5.7703,5.3611,6.2834,6.2311,6.274443333333334
2019-07-05,1.517,31.07,65.76,99.27,1.64,18.01,7,186,2,-0.4999999999999997,-0.8660254037844388,-0.060213277365792774,-0.9981855344718586,3.7795,5.7703,6.6665,5.873399999999999,6.149913333333333
2019-07-06,3.2758,31.33,65.71,98.75,3.08,30.38,7,187,2,-0.4999999999999997,-0.8660254037844388,-0.07738647923346322,-0.9970011699250151,1.517,3.7795,6.3278,5.137757142857143,5.949343333333333
2019-07-07,4.0032,31.23,67.24,97.16,2.79,10.47,7,188,2,-0.4999999999999997,-0.8660254037844388,-0.09453674981719933,-0.9955213724144752,3.2758,1.517,6.5606,4.701757142857142,5.81913
2019-07-08,5.9479,31.53,64.77,81.62,3.52,9.61,7,189,2,-0.4999999999999997,-0.8660254037844388,-0.11165900712169444,-0.9937465804361781,4.0032,3.2758,6.648,4.3364142857142856,5.7032333333333325
2019-07-09,5.5402,31.21,59.94,89.06,3.65,1.49,7,190,2,-0.4999999999999997,-0.8660254037844388,-0.12874817745258066,-0.99167731989929,5.9479,4.0032,5.3611,4.236400000000001,5.65565
2019-07-10,6.5119,31.64,57.35,77.26,3.86,0.0,7,191,2,-0.4999999999999997,-0.8660254037844388,-0.14579919691987442,-0.9893142039703664,5.5402,5.9479,5.7703,4.261985714285714,5.589163333333333
2019-07-11,6.1949,31.56,57.24,89.63,5.07,0.0,7,192,2,-0.4999999999999997,-0.8660254037844388,-0.16280701293851646,-0.9866579328916572,6.5119,5.5402,3.7795,4.367928571428572,5.559993333333333
2019-07-12,6.5105,31.38,56.32,83.52,4.32,0.0,7,193,2,-0.4999999999999997,-0.8660254037844388,-0.17976658572556214,-0.9837092937736098,6.1949,6.5119,1.517,4.712985714285714,5.537113333333334
2019-07-13,6.617,31.78,54.45,70.18,4.82,0.0,7,194,2,-0.4999999999999997,-0.8660254037844388,-0.19667288979357622,-0.9804691603616321,6.5105,6.1949,3.2758,5.426342857142857,5.564346666666666
2019-07-14,6.1118,31.56,54.95,80.54,4.52,0.0,7,195,2,-0.4999999999999997,-0.8660254037844388,-0.2135209154397959,-0.9769384927771817,6.617,6.5105,4.0032,5.903657142857143,5.669736666666667
2019-07-15,4.6582,31.15,57.07,96.43,4.4,0.22,7,196,2,-0.4999999999999997,-0.8660254037844388,-0.23030567023061196,-0.973118337233262,6.1118,6.617,5.9479,6.204885714285715,5.681966666666667
2019-07-16,4.6267,31.23,56.6,90.32,3.33,0.08,7,197,2,-0.4999999999999997,-0.8660254037844388,-0.24702218048093527,-0.9690098257244063,4.6582,6.1118,5.5402,6.020642857142858,5.6744
2019-07-17,5.3076,30.88,60.77,85.15,2.96,6.9,7,198,2,-0.4999999999999997,-0.8660254037844388,-0.2636654927280072,-0.9646141756912435,4.6267,4.6582,6.5119,5.890142857142857,5.648949999999999
2019-07-18,3.6456,30.36,66.22,93.23,2.28,9.83,7,199,2,-0.4999999999999997,-0.8660254037844388,-0.2802306751992161,-0.9599326896597445,5.3076,4.6267,6.1949,5.718100000000001,5.604166666666667
2019-07-19,4.7129,31.31,61.27,80.32,1.21,5.51,7,200,2,-0.4999999999999997,-0.8660254037844388,-0.2967128192734901,-0.9549667548552553,3.6456,5.3076,6.5105,5.353914285714285,5.567863333333333
2019-07-20,5.7362,32.97,52.26,59.22,0.64,0.25,7,201,2,-0.4999999999999997,-0.8660254037844388,-0.3131070409358267,-0.9497178427914317,4.7129,3.6456,6.617,5.0971142857142855,5.50892
2019-07-21,6.3998,33.13,53.51,65.55,1.77,0.38,7,202,2,-0.4999999999999997,-0.8660254037844388,-0.3294084822245302,-0.9441875088341994,5.7362,4.7129,6.1118,4.971285714285714,5.487103333333334
2019-07-22,6.3494,32.19,60.68,67.65,1.55,0.09,7,203,2,-0.4999999999999997,-0.8660254037844388,-0.3456123126707333,-0.9383773917408642,6.3998,5.7362,4.6582,5.012428571428571,5.529566666666667
2019-07-23,6.7464,32.82,57.9,89.71,1.3,0.06,7,204,2,-0.4999999999999997,-0.8660254037844388,-0.3617137307297674,-0.9322892131745134,6.3494,6.3998,4.6267,5.254028571428571,5.51455
2019-07-24,4.8302,30.94,71.64,96.28,2.77,55.67,7,205,2,-0.4999999999999997,-0.8660254037844388,-0.37770796520396466,-0.9259247771938499,6.7464,6.3494,5.3076,5.556842857142857,5.517846666666667
2019-07-25,2.219,27.81,84.97,99.69,2.01,48.73,7,206,2,-0.4999999999999997,-0.8660254037844388,-0.39359027665646645,-0.9192859697186105,4.8302,6.7464,3.6456,5.488642857142858,5.475099999999999
2019-07-26,1.2458,26.89,90.14,99.86,1.78,43.26,7,207,2,-0.4999999999999997,-0.8660254037844388,-0.4093559588156211,-0.9123747579707274,2.219,4.8302,4.7129,5.2848428571428565,5.3768433333333325
2019-07-27,1.7026,27.55,86.87,99.51,1.82,45.59,7,208,2,-0.4999999999999997,-0.8660254037844388,-0.42500033996955394,-0.9051931898913975,1.2458,2.219,5.7362,4.789542857142857,5.203506666666667
2019-07-28,3.8988,27.75,84.18,96.07,3.16,26.43,7,209,2,-0.4999999999999997,-0.8660254037844388,-0.4405187843504952,-0.8977433935342336,1.7026,1.2458,6.3998,4.213314285714286,5.050813333333333
2019-07-29,4.9843,28.3,83.79,78.32,2.62,1.67,7,210,2,-0.4999999999999997,-0.8660254037844388,-0.455906693508459,-0.8900275764346766,3.8988,1.7026,6.3494,3.8560285714285714,4.9585566666666665
2019-07-30,5.7434,29.04,82.03,80.57,2.2,0.07,7,211,2,-0.4999999999999997,-0.8660254037844388,-0.47115950767386394,-0.8820480249558535,4.9843,3.8988,6.7464,3.6610142857142853,4.913773333333333
2019-07-31,4.4534,28.57,81.7,96.88,1.57,0.91,7,212,2,-0.4999999999999997,-0.8660254037844388,-0.4862727071086902,-0.8738071036110807,5.7434,4.9843,4.8302,3.517728571428571,4.886533333333333
2019-08-01,4.1587,29.05,80.48,91.36,0.74,10.67,8,213,2,-0.8660254037844384,-0.5000000000000004,-0.5012418134457756,-0.8653072543632061,4.4534,5.7434,2.219,3.4638999999999998,4.8133799999999995
2019-08-02,3.9967,28.75,85.17,95.78,1.68,14.93,8,214,2,-0.8660254037844384,-0.5000000000000004,-0.5160623910158526,-0.8565509959010037,4.1587,4.4534,1.2458,3.7409999999999997,4.773300000000001
2019-08-03,5.2891,28.44,83.16,80.26,1.91,9.9,8,215,2,-0.8660254037844384,-0.5000000000000004,-0.5307300481619331,-0.8475409228928312,3.9967,4.1587,1.7026,4.133985714285714,4.71418
2019-08-04,5.0074,29.77,76.23,93.93,1.14,5.19,8,216,2,-0.8660254037844384,-0.5000000000000004,-0.5452404385406507,-0.8382797052177745,5.2891,3.9967,3.8988,4.646342857142857,4.7645
2019-08-05,5.1614,29.26,81.82,89.78,1.55,0.78,8,217,2,-0.8660254037844384,-0.5000000000000004,-0.5595892624101763,-0.828770087174504,5.0074,5.2891,4.9843,4.804714285714286,4.880846666666667
2019-08-06,2.9446,28.61,84.36,99.23,2.3,25.88,8,218,2,-0.8660254037844384,-0.5000000000000004,-0.5737722679043243,-0.8190148866680802,5.1614,5.0074,5.7434,4.830014285714285,4.943700000000001
2019-08-07,3.4927,27.77,85.42,96.14,2.03,10.37,8,219,2,-0.8660254037844384,-0.5000000000000004,-0.5877852522924734,-0.8090169943749472,2.9446,5.1614,4.4534,4.430185714285714,4.908413333333334
2019-08-08,5.8356,27.95,83.75,72.99,2.32,3.76,8,220,2,-0.8660254037844384,-0.5000000000000004,-0.6016240632249227,-0.7987793728863648,3.4927,2.9446,4.1587,4.292942857142857,4.826573333333333
2019-08-09,4.1844,27.7,84.32,80.78,4.53,5.78,8,221,2,-0.8660254037844384,-0.5000000000000004,-0.6152845999633277,-0.7883050558305253,5.8356,3.4927,3.9967,4.532500000000001,4.83642
2019-08-10,4.5665,26.93,86.56,61.95,3.82,6.75,8,222,2,-0.8660254037844384,-0.5000000000000004,-0.6287628145958345,-0.7775971469736268,4.1844,5.8356,5.2891,4.559314285714286,4.758836666666667
2019-08-11,4.5442,27.36,84.67,59.55,2.54,0.17,8,223,2,-0.8660254037844384,-0.5000000000000004,-0.6420547132365636,-0.7666588193001592,4.5665,4.1844,5.0074,4.456085714285714,4.704556666666666
2019-08-12,5.1137,28.33,82.54,77.36,2.2,0.01,8,224,2,-0.8660254037844384,-0.5000000000000004,-0.655156357209085,-0.7554933140726804,4.5442,4.5665,5.1614,4.389914285714285,4.639013333333334
2019-08-13,3.8573,28.12,80.84,96.88,2.51,15.5,8,225,2,-0.8660254037844384,-0.5000000000000004,-0.6680638642135333,-0.7441039398713608,5.1137,4.5442,2.9446,4.3831,4.588903333333334
2019-08-14,2.8495,27.72,83.91,96.14,2.1,13.48,8,226,2,-0.8660254037844384,-0.5000000000000004,-0.6807734094770159,-0.7324940716135792,3.8573,5.1137,3.4927,4.513485714285714,4.513753333333333
2019-08-15,2.855,26.48,90.05,99.53,2.84,18.97,8,227,2,-0.8660254037844384,-0.5000000000000004,-0.6932812268869771,-0.7206671495538615,2.8495,3.8573,5.8356,4.4216,4.4534633333333336
2019-08-16,2.9815,26.95,88.41,99.05,3.22,28.35,8,228,2,-0.8660254037844384,-0.5000000000000004,-0.7055836101071774,-0.70862667826446,2.855,2.8495,4.1844,3.9957999999999996,4.394406666666667
2019-08-17,1.4671,25.97,91.52,99.04,3.71,31.58,8,229,2,-0.8660254037844384,-0.5000000000000004,-0.7176769136759615,-0.6963762255968726,2.9815,2.855,4.5665,3.8239571428571426,4.31687
2019-08-18,5.197,27.11,87.01,88.44,2.94,2.22,8,230,2,-0.8660254037844384,-0.5000000000000004,-0.7295575540864876,-0.6839194216246104,1.4671,2.9815,4.5442,3.3811857142857145,4.244253333333334
2019-08-19,6.1056,27.42,84.24,67.06,2.54,1.2,8,231,2,-0.8660254037844384,-0.5000000000000004,-0.7412220108485957,-0.6712599575675315,5.197,1.4671,5.1137,3.474442857142857,4.26039
2019-08-20,6.6977,27.46,81.92,57.32,3.05,0.11,8,232,2,-0.8660254037844384,-0.5000000000000004,-0.7526668275320083,-0.6584015846980489,6.1056,5.197,3.8573,3.616142857142857,4.272703333333334
2019-08-21,6.8453,27.2,81.6,57.64,3.38,3.92,8,233,2,-0.8660254037844384,-0.5000000000000004,-0.7638886127905429,-0.64534811322955,6.6977,6.1056,2.8495,4.021914285714286,4.282633333333334
2019-08-22,6.4178,27.23,80.58,73.48,2.78,2.47,8,234,2,-0.8660254037844384,-0.5000000000000004,-0.7748840413670406,-0.6321034111873488,6.8453,6.6977,2.855,4.5927428571428575,4.2991633333333334
2019-08-23,6.0566,27.22,80.61,67.67,2.78,2.18,8,235,2,-0.8660254037844384,-0.5000000000000004,-0.7856498550787144,-0.6186714032625032,6.4178,6.8453,2.9815,5.101714285714286,4.28821
2019-08-24,5.8421,27.43,79.76,88.29,2.51,0.43,8,236,2,-0.8660254037844384,-0.5000000000000004,-0.7961828637826154,-0.6050560696488494,6.0566,6.4178,1.4671,5.541014285714285,4.32909
2019-08-25,4.0519,26.55,86.2,95.49,1.54,14.78,8,237,2,-0.8660254037844384,-0.5000000000000004,-0.8064799463209447,-0.5912614448635782,5.8421,6.0566,5.197,6.166014285714286,4.44986
2019-08-26,4.715,26.36,88.35,85.06,1.37,4.58,8,238,2,-0.8660254037844384,-0.5000000000000004,-0.8165380514459157,-0.5772916165517278,4.0519,5.8421,6.1056,6.002428571428572,4.543396666666667
2019-08-27,4.4957,27.12,84.32,86.22,1.81,4.74,8,239,2,-0.8660254037844384,-0.5000000000000004,-0.8263541987239094,-0.5631507242749187,4.715,4.0519,6.6977,5.803771428571428,4.64381
2019-08-28,4.9253,27.73,83.82,89.2,2.18,3.5,8,240,2,-0.8660254037844384,-0.5000000000000004,-0.8359254794186365,-0.5488429582847199,4.4957,4.715,6.8453,5.489199999999999,4.663706666666666
2019-08-29,5.357,28.05,85.58,92.66,1.07,2.12,8,241,2,-0.8660254037844384,-0.5000000000000004,-0.8452490573530634,-0.5343725582809785,4.9253,4.4957,6.4178,5.214914285714285,4.66174
2019-08-30,4.5451,28.13,84.44,90.2,1.14,4.29,8,242,2,-0.8660254037844384,-0.5000000000000004,-0.8543221697498269,-0.5197438121555157,5.357,4.9253,6.0566,5.063371428571428,4.64886
2019-08-31,5.4746,28.85,80.52,72.92,0.73,5.94,8,243,2,-0.8660254037844384,-0.5000000000000004,-0.8631421280499115,-0.5049610547215202,4.5451,5.357,5.8421,4.847442857142857,4.651916666666667
2019-09-01,3.7157,28.66,80.95,94.54,1.2,7.0,9,244,2,-1.0,-1.8369701987210297e-16,-0.8717063187093217,-0.4900286664290594,5.4746,4.5451,4.0519,4.794942857142857,4.69578
2019-09-02,4.488,28.46,83.02,83.62,0.74,3.59,9,245,2,-1.0,-1.8369701987210297e-16,-0.8800122039735356,-0.4749510720670502,3.7157,5.4746,4.715,4.746914285714285,4.686413333333333
2019-09-03,5.119,28.72,83.49,79.87,1.13,9.57,9,246,2,-1.0,-1.8369701987210297e-16,-0.888057322629493,-0.4597327394521046,4.488,3.7157,4.4957,4.714485714285715,4.6597100000000005
2019-09-04,4.0658,27.28,90.75,85.67,1.64,2.28,9,247,2,-1.0,-1.8369701987210297e-16,-0.8958392907349089,-0.4443781781046134,5.119,4.488,4.9253,4.803528571428572,4.663430000000001
2019-09-05,5.0374,27.25,85.57,90.78,1.07,1.11,9,248,2,-1.0,-1.8369701987210297e-16,-0.9033558023246842,-0.4288919379124841,4.0658,5.119,5.357,4.6807428571428575,4.62691
2019-09-06,4.0202,28.22,84.65,92.15,1.04,0.88,9,249,2,-1.0,-1.8369701987210297e-16,-0.9106046300942162,-0.41327860778290443,5.0374,4.0658,4.5451,4.635085714285714,4.696669999999999
2019-09-07,3.2378,28.5,83.29,97.53,0.62,3.07,9,250,2,-1.0,-1.8369701987210297e-16,-0.9175836260593934,-0.3975428142825566,4.0202,5.0374,5.4746,4.5601,4.714253333333334
2019-09-08,4.86,27.4,88.74,92.28,1.09,1.72,9,251,2,-1.0,-1.8369701987210297e-16,-0.9242907221930934,-0.3816892202666586,3.2378,4.0202,3.7157,4.240557142857143,4.6276600000000006
2019-09-09,5.8015,29.02,75.59,70.19,1.59,0.07,9,252,2,-1.0,-1.8369701987210297e-16,-0.9307239310379793,-0.3657225234972692,4.86,3.2378,4.488,4.404028571428571,4.65018
2019-09-10,5.6885,28.98,73.47,66.99,0.84,0.0,9,253,2,-1.0,-1.8369701987210297e-16,-0.9368813462954315,-0.34964745525122826,5.8015,4.86,5.119,4.591671428571429,4.691346666666666
2019-09-11,5.9717,29.19,79.25,61.89,1.74,0.03,9,254,2,-1.0,-1.8369701987210297e-16,-0.9427611433904206,-0.33346877891818705,5.6885,5.8015,4.0658,4.673028571428572,4.72949
2019-09-12,5.5262,29.32,81.71,84.05,1.95,1.06,9,255,2,-1.0,-1.8369701987210297e-16,-0.9483615800121716,-0.31719128858910595,5.9717,5.6885,5.0374,4.9453000000000005,4.758089999999999
2019-09-13,3.8609,28.36,84.0,92.8,1.01,3.05,9,256,2,-1.0,-1.8369701987210297e-16,-0.9536809966304455,-0.300819807635668,5.5262,5.9717,4.0202,5.015128571428571,4.813720000000001
2019-09-14,4.8869,27.83,83.31,78.59,1.38,8.28,9,257,2,-1.0,-1.8369701987210297e-16,-0.9587178169872964,-0.2843591872810036,3.8609,5.5262,3.2378,4.992371428571429,4.847433333333333
2019-09-15,2.9093,27.77,81.01,97.67,1.35,17.62,9,258,2,-1.0,-1.8369701987210297e-16,-0.9634705485641486,-0.26781430516217486,4.8869,3.8609,4.86,5.227957142857143,4.915163333333334
2019-09-16,5.8106,28.2,79.69,57.51,1.93,1.94,9,259,2,-1.0,-1.8369701987210297e-16,-0.9679377830240642,-0.25119006388481957,2.9093,4.8869,5.8015,4.949285714285715,4.912756666666667
2019-09-17,5.6724,28.32,78.79,66.85,1.67,0.85,9,260,2,-1.0,-1.8369701987210297e-16,-0.9721181966290612,-0.23449138957041052,5.8106,2.9093,5.6885,4.950585714285714,5.05754
2019-09-18,5.4362,28.19,78.32,69.12,1.02,0.7,9,261,2,-1.0,-1.8369701987210297e-16,-0.9760105506323682,-0.21772323039653224,5.6724,5.8106,5.9717,4.948285714285714,5.073386666666667
2019-09-19,5.7079,26.18,84.25,60.67,1.83,0.0,9,262,2,-1.0,-1.8369701987210297e-16,-0.9796136916454901,-0.20089055513063528,5.4362,5.6724,5.5262,4.871785714285714,5.051073333333333
2019-09-20,5.0731,26.03,82.74,63.63,1.7,0.03,9,263,2,-1.0,-1.8369701987210297e-16,-0.9829265519799822,-0.18399835165767986,5.7079,5.4362,3.8609,4.897742857142857,5.01808
2019-09-21,3.8309,26.62,81.62,92.92,1.3,1.62,9,264,2,-1.0,-1.8369701987210297e-16,-0.9859481499638303,-0.1670516255021195,5.0731,5.7079,4.8869,5.070914285714286,4.959006666666666
2019-09-22,5.6578,25.7,86.1,55.62,2.11,0.97,9,265,2,-1.0,-1.8369701987210297e-16,-0.9886775902323404,-0.15005539834465262,3.8309,5.0731,2.9093,4.920057142857144,4.872776666666667
2019-09-23,5.4,25.21,84.92,49.29,2.01,0.24,9,266,2,-1.0,-1.8369701987210297e-16,-0.9911140639934546,-0.13301470653419636,5.6578,3.8309,5.8106,5.3127,4.8594833333333325
2019-09-24,3.9372,25.39,85.36,51.21,1.75,0.23,9,267,2,-1.0,-1.8369701987210297e-16,-0.9932568492674143,-0.11593459959550066,5.4,5.6578,5.6724,5.254042857142857,4.8447466666666665
2019-09-25,4.2113,24.86,89.0,66.46,2.45,5.39,9,268,2,-1.0,-1.8369701987210297e-16,-0.9951053111006974,-0.09882013873287211,3.9372,5.4,5.4362,5.006157142857143,4.8409233333333335
2019-09-26,4.1114,24.79,88.65,85.03,1.65,1.83,9,269,2,-1.0,-1.8369701987210297e-16,-0.99665890175417,-0.08167639533042288,4.2113,3.9372,5.7079,4.8311714285714285,4.824133333333334
2019-09-27,4.8017,25.66,84.1,86.61,1.33,1.31,9,270,2,-1.0,-1.8369701987210297e-16,-0.9979171608653922,-0.06450844944931625,4.1114,4.2113,5.0731,4.6030999999999995,4.811323333333334
2019-09-28,3.9838,25.57,82.21,83.25,1.76,0.29,9,271,2,-1.0,-1.8369701987210297e-16,-0.9988797155850335,-0.04732138832243232,4.8017,4.1114,3.8309,4.564328571428572,4.807203333333333
2019-09-29,3.8683,25.16,83.03,69.16,1.82,3.79,9,272,2,-1.0,-1.8369701987210297e-16,-0.9995462806873573,-0.03012030484690836,3.9838,4.8017,5.6578,4.586171428571428,4.76143
2019-09-30,4.6944,25.13,81.57,77.71,1.68,1.5,9,273,2,-1.0,-1.8369701987210297e-16,-0.9999166586547379,-0.012910296075008843,3.8683,3.9838,5.4,4.330528571428571,4.73887
2019-10-01,4.1652,25.47,79.95,89.69,1.05,0.26,10,274,3,-0.8660254037844386,0.5000000000000001,-0.9999907397361901,0.004303538296243821,4.6944,3.8683,3.9372,4.229728571428571,4.712863333333333
2019-10-02,5.3119,25.19,80.69,62.16,1.2,0.52,10,275,3,-0.8660254037844386,0.5000000000000001,-0.9997685019798909,0.021516097436222233,4.1652,4.6944,4.2113,4.262300000000001,4.727846666666666
2019-10-03,5.0882,25.0,78.5,69.22,1.51,2.97,10,276,3,-0.8660254037844386,0.5000000000000001,-0.9992500112396835,0.03872228089217399,5.3119,4.1652,4.1114,4.419528571428571,4.75531
2019-10-04,5.5171,24.7,73.22,63.37,0.98,0.38,10,277,3,-0.8660254037844386,0.5000000000000001,-0.9984354211555643,0.05591699010060302,5.0882,5.3119,4.8017,4.559071428571428,4.754283333333333
2019-10-05,5.5783,24.88,71.77,52.38,1.15,0.0,10,278,3,-0.8660254037844386,0.5000000000000001,-0.9973249731081555,0.07309512989807776,5.5171,5.0882,3.9838,4.661271428571429,4.80266
2019-10-06,4.8305,25.22,69.03,67.49,0.63,0.56,10,279,3,-0.8660254037844386,0.5000000000000001,-0.9959189961471792,0.0902516100310407,5.5783,5.5171,3.8683,4.889057142857142,4.82069
2019-10-07,3.9768,24.61,73.91,70.6,1.16,3.4,10,280,3,-0.8660254037844386,0.5000000000000001,-0.994217906893952,0.10738134666416306,4.8305,5.5783,4.6944,5.026514285714285,4.8477
2019-10-08,5.4953,24.04,66.1,46.65,1.38,0.0,10,281,3,-0.8660254037844386,0.5000000000000001,-0.9922222094179324,0.12447926388678869,3.9768,4.8305,4.1652,4.9239999999999995,4.872333333333333
2019-10-09,5.7701,24.82,54.67,53.68,0.84,0.0,10,282,3,-0.8660254037844386,0.5000000000000001,-0.989932495087353,0.141540295217043,5.4953,3.9768,5.3119,5.114014285714285,4.893510000000001
2019-10-10,5.8483,24.45,55.22,55.85,1.14,0.0,10,283,3,-0.8660254037844386,0.5000000000000001,-0.9873494423939864,0.15855938510313475,5.7701,5.4953,5.0882,5.179471428571428,4.892463333333334
2019-10-11,5.7223,24.65,52.77,47.28,1.12,0.0,10,284,3,-0.8660254037844386,0.5000000000000001,-0.9844738167520923,0.17553149042142777,5.8483,5.7701,5.5171,5.288057142857142,4.8977900000000005
2019-10-12,5.407,25.19,55.32,62.96,0.87,0.0,10,285,3,-0.8660254037844386,0.5000000000000001,-0.9813064702716093,0.19245158197082995,5.7223,5.8483,5.5783,5.317371428571429,4.889476666666667
2019-10-13,5.3069,25.75,61.04,63.31,1.16,0.0,10,286,3,-0.8660254037844386,0.5000000000000001,-0.9778483415056567,0.20931464596304888,5.407,5.7223,4.8305,5.2929,4.885503333333333
2019-10-14,5.4422,26.42,53.13,43.84,1.04,0.0,10,287,3,-0.8660254037844386,0.5000000000000001,-0.9741004551724206,0.22611568550828803,5.3069,5.407,3.9768,5.360957142857143,4.933703333333333
2019-10-15,5.2514,26.23,53.55,38.42,0.69,0.0,10,288,3,-0.8660254037844386,0.5000000000000001,-0.970063921851507,0.2428497220959358,5.4422,5.3069,5.4953,5.5703000000000005,4.952213333333334
2019-10-16,5.1494,25.39,58.98,62.73,0.79,0.0,10,289,3,-0.8660254037844386,0.5000000000000001,-0.965739937654855,0.25951179706979943,5.2514,5.4422,5.7701,5.535457142857143,5.030283333333333
2019-10-17,4.8067,24.35,72.02,65.77,1.61,0.0,10,290,3,-0.8660254037844386,0.5000000000000001,-0.9611297838723007,0.27609697309746883,5.1494,5.2514,5.8483,5.446785714285714,5.008243333333334
2019-10-18,4.7498,24.77,73.49,62.01,1.47,0.19,10,291,3,-0.8660254037844386,0.5000000000000001,-0.9562348265919058,0.2926003356333479,4.8067,5.1494,5.7223,5.297985714285715,4.979386666666667
2019-10-19,3.9614,24.79,70.38,81.46,0.81,0.2,10,292,3,-0.8660254037844386,0.5000000000000001,-0.9510565162951536,0.30901699437494723,4.7498,4.8067,5.407,5.159057142857143,4.956506666666667
2019-10-20,4.4873,25.23,53.64,65.7,0.61,0.0,10,293,3,-0.8660254037844386,0.5000000000000001,-0.9455963874271428,0.3253420847119795,3.9614,4.7498,5.3069,4.952542857142857,4.89829
2019-10-21,4.608,24.58,44.68,67.7,0.79,0.0,10,294,3,-0.8660254037844386,0.5000000000000001,-0.9398560579418953,0.341570769167856,4.4873,3.9614,5.4422,4.835457142857144,4.878763333333334
2019-10-22,4.6942,23.11,46.36,73.86,1.2,0.0,10,295,3,-0.8660254037844386,0.5000000000000001,-0.9338372288229252,0.35769823883312546,4.608,4.4873,5.2514,4.716285714285715,4.9046666666666665
2019-10-23,5.0971,22.99,44.62,64.4,1.06,0.0,10,296,3,-0.8660254037844386,0.5000000000000001,-0.9275416835791965,0.3737197147904692,4.6942,4.608,5.1494,4.636685714285714,4.872546666666666
2019-10-24,5.0746,23.18,46.46,62.4,1.04,0.0,10,297,3,-0.8660254037844386,0.5000000000000001,-0.9209712877166347,0.38963044953078774,5.0971,4.6942,4.8067,4.629214285714285,4.86245
2019-10-25,4.7062,21.88,59.68,57.24,1.53,0.0,10,298,3,-0.8660254037844386,0.5000000000000001,-0.9141279881853337,0.4054257283599973,5.0746,5.0971,4.7498,4.667485714285713,4.900363333333333
2019-10-26,4.7431,21.5,70.04,41.58,1.46,0.0,10,299,3,-0.8660254037844386,0.5000000000000001,-0.9070138128026362,0.42110087079608916,4.7062,5.0746,3.9614,4.661257142857143,4.91686
2019-10-27,4.9668,22.52,60.14,44.9,0.9,0.0,10,300,3,-0.8660254037844386,0.5000000000000001,-0.8996308696522434,0.4366512319560638,4.7431,4.7062,4.4873,4.772928571428571,4.937916666666666
2019-10-28,2.6486,22.71,63.05,97.21,0.9,0.0,10,301,3,-0.8660254037844386,0.5000000000000001,-0.8919813464595487,0.45207220393230374,4.9668,4.7431,4.608,4.841428571428572,4.943420000000001
2019-10-29,2.9342,23.93,62.56,92.56,0.74,0.0,10,302,3,-0.8660254037844386,0.5000000000000001,-0.8840675099433637,0.46735921715800205,2.6486,4.9668,4.6942,4.561514285714286,4.898913333333334
2019-10-30,3.7627,24.29,56.97,67.88,0.95,0.0,10,303,3,-0.8660254037844386,0.5000000000000001,-0.8758917051442433,0.48250774176121763,2.9342,2.6486,5.0971,4.310085714285714,4.867776666666667
2019-10-31,4.5595,24.87,63.42,54.7,0.97,0.0,10,304,3,-0.8660254037844386,0.5000000000000001,-0.8674563547295971,0.4975132889071803,3.7627,2.9342,5.0746,4.119457142857143,4.83672
2019-11-01,4.4556,25.08,65.65,53.49,0.95,0.01,11,305,3,-0.5000000000000004,0.8660254037844384,-0.858763958275803,0.5123714121284235,4.5595,3.7627,4.7062,4.045871428571429,4.849863333333333
2019-11-02,4.0562,24.56,63.34,25.75,0.95,0.6,11,306,3,-0.5000000000000004,0.8660254037844384,-0.8498170915275277,0.5270777086423724,4.4556,4.5595,4.7431,4.010071428571429,4.82132
2019-11-03,3.8393,23.44,70.38,63.75,1.17,2.91,11,307,3,-0.5000000000000004,0.8660254037844384,-0.8406184056344783,0.5416278206559811,4.0562,4.4556,4.9668,3.911942857142857,4.786919999999999
2019-11-04,4.1287,23.43,63.09,45.43,1.24,0.19,11,308,3,-0.5000000000000004,0.8660254037844384,-0.8311706263658079,0.5560174366570446,3.8393,4.0562,2.6486,3.7508714285714286,4.730993333333333
2019-11-05,4.6896,22.37,50.21,44.77,1.33,0.0,11,309,3,-0.5000000000000004,0.8660254037844384,-0.8214765533024145,0.5702422926917867,4.1287,3.8393,2.9342,3.962314285714286,4.682673333333333
2019-11-06,3.2081,22.29,53.66,92.35,1.91,0.0,11,310,3,-0.5000000000000004,0.8660254037844384,-0.8115390590073611,0.5842981736283683,4.6896,4.1287,3.7627,4.2130857142857145,4.677976666666667
2019-11-07,3.9578,19.79,82.1,67.94,2.05,1.99,11,311,3,-0.5000000000000004,0.8660254037844384,-0.801361088174677,0.5981809144059159,3.2081,4.6896,4.5595,4.133857142857143,4.652353333333334
2019-11-08,4.1837,22.13,72.94,63.61,1.13,0.03,11,312,3,-0.5000000000000004,0.8660254037844384,-0.7909456567567774,0.6118864012687242,3.9578,3.2081,4.4556,4.0479,4.601103333333333
2019-11-09,3.9041,21.85,61.36,59.3,2.01,0.0,11,313,3,-0.5000000000000004,0.8660254037844384,-0.780295851070776,0.6254105729852457,4.1837,3.9578,4.0562,4.009057142857143,4.548223333333334
2019-11-10,4.0078,21.55,56.42,35.38,1.34,0.0,11,314,3,-0.5000000000000004,0.8660254037844384,-0.7694148268839381,0.6387494220515268,3.9041,4.1837,3.8393,3.987328571428572,4.483416666666667
2019-11-11,3.8117,22.61,60.84,35.43,1.27,0.0,11,315,3,-0.5000000000000004,0.8660254037844384,-0.7583058084785625,0.6518989958787125,4.0078,3.9041,4.1287,4.0114,4.426266666666667
2019-11-12,3.7548,21.85,61.61,30.53,1.26,0.0,11,316,3,-0.5000000000000004,0.8660254037844384,-0.7469720876965551,0.6648553979642866,3.8117,4.0078,4.6896,3.9661142857142857,4.37309
2019-11-13,3.3607,21.84,68.6,73.37,1.35,0.0,11,317,3,-0.5000000000000004,0.8660254037844384,-0.7354170229639858,0.6776147890466887,3.7548,3.8117,3.2081,3.8325714285714283,4.321353333333334
2019-11-14,3.1596,21.83,74.79,73.44,1.3,0.21,11,318,3,-0.5000000000000004,0.8660254037844384,-0.7236440382959124,0.690173388242972,3.3607,3.7548,3.9578,3.854371428571429,4.25197
2019-11-15,3.5544,21.63,59.36,42.13,1.08,0.0,11,319,3,-0.5000000000000004,0.8660254037844384,-0.711656622281775,0.7025274741691566,3.1596,3.3607,4.1837,3.740342857142857,4.182243333333333
2019-11-16,3.6029,20.34,57.07,21.63,1.71,0.0,11,320,3,-0.5000000000000004,0.8660254037844384,-0.6994583270516471,0.7146733860429608,3.5544,3.1596,3.9041,3.6504428571428567,4.129076666666666
2019-11-17,4.1436,19.65,62.81,33.8,2.79,0.0,11,321,3,-0.5000000000000004,0.8660254037844384,-0.6870527672236675,0.7266075247685652,3.6029,3.5544,4.0078,3.6074142857142855,4.0889500000000005
2019-11-18,4.051,19.44,58.64,59.42,1.92,0.0,11,322,3,-0.5000000000000004,0.8660254037844384,-0.6744436188329457,0.7383263540031063,4.1436,3.6029,3.8117,3.626814285714286,4.068743333333333
2019-11-19,4.225,20.11,53.28,58.7,1.24,0.0,11,323,3,-0.5000000000000004,0.8660254037844384,-0.661634618242279,0.749826401204568,4.051,4.1436,3.7548,3.6610000000000005,4.07173
2019-11-20,4.2415,20.33,53.32,22.38,1.19,0.0,11,324,3,-0.5000000000000004,0.8660254037844384,-0.6486295610349818,0.7611042586607742,4.225,4.051,3.3607,3.7281714285714287,4.062986666666666
2019-11-21,3.6864,20.9,62.7,76.55,1.02,0.0,11,325,3,-0.5000000000000004,0.8660254037844384,-0.6354323008901775,0.7721565844991641,4.2415,4.225,3.1596,3.854,4.050770000000001
2019-11-22,3.419,20.23,67.69,83.8,1.28,0.0,11,326,3,-0.5000000000000004,0.8660254037844384,-0.622046748440868,0.7829801036770624,3.6864,4.2415,3.5544,3.9292571428571432,4.017176666666667
2019-11-23,3.0154,20.64,71.44,86.97,0.54,0.0,11,327,3,-0.5000000000000004,0.8660254037844384,-0.6084768701151264,0.7935716089521472,3.419,3.6864,3.6029,3.909914285714286,3.9612399999999997
2019-11-24,3.0634,19.45,69.47,75.69,0.85,0.0,11,328,3,-0.5000000000000004,0.8660254037844384,-0.594726686960764,0.8039279618328208,3.0154,3.419,4.1436,3.8259857142857143,3.8926
2019-11-25,3.3931,20.3,69.64,28.36,1.38,0.0,11,329,3,-0.5000000000000004,0.8660254037844384,-0.5808002734538013,0.8140460935082175,3.0634,3.0154,4.051,3.6716714285714285,3.83784
2019-11-26,3.1541,21.08,68.78,23.04,1.74,0.32,11,330,3,-0.5000000000000004,0.8660254037844384,-0.5667017562911184,0.8239230057575536,3.3931,3.0634,4.225,3.5776857142857144,3.79284
2019-11-27,3.1932,20.84,66.89,47.61,1.5,0.3,11,331,3,-0.5000000000000004,0.8660254037844384,-0.5524353131676203,0.8335557718385695,3.1541,3.3931,4.2415,3.4247,3.7324166666666665
2019-11-28,2.8332,20.21,69.9,61.87,1.43,0.09,11,332,3,-0.5000000000000004,0.8660254037844384,-0.5380051715382992,0.8429415373547832,3.1932,3.1541,3.6864,3.2749428571428574,3.75057
2019-11-29,1.7758,19.08,72.7,52.78,2.23,0.0,11,333,3,-0.5000000000000004,0.8660254037844384,-0.5234156073655503,0.8520775211013093,2.8332,3.1932,3.419,3.153057142857143,3.747203333333333
2019-11-30,2.8248,17.03,60.82,38.35,1.69,0.0,11,334,3,-0.5000000000000004,0.8660254037844384,-0.5086709438521042,0.8609610158889945,1.7758,2.8332,3.0154,2.9183142857142856,3.680973333333333
2019-12-01,2.4902,16.62,54.44,27.06,1.42,0.0,12,335,0,-2.4492935982947064e-16,1.0,-0.49377555015997737,0.8695893893466109,2.8248,1.7758,3.0634,2.8910857142857145,3.62315
2019-12-02,3.4534,15.8,43.33,5.14,1.66,0.0,12,336,0,-2.4492935982947064e-16,1.0,-0.4787338401157883,0.8779600847008883,2.4902,2.8248,3.3931,2.8092,3.557636666666667
2019-12-03,4.3685,16.56,34.63,4.74,1.66,0.0,12,337,0,-2.4492935982947064e-16,1.0,-0.4635502709028512,0.8860706215341378,3.4534,2.4902,3.1541,2.817814285714286,3.5375433333333333
2019-12-04,4.4554,16.71,33.96,11.7,1.23,0.0,12,338,0,-2.4492935982947064e-16,1.0,-0.4482293417404106,0.893918596519257,4.3685,3.4534,3.1932,2.9913000000000003,3.5551833333333334
2019-12-05,4.171,15.27,44.69,30.99,1.42,0.0,12,339,0,-2.4492935982947064e-16,1.0,-0.4327755925504317,0.9015016841318838,4.4554,4.3685,2.8332,3.1716142857142855,3.5660733333333337
2019-12-06,2.7818,14.69,47.81,84.04,1.45,0.0,12,340,0,-2.4492935982947064e-16,1.0,-0.41719360261231697,0.9088176373395028,4.171,4.4554,1.7758,3.3627285714285713,3.5487866666666665
2019-12-07,3.2292,15.65,49.16,12.54,1.48,0.0,12,341,0,-2.4492935982947064e-16,1.0,-0.4014879892059737,0.9158642882672868,2.7818,4.171,2.8248,3.506442857142857,3.5345766666666667
2019-12-08,3.0821,15.74,53.96,5.14,1.22,0.0,12,342,0,-2.4492935982947064e-16,1.0,-0.38566340624360745,0.9226395488404875,3.2292,2.7818,2.4902,3.564214285714286,3.51029
2019-12-09,3.029,16.4,56.38,18.41,0.82,0.0,12,343,0,-2.4492935982947064e-16,1.0,-0.3697245428906732,0.9291414114031743,3.0821,3.2292,3.4534,3.648771428571429,3.4735700000000005
2019-12-10,3.2314,16.87,57.16,3.52,0.66,0.0,12,344,0,-2.4492935982947064e-16,1.0,-0.35367612217637207,0.935367949313148,3.029,3.0821,4.3685,3.588142857142857,3.4444000000000004
2019-12-11,2.7098,16.54,62.9,62.76,1.07,0.0,12,345,0,-2.4492935982947064e-16,1.0,-0.33752289959411347,0.941317317512847,3.2314,3.029,4.4554,3.4256999999999995,3.41852
2019-12-12,2.8814,14.66,85.25,66.02,1.04,7.59,12,346,0,-2.4492935982947064e-16,1.0,-0.32126966169236515,0.9469877530760751,2.7098,3.2314,4.171,3.1763285714285714,3.38179
2019-12-13,2.3628,13.88,78.53,60.52,2.15,0.34,12,347,0,-2.4492935982947064e-16,1.0,-0.3049212246562894,0.9523775757303973,2.8814,2.7098,2.7818,2.9920999999999998,3.3526766666666665
2019-12-14,3.6125,12.37,68.31,10.85,1.41,0.0,12,348,0,-2.4492935982947064e-16,1.0,-0.2884824328806098,0.9574851883550389,2.3628,2.8814,3.2292,2.932242857142857,3.3194133333333338
2019-12-15,3.5969,11.67,62.26,7.18,1.87,0.0,12,349,0,-2.4492935982947064e-16,1.0,-0.27195815753410524,0.9623090774541487,3.6125,2.3628,3.0821,2.9869999999999997,3.3345100000000003
2019-12-16,3.1464,10.23,66.52,36.58,1.64,0.0,12,350,0,-2.4492935982947064e-16,1.0,-0.2553532951161881,0.9668478136052773,3.5969,3.6125,3.029,3.060542857142857,3.335926666666667
2019-12-17,2.5442,10.06,62.27,56.44,1.54,0.0,12,351,0,-2.4492935982947064e-16,1.0,-0.23867276600594997,0.9711000518829505,3.1464,3.5969,3.2314,3.077314285714286,3.32071
2019-12-18,3.4078,10.43,63.95,36.07,0.94,0.0,12,352,0,-2.4492935982947064e-16,1.0,-0.22192151300416674,0.9750645322571945,2.5442,3.1464,2.7098,2.9791428571428575,3.267396666666666
2019-12-19,3.8971,12.18,58.59,39.16,1.12,0.0,12,353,0,-2.4492935982947064e-16,1.0,-0.20510449986861926,0.9787400799669153,3.4078,2.5442,2.8814,3.0788571428571427,3.245956666666667
2019-12-20,3.786,13.83,54.4,53.41,0.71,0.0,12,354,0,-2.4492935982947064e-16,1.0,-0.1882267098432439,0.9821256058680006,3.8971,3.4078,2.3628,3.223957142857143,3.2350266666666667
2019-12-21,3.6989,14.9,53.24,12.25,1.17,0.0,12,355,0,-2.4492935982947064e-16,1.0,-0.1712931441814778,0.9852201067560606,3.786,3.8971,3.6125,3.4272714285714287,3.219843333333333
2019-12-22,3.6986,12.65,53.56,3.51,1.59,0.0,12,356,0,-2.4492935982947064e-16,1.0,-0.154308820664281,0.9880226656636976,3.6989,3.786,3.5969,3.4396142857142857,3.22026
2019-12-23,3.8146,12.71,49.76,33.67,1.39,0.0,12,357,0,-2.4492935982947064e-16,1.0,-0.13727877211326517,0.9905324521322227,3.6986,3.6989,3.1464,3.4541428571428567,3.2295800000000003
2019-12-24,2.9594,12.85,51.3,13.76,1.66,0.0,12,358,0,-2.4492935982947064e-16,1.0,-0.12020804489935275,0.9927487224577402,3.8146,3.6986,2.5442,3.5495999999999994,3.2562200000000003
2019-12-25,3.5292,11.77,46.53,5.46,1.53,0.0,12,359,0,-2.4492935982947064e-16,1.0,-0.10310169744743544,0.9946708199115211,2.9594,3.8146,3.4078,3.6089142857142855,3.252753333333333
2019-12-26,4.1354,10.6,40.19,3.96,1.74,0.0,12,360,0,-2.4492935982947064e-16,1.0,-0.0859647987374467,0.9962981749346077,3.5292,2.9594,3.8971,3.626257142857143,3.25729
2019-12-27,4.2242,10.3,39.41,4.82,1.01,0.0,12,361,0,-2.4492935982947064e-16,1.0,-0.06880242680232064,0.9976303053065857,4.1354,3.5292,3.786,3.6602999999999994,3.29
2019-12-28,4.0548,8.84,49.35,12.15,1.26,0.0,12,362,0,-2.4492935982947064e-16,1.0,-0.05161966722325418,0.9986668162884759,4.2242,4.1354,3.6989,3.7228999999999997,3.3243666666666667
2019-12-29,3.6986,8.58,49.68,18.86,1.5,0.0,12,363,0,-2.4492935982947064e-16,1.0,-0.034421611622745804,0.9994074007397048,4.0548,4.2242,3.6986,3.7737428571428566,3.365086666666667
2019-12-30,3.5957,8.45,52.2,28.96,1.52,0.0,12,364,0,-2.4492935982947064e-16,1.0,-0.01721335615583528,0.9998518392091162,3.6986,4.0548,3.8146,3.773742857142857,3.42918
2019-12-31,2.8615,8.53,61.33,54.51,1.66,0.0,12,365,0,-2.4492935982947064e-16,1.0,6.432490598706546e-16,1.0,3.5957,3.6986,2.9594,3.7424714285714282,3.454876666666667
2020-01-01,3.109,10.54,59.16,16.1,2.6,0.0,1,1,0,0.49999999999999994,0.8660254037844387,0.017213356155834685,0.9998518392091162,2.8615,3.5957,3.5292,3.728485714285714,3.4672533333333333
2020-01-02,2.0486,11.08,77.23,31.36,2.07,0.0,1,2,0,0.49999999999999994,0.8660254037844387,0.03442161162274574,0.9994074007397048,3.109,2.8615,4.1354,3.6684571428571426,3.4557733333333336
2020-01-03,3.4272,13.77,67.38,3.55,1.05,0.0,1,3,0,0.49999999999999994,0.8660254037844387,0.051619667223253764,0.998666816288476,2.0486,3.109,4.2242,3.3703428571428566,3.3784433333333337
2020-01-04,2.5625,14.38,62.85,15.06,0.87,0.0,1,4,0,0.49999999999999994,0.8660254037844387,0.06880242680231986,0.9976303053065857,3.4272,2.0486,4.0548,3.256485714285714,3.3441699999999996
2020-01-05,3.0936,14.67,50.03,34.11,0.71,0.0,1,5,0,0.49999999999999994,0.8660254037844387,0.08596479873744647,0.9962981749346078,2.5625,3.4272,3.6986,3.0433,3.2905533333333334
2020-01-06,3.4771,14.94,56.47,62.97,1.6,0.0,1,6,0,0.49999999999999994,0.8660254037844387,0.10310169744743485,0.9946708199115211,3.0936,2.5625,3.5957,2.9568714285714286,3.3009466666666665
2020-01-07,3.4418,15.61,60.7,67.26,1.8,0.09,1,7,0,0.49999999999999994,0.8660254037844387,0.1202080448993527,0.9927487224577402,3.4771,3.0936,2.8615,2.9399285714285717,3.30921
2020-01-08,2.3062,13.36,69.06,45.95,2.65,0.31,1,8,0,0.49999999999999994,0.8660254037844387,0.13727877211326478,0.9905324521322229,3.4418,3.4771,3.109,3.022828571428571,3.3211999999999997
2020-01-09,4.4198,9.68,59.23,3.94,1.88,0.0,1,9,0,0.49999999999999994,0.8660254037844387,0.15430882066428117,0.9880226656636976,2.3062,3.4418,2.0486,2.908142857142857,3.2971066666666666
2020-01-10,4.4986,9.37,47.32,5.58,1.36,0.0,1,10,0,0.49999999999999994,0.8660254037844387,0.1712931441814776,0.9852201067560606,4.4198,2.3062,3.4272,3.2468857142857144,3.33672
2020-01-11,4.2984,10.94,41.47,21.85,1.4,0.0,1,11,0,0.49999999999999994,0.8660254037844387,0.1882267098432442,0.9821256058680006,4.4986,4.4198,2.5625,3.3999428571428574,3.3963466666666666
2020-01-12,4.1602,13.53,41.27,2.32,1.65,0.0,1,12,0,0.49999999999999994,0.8660254037844387,0.2051044998686192,0.9787400799669153,4.2984,4.4986,3.0936,3.647928571428572,3.44358
2020-01-13,2.7418,14.59,67.15,26.27,3.14,0.01,1,13,0,0.49999999999999994,0.8660254037844387,0.2219215130041655,0.9750645322571948,4.1602,4.2984,3.4771,3.8003,3.503493333333333
2020-01-14,4.0999,12.55,65.88,4.77,1.92,0.0,1,14,0,0.49999999999999994,0.8660254037844387,0.2386727660059501,0.9711000518829505,2.7418,4.1602,3.4418,3.6952571428571424,3.4744699999999997
2020-01-15,2.7564,13.62,61.27,40.77,1.94,0.46,1,15,0,0.49999999999999994,0.8660254037844387,0.255353295116187,0.9668478136052775,4.0999,2.7418,2.3062,3.7892714285714284,3.4912366666666665
2020-01-16,1.4482,11.49,77.85,64.6,2.47,1.13,1,16,0,0.49999999999999994,0.8660254037844387,0.2719581575341055,0.9623090774541486,2.7564,4.0999,4.4198,3.8535857142857144,3.4782366666666666
2020-01-17,3.8352,11.69,65.36,13.66,1.29,0.01,1,17,0,0.49999999999999994,0.8660254037844387,0.288482432880609,0.9574851883550393,1.4482,2.7564,4.4986,3.4290714285714285,3.441703333333334
2020-01-18,3.5158,11.96,62.51,24.23,1.52,0.0,1,18,0,0.49999999999999994,0.8660254037844387,0.30492122465628907,0.9523775757303974,3.8352,1.4482,4.2984,3.3343,3.45595
2020-01-19,3.7553,11.12,56.8,34.54,1.26,0.0,1,19,0,0.49999999999999994,0.8660254037844387,0.3212696616923644,0.9469877530760753,3.5158,3.8352,4.1602,3.2224999999999997,3.4432400000000003
2020-01-20,3.3118,11.92,47.55,61.91,1.17,0.0,1,20,0,0.49999999999999994,0.8660254037844387,0.3375228995941133,0.9413173175128471,3.7553,3.5158,2.7418,3.1646571428571426,3.442216666666667
2020-01-21,4.2379,13.88,50.47,42.94,1.88,0.0,1,21,0,0.49999999999999994,0.8660254037844387,0.3536761221763716,0.9353679493131483,3.3118,3.7553,4.0999,3.2460857142857145,3.4293133333333334
2020-01-22,4.2079,13.25,51.45,8.61,2.04,0.0,1,22,0,0.49999999999999994,0.8660254037844387,0.3697245428906731,0.9291414114031743,4.2379,3.3118,2.7564,3.2657999999999996,3.44729
2020-01-23,4.6966,11.77,51.17,34.13,2.54,0.0,1,23,0,0.49999999999999994,0.8660254037844387,0.38566340624360707,0.9226395488404876,4.2079,4.2379,1.4482,3.473157142857143,3.4604
2020-01-24,4.8386,12.22,41.72,30.11,1.72,0.0,1,24,0,0.49999999999999994,0.8660254037844387,0.401487989205973,0.9158642882672872,4.6966,4.2079,3.8352,3.937214285714286,3.518306666666667
2020-01-25,4.7251,15.28,37.24,9.61,0.96,0.0,1,25,0,0.49999999999999994,0.8660254037844387,0.4171936026123168,0.9088176373395029,4.8386,4.6966,3.5158,4.080557142857143,3.5619533333333333
2020-01-26,4.7834,17.0,37.94,11.17,1.19,0.0,1,26,0,0.49999999999999994,0.8660254037844387,0.4327755925504312,0.901501684131884,4.7251,4.8386,3.7553,4.253314285714286,3.58161
2020-01-27,4.2833,16.48,51.14,22.59,1.73,0.24,1,27,0,0.49999999999999994,0.8660254037844387,0.4482293417404106,0.893918596519257,4.7834,4.7251,3.3118,4.400185714285715,3.6002500000000004
2020-01-28,3.6998,16.0,60.52,39.08,2.06,0.06,1,28,0,0.49999999999999994,0.8660254037844387,0.4635502709028509,0.886070621534138,4.2833,4.7834,4.2379,4.538971428571428,3.6078666666666668
2020-01-29,4.8475,13.79,47.05,12.13,1.53,0.0,1,29,0,0.49999999999999994,0.8660254037844387,0.47873384011578846,0.8779600847008882,3.6998,4.2833,4.2079,4.4621,3.6079066666666666
2020-01-30,4.8886,12.57,47.64,4.48,1.63,0.0,1,30,0,0.49999999999999994,0.8660254037844387,0.49377555015997715,0.869589389346611,4.8475,3.6998,4.6966,4.553471428571428,3.649633333333333
2020-01-31,4.9865,13.12,39.96,2.66,1.48,0.0,1,31,0,0.49999999999999994,0.8660254037844387,0.5086709438521044,0.8609610158889943,4.8886,4.8475,4.8386,4.5809,3.7172033333333334
2020-02-01,4.9044,13.09,39.1,4.61,1.28,0.0,2,32,0,0.8660254037844386,0.5000000000000001,0.5234156073655503,0.8520775211013093,4.9865,4.8886,4.7251,4.602028571428571,3.7797866666666664
2020-02-02,5.0124,13.12,42.65,6.19,1.1,0.0,2,33,0,0.8660254037844386,0.5000000000000001,0.5380051715382996,0.8429415373547828,4.9044,4.9865,4.7834,4.627642857142858,3.8749800000000003
2020-02-03,4.8883,13.12,37.98,11.47,1.29,0.0,2,34,0,0.8660254037844386,0.5000000000000001,0.5524353131676196,0.8335557718385699,5.0124,4.9044,4.2833,4.660357142857143,3.92782
2020-02-04,4.3706,14.07,42.53,13.23,1.46,0.0,2,35,0,0.8660254037844386,0.5000000000000001,0.5667017562911176,0.8239230057575542,4.8883,5.0124,3.6998,4.746785714285715,4.005346666666667
2020-02-05,4.4448,13.67,44.74,10.61,1.57,0.0,2,36,0,0.8660254037844386,0.5000000000000001,0.5808002734538009,0.8140460935082178,4.3706,4.8883,4.8475,4.842614285714285,4.047913333333334
2020-02-06,4.7522,13.91,38.17,2.61,1.33,0.0,2,37,0,0.8660254037844386,0.5000000000000001,0.5947266869607634,0.8039279618328213,4.4448,4.3706,4.8886,4.785085714285715,4.08017
2020-02-07,4.889,12.68,41.77,3.89,1.92,0.0,2,38,0,0.8660254037844386,0.5000000000000001,0.6084768701151261,0.7935716089521474,4.7522,4.4448,4.9865,4.7656,4.12385
2020-02-08,4.956,13.02,40.03,1.61,1.47,0.0,2,39,0,0.8660254037844386,0.5000000000000001,0.6220467484408675,0.7829801036770629,4.889,4.7522,4.9044,4.751671428571428,4.209943333333333
2020-02-09,4.9567,14.37,33.29,14.3,0.97,0.0,2,40,0,0.8660254037844386,0.5000000000000001,0.6354323008901774,0.7721565844991642,4.956,4.889,5.0124,4.759042857142857,4.227816666666667
2020-02-10,4.9769,15.39,27.72,8.25,0.94,0.0,2,41,0,0.8660254037844386,0.5000000000000001,0.6486295610349814,0.7611042586607747,4.9567,4.956,4.8883,4.751085714285715,4.243086666666667
2020-02-11,5.088,15.63,33.31,15.84,1.05,0.0,2,42,0,0.8660254037844386,0.5000000000000001,0.6616346182422783,0.7498264012045686,4.9769,4.9567,4.3706,4.763742857142857,4.265703333333334
2020-02-12,5.1626,17.27,34.26,11.87,1.11,0.0,2,43,0,0.8660254037844386,0.5000000000000001,0.6744436188329455,0.7383263540031065,5.088,4.9769,4.4448,4.866228571428572,4.2966299999999995
2020-02-13,5.1756,18.5,36.17,5.23,1.77,0.0,2,44,0,0.8660254037844386,0.5000000000000001,0.6870527672236669,0.7266075247685656,5.1626,5.088,4.7522,4.968771428571428,4.377323333333334
2020-02-14,5.0856,17.76,35.45,27.95,2.6,0.0,2,45,0,0.8660254037844386,0.5000000000000001,0.699458327051647,0.7146733860429609,5.1756,5.1626,4.889,5.029257142857142,4.41318
2020-02-15,5.7154,17.14,22.09,21.69,2.09,0.0,2,46,0,0.8660254037844386,0.5000000000000001,0.7116566222817746,0.7025274741691571,5.0856,5.1756,4.956,5.0573428571428565,4.49082
2020-02-16,5.8574,19.43,17.78,2.07,1.49,0.0,2,47,0,0.8660254037844386,0.5000000000000001,0.7236440382959124,0.6901733882429719,5.7154,5.0856,4.9567,5.165828571428571,4.63306
2020-02-17,5.7034,19.46,18.48,3.8,1.47,0.0,2,48,0,0.8660254037844386,0.5000000000000001,0.7354170229639855,0.6776147890466889,5.8574,5.7154,4.9769,5.2945,4.700466666666667
2020-02-18,5.7418,19.91,18.17,6.3,1.63,0.0,2,49,0,0.8660254037844386,0.5000000000000001,0.7469720876965552,0.6648553979642865,5.7034,5.8574,5.088,5.398285714285715,4.773386666666667
2020-02-19,4.7887,19.46,24.31,75.56,1.7,0.0,2,50,0,0.8660254037844386,0.5000000000000001,0.7583058084785624,0.6518989958787126,5.7418,5.7034,5.1626,5.4916857142857145,4.839603333333333
2020-02-20,4.9469,19.97,37.02,38.15,1.94,0.63,2,51,0,0.8660254037844386,0.5000000000000001,0.7694148268839378,0.6387494220515272,4.7887,5.7418,5.1756,5.438271428571428,4.888833333333333
2020-02-21,4.8571,17.24,49.17,19.44,2.72,0.45,2,52,0,0.8660254037844386,0.5000000000000001,0.7802958510707755,0.6254105729852464,4.9469,4.7887,5.0856,5.4056,4.912466666666666
2020-02-22,4.8026,17.12,62.4,3.44,2.0,0.0,2,53,0,0.8660254037844386,0.5000000000000001,0.7909456567567772,0.6118864012687243,4.8571,4.9469,5.7154,5.372957142857143,4.934106666666667
2020-02-23,3.7486,18.13,58.75,21.28,1.54,0.0,2,54,0,0.8660254037844386,0.5000000000000001,0.8013610881746766,0.5981809144059165,4.8026,4.8571,5.8574,5.242557142857144,4.93764
2020-02-24,4.2883,18.85,52.39,7.27,1.45,0.0,2,55,0,0.8660254037844386,0.5000000000000001,0.8115390590073611,0.5842981736283683,3.7486,4.8026,5.7034,4.9413,4.901306666666667
2020-02-25,5.3006,20.02,37.5,3.38,1.57,0.0,2,56,0,0.8660254037844386,0.5000000000000001,0.8214765533024142,0.5702422926917871,4.2883,3.7486,5.7418,4.739142857142857,4.886746666666666
2020-02-26,5.6078,20.21,39.28,7.32,1.38,0.0,2,57,0,0.8660254037844386,0.5000000000000001,0.8311706263658079,0.5560174366570446,5.3006,4.2883,4.7887,4.676114285714285,4.9039866666666665
2020-02-27,4.7114,22.29,34.84,70.39,1.48,0.0,2,58,0,0.8660254037844386,0.5000000000000001,0.8406184056344782,0.5416278206559814,5.6078,5.3006,4.9469,4.793128571428572,4.948136666666667
2020-02-28,3.5611,22.27,37.31,86.73,2.03,0.0,2,59,0,0.8660254037844386,0.5000000000000001,0.8498170915275278,0.5270777086423722,4.7114,5.6078,4.8571,4.759485714285715,4.981856666666666
2020-02-29,5.2682,22.95,41.98,14.95,1.52,0.06,2,60,0,0.8660254037844386,0.5000000000000001,0.8587639582758029,0.5123714121284237,3.5611,4.7114,4.8026,4.574342857142858,4.938976666666666
2020-03-01,5.4482,21.92,47.44,50.07,1.8,0.05,3,61,1,1.0,6.123233995736766e-17,0.8674563547295969,0.49751328890718066,5.2682,3.5611,3.7486,4.6408571428571435,4.95163
2020-03-02,4.781,22.23,44.57,69.97,1.11,0.0,3,62,1,1.0,6.123233995736766e-17,0.8758917051442429,0.48250774176121847,5.4482,5.2682,4.2883,4.883657142857143,4.96702
2020-03-03,4.4213,22.63,41.04,69.95,1.21,0.08,3,63,1,1.0,6.123233995736766e-17,0.8840675099433636,0.4673592171580022,4.781,5.4482,5.3006,4.954042857142857,4.962906666666667
2020-03-04,4.393,21.83,46.43,74.32,1.95,4.78,3,64,1,1.0,6.123233995736766e-17,0.8919813464595485,0.45207220393230435,4.4213,4.781,5.6078,4.828428571428572,4.943203333333333
2020-03-05,4.5821,20.37,62.65,80.1,2.6,4.01,3,65,1,1.0,6.123233995736766e-17,0.8996308696522433,0.43665123195606403,4.393,4.4213,4.7114,4.654885714285714,4.926693333333334
2020-03-06,4.6176,17.32,67.93,74.88,2.66,10.32,3,66,1,1.0,6.123233995736766e-17,0.9070138128026359,0.4211008707960896,4.5821,4.393,3.5611,4.636414285714286,4.933743333333334
2020-03-07,6.1958,16.56,64.77,59.22,1.84,0.0,3,67,1,1.0,6.123233995736766e-17,0.9141279881853337,0.40542572835999735,4.6176,4.5821,5.2682,4.787342857142858,4.939503333333334
2020-03-08,6.3065,18.38,53.29,58.12,1.47,0.0,3,68,1,1.0,6.123233995736766e-17,0.9209712877166346,0.38963044953078796,6.1958,4.6176,5.4482,4.9198571428571425,4.9876233333333335
2020-03-09,6.2179,18.79,43.72,61.86,1.72,0.0,3,69,1,1.0,6.123233995736766e-17,0.9275416835791966,0.37371971479046906,6.3065,6.1958,4.781,5.042471428571429,5.0348733333333335
2020-03-10,4.7594,17.91,47.82,72.86,2.67,1.56,3,70,1,1.0,6.123233995736766e-17,0.9338372288229252,0.35769823883312546,6.2179,6.3065,4.4213,5.247742857142858,5.0769366666666675
2020-03-11,5.3246,19.31,55.58,67.96,2.82,0.15,3,71,1,1.0,6.123233995736766e-17,0.9398560579418954,0.3415707691678556,4.7594,6.2179,4.393,5.296042857142857,5.07036
2020-03-12,6.4836,18.54,44.27,60.45,2.2,0.0,3,72,1,1.0,6.123233995736766e-17,0.9455963874271426,0.3253420847119801,5.3246,4.7594,4.5821,5.4291285714285715,5.08195
2020-03-13,6.2177,17.71,31.89,65.51,2.21,0.0,3,73,1,1.0,6.123233995736766e-17,0.9510565162951535,0.30901699437494745,6.4836,5.3246,4.6176,5.700771428571429,5.128470000000001
2020-03-14,6.4512,16.94,43.68,56.04,2.3,0.0,3,74,1,1.0,6.123233995736766e-17,0.9562348265919056,0.29260033563334836,6.2177,6.4836,6.1958,5.929357142857143,5.16364
2020-03-15,5.8018,17.17,48.33,76.24,1.56,0.03,3,75,1,1.0,6.123233995736766e-17,0.9611297838723007,0.27609697309746883,6.4512,6.2177,6.3065,5.9658428571428574,5.20616
2020-03-16,5.6244,18.8,45.05,73.98,1.09,0.0,3,76,1,1.0,6.123233995736766e-17,0.9657399376548549,0.2595117970697999,5.8018,6.4512,6.2179,5.893742857142857,5.230033333333334
2020-03-17,6.3862,21.43,37.65,57.48,1.28,0.0,3,77,1,1.0,6.123233995736766e-17,0.9700639218515071,0.2428497220959356,5.6244,5.8018,4.7594,5.808957142857143,5.227
2020-03-18,6.3528,23.18,35.22,65.58,1.14,0.0,3,78,1,1.0,6.123233995736766e-17,0.9741004551724205,0.22611568550828828,6.3862,5.6244,5.3246,6.041357142857143,5.244626666666666
2020-03-19,5.9993,24.0,34.1,76.34,1.86,0.0,3,79,1,1.0,6.123233995736766e-17,0.9778483415056568,0.20931464596304847,6.3528,6.3862,6.4836,6.188242857142858,5.2662733333333325
2020-03-20,5.3683,24.1,36.4,79.48,1.75,0.34,3,80,1,1.0,6.123233995736766e-17,0.9813064702716093,0.19245158197082998,5.9993,6.3528,6.2177,6.119057142857143,5.2748566666666665
2020-03-21,6.5076,24.98,33.18,62.75,0.64,0.41,3,81,1,1.0,6.123233995736766e-17,0.9844738167520922,0.1755314904214282,5.3683,5.9993,6.4512,5.997714285714285,5.294176666666667
2020-03-22,6.049,25.33,30.55,71.73,1.49,0.0,3,82,1,1.0,6.123233995736766e-17,0.9873494423939864,0.15855938510313475,6.5076,5.3683,5.8018,6.005771428571428,5.3462
2020-03-23,4.3848,24.43,38.76,88.32,1.54,0.0,3,83,1,1.0,6.123233995736766e-17,0.989932495087353,0.141540295217043,6.049,6.5076,5.6244,6.041085714285714,5.38593
2020-03-24,4.8605,26.73,36.48,85.76,1.76,0.84,3,84,1,1.0,6.123233995736766e-17,0.9922222094179323,0.12447926388678915,4.3848,6.049,6.3862,5.864,5.372003333333334
2020-03-25,5.3568,25.38,45.5,79.15,1.98,3.03,3,85,1,1.0,6.123233995736766e-17,0.994217906893952,0.10738134666416309,4.8605,4.3848,6.3528,5.646042857142858,5.409066666666666
2020-03-26,3.8892,23.41,61.59,98.57,2.9,4.16,3,86,1,1.0,6.123233995736766e-17,0.995918996147179,0.09025161003104117,5.3568,4.8605,5.9993,5.503757142857142,5.444683333333334
2020-03-27,4.1594,21.47,69.76,86.26,2.44,5.44,3,87,1,1.0,6.123233995736766e-17,0.9973249731081555,0.07309512989807777,3.8892,5.3568,5.3683,5.202314285714286,5.397636666666667
2020-03-28,6.8666,22.35,49.06,58.43,1.27,0.0,3,88,1,1.0,6.123233995736766e-17,0.9984354211555643,0.055916990100603484,4.1594,3.8892,6.5076,5.0296142857142865,5.349356666666667
2020-03-29,6.8143,23.0,40.48,53.17,1.99,0.0,3,89,1,1.0,6.123233995736766e-17,0.9992500112396835,0.03872228089217446,6.8666,4.1594,6.049,5.0809,5.421196666666668
2020-03-30,6.7742,23.45,39.17,60.05,1.84,0.0,3,90,1,1.0,6.123233995736766e-17,0.9997685019798909,0.021516097436222254,6.8143,6.8666,4.3848,5.190228571428571,5.529636666666667
2020-03-31,5.742,24.84,36.21,72.65,2.18,0.02,3,91,1,1.0,6.123233995736766e-17,0.9999907397361901,0.004303538296244289,6.7742,6.8143,4.8605,5.5315714285714295,5.579836666666666
2020-04-01,6.7195,25.14,35.85,54.24,2.2,0.01,4,92,1,0.8660254037844387,-0.4999999999999998,0.9999166586547379,-0.01291029607500882,5.742,6.7742,5.3568,5.6575,5.5896300000000005
2020-04-02,6.703,23.97,37.85,60.65,2.78,0.0,4,93,1,0.8660254037844387,-0.4999999999999998,0.9995462806873573,-0.030120304846908114,6.7195,5.742,3.8892,5.852171428571429,5.654246666666666
2020-04-03,7.0272,23.94,26.84,55.24,2.53,0.0,4,94,1,0.8660254037844387,-0.4999999999999998,0.9988797155850336,-0.04732138832243185,6.703,6.7195,4.1594,6.254142857142857,5.7303033333333335
2020-04-04,7.1914,25.14,26.82,58.94,1.81,0.0,4,95,1,0.8660254037844387,-0.4999999999999998,0.9979171608653922,-0.06450844944931623,7.0272,6.703,6.8666,6.663828571428572,5.81811
2020-04-05,7.2658,27.09,26.97,53.43,2.2,0.0,4,96,1,0.8660254037844387,-0.4999999999999998,0.9966589017541702,-0.08167639533042241,7.1914,7.0272,6.8143,6.710228571428572,5.905086666666667
2020-04-06,7.2331,27.4,27.58,61.06,2.35,0.0,4,97,1,0.8660254037844387,-0.4999999999999998,0.9951053111006976,-0.09882013873287143,7.2658,7.1914,6.7742,6.774728571428571,5.993359999999999
2020-04-07,6.8021,28.32,24.35,73.65,1.59,0.0,4,98,1,0.8660254037844387,-0.4999999999999998,0.9932568492674143,-0.11593459959550041,7.2331,7.2658,5.742,6.840285714285714,6.027936666666666
2020-04-08,6.8887,26.7,30.55,69.59,2.73,0.32,4,99,1,0.8660254037844387,-0.4999999999999998,0.9911140639934547,-0.1330147065341959,6.8021,7.2331,6.7195,6.991728571428572,6.044456666666666
2020-04-09,7.134,26.37,27.95,66.1,2.42,0.0,4,100,1,0.8660254037844387,-0.4999999999999998,0.9886775902323405,-0.1500553983446526,6.8887,6.8021,6.703,7.0159,6.066816666666666
2020-04-10,6.8998,29.37,22.61,66.87,1.64,0.0,4,101,1,0.8660254037844387,-0.4999999999999998,0.9859481499638304,-0.16705162550211924,7.134,6.8887,7.0272,7.077471428571429,6.14597
2020-04-11,7.0087,31.24,22.58,64.8,2.45,0.0,4,102,1,0.8660254037844387,-0.4999999999999998,0.9829265519799822,-0.18399835165768005,6.8998,7.134,7.1914,7.059271428571429,6.198476666666667
2020-04-12,7.1918,29.99,29.18,59.51,2.81,0.0,4,103,1,0.8660254037844387,-0.4999999999999998,0.9796136916454901,-0.20089055513063506,7.0087,6.8998,7.2658,7.033171428571428,6.21598
2020-04-13,6.7632,32.08,25.16,69.66,1.85,0.0,4,104,1,0.8660254037844387,-0.4999999999999998,0.9760105506323683,-0.21772323039653177,7.1918,7.0087,7.2331,7.0226,6.248450000000001
2020-04-14,6.1522,32.09,21.21,90.15,2.54,0.0,4,105,1,0.8660254037844387,-0.4999999999999998,0.9721181966290613,-0.23449138957040985,6.7632,7.1918,6.8021,6.955471428571428,6.25885
2020-04-15,6.1603,31.51,18.68,74.93,2.82,0.0,4,106,1,0.8660254037844387,-0.4999999999999998,0.9679377830240642,-0.25119006388481935,6.1522,6.7632,6.8887,6.862628571428571,6.270529999999999
2020-04-16,7.1825,32.03,23.06,64.93,2.17,0.0,4,107,1,0.8660254037844387,-0.4999999999999998,0.9634705485641488,-0.2678143051621742,6.1603,6.1522,7.134,6.758571428571429,6.288393333333333
2020-04-17,6.019,30.8,23.21,77.55,2.56,0.0,4,108,1,0.8660254037844387,-0.4999999999999998,0.9587178169872964,-0.2843591872810034,7.1825,6.1603,6.8998,6.7655,6.314936666666667
2020-04-18,6.1562,30.21,26.71,87.43,2.87,0.01,4,109,1,0.8660254037844387,-0.4999999999999998,0.9536809966304457,-0.30081980763566735,6.019,7.1825,7.0087,6.639671428571428,6.30381
2020-04-19,6.2378,29.38,31.5,87.92,3.1,0.58,4,110,1,0.8660254037844387,-0.4999999999999998,0.9483615800121715,-0.3171912885891061,6.1562,6.019,7.1918,6.517885714285714,6.3090399999999995
2020-04-20,4.2778,24.66,43.56,93.47,1.58,0.2,4,111,1,0.8660254037844387,-0.4999999999999998,0.9427611433904207,-0.3334687789181868,6.2378,6.1562,6.7632,6.3816,6.338023333333334
2020-04-21,6.7526,27.9,39.36,64.21,1.9,0.0,4,112,1,0.8660254037844387,-0.4999999999999998,0.9368813462954315,-0.3496474552512284,4.2778,6.2378,6.1522,6.026542857142857,6.263696666666666
2020-04-22,7.3243,29.69,26.76,60.29,2.07,0.0,4,113,1,0.8660254037844387,-0.4999999999999998,0.9307239310379795,-0.36572252349726897,6.7526,4.2778,6.1603,6.112314285714286,6.28715
2020-04-23,6.0566,28.03,37.22,80.57,1.41,4.41,4,114,1,0.8660254037844387,-0.4999999999999998,0.9242907221930933,-0.3816892202666588,7.3243,6.7526,7.1825,6.2786,6.385133333333333
2020-04-24,7.0656,31.01,34.46,59.34,1.6,1.36,4,115,1,0.8660254037844387,-0.4999999999999998,0.9175836260593937,-0.39754281428255595,6.0566,7.3243,6.019,6.117757142857143,6.425003333333334
2020-04-25,6.6998,30.21,36.23,63.14,1.65,1.18,4,116,1,0.8660254037844387,-0.4999999999999998,0.9106046300942162,-0.41327860778290415,7.0656,6.0566,6.1562,6.267271428571428,6.481963333333334
2020-04-26,6.5731,30.36,35.96,66.06,2.22,1.4,4,117,1,0.8660254037844387,-0.4999999999999998,0.9033558023246845,-0.4288919379124835,6.6998,7.0656,6.2378,6.344928571428572,6.5756499999999996
2020-04-27,7.2768,30.7,34.71,51.08,2.4,0.79,4,118,1,0.8660254037844387,-0.4999999999999998,0.895839290734909,-0.44437817810461316,6.5731,6.6998,4.2778,6.392828571428572,6.656106666666667
2020-04-28,7.2468,30.69,32.1,37.29,2.28,0.0,4,119,1,0.8660254037844387,-0.4999999999999998,0.8880573226294932,-0.45973273945210397,7.2768,6.5731,6.7526,6.821257142857142,6.66978
2020-04-29,6.2357,30.98,35.38,71.68,1.82,1.93,4,120,1,0.8660254037844387,-0.4999999999999998,0.8800122039735357,-0.47495107206704995,7.2468,7.2768,7.3243,6.891857142857143,6.684196666666666
2020-04-30,6.3199,31.93,33.5,76.71,2.39,0.62,4,121,1,0.8660254037844387,-0.4999999999999998,0.8717063187093218,-0.4900286664290592,6.2357,7.2468,6.0566,6.736342857142858,6.666246666666667
2020-05-01,7.6366,32.33,30.63,49.56,2.53,0.93,5,122,1,0.49999999999999994,-0.8660254037844387,0.8631421280499114,-0.5049610547215204,6.3199,6.2357,7.0656,6.773957142857142,6.685509999999999
2020-05-02,7.577,32.71,22.48,55.62,3.26,0.0,5,123,1,0.49999999999999994,-0.8660254037844387,0.854322169749827,-0.5197438121555155,7.6366,6.3199,6.6998,6.855528571428572,6.716080000000001
2020-05-03,5.9875,32.2,32.16,81.89,2.1,5.45,5,124,1,0.49999999999999994,-0.8660254037844387,0.8452490573530633,-0.5343725582809786,7.577,7.6366,6.5731,6.980842857142856,6.745213333333334
2020-05-04,6.3396,30.21,41.46,70.5,1.98,2.01,5,125,1,0.49999999999999994,-0.8660254037844387,0.8359254794186372,-0.548842958284719,5.9875,7.577,7.2768,6.8971857142857145,6.710556666666667
2020-05-05,7.4539,30.39,35.66,60.1,1.96,0.36,5,126,1,0.49999999999999994,-0.8660254037844387,0.8263541987239096,-0.5631507242749186,6.3396,5.9875,7.2468,6.7633,6.6821633333333335
2020-05-06,5.8735,31.96,30.53,76.56,1.63,2.11,5,127,1,0.49999999999999994,-0.8660254037844387,0.8165380514459161,-0.5772916165517272,7.4539,6.3396,6.2357,6.792885714285714,6.688433333333334
2020-05-07,7.9426,30.84,38.39,55.18,2.08,0.75,5,128,1,0.49999999999999994,-0.8660254037844387,0.8064799463209448,-0.5912614448635781,5.8735,7.4539,6.3199,6.741142857142856,6.643113333333333
2020-05-08,7.4362,32.52,27.2,69.99,1.88,0.0,5,129,1,0.49999999999999994,-0.8660254037844387,0.7961828637826158,-0.6050560696488488,7.9426,5.8735,7.6366,6.972957142857142,6.68113
2020-05-09,7.487,34.13,21.49,64.13,1.47,0.0,5,130,1,0.49999999999999994,-0.8660254037844387,0.7856498550787147,-0.6186714032625031,7.4362,7.9426,7.577,6.944328571428572,6.699380000000001
2020-05-10,5.9462,34.48,22.41,77.75,2.48,0.82,5,131,1,0.49999999999999994,-0.8660254037844387,0.7748840413670407,-0.6321034111873487,7.487,7.4362,5.9875,6.931471428571428,6.711146666666666
2020-05-11,6.1723,33.87,28.17,79.38,1.87,2.78,5,132,1,0.49999999999999994,-0.8660254037844387,0.7638886127905428,-0.6453481132295501,5.9462,7.487,6.3396,6.925571428571429,6.67936
2020-05-12,6.349,33.34,31.15,81.34,1.6,0.0,5,133,1,0.49999999999999994,-0.8660254037844387,0.7526668275320085,-0.6584015846980488,6.1723,5.9462,7.4539,6.9016714285714285,6.65148
2020-05-13,6.6526,32.72,31.1,54.22,2.0,1.26,5,134,1,0.49999999999999994,-0.8660254037844387,0.7412220108485958,-0.6712599575675313,6.349,6.1723,5.8735,6.743828571428572,6.623386666666666
2020-05-14,6.9614,33.88,29.27,54.79,2.32,0.02,5,135,1,0.49999999999999994,-0.8660254037844387,0.7295575540864875,-0.6839194216246106,6.6526,6.349,7.9426,6.855128571428572,6.6197
2020-05-15,6.5086,34.17,28.23,72.88,3.38,0.05,5,136,1,0.49999999999999994,-0.8660254037844387,0.717676913675962,-0.6963762255968722,6.9614,6.6526,7.4362,6.714957142857144,6.646673333333334
2020-05-16,7.0841,33.75,28.13,58.48,2.48,0.05,5,137,1,0.49999999999999994,-0.8660254037844387,0.705583610107178,-0.7086266782644596,6.5086,6.9614,7.487,6.5824428571428575,6.658283333333333
2020-05-17,6.4435,34.35,20.14,79.25,2.59,0.15,5,138,1,0.49999999999999994,-0.8660254037844387,0.6932812268869777,-0.7206671495538609,7.0841,6.5086,5.9462,6.524885714285715,6.655003333333334
2020-05-18,7.1155,33.48,14.07,90.51,2.64,0.0,5,139,1,0.49999999999999994,-0.8660254037844387,0.6807734094770161,-0.7324940716135789,6.4435,7.0841,6.1723,6.595928571428572,6.669153333333333
2020-05-19,7.819,33.12,14.44,58.34,3.38,0.0,5,140,1,0.49999999999999994,-0.8660254037844387,0.6680638642135335,-0.7441039398713607,7.1155,6.4435,6.349,6.730671428571428,6.701130000000001
2020-05-20,8.1715,32.51,14.37,60.91,3.75,0.0,5,141,1,0.49999999999999994,-0.8660254037844387,0.6551563572090853,-0.7554933140726803,7.819,7.1155,6.6526,6.940671428571429,6.7538366666666665
2020-05-21,8.0352,33.89,15.51,60.06,3.2,0.0,5,142,1,0.49999999999999994,-0.8660254037844387,0.6420547132365637,-0.766658819300159,8.1715,7.819,6.9614,7.1576571428571425,6.883626666666667
2020-05-22,7.8552,35.73,19.76,57.32,3.68,0.0,5,143,1,0.49999999999999994,-0.8660254037844387,0.6287628145958344,-0.7775971469736269,8.0352,8.1715,6.5086,7.311057142857143,6.92638
2020-05-23,7.0956,37.01,22.9,77.75,4.65,0.0,5,144,1,0.49999999999999994,-0.8660254037844387,0.6152845999633276,-0.7883050558305255,7.8552,8.0352,7.0841,7.503428571428572,6.944076666666667
2020-05-24,7.6476,36.52,19.08,66.01,3.62,0.0,5,145,1,0.49999999999999994,-0.8660254037844387,0.6016240632249226,-0.7987793728863649,7.0956,7.8552,6.4435,7.505071428571428,6.97871
2020-05-25,7.4522,36.89,20.53,67.15,4.25,0.0,5,146,1,0.49999999999999994,-0.8660254037844387,0.5877852522924732,-0.8090169943749473,7.6476,7.0956,7.1155,7.677085714285714,6.99811
2020-05-26,7.4162,37.62,21.1,65.36,5.2,0.0,5,147,1,0.49999999999999994,-0.8660254037844387,0.5737722679043246,-0.8190148866680801,7.4522,7.6476,7.819,7.725185714285715,7.0231900000000005
2020-05-27,7.8821,37.48,20.44,52.82,4.48,0.0,5,148,1,0.49999999999999994,-0.8660254037844387,0.5595892624101765,-0.8287700871745038,7.4162,7.4522,8.1715,7.667642857142857,7.051293333333334
2020-05-28,7.1306,36.14,24.36,75.12,2.62,0.43,5,149,1,0.49999999999999994,-0.8660254037844387,0.545240438540651,-0.8382797052177744,7.8821,7.4162,8.0352,7.6263,7.07147
2020-05-29,6.8664,35.81,24.98,77.94,2.51,3.15,5,150,1,0.49999999999999994,-0.8660254037844387,0.5307300481619334,-0.8475409228928311,7.1306,7.8821,7.8552,7.497071428571429,7.067596666666668
2020-05-30,6.24,30.88,48.4,87.53,2.07,12.76,5,151,1,0.49999999999999994,-0.8660254037844387,0.5160623910158528,-0.8565509959010036,6.8664,7.1306,7.0956,7.3558142857142865,7.088620000000001
2020-05-31,6.2585,29.1,54.16,63.87,1.99,6.29,5,152,1,0.49999999999999994,-0.8660254037844387,0.5012418134457758,-0.865307254363206,6.24,6.8664,7.6476,7.233585714285715,7.085956666666667
2020-06-01,6.4363,29.57,57.33,61.93,1.59,7.83,6,153,2,1.2246467991473532e-16,-1.0,0.48627270710868997,-0.8738071036110808,6.2585,6.24,7.4522,7.035142857142858,7.04002
2020-06-02,7.3217,31.33,46.68,44.2,1.47,0.02,6,154,2,1.2246467991473532e-16,-1.0,0.4711595076738638,-0.8820480249558537,6.4363,6.2585,7.4162,6.890014285714286,7.001996666666667
2020-06-03,5.874,32.78,40.01,78.96,0.98,0.16,6,155,2,1.2246467991473532e-16,-1.0,0.4559066935084588,-0.8900275764346767,7.3217,6.4363,7.8821,6.876514285714286,7.046469999999999
2020-06-04,4.3555,30.17,49.48,94.74,2.96,1.07,6,156,2,1.2246467991473532e-16,-1.0,0.440518784350495,-0.8977433935342337,5.874,7.3217,7.1306,6.589642857142857,7.03095
2020-06-05,6.605,30.36,48.57,63.18,2.17,1.23,6,157,2,1.2246467991473532e-16,-1.0,0.42500033996955416,-0.9051931898913974,4.3555,5.874,6.8664,6.193199999999999,6.92767
2020-06-06,7.0162,30.84,49.9,49.71,1.36,0.06,6,158,2,1.2246467991473532e-16,-1.0,0.4093559588156213,-0.9123747579707273,6.605,4.3555,6.24,6.155857142857143,6.9520533333333345
2020-06-07,6.0089,30.96,52.17,57.76,2.63,4.2,6,159,2,1.2246467991473532e-16,-1.0,0.39359027665646673,-0.9192859697186104,7.0162,6.605,6.2585,6.266742857142857,6.921173333333334
2020-06-08,7.3044,31.63,50.17,63.51,2.4,1.55,6,160,2,1.2246467991473532e-16,-1.0,0.3777079652039649,-0.9259247771938498,6.0089,7.0162,6.4363,6.231085714285714,6.873596666666667
2020-06-09,7.4148,34.04,43.84,54.93,2.66,0.1,6,161,2,1.2246467991473532e-16,-1.0,0.36171373072976765,-0.9322892131745133,7.3044,6.0089,7.3217,6.355099999999999,6.86751
2020-06-10,6.966,34.62,42.74,64.53,3.17,0.81,6,162,2,1.2246467991473532e-16,-1.0,0.3456123126707335,-0.9383773917408641,7.4148,7.3044,5.874,6.3684,6.916463333333334
2020-06-11,6.5522,35.35,40.54,75.33,2.94,0.26,6,163,2,1.2246467991473532e-16,-1.0,0.3294084822245304,-0.9441875088341993,6.966,7.4148,4.3555,6.5244,6.94292
2020-06-12,6.671,36.18,38.35,59.78,1.73,0.17,6,164,2,1.2246467991473532e-16,-1.0,0.3131070409358269,-0.9497178427914316,6.5522,6.966,6.605,6.838214285714287,6.949693333333333
2020-06-13,5.6366,35.18,37.66,91.21,1.15,1.08,6,165,2,1.2246467991473532e-16,-1.0,0.29671281927349075,-0.9549667548552551,6.671,6.5522,7.0162,6.847642857142858,6.950306666666666
2020-06-14,5.7367,35.54,37.14,83.41,1.81,0.09,6,166,2,1.2246467991473532e-16,-1.0,0.28023067519921585,-0.9599326896597447,5.6366,6.671,6.0089,6.650557142857143,6.906146666666667
2020-06-15,7.0711,36.4,30.21,39.63,1.91,0.0,6,167,2,1.2246467991473532e-16,-1.0,0.26366549272800704,-0.9646141756912435,5.7367,5.6366,7.3044,6.611671428571428,6.880416666666666
2020-06-16,7.1866,36.58,23.37,45.4,2.72,0.0,6,168,2,1.2246467991473532e-16,-1.0,0.24702218048093552,-0.9690098257244062,7.0711,5.7367,7.4148,6.578342857142856,6.879983333333333
2020-06-17,7.2389,36.53,24.7,63.41,2.36,0.0,6,169,2,1.2246467991473532e-16,-1.0,0.23030567023061221,-0.9731183372332619,7.1866,7.0711,6.966,6.545742857142858,6.904753333333333
2020-06-18,7.3526,36.41,32.84,62.25,3.77,0.0,6,170,2,1.2246467991473532e-16,-1.0,0.21352091543979612,-0.9769384927771817,7.2389,7.1866,6.5522,6.584728571428572,6.9088666666666665
2020-06-19,7.0858,36.09,39.01,79.22,3.96,3.67,6,171,2,1.2246467991473532e-16,-1.0,0.19667288979357647,-0.980469160361632,7.3526,7.2389,6.671,6.699071428571429,6.89332
2020-06-20,6.829,34.99,42.32,62.36,3.75,3.01,6,172,2,1.2246467991473532e-16,-1.0,0.1797665857255624,-0.9837092937736097,7.0858,7.3526,5.6366,6.758328571428571,6.85713
2020-06-21,7.3956,34.36,45.93,52.93,3.43,3.59,6,173,2,1.2246467991473532e-16,-1.0,0.16280701293851715,-0.986657932891657,6.829,7.0858,5.7367,6.928671428571429,6.8169233333333334
2020-06-22,6.3965,33.67,49.01,65.4,2.16,4.58,6,174,2,1.2246467991473532e-16,-1.0,0.1457991969198751,-0.9893142039703663,7.3956,6.829,7.0711,7.1656571428571425,6.8016033333333334
2020-06-23,6.5935,34.16,45.8,61.56,2.62,0.2,6,175,2,1.2246467991473532e-16,-1.0,0.12874817745258132,-0.99167731989929,6.3965,7.3956,7.1866,7.069285714285714,6.778300000000001
2020-06-24,4.5715,33.39,53.43,95.67,1.95,1.98,6,176,2,1.2246467991473532e-16,-1.0,0.11165900712169512,-0.993746580436178,6.5935,6.3965,7.2389,6.984557142857142,6.7431633333333325
2020-06-25,6.4025,34.36,50.66,75.23,1.92,1.25,6,177,2,1.2246467991473532e-16,-1.0,0.09453674981719912,-0.9955213724144752,4.5715,6.5935,7.3526,6.603499999999999,6.647139999999999
2020-06-26,5.5874,34.35,49.68,93.11,3.71,2.86,6,178,2,1.2246467991473532e-16,-1.0,0.07738647923346301,-0.9970011699250151,6.4025,4.5715,7.0858,6.467771428571429,6.61335
2020-06-27,7.068,35.09,42.99,65.76,4.49,0.03,6,179,2,1.2246467991473532e-16,-1.0,0.06021327736579302,-0.9981855344718586,5.5874,6.4025,6.829,6.2537142857142864,6.536860000000001
2020-06-28,7.1573,35.83,39.75,69.05,4.35,0.0,6,180,2,1.2246467991473532e-16,-1.0,0.04302223300453059,-0.99907411510223,7.068,5.5874,7.3956,6.287857142857143,6.534773333333333
2020-06-29,7.2497,36.26,40.86,66.04,3.09,1.15,6,181,2,1.2246467991473532e-16,-1.0,0.02581844022713308,-0.9996666485105112,7.1573,7.068,6.3965,6.253814285714285,6.5444700000000005
2020-06-30,6.0233,37.09,36.11,89.56,1.61,1.67,6,182,2,1.2246467991473532e-16,-1.0,0.008606996888688698,-0.9999629591162655,7.2497,7.1573,6.5935,6.3757,6.578126666666666
2020-07-01,5.6544,35.69,44.87,92.15,2.82,2.51,7,183,2,-0.4999999999999997,-0.8660254037844388,-0.008606996888688009,-0.9999629591162655,6.0233,7.2497,4.5715,6.294242857142858,6.570286666666666
2020-07-02,6.9072,35.3,47.21,64.47,3.6,0.38,7,184,2,-0.4999999999999997,-0.8660254037844388,-0.02581844022713239,-0.9996666485105112,5.6544,6.0233,6.4025,6.448942857142858,6.544223333333333
2020-07-03,6.3763,36.37,43.81,90.57,3.08,0.26,7,185,2,-0.4999999999999997,-0.8660254037844388,-0.04302223300453034,-0.99907411510223,6.9072,5.6544,5.5874,6.521042857142858,6.530406666666667
2020-07-04,6.2518,34.45,48.97,89.2,2.17,1.45,7,186,2,-0.4999999999999997,-0.8660254037844388,-0.060213277365792774,-0.9981855344718586,6.3763,6.9072,7.068,6.633742857142857,6.54715
2020-07-05,6.2863,31.82,57.95,85.09,2.37,1.32,7,187,2,-0.4999999999999997,-0.8660254037844388,-0.07738647923346322,-0.9970011699250151,6.2518,6.3763,7.1573,6.517142857142857,6.61036
2020-07-06,4.2526,33.45,48.69,97.55,1.44,1.24,7,188,2,-0.4999999999999997,-0.8660254037844388,-0.09453674981719933,-0.9955213724144752,6.2863,6.2518,7.2497,6.392714285714285,6.599736666666667
2020-07-07,6.415,32.92,49.37,66.3,1.61,2.43,7,189,2,-0.4999999999999997,-0.8660254037844388,-0.11165900712169444,-0.9937465804361781,4.2526,6.2863,6.0233,5.964557142857143,6.507616666666666
2020-07-08,5.851,32.32,57.39,85.1,1.51,10.03,7,190,2,-0.4999999999999997,-0.8660254037844388,-0.12874817745258066,-0.99167731989929,6.415,4.2526,5.6544,6.020514285714286,6.521153333333333
2020-07-09,5.4098,31.16,65.63,91.09,3.04,7.52,7,191,2,-0.4999999999999997,-0.8660254037844388,-0.14579919691987442,-0.9893142039703664,5.851,6.415,6.9072,6.0486,6.472706666666666
2020-07-10,6.1526,32.8,54.6,98.28,3.83,0.62,7,192,2,-0.4999999999999997,-0.8660254037844388,-0.16280701293851646,-0.9866579328916572,5.4098,5.851,6.3763,5.834685714285714,6.405873333333333
2020-07-11,6.2628,32.94,57.03,95.83,3.15,0.42,7,193,2,-0.4999999999999997,-0.8660254037844388,-0.17976658572556214,-0.9837092937736098,6.1526,5.4098,6.2518,5.802728571428571,6.37876
2020-07-12,4.6176,30.68,66.47,93.54,2.76,3.9,7,194,2,-0.4999999999999997,-0.8660254037844388,-0.19667288979357622,-0.9804691603616321,6.2628,6.1526,6.2863,5.8043,6.369113333333333
2020-07-13,4.0661,31.55,62.1,98.46,2.21,2.93,7,195,2,-0.4999999999999997,-0.8660254037844388,-0.2135209154397959,-0.9769384927771817,4.6176,6.2628,4.2526,5.565914285714286,6.300666666666667
2020-07-14,6.7694,33.56,52.02,75.75,1.74,1.47,7,196,2,-0.4999999999999997,-0.8660254037844388,-0.23030567023061196,-0.973118337233262,4.0661,4.6176,6.415,5.539271428571429,6.248316666666667
2020-07-15,6.1289,33.93,50.73,81.18,1.97,0.93,7,197,2,-0.4999999999999997,-0.8660254037844388,-0.24702218048093527,-0.9690098257244063,6.7694,4.0661,5.851,5.589899999999999,6.28274
2020-07-16,5.2238,32.83,54.04,79.51,2.74,0.13,7,198,2,-0.4999999999999997,-0.8660254037844388,-0.2636654927280072,-0.9646141756912435,6.1289,6.7694,5.4098,5.629599999999999,6.251333333333333
2020-07-17,5.9918,33.51,54.53,73.56,2.87,0.12,7,199,2,-0.4999999999999997,-0.8660254037844388,-0.2802306751992161,-0.9599326896597445,5.2238,6.1289,6.1526,5.603028571428571,6.185906666666667
2020-07-18,6.594,34.85,49.54,72.77,1.37,0.27,7,200,2,-0.4999999999999997,-0.8660254037844388,-0.2967128192734901,-0.9549667548552553,5.9918,5.2238,6.2628,5.580057142857143,6.144336666666667
2020-07-19,4.7568,32.85,58.19,98.93,3.84,2.03,7,201,2,-0.4999999999999997,-0.8660254037844388,-0.3131070409358267,-0.9497178427914317,6.594,5.9918,4.6176,5.627371428571429,6.1190500000000005
2020-07-20,5.9117,33.47,52.5,92.88,3.38,1.37,7,202,2,-0.4999999999999997,-0.8660254037844388,-0.3294084822245302,-0.9441875088341994,4.7568,6.594,4.0661,5.647257142857143,6.041416666666667
2020-07-21,4.4693,32.1,56.53,93.75,2.94,2.39,7,203,2,-0.4999999999999997,-0.8660254037844388,-0.3456123126707333,-0.9383773917408642,5.9117,4.7568,6.7694,5.910914285714285,6.01084
2020-07-22,6.0934,29.95,65.73,73.26,3.36,6.55,7,204,2,-0.4999999999999997,-0.8660254037844388,-0.3617137307297674,-0.9322892131745134,4.4693,5.9117,6.1289,5.5823285714285715,5.913296666666667
2020-07-23,5.6743,31.8,58.93,81.52,2.42,1.69,7,205,2,-0.4999999999999997,-0.8660254037844388,-0.37770796520396466,-0.9259247771938499,6.0934,4.4693,5.2238,5.5772571428571425,5.903193333333333
2020-07-24,2.4595,29.62,69.0,96.33,1.39,13.72,7,206,2,-0.4999999999999997,-0.8660254037844388,-0.39359027665646645,-0.9192859697186105,5.6743,6.0934,5.9918,5.641614285714285,5.872553333333332
2020-07-25,6.0569,29.81,67.81,76.31,2.26,4.46,7,207,2,-0.4999999999999997,-0.8660254037844388,-0.4093559588156211,-0.9123747579707274,2.4595,5.6743,6.594,5.137,5.802153333333333
2020-07-26,5.5793,31.41,61.11,78.04,1.93,1.78,7,208,2,-0.4999999999999997,-0.8660254037844388,-0.42500033996955394,-0.9051931898913975,6.0569,2.4595,4.7568,5.060271428571428,5.790633333333333
2020-07-27,6.5719,32.25,56.24,65.0,3.08,1.0,7,209,2,-0.4999999999999997,-0.8660254037844388,-0.4405187843504952,-0.8977433935342336,5.5793,6.0569,5.9117,5.177771428571428,5.790363333333333
2020-07-28,6.8986,32.74,53.72,67.92,3.33,0.1,7,210,2,-0.4999999999999997,-0.8660254037844388,-0.455906693508459,-0.8900275764346766,6.5719,5.5793,4.4693,5.272085714285714,5.773826666666666
2020-07-29,5.713,32.43,56.74,90.22,2.63,4.53,7,211,2,-0.4999999999999997,-0.8660254037844388,-0.47115950767386394,-0.8820480249558535,6.8986,6.5719,6.0934,5.619128571428571,5.765203333333333
2020-07-30,5.3611,30.15,68.19,96.4,1.8,11.04,7,212,2,-0.4999999999999997,-0.8660254037844388,-0.4862727071086902,-0.8738071036110807,5.713,6.8986,5.6743,5.564785714285714,5.71398
2020-07-31,5.6762,31.53,60.15,83.98,1.52,0.95,7,213,2,-0.4999999999999997,-0.8660254037844388,-0.5012418134457756,-0.8653072543632061,5.3611,5.713,2.4595,5.520042857142857,5.691906666666666
2020-08-01,4.3663,31.68,62.15,89.66,0.97,8.68,8,214,2,-0.8660254037844384,-0.5000000000000004,-0.5160623910158526,-0.8565509959010037,5.6762,5.3611,6.0569,5.979571428571428,5.692633333333333
2020-08-02,6.737,31.3,66.39,64.09,1.81,17.29,8,215,2,-0.8660254037844384,-0.5000000000000004,-0.5307300481619331,-0.8475409228928312,4.3663,5.6762,5.5793,5.7380571428571425,5.607936666666666
2020-08-03,3.305,30.88,68.7,96.29,3.12,14.12,8,216,2,-0.8660254037844384,-0.5000000000000004,-0.5452404385406507,-0.8382797052177745,6.737,4.3663,6.5719,5.903442857142857,5.619960000000001
2020-08-04,6.3564,31.9,62.34,76.6,1.81,4.34,8,217,2,-0.8660254037844384,-0.5000000000000004,-0.5595892624101763,-0.828770087174504,3.305,6.737,6.8986,5.436742857142858,5.521733333333334
2020-08-05,3.8222,31.51,62.82,92.3,2.55,1.73,8,218,2,-0.8660254037844384,-0.5000000000000004,-0.5737722679043243,-0.8190148866680802,6.3564,3.305,5.713,5.359285714285714,5.524069999999999
2020-08-06,5.0753,29.94,71.51,89.22,4.33,4.77,8,219,2,-0.8660254037844384,-0.5000000000000004,-0.5877852522924734,-0.8090169943749472,3.8222,6.3564,5.3611,5.0891714285714285,5.509723333333333
2020-08-07,4.5955,29.99,72.33,89.44,2.87,3.11,8,220,2,-0.8660254037844384,-0.5000000000000004,-0.6016240632249227,-0.7987793728863648,5.0753,3.8222,5.6762,5.048342857142857,5.465066666666667
2020-08-08,4.099,30.93,67.94,90.55,1.34,5.47,8,221,2,-0.8660254037844384,-0.5000000000000004,-0.6152845999633277,-0.7883050558305253,4.5955,5.0753,4.3663,4.8939571428571425,5.423216666666666
2020-08-09,5.4689,30.8,69.67,84.88,1.81,6.17,8,222,2,-0.8660254037844384,-0.5000000000000004,-0.6287628145958345,-0.7775971469736268,4.099,4.5955,6.737,4.855771428571429,5.379523333333334
2020-08-10,4.3123,30.15,75.32,96.15,1.09,7.34,8,223,2,-0.8660254037844384,-0.5000000000000004,-0.6420547132365636,-0.7666588193001592,5.4689,4.099,3.305,4.674614285714286,5.356733333333334
2020-08-11,3.6902,28.49,84.27,98.07,1.53,19.19,8,224,2,-0.8660254037844384,-0.5000000000000004,-0.655156357209085,-0.7554933140726804,4.3123,5.4689,6.3564,4.818514285714286,5.291716666666667
2020-08-12,5.6381,29.0,79.28,82.72,2.55,6.13,8,225,2,-0.8660254037844384,-0.5000000000000004,-0.6680638642135333,-0.7441039398713608,3.6902,4.3123,3.8222,4.437628571428571,5.260803333333333
2020-08-13,4.4273,29.68,76.21,98.23,1.37,2.92,8,226,2,-0.8660254037844384,-0.5000000000000004,-0.6807734094770159,-0.7324940716135792,5.6381,3.6902,5.0753,4.697042857142857,5.313203333333333
2020-08-14,1.3975,28.8,82.09,99.19,1.84,30.46,8,227,2,-0.8660254037844384,-0.5000000000000004,-0.6932812268869771,-0.7206671495538615,4.4273,5.6381,4.5955,4.604471428571428,5.235133333333334
2020-08-15,4.3123,28.21,85.74,90.32,1.28,27.73,8,228,2,-0.8660254037844384,-0.5000000000000004,-0.7055836101071774,-0.70862667826446,1.3975,4.4273,4.099,4.147614285714285,5.077420000000001
2020-08-16,4.8518,28.91,83.38,90.78,1.34,2.64,8,229,2,-0.8660254037844384,-0.5000000000000004,-0.7176769136759615,-0.6963762255968726,4.3123,1.3975,5.4689,4.1780857142857135,5.047036666666667
2020-08-17,5.7017,29.62,80.6,76.05,1.64,3.37,8,230,2,-0.8660254037844384,-0.5000000000000004,-0.7295575540864876,-0.6839194216246104,4.8518,4.3123,4.3123,4.089928571428572,5.009036666666666
2020-08-18,3.534,29.42,82.06,94.17,1.0,8.61,8,231,2,-0.8660254037844384,-0.5000000000000004,-0.7412220108485957,-0.6712599575675315,5.7017,4.8518,3.6902,4.2884142857142855,4.979293333333333
2020-08-19,3.0648,28.21,89.08,99.47,1.54,30.88,8,232,2,-0.8660254037844384,-0.5000000000000004,-0.7526668275320083,-0.6584015846980489,3.534,5.7017,5.6381,4.2661,4.938533333333334
2020-08-20,4.9572,27.37,89.88,99.12,1.44,32.07,8,233,2,-0.8660254037844384,-0.5000000000000004,-0.7638886127905429,-0.64534811322955,3.0648,3.534,4.4273,3.8984857142857146,4.843636666666667
2020-08-21,5.5373,27.25,83.43,78.42,2.72,0.66,8,234,2,-0.8660254037844384,-0.5000000000000004,-0.7748840413670406,-0.6321034111873488,4.9572,3.0648,1.3975,3.974185714285714,4.8599
2020-08-22,4.0226,27.52,83.58,78.68,2.81,0.86,8,235,2,-0.8660254037844384,-0.5000000000000004,-0.7856498550787144,-0.6186714032625032,5.5373,4.9572,4.3123,4.565585714285715,4.841363333333333
2020-08-23,3.9463,27.51,83.98,49.92,3.21,2.56,8,236,2,-0.8660254037844384,-0.5000000000000004,-0.7961828637826154,-0.6050560696488494,4.0226,5.5373,4.8518,4.5241999999999996,4.7863066666666665
2020-08-24,3.7656,27.41,85.25,50.24,2.42,5.53,8,237,2,-0.8660254037844384,-0.5000000000000004,-0.8064799463209447,-0.5912614448635782,3.9463,4.0226,5.7017,4.394842857142857,4.835866666666667
2020-08-25,4.5914,27.53,85.1,56.45,3.07,3.08,8,238,2,-0.8660254037844384,-0.5000000000000004,-0.8165380514459157,-0.5772916165517278,3.7656,3.9463,3.534,4.118257142857143,4.7594899999999996
2020-08-26,4.7124,27.1,82.67,68.42,3.35,1.35,8,239,2,-0.8660254037844384,-0.5000000000000004,-0.8263541987239094,-0.5631507242749187,4.5914,3.7656,3.0648,4.269314285714286,4.726560000000001
2020-08-27,5.5771,27.55,79.19,76.06,1.9,0.06,8,240,2,-0.8660254037844384,-0.5000000000000004,-0.8359254794186365,-0.5488429582847199,4.7124,4.5914,4.9572,4.504685714285714,4.664576666666667
2020-08-28,5.4766,28.06,76.37,80.11,1.39,1.0,8,241,2,-0.8660254037844384,-0.5000000000000004,-0.8452490573530634,-0.5343725582809785,5.5771,4.7124,5.5373,4.593242857142856,4.620526666666666
2020-08-29,5.5939,28.18,78.6,73.25,1.55,4.27,8,242,2,-0.8660254037844384,-0.5000000000000004,-0.8543221697498269,-0.5197438121555157,5.4766,5.5771,4.0226,4.5845714285714285,4.612646666666667
2020-08-30,2.4665,27.17,83.99,88.21,2.84,10.55,8,243,2,-0.8660254037844384,-0.5000000000000004,-0.8631421280499115,-0.5049610547215202,5.5939,5.4766,3.9463,4.809042857142857,4.620406666666667
2020-08-31,4.2778,25.96,86.06,60.37,4.58,3.75,8,244,2,-0.8660254037844384,-0.5000000000000004,-0.8717063187093217,-0.4900286664290594,2.4665,5.5939,3.7656,4.597642857142857,4.513416666666667
2020-09-01,3.227,26.76,83.17,93.0,2.92,2.2,9,245,2,-1.0,-1.8369701987210297e-16,-0.8800122039735356,-0.4749510720670502,4.2778,2.4665,4.5914,4.670814285714286,4.510466666666667
2020-09-02,3.822,27.19,79.73,95.99,1.39,0.71,9,246,2,-1.0,-1.8369701987210297e-16,-0.888057322629493,-0.4597327394521046,3.227,4.2778,4.7124,4.4759,4.393466666666667
2020-09-03,1.8317,27.22,82.89,96.26,0.96,10.45,9,247,2,-1.0,-1.8369701987210297e-16,-0.8958392907349089,-0.4443781781046134,3.822,3.227,5.5771,4.3487,4.4107
2020-09-04,3.8755,27.5,85.96,68.85,1.45,6.21,9,248,2,-1.0,-1.8369701987210297e-16,-0.9033558023246842,-0.4288919379124841,1.8317,3.822,5.4766,3.813642857142857,4.259876666666667
2020-09-05,6.192,26.83,87.59,41.26,1.68,5.31,9,249,2,-1.0,-1.8369701987210297e-16,-0.9106046300942162,-0.41327860778290443,3.8755,1.8317,5.5939,3.584914285714285,4.261653333333333
2020-09-06,6.0998,27.3,80.57,47.06,1.22,0.56,9,250,2,-1.0,-1.8369701987210297e-16,-0.9175836260593934,-0.3975428142825566,6.192,3.8755,2.4665,3.670357142857143,4.298876666666667
2020-09-07,3.7402,27.77,80.45,86.2,1.18,22.0,9,251,2,-1.0,-1.8369701987210297e-16,-0.9242907221930934,-0.3816892202666586,6.0998,6.192,4.2778,4.1894,4.349019999999999
2020-09-08,4.963,28.34,75.95,79.52,1.31,3.55,9,252,2,-1.0,-1.8369701987210297e-16,-0.9307239310379793,-0.3657225234972692,3.7402,6.0998,3.227,4.1126000000000005,4.337059999999999
2020-09-09,5.9376,28.3,75.75,66.84,1.43,1.18,9,253,2,-1.0,-1.8369701987210297e-16,-0.9368813462954315,-0.34964745525122826,4.963,3.7402,3.822,4.3606,4.320196666666666
2020-09-10,6.3216,28.91,70.05,60.48,1.69,0.0,9,254,2,-1.0,-1.8369701987210297e-16,-0.9427611433904206,-0.33346877891818705,5.9376,4.963,1.8317,4.662828571428571,4.374373333333334
2020-09-11,5.8817,29.22,69.02,69.66,1.43,0.0,9,255,2,-1.0,-1.8369701987210297e-16,-0.9483615800121716,-0.31719128858910595,6.3216,5.9376,3.8755,5.3042428571428575,4.462086666666667
2020-09-12,5.8543,28.93,69.77,64.27,1.18,0.0,9,256,2,-1.0,-1.8369701987210297e-16,-0.9536809966304455,-0.300819807635668,5.8817,6.3216,6.192,5.5908428571428574,4.470206666666667
2020-09-13,6.0262,28.71,67.64,61.77,1.13,0.0,9,257,2,-1.0,-1.8369701987210297e-16,-0.9587178169872964,-0.2843591872810036,5.8543,5.8817,6.0998,5.5426,4.517773333333333
2020-09-14,6.0535,28.73,64.96,63.64,0.74,0.0,9,258,2,-1.0,-1.8369701987210297e-16,-0.9634705485641486,-0.26781430516217486,6.0262,5.8543,3.7402,5.5320857142857145,4.672063333333332
2020-09-15,6.1022,29.35,65.66,56.95,1.08,0.0,9,259,2,-1.0,-1.8369701987210297e-16,-0.9679377830240642,-0.25119006388481957,6.0535,6.0262,4.963,5.862557142857143,4.730103333333333
2020-09-16,5.9609,29.27,62.55,58.09,0.92,0.0,9,260,2,-1.0,-1.8369701987210297e-16,-0.9721181966290612,-0.23449138957041052,6.1022,6.0535,5.9376,6.0253000000000005,4.7717833333333335
2020-09-17,5.2582,29.63,68.75,90.72,2.04,0.0,9,261,2,-1.0,-1.8369701987210297e-16,-0.9760105506323682,-0.21772323039653224,5.9609,6.1022,6.3216,6.0286285714285714,4.780423333333333
2020-09-18,5.6083,29.22,72.13,75.07,2.74,0.0,9,262,2,-1.0,-1.8369701987210297e-16,-0.9796136916454901,-0.20089055513063528,5.2582,5.9609,5.8817,5.876714285714286,4.8378966666666665
2020-09-19,5.2706,28.21,67.95,73.99,1.72,0.07,9,263,2,-1.0,-1.8369701987210297e-16,-0.9829265519799822,-0.18399835165767986,5.6083,5.2582,5.8543,5.837657142857142,4.92268
2020-09-20,5.5961,28.88,63.56,61.82,1.72,0.0,9,264,2,-1.0,-1.8369701987210297e-16,-0.9859481499638303,-0.1670516255021195,5.2706,5.6083,6.0262,5.754271428571428,4.933126666666666
2020-09-21,5.7379,28.73,58.59,53.0,1.59,0.0,9,265,2,-1.0,-1.8369701987210297e-16,-0.9886775902323404,-0.15005539834465262,5.5961,5.2706,6.0535,5.692828571428572,4.935086666666667
2020-09-22,5.0261,28.47,62.58,81.77,1.61,0.0,9,266,2,-1.0,-1.8369701987210297e-16,-0.9911140639934546,-0.13301470653419636,5.7379,5.5961,6.1022,5.647742857142857,4.992263333333333
2020-09-23,5.6681,29.68,67.23,66.38,0.84,0.09,9,267,2,-1.0,-1.8369701987210297e-16,-0.9932568492674143,-0.11593459959550066,5.0261,5.7379,5.9609,5.494014285714286,5.028256666666666
2020-09-24,5.9563,30.38,58.77,56.7,0.77,0.02,9,268,2,-1.0,-1.8369701987210297e-16,-0.9951053111006974,-0.09882013873287211,5.6681,5.0261,5.2582,5.452185714285714,5.0916733333333335
2020-09-25,5.8579,29.62,57.14,65.79,2.35,0.0,9,269,2,-1.0,-1.8369701987210297e-16,-0.99665890175417,-0.08167639533042288,5.9563,5.6681,5.6083,5.551914285714285,5.137169999999999
2020-09-26,4.5046,28.06,65.16,87.62,2.21,2.31,9,270,2,-1.0,-1.8369701987210297e-16,-0.9979171608653922,-0.06450844944931625,5.8579,5.9563,5.2706,5.587571428571429,5.175353333333333
2020-09-27,5.2865,27.26,66.23,69.7,1.62,1.46,9,271,2,-1.0,-1.8369701987210297e-16,-0.9988797155850335,-0.04732138832243232,4.5046,5.8579,5.5961,5.478142857142857,5.139603333333334
2020-09-28,5.7646,28.78,56.36,69.22,1.68,0.05,9,272,2,-1.0,-1.8369701987210297e-16,-0.9995462806873573,-0.03012030484690836,5.2865,4.5046,5.7379,5.433914285714286,5.133266666666667
2020-09-29,5.5872,28.93,50.8,70.69,1.4,0.0,9,273,2,-1.0,-1.8369701987210297e-16,-0.9999166586547379,-0.012910296075008843,5.7646,5.2865,5.0261,5.437728571428571,5.138956666666667
2020-09-30,5.8548,28.55,47.45,64.77,1.67,0.0,9,274,2,-1.0,-1.8369701987210297e-16,-0.9999907397361901,0.004303538296243821,5.5872,5.7646,5.6681,5.517885714285713,5.24298
2020-10-01,5.9076,27.83,49.13,59.86,2.39,0.0,10,275,3,-0.8660254037844386,0.5000000000000001,-0.9997685019798909,0.021516097436222233,5.8548,5.5872,5.9563,5.544557142857143,5.295546666666667
2020-10-02,5.9362,26.77,41.25,60.24,2.3,0.0,10,276,3,-0.8660254037844386,0.5000000000000001,-0.9992500112396835,0.03872228089217399,5.9076,5.8548,5.8579,5.5376,5.3849
2020-10-03,5.9532,27.06,42.88,63.63,1.37,0.0,10,277,3,-0.8660254037844386,0.5000000000000001,-0.9984354211555643,0.05591699010060302,5.9362,5.9076,4.5046,5.548785714285715,5.455373333333332
2020-10-04,5.9136,26.75,41.45,62.6,1.29,0.0,10,278,3,-0.8660254037844386,0.5000000000000001,-0.9973249731081555,0.07309512989807776,5.9532,5.9362,5.2865,5.755728571428571,5.592756666666667
2020-10-05,5.9618,27.25,33.94,49.45,1.69,0.0,10,279,3,-0.8660254037844386,0.5000000000000001,-0.9959189961471792,0.0902516100310407,5.9136,5.9532,5.7646,5.845314285714286,5.660693333333333
2020-10-06,6.0991,27.86,35.73,46.47,1.46,0.0,10,280,3,-0.8660254037844386,0.5000000000000001,-0.994217906893952,0.10738134666416306,5.9618,5.9136,5.5872,5.873485714285715,5.65302
2020-10-07,5.9388,27.46,37.14,57.3,1.4,0.0,10,281,3,-0.8660254037844386,0.5000000000000001,-0.9922222094179324,0.12447926388678869,6.0991,5.9618,5.8548,5.946614285714285,5.652996666666667
2020-10-08,5.9052,26.85,35.29,48.24,1.48,0.0,10,282,3,-0.8660254037844386,0.5000000000000001,-0.989932495087353,0.141540295217043,5.9388,6.0991,5.9076,5.958614285714285,5.726283333333333
2020-10-09,5.681,27.39,36.91,54.8,1.41,0.0,10,283,3,-0.8660254037844386,0.5000000000000001,-0.9873494423939864,0.15855938510313475,5.9052,5.9388,5.9362,5.958271428571428,5.75769
2020-10-10,5.5776,27.1,38.73,64.06,1.54,0.0,10,284,3,-0.8660254037844386,0.5000000000000001,-0.9844738167520923,0.17553149042142777,5.681,5.9052,5.9532,5.9218142857142855,5.749136666666668
2020-10-11,5.5387,27.3,32.83,58.88,1.49,0.0,10,285,3,-0.8660254037844386,0.5000000000000001,-0.9813064702716093,0.19245158197082995,5.5776,5.681,5.9136,5.868157142857143,5.724336666666667
2020-10-12,5.6026,27.18,32.47,37.58,1.16,0.0,10,286,3,-0.8660254037844386,0.5000000000000001,-0.9778483415056567,0.20931464596304888,5.5387,5.5776,5.9618,5.8145999999999995,5.712903333333333
2020-10-13,5.303,26.1,35.46,50.46,1.51,0.0,10,287,3,-0.8660254037844386,0.5000000000000001,-0.9741004551724206,0.22611568550828803,5.6026,5.5387,6.0991,5.763285714285714,5.704513333333334
2020-10-14,4.0406,26.46,39.22,67.32,2.04,0.0,10,288,3,-0.8660254037844386,0.5000000000000001,-0.970063921851507,0.2428497220959358,5.303,5.6026,5.9388,5.649557142857142,5.680406666666667
2020-10-15,4.0399,26.75,43.75,71.51,2.17,0.0,10,289,3,-0.8660254037844386,0.5000000000000001,-0.965739937654855,0.25951179706979943,4.0406,5.303,5.9052,5.378385714285715,5.61331
2020-10-16,4.2266,27.12,38.93,67.69,1.69,0.0,10,290,3,-0.8660254037844386,0.5000000000000001,-0.9611297838723007,0.27609697309746883,4.0399,4.0406,5.681,5.111914285714286,5.544566666666666
2020-10-17,4.231,27.46,42.57,62.27,2.01,0.0,10,291,3,-0.8660254037844386,0.5000000000000001,-0.9562348265919058,0.2926003356333479,4.2266,4.0399,5.5776,4.904142857142857,5.4867566666666665
2020-10-18,3.8045,27.66,40.28,79.03,1.56,0.01,10,292,3,-0.8660254037844386,0.5000000000000001,-0.9510565162951536,0.30901699437494723,4.231,4.2266,5.5387,4.711771428571429,5.452516666666666
2020-10-19,3.0442,25.95,38.89,73.5,1.15,0.27,10,293,3,-0.8660254037844386,0.5000000000000001,-0.9455963874271428,0.3253420847119795,3.8045,4.231,5.6026,4.464028571428572,5.392390000000001
2020-10-20,4.3344,26.72,31.16,55.72,1.18,0.0,10,294,3,-0.8660254037844386,0.5000000000000001,-0.9398560579418953,0.341570769167856,3.0442,3.8045,5.303,4.098542857142857,5.318176666666667
2020-10-21,3.5158,26.62,38.25,83.4,0.86,0.09,10,295,3,-0.8660254037844386,0.5000000000000001,-0.9338372288229252,0.35769823883312546,4.3344,3.0442,4.0406,3.9601714285714285,5.276120000000001
2020-10-22,4.649,26.38,40.03,58.38,1.39,0.07,10,296,3,-0.8660254037844386,0.5000000000000001,-0.9275416835791965,0.3737197147904692,3.5158,4.3344,4.0399,3.8851999999999998,5.20205
2020-10-23,4.9711,25.74,36.53,49.83,1.1,0.0,10,297,3,-0.8660254037844386,0.5000000000000001,-0.9209712877166347,0.38963044953078774,4.649,3.5158,4.2266,3.9722142857142857,5.18948
2020-10-24,5.0549,25.06,33.93,54.24,1.07,0.0,10,298,3,-0.8660254037844386,0.5000000000000001,-0.9141279881853337,0.4054257283599973,4.9711,4.649,4.231,4.078571428571428,5.166246666666667
2020-10-25,4.8617,24.89,31.49,63.84,1.59,0.0,10,299,3,-0.8660254037844386,0.5000000000000001,-0.9070138128026362,0.42110087079608916,5.0549,4.9711,3.8045,4.196271428571428,5.1362000000000005
2020-10-26,4.9104,24.38,33.0,56.65,1.89,0.0,10,300,3,-0.8660254037844386,0.5000000000000001,-0.8996308696522434,0.4366512319560638,4.8617,5.0549,3.0442,4.3473,5.102993333333333
2020-10-27,4.6207,22.39,28.09,20.27,1.44,0.0,10,301,3,-0.8660254037844386,0.5000000000000001,-0.8919813464595487,0.45207220393230374,4.9104,4.8617,4.3344,4.6139,5.1165199999999995
2020-10-28,4.7045,23.13,24.53,25.66,0.88,0.0,10,302,3,-0.8660254037844386,0.5000000000000001,-0.8840675099433637,0.46735921715800205,4.6207,4.9104,3.5158,4.6548,5.0943266666666664
2020-10-29,4.5624,22.19,28.7,46.3,1.44,0.0,10,303,3,-0.8660254037844386,0.5000000000000001,-0.8758917051442433,0.48250774176121763,4.7045,4.6207,4.649,4.8246142857142855,5.05899
2020-10-30,4.5007,22.2,26.81,37.84,1.89,0.0,10,304,3,-0.8660254037844386,0.5000000000000001,-0.8674563547295971,0.4975132889071803,4.5624,4.7045,4.9711,4.812242857142857,5.02483
2020-10-31,4.5398,21.91,27.26,14.39,1.63,0.0,10,305,3,-0.8660254037844386,0.5000000000000001,-0.858763958275803,0.5123714121284235,4.5007,4.5624,5.0549,4.745042857142857,4.979693333333333
2020-11-01,4.5732,21.51,24.16,19.99,1.83,0.0,11,306,3,-0.5000000000000004,0.8660254037844384,-0.8498170915275277,0.5270777086423724,4.5398,4.5007,4.8617,4.671457142857143,4.9341
2020-11-02,5.1946,22.31,21.62,10.1,1.27,0.0,11,307,3,-0.5000000000000004,0.8660254037844384,-0.8406184056344783,0.5416278206559811,4.5732,4.5398,4.9104,4.630242857142858,4.8886666666666665
2020-11-03,5.1451,22.57,21.0,7.92,1.48,0.0,11,308,3,-0.5000000000000004,0.8660254037844384,-0.8311706263658079,0.5560174366570446,5.1946,4.5732,4.6207,4.6708428571428575,4.86338
2020-11-04,5.1259,22.79,20.57,8.97,1.26,0.0,11,309,3,-0.5000000000000004,0.8660254037844384,-0.8214765533024145,0.5702422926917867,5.1451,5.1946,4.7045,4.745757142857143,4.837763333333333
2020-11-05,4.9106,23.13,20.98,25.95,1.16,0.0,11,310,3,-0.5000000000000004,0.8660254037844384,-0.8115390590073611,0.5842981736283683,5.1259,5.1451,4.5624,4.805957142857143,4.809900000000001
2020-11-06,4.6498,22.66,22.4,41.25,1.35,0.0,11,311,3,-0.5000000000000004,0.8660254037844384,-0.801361088174677,0.5981809144059159,4.9106,5.1259,4.5007,4.8557,4.770283333333333
2020-11-07,4.4671,22.86,22.7,36.12,1.12,0.0,11,312,3,-0.5000000000000004,0.8660254037844384,-0.7909456567567774,0.6118864012687242,4.6498,4.9106,4.5398,4.877,4.727316666666667
2020-11-08,4.1474,22.17,25.36,29.55,1.03,0.0,11,313,3,-0.5000000000000004,0.8660254037844384,-0.780295851070776,0.6254105729852457,4.4671,4.6498,4.5732,4.866614285714285,4.679379999999999
2020-11-09,4.3109,20.78,27.52,22.18,1.27,0.0,11,314,3,-0.5000000000000004,0.8660254037844384,-0.7694148268839381,0.6387494220515268,4.1474,4.4671,5.1946,4.805785714285713,4.628259999999999
2020-11-10,3.551,20.12,32.14,10.44,1.37,0.0,11,315,3,-0.5000000000000004,0.8660254037844384,-0.7583058084785625,0.6518989958787125,4.3109,4.1474,5.1451,4.679542857142857,4.586036666666667
2020-11-11,3.2938,18.93,36.65,2.95,1.76,0.0,11,316,3,-0.5000000000000004,0.8660254037844384,-0.7469720876965551,0.6648553979642866,3.551,4.3109,5.1259,4.451814285714286,4.51978
2020-11-12,3.6934,19.7,40.63,10.84,1.46,0.0,11,317,3,-0.5000000000000004,0.8660254037844384,-0.7354170229639858,0.6776147890466887,3.2938,3.551,4.9106,4.190085714285714,4.44282
2020-11-13,3.8333,20.91,41.36,13.5,1.09,0.0,11,318,3,-0.5000000000000004,0.8660254037844384,-0.7236440382959124,0.690173388242972,3.6934,3.2938,4.6498,4.0162,4.389166666666667
2020-11-14,3.9413,21.64,41.27,19.38,1.45,0.0,11,319,3,-0.5000000000000004,0.8660254037844384,-0.711656622281775,0.7025274741691566,3.8333,3.6934,4.4671,3.899557142857143,4.382256666666667
2020-11-15,3.3535,21.94,61.83,46.26,2.26,5.82,11,320,3,-0.5000000000000004,0.8660254037844384,-0.6994583270516471,0.7146733860429608,3.9413,3.8333,4.1474,3.824442857142857,4.37897
2020-11-16,2.8447,21.4,65.98,37.07,1.2,0.31,11,321,3,-0.5000000000000004,0.8660254037844384,-0.6870527672236675,0.7266075247685652,3.3535,3.9413,4.3109,3.7110285714285713,4.349866666666666
2020-11-17,2.7149,19.04,63.72,34.45,1.55,0.0,11,322,3,-0.5000000000000004,0.8660254037844384,-0.6744436188329457,0.7383263540031063,2.8447,3.3535,3.551,3.5015714285714283,4.303656666666667
2020-11-18,3.4154,19.16,52.33,18.54,1.31,0.0,11,323,3,-0.5000000000000004,0.8660254037844384,-0.661634618242279,0.749826401204568,2.7149,2.8447,3.2938,3.3821285714285714,4.267336666666666
2020-11-19,3.1721,18.37,46.59,21.77,1.65,0.0,11,324,3,-0.5000000000000004,0.8660254037844384,-0.6486295610349818,0.7611042586607742,3.4154,2.7149,3.6934,3.3995,4.27971
2020-11-20,3.612,17.01,33.17,8.58,1.65,0.0,11,325,3,-0.5000000000000004,0.8660254037844384,-0.6354323008901775,0.7721565844991641,3.1721,3.4154,3.8333,3.3250285714285712,4.240966666666667
2020-11-21,4.2499,16.51,37.13,4.88,1.58,0.0,11,326,3,-0.5000000000000004,0.8660254037844384,-0.622046748440868,0.7829801036770624,3.612,3.1721,3.9413,3.2934142857142854,4.244173333333333
2020-11-22,4.2444,17.83,30.62,21.64,0.97,0.0,11,327,3,-0.5000000000000004,0.8660254037844384,-0.6084768701151264,0.7935716089521472,4.2499,3.612,3.3535,3.3375,4.23087
2020-11-23,4.3726,17.33,32.99,4.01,1.53,0.0,11,328,3,-0.5000000000000004,0.8660254037844384,-0.594726686960764,0.8039279618328208,4.2444,4.2499,2.8447,3.4647714285714284,4.206646666666667
2020-11-24,4.079,17.53,37.23,36.2,1.96,0.0,11,329,3,-0.5000000000000004,0.8660254037844384,-0.5808002734538013,0.8140460935082175,4.3726,4.2444,2.7149,3.6830428571428575,4.183903333333333
2020-11-25,3.4118,18.47,38.19,87.36,2.7,2.04,11,330,3,-0.5000000000000004,0.8660254037844384,-0.5667017562911184,0.8239230057575536,4.079,4.3726,3.4154,3.877914285714286,4.157813333333333
2020-11-26,3.3348,16.78,47.2,36.84,2.34,0.61,11,331,3,-0.5000000000000004,0.8660254037844384,-0.5524353131676203,0.8335557718385695,3.4118,4.079,3.1721,3.8774000000000006,4.10786
2020-11-27,4.266,16.34,47.68,7.22,2.42,0.0,11,332,3,-0.5000000000000004,0.8660254037844384,-0.5380051715382992,0.8429415373547832,3.3348,3.4118,3.612,3.900642857142857,4.064996666666667
2020-11-28,4.547,16.86,41.58,5.31,1.59,0.0,11,333,3,-0.5000000000000004,0.8660254037844384,-0.5234156073655503,0.8520775211013093,4.266,3.3348,4.2499,3.9940714285714285,4.0503800000000005
2020-11-29,4.4686,18.95,30.78,1.33,0.66,0.0,11,334,3,-0.5000000000000004,0.8660254037844384,-0.5086709438521042,0.8609610158889945,4.547,4.266,4.2444,4.0365142857142855,4.049866666666667
2020-11-30,4.2619,19.4,31.56,5.54,0.8,0.0,11,335,3,-0.5000000000000004,0.8660254037844384,-0.49377555015997737,0.8695893893466109,4.4686,4.547,4.3726,4.068542857142857,4.048796666666666
2020-12-01,4.2005,19.6,26.36,1.72,1.06,0.0,12,336,0,-2.4492935982947064e-16,1.0,-0.4787338401157883,0.8779600847008883,4.2619,4.4686,4.079,4.052728571428571,4.039533333333333
2020-12-02,4.2936,20.21,28.62,2.67,1.25,0.0,12,337,0,-2.4492935982947064e-16,1.0,-0.4635502709028512,0.8860706215341378,4.2005,4.2619,3.4118,4.070085714285715,4.0271099999999995
2020-12-03,4.3639,21.36,25.69,3.83,1.07,0.0,12,338,0,-2.4492935982947064e-16,1.0,-0.4482293417404106,0.893918596519257,4.2936,4.2005,3.3348,4.196057142857143,3.9970766666666666
2020-12-04,4.3505,21.84,24.46,7.75,1.47,0.0,12,339,0,-2.4492935982947064e-16,1.0,-0.4327755925504317,0.9015016841318838,4.3639,4.2936,4.266,4.343071428571428,3.971036666666667
2020-12-05,4.2487,21.41,27.87,4.97,1.41,0.0,12,340,0,-2.4492935982947064e-16,1.0,-0.41719360261231697,0.9088176373395028,4.3505,4.3639,4.547,4.355142857142857,3.9451899999999998
2020-12-06,4.1837,21.09,32.41,2.72,1.35,0.0,12,341,0,-2.4492935982947064e-16,1.0,-0.4014879892059737,0.9158642882672868,4.2487,4.3505,4.4686,4.3125285714285715,3.9231266666666667
2020-12-07,4.0421,20.42,32.26,4.37,1.41,0.0,12,342,0,-2.4492935982947064e-16,1.0,-0.38566340624360745,0.9226395488404875,4.1837,4.2487,4.2619,4.271828571428571,3.90759
2020-12-08,4.0366,20.38,37.47,2.1,1.57,0.0,12,343,0,-2.4492935982947064e-16,1.0,-0.3697245428906732,0.9291414114031743,4.0421,4.1837,4.2005,4.240428571428572,3.8934233333333332
2020-12-09,4.0711,21.29,41.38,1.03,1.12,0.0,12,344,0,-2.4492935982947064e-16,1.0,-0.35367612217637207,0.935367949313148,4.0366,4.0421,4.2936,4.217014285714286,3.8897299999999997
2020-12-10,3.9571,20.73,42.91,1.35,0.93,0.0,12,345,0,-2.4492935982947064e-16,1.0,-0.33752289959411347,0.941317317512847,4.0711,4.0366,4.3639,4.1852285714285715,3.881736666666667
2020-12-11,2.1132,19.82,52.1,63.8,2.4,0.0,12,346,0,-2.4492935982947064e-16,1.0,-0.32126966169236515,0.9469877530760751,3.9571,4.0711,4.3505,4.127114285714286,3.895273333333334
2020-12-12,3.5311,18.54,62.31,4.27,1.84,0.0,12,347,0,-2.4492935982947064e-16,1.0,-0.3049212246562894,0.9523775757303973,2.1132,3.9571,4.2487,3.8075,3.85592
2020-12-13,3.1942,16.03,51.74,8.05,1.97,0.0,12,348,0,-2.4492935982947064e-16,1.0,-0.2884824328806098,0.9574851883550389,3.5311,2.1132,4.1837,3.7049857142857143,3.85051
2020-12-14,3.0919,15.04,41.45,3.56,1.37,0.0,12,349,0,-2.4492935982947064e-16,1.0,-0.27195815753410524,0.9623090774541487,3.1942,3.5311,4.0421,3.563628571428571,3.8292066666666664
2020-12-15,2.7386,13.86,39.74,6.43,1.74,0.0,12,350,0,-2.4492935982947064e-16,1.0,-0.2553532951161881,0.9668478136052773,3.0919,3.1942,4.0366,3.4278857142857144,3.8008933333333332
2020-12-16,3.5832,13.6,40.24,3.92,2.06,0.0,12,351,0,-2.4492935982947064e-16,1.0,-0.23867276600594997,0.9711000518829505,2.7386,3.0919,4.0711,3.2424571428571425,3.780396666666667
2020-12-17,4.1054,11.42,29.86,3.26,2.09,0.0,12,352,0,-2.4492935982947064e-16,1.0,-0.22192151300416674,0.9750645322571945,3.5832,2.7386,3.9571,3.1727571428571433,3.805013333333333
2020-12-18,4.3898,12.09,28.82,2.58,1.73,0.0,12,353,0,-2.4492935982947064e-16,1.0,-0.20510449986861926,0.9787400799669153,4.1054,3.5832,2.1132,3.1939428571428574,3.851363333333333
2020-12-19,4.3512,14.55,26.1,4.1,1.53,0.0,12,354,0,-2.4492935982947064e-16,1.0,-0.1882267098432439,0.9821256058680006,4.3898,4.1054,3.5311,3.5191714285714286,3.8838433333333335
2020-12-20,3.8952,16.48,26.11,32.71,1.25,0.0,12,355,0,-2.4492935982947064e-16,1.0,-0.1712931441814778,0.9852201067560606,4.3512,4.3898,3.1942,3.6363285714285714,3.923146666666667
2020-12-21,3.869,16.5,28.15,45.79,1.33,0.0,12,356,0,-2.4492935982947064e-16,1.0,-0.154308820664281,0.9880226656636976,3.8952,4.3512,3.0919,3.7364714285714293,3.9325866666666665
2020-12-22,3.4426,17.2,25.7,56.41,1.11,0.0,12,357,0,-2.4492935982947064e-16,1.0,-0.13727877211326517,0.9905324521322227,3.869,3.8952,2.7386,3.8474857142857144,3.91989
2020-12-23,3.9607,15.53,29.37,12.69,1.88,0.0,12,358,0,-2.4492935982947064e-16,1.0,-0.12020804489935275,0.9927487224577402,3.4426,3.869,3.5832,3.948057142857143,3.8931633333333333
2020-12-24,3.791,15.01,35.28,5.29,1.81,0.0,12,359,0,-2.4492935982947064e-16,1.0,-0.10310169744743544,0.9946708199115211,3.9607,3.4426,4.1054,4.0019857142857145,3.879433333333333
2020-12-25,3.7373,15.53,32.43,7.12,1.24,0.0,12,360,0,-2.4492935982947064e-16,1.0,-0.0859647987374467,0.9962981749346077,3.791,3.9607,4.3898,3.9570714285714286,3.8698333333333332
2020-12-26,3.6463,15.97,33.06,10.17,1.42,0.0,12,361,0,-2.4492935982947064e-16,1.0,-0.06880242680232064,0.9976303053065857,3.7373,3.791,4.3512,3.863857142857143,3.8806833333333333
2020-12-27,3.7409,15.47,36.34,7.49,2.59,0.0,12,362,0,-2.4492935982947064e-16,1.0,-0.05161966722325418,0.9986668162884759,3.6463,3.7373,3.8952,3.763157142857143,3.8910666666666667
2020-12-28,4.465,11.26,23.27,1.71,1.71,0.0,12,363,0,-2.4492935982947064e-16,1.0,-0.034421611622745804,0.9994074007397048,3.7409,3.6463,3.869,3.7411142857142856,3.873563333333333
2020-12-29,4.4407,11.4,32.34,2.48,1.64,0.0,12,364,0,-2.4492935982947064e-16,1.0,-0.01721335615583528,0.9998518392091162,4.465,3.7409,3.4426,3.8262571428571426,3.8708299999999998
2020-12-30,4.2036,10.94,38.28,2.62,1.59,0.0,12,365,0,-2.4492935982947064e-16,1.0,6.432490598706546e-16,1.0,4.4407,4.465,3.9607,3.968842857142857,3.8699000000000003
2020-12-31,3.6365,11.67,32.86,5.89,1.3,0.0,12,366,0,-2.4492935982947064e-16,1.0,0.017213356155833904,0.9998518392091162,4.2036,4.4407,3.791,4.003542857142857,3.8679566666666667
2021-01-01,2.5718,13.33,37.33,9.49,2.26,0.0,1,1,0,0.49999999999999994,0.8660254037844387,0.017213356155834685,0.9998518392091162,3.6365,4.2036,3.7373,3.9814714285714286,3.8491566666666666
2021-01-02,2.1103,16.19,63.5,36.4,3.19,0.68,1,2,0,0.49999999999999994,0.8660254037844387,0.03442161162274574,0.9994074007397048,2.5718,3.6365,3.6463,3.8149714285714285,3.7917633333333334
2021-01-03,2.4468,17.59,69.35,33.87,2.26,1.35,1,3,0,0.49999999999999994,0.8660254037844387,0.051619667223253764,0.998666816288476,2.1103,2.5718,3.7409,3.5955428571428567,3.7166433333333333
2021-01-04,1.8125,15.98,85.97,73.4,3.75,12.29,1,4,0,0.49999999999999994,0.8660254037844387,0.06880242680231986,0.9976303053065857,2.4468,2.1103,4.465,3.4106714285714284,3.653186666666667
2021-01-05,2.4245,17.02,81.4,41.85,2.23,8.67,1,5,0,0.49999999999999994,0.8660254037844387,0.08596479873744647,0.9962981749346078,1.8125,2.4468,4.4407,3.0317428571428566,3.5719800000000004
2021-01-06,2.9789,14.67,72.08,20.29,1.84,0.07,1,6,0,0.49999999999999994,0.8660254037844387,0.10310169744743485,0.9946708199115211,2.4245,1.8125,4.2036,2.7437142857142858,3.51334
2021-01-07,2.1077,14.23,68.8,50.03,1.39,0.03,1,7,0,0.49999999999999994,0.8660254037844387,0.1202080448993527,0.9927487224577402,2.9789,2.4245,3.6365,2.568757142857143,3.4779
2021-01-08,1.0397,14.15,77.5,89.83,1.36,0.2,1,8,0,0.49999999999999994,0.8660254037844387,0.13727877211326478,0.9905324521322229,2.1077,2.9789,2.5718,2.350357142857143,3.4136033333333335
2021-01-09,1.0783,14.9,78.74,92.28,1.59,0.13,1,9,0,0.49999999999999994,0.8660254037844387,0.15430882066428117,0.9880226656636976,1.0397,2.1077,2.1103,2.131485714285714,3.3125566666666666
2021-01-10,2.8661,13.81,58.94,32.83,1.85,0.0,1,10,0,0.49999999999999994,0.8660254037844387,0.1712931441814776,0.9852201067560606,1.0783,1.0397,2.4468,1.9840571428571427,3.2165966666666668
2021-01-11,4.0963,12.46,45.84,7.52,1.91,0.0,1,11,0,0.49999999999999994,0.8660254037844387,0.1882267098432442,0.9821256058680006,2.8661,1.0783,1.8125,2.043957142857143,3.241693333333333
2021-01-12,4.6025,13.07,39.74,4.66,1.64,0.0,1,12,0,0.49999999999999994,0.8660254037844387,0.2051044998686192,0.9787400799669153,4.0963,2.8661,2.4245,2.370214285714286,3.260533333333333
2021-01-13,4.698,14.26,32.08,4.7,1.0,0.0,1,13,0,0.49999999999999994,0.8660254037844387,0.2219215130041655,0.9750645322571948,4.6025,4.0963,2.9789,2.6813571428571428,3.3074766666666666
2021-01-14,4.4347,15.65,31.33,47.35,0.85,0.0,1,14,0,0.49999999999999994,0.8660254037844387,0.2386727660059501,0.9711000518829505,4.698,4.6025,2.1077,2.9269428571428575,3.361013333333333
2021-01-15,4.6025,16.05,32.08,14.1,1.08,0.0,1,15,0,0.49999999999999994,0.8660254037844387,0.255353295116187,0.9668478136052775,4.4347,4.698,1.0397,3.2593714285714284,3.41755
2021-01-16,4.439,15.76,34.99,3.42,1.27,0.0,1,16,0,0.49999999999999994,0.8660254037844387,0.2719581575341055,0.9623090774541486,4.6025,4.4347,1.0783,3.768342857142857,3.451526666666667
2021-01-17,3.6072,14.42,42.02,2.82,2.64,0.0,1,17,0,0.49999999999999994,0.8660254037844387,0.288482432880609,0.9574851883550393,4.439,4.6025,2.8661,4.248442857142857,3.4626466666666667
2021-01-18,3.1598,15.27,47.0,8.37,2.4,0.0,1,18,0,0.49999999999999994,0.8660254037844387,0.30492122465628907,0.9523775757303974,3.6072,4.439,4.0963,4.3543142857142865,3.43656
2021-01-19,3.6487,15.01,48.2,3.12,1.52,0.0,1,19,0,0.49999999999999994,0.8660254037844387,0.3212696616923644,0.9469877530760753,3.1598,3.6072,4.6025,4.220528571428572,3.396846666666667
2021-01-20,4.2931,15.23,45.49,3.26,1.64,0.0,1,20,0,0.49999999999999994,0.8660254037844387,0.3375228995941133,0.9413173175128471,3.6487,3.1598,4.698,4.084271428571428,3.38863
2021-01-21,4.7311,15.99,37.24,3.97,2.16,0.0,1,21,0,0.49999999999999994,0.8660254037844387,0.3536761221763716,0.9353679493131483,4.2931,3.6487,4.4347,4.026428571428571,3.4027666666666665
2021-01-22,4.7206,16.32,38.81,3.43,1.8,0.0,1,22,0,0.49999999999999994,0.8660254037844387,0.3697245428906731,0.9291414114031743,4.7311,4.2931,4.6025,4.068771428571429,3.4457166666666668
2021-01-23,4.4105,15.94,41.58,3.47,2.34,0.0,1,23,0,0.49999999999999994,0.8660254037844387,0.38566340624360707,0.9226395488404876,4.7206,4.7311,4.439,4.085642857142857,3.4710466666666666
2021-01-24,4.4902,12.22,38.98,12.92,2.37,0.0,1,24,0,0.49999999999999994,0.8660254037844387,0.401487989205973,0.9158642882672872,4.4105,4.7206,3.6072,4.081571428571428,3.491696666666667
2021-01-25,4.6169,11.37,46.75,16.81,1.69,0.0,1,25,0,0.49999999999999994,0.8660254037844387,0.4171936026123168,0.9088176373395029,4.4902,4.4105,3.1598,4.207714285714285,3.516793333333333
2021-01-26,4.7388,12.18,41.72,6.47,1.5,0.0,1,26,0,0.49999999999999994,0.8660254037844387,0.4327755925504312,0.901501684131884,4.6169,4.4902,3.6487,4.415871428571428,3.5491466666666667
2021-01-27,4.8446,13.46,41.29,3.68,1.01,0.0,1,27,0,0.49999999999999994,0.8660254037844387,0.4482293417404106,0.893918596519257,4.7388,4.6169,4.2931,4.571599999999999,3.5824100000000003
2021-01-28,4.7863,13.41,38.95,3.07,1.18,0.0,1,28,0,0.49999999999999994,0.8660254037844387,0.4635502709028509,0.886070621534138,4.8446,4.7388,4.7311,4.650385714285714,3.5950633333333335
2021-01-29,4.8814,13.21,32.51,3.49,1.25,0.0,1,29,0,0.49999999999999994,0.8660254037844387,0.47873384011578846,0.8779600847008882,4.7863,4.8446,4.7206,4.658271428571429,3.606583333333333
2021-01-30,4.9726,14.59,26.78,13.62,1.44,0.0,1,30,0,0.49999999999999994,0.8660254037844387,0.49377555015997715,0.869589389346611,4.8814,4.7863,4.4105,4.681242857142857,3.6291766666666665
2021-01-31,5.088,16.54,25.21,6.8,1.29,0.0,1,31,0,0.49999999999999994,0.8660254037844387,0.5086709438521044,0.8609610158889943,4.9726,4.8814,4.4902,4.761542857142857,3.673713333333333
2021-02-01,5.063,18.08,22.83,2.33,1.36,0.0,2,32,0,0.8660254037844386,0.5000000000000001,0.5234156073655503,0.8520775211013093,5.088,4.9726,4.6169,4.846942857142857,3.757586666666667
2021-02-02,5.1214,18.33,26.16,2.58,1.71,0.0,2,33,0,0.8660254037844386,0.5000000000000001,0.5380051715382996,0.8429415373547828,5.063,5.088,4.7388,4.910671428571428,3.85601
2021-02-03,4.6114,18.93,31.13,26.89,1.88,0.0,2,34,0,0.8660254037844386,0.5000000000000001,0.5524353131676196,0.8335557718385699,5.1214,5.063,4.8446,4.9653285714285715,3.9451633333333334
2021-02-04,4.4705,18.15,32.12,29.97,2.31,0.01,2,35,0,0.8660254037844386,0.5000000000000001,0.5667017562911176,0.8239230057575542,4.6114,5.1214,4.7863,4.932014285714286,4.03846
2021-02-05,4.759,15.27,48.62,4.84,2.06,0.0,2,36,0,0.8660254037844386,0.5000000000000001,0.5808002734538009,0.8140460935082178,4.4705,4.6114,4.8814,4.8869,4.106660000000001
2021-02-06,5.2154,15.01,38.03,2.98,1.75,0.0,2,37,0,0.8660254037844386,0.5000000000000001,0.5947266869607634,0.8039279618328213,4.759,4.4705,4.9726,4.869414285714286,4.165996666666667
2021-02-07,5.3899,16.4,34.59,3.13,1.43,0.0,2,38,0,0.8660254037844386,0.5000000000000001,0.6084768701151261,0.7935716089521474,5.2154,4.759,5.088,4.9041,4.269586666666667
2021-02-08,5.3148,18.18,31.94,3.92,1.12,0.0,2,39,0,0.8660254037844386,0.5000000000000001,0.6220467484408675,0.7829801036770629,5.3899,5.2154,5.063,4.947228571428572,4.414593333333333
2021-02-09,5.369,19.82,26.98,21.65,1.51,0.0,2,40,0,0.8660254037844386,0.5000000000000001,0.6354323008901774,0.7721565844991642,5.3148,5.3899,5.1214,4.983199999999999,4.555809999999999
2021-02-10,5.3702,20.15,23.44,21.37,1.94,0.0,2,41,0,0.8660254037844386,0.5000000000000001,0.6486295610349814,0.7611042586607747,5.369,5.3148,4.6114,5.018571428571428,4.63924
2021-02-11,5.4842,19.07,28.83,9.38,1.35,0.0,2,42,0,0.8660254037844386,0.5000000000000001,0.6616346182422783,0.7498264012045686,5.3702,5.369,4.4705,5.126971428571429,4.681703333333333
2021-02-12,4.8838,18.89,31.57,40.32,1.49,0.0,2,43,0,0.8660254037844386,0.5000000000000001,0.6744436188329455,0.7383263540031065,5.4842,5.3702,4.759,5.2717857142857145,4.711093333333333
2021-02-13,4.4945,19.65,27.47,21.05,1.53,0.0,2,44,0,0.8660254037844386,0.5000000000000001,0.6870527672236669,0.7266075247685656,4.8838,5.4842,5.2154,5.289614285714285,4.717286666666666
2021-02-14,5.2094,19.79,28.09,1.81,1.38,0.0,2,45,0,0.8660254037844386,0.5000000000000001,0.699458327051647,0.7146733860429609,4.4945,4.8838,5.3899,5.186628571428571,4.7192799999999995
2021-02-15,4.429,20.26,29.14,43.39,1.39,0.0,2,46,0,0.8660254037844386,0.5000000000000001,0.7116566222817746,0.7025274741691571,5.2094,4.4945,5.3148,5.160842857142858,4.73951
2021-02-16,4.9711,20.94,28.42,27.21,1.69,0.0,2,47,0,0.8660254037844386,0.5000000000000001,0.7236440382959124,0.6901733882429719,4.429,5.2094,5.369,5.0343,4.739176666666666
2021-02-17,5.0698,20.32,27.83,3.67,1.36,0.0,2,48,0,0.8660254037844386,0.5000000000000001,0.7354170229639855,0.6776147890466889,4.9711,4.429,5.3702,4.977457142857142,4.7846400000000004
2021-02-18,5.353,19.36,28.18,2.6,1.64,0.0,2,49,0,0.8660254037844386,0.5000000000000001,0.7469720876965552,0.6648553979642865,5.0698,4.9711,5.4842,4.934542857142858,4.848306666666667
2021-02-19,5.4614,19.33,24.98,1.79,1.5,0.0,2,50,0,0.8660254037844386,0.5000000000000001,0.7583058084785624,0.6518989958787126,5.353,5.0698,4.8838,4.9158,4.905116666666667
2021-02-20,5.6232,19.76,23.39,3.76,1.16,0.0,2,51,0,0.8660254037844386,0.5000000000000001,0.7694148268839378,0.6387494220515272,5.4614,5.353,4.4945,4.998314285714286,4.9440599999999995
2021-02-21,5.6719,20.72,19.31,3.91,1.4,0.0,2,52,0,0.8660254037844386,0.5000000000000001,0.7802958510707755,0.6254105729852464,5.6232,5.4614,5.2094,5.159557142857143,4.973796666666667
2021-02-22,5.8351,22.87,18.14,3.59,1.51,0.0,2,53,0,0.8660254037844386,0.5000000000000001,0.7909456567567772,0.6118864012687243,5.6719,5.6232,4.429,5.2256285714285715,5.005506666666666
2021-02-23,5.887,24.21,15.47,4.75,1.44,0.0,2,54,0,0.8660254037844386,0.5000000000000001,0.8013610881746766,0.5981809144059165,5.8351,5.6719,4.9711,5.426499999999999,5.052993333333333
2021-02-24,5.8438,24.78,18.13,8.77,1.37,0.0,2,55,0,0.8660254037844386,0.5000000000000001,0.8115390590073611,0.5842981736283683,5.887,5.8351,5.0698,5.5573428571428565,5.099553333333334
2021-02-25,5.9897,23.86,24.04,4.25,2.37,0.0,2,56,0,0.8660254037844386,0.5000000000000001,0.8214765533024142,0.5702422926917871,5.8438,5.887,5.353,5.667914285714285,5.14045
2021-02-26,5.9942,25.1,26.0,7.34,2.5,0.0,2,57,0,0.8660254037844386,0.5000000000000001,0.8311706263658079,0.5560174366570446,5.9897,5.8438,5.4614,5.758871428571429,5.182146666666666
2021-02-27,5.8483,25.61,28.34,3.49,3.01,0.0,2,58,0,0.8660254037844386,0.5000000000000001,0.8406184056344782,0.5416278206559814,5.9942,5.9897,5.6232,5.834985714285714,5.220466666666667
2021-02-28,5.9676,23.25,23.1,3.74,2.45,0.0,2,59,0,0.8660254037844386,0.5000000000000001,0.8498170915275278,0.5270777086423722,5.8483,5.9942,5.6719,5.867142857142857,5.255866666666666
2021-03-01,6.0026,22.19,16.2,42.54,2.26,0.0,3,60,1,1.0,6.123233995736766e-17,0.8587639582758029,0.5123714121284237,5.9676,5.8483,5.8351,5.909385714285714,5.292073333333334
2021-03-02,6.3137,21.52,19.1,53.12,2.4,0.0,3,61,1,1.0,6.123233995736766e-17,0.8674563547295969,0.49751328890718066,6.0026,5.9676,5.887,5.933314285714286,5.326406666666667
2021-03-03,6.2453,24.59,13.64,38.61,1.36,0.0,3,62,1,1.0,6.123233995736766e-17,0.8758917051442429,0.48250774176121847,6.3137,6.0026,5.8438,5.994271428571429,5.367263333333333
2021-03-04,6.3821,25.38,12.91,34.86,1.12,0.0,3,63,1,1.0,6.123233995736766e-17,0.8840675099433636,0.4673592171580022,6.2453,6.3137,5.9897,6.051628571428572,5.406673333333333
2021-03-05,6.3456,23.76,15.34,40.05,2.73,0.0,3,64,1,1.0,6.123233995736766e-17,0.8919813464595485,0.45207220393230435,6.3821,6.2453,5.9942,6.107685714285714,5.448696666666667
2021-03-06,6.2474,26.22,16.28,50.76,2.08,0.0,3,65,1,1.0,6.123233995736766e-17,0.8996308696522433,0.43665123195606403,6.3456,6.3821,5.8483,6.157885714285714,5.506503333333333
2021-03-07,6.1428,26.75,23.49,47.12,2.69,0.0,3,66,1,1.0,6.123233995736766e-17,0.9070138128026359,0.4211008707960896,6.2474,6.3456,5.9676,6.2149,5.565733333333333
2021-03-08,5.6618,27.38,27.63,74.54,2.39,0.0,3,67,1,1.0,6.123233995736766e-17,0.9141279881853337,0.40542572835999735,6.1428,6.2474,6.0026,6.239928571428572,5.611859999999999
2021-03-09,6.2549,26.56,26.44,57.55,1.34,0.26,3,68,1,1.0,6.123233995736766e-17,0.9209712877166346,0.38963044953078796,5.6618,6.1428,6.3137,6.191242857142858,5.62674
2021-03-10,5.8265,25.69,30.9,66.29,1.93,0.29,3,69,1,1.0,6.123233995736766e-17,0.9275416835791966,0.37371971479046906,6.2549,5.6618,6.2453,6.182842857142858,5.655573333333334
2021-03-11,6.1121,26.51,25.83,58.31,2.7,0.0,3,70,1,1.0,6.123233995736766e-17,0.9338372288229252,0.35769823883312546,5.8265,6.2549,6.3821,6.1230142857142855,5.67263
2021-03-12,4.6627,25.83,35.03,86.67,2.52,2.22,3,71,1,1.0,6.123233995736766e-17,0.9398560579418954,0.3415707691678556,6.1121,5.8265,6.3456,6.084442857142858,5.6974
2021-03-13,6.3622,24.67,47.23,56.08,2.17,0.02,3,72,1,1.0,6.123233995736766e-17,0.9455963874271426,0.3253420847119801,4.6627,6.1121,6.2474,5.844028571428572,5.673816666666666
2021-03-14,6.27,26.21,35.37,68.65,1.36,0.0,3,73,1,1.0,6.123233995736766e-17,0.9510565162951535,0.30901699437494745,6.3622,4.6627,6.1428,5.860428571428571,5.703083333333334
2021-03-15,6.0509,25.56,32.37,64.18,1.64,0.0,3,74,1,1.0,6.123233995736766e-17,0.9562348265919056,0.29260033563334836,6.27,6.3622,5.6618,5.8786,5.74929
2021-03-16,5.8061,26.68,24.55,76.53,1.44,0.0,3,75,1,1.0,6.123233995736766e-17,0.9611297838723007,0.27609697309746883,6.0509,6.27,6.2549,5.9341857142857135,5.80117
2021-03-17,4.8926,27.1,25.22,95.2,1.9,0.0,3,76,1,1.0,6.123233995736766e-17,0.9657399376548549,0.2595117970697999,5.8061,6.0509,5.8265,5.870071428571428,5.82106
2021-03-18,4.9219,27.69,27.03,90.64,2.23,0.07,3,77,1,1.0,6.123233995736766e-17,0.9700639218515071,0.2428497220959356,4.8926,5.8061,6.1121,5.736657142857142,5.8365133333333326
2021-03-19,5.8682,27.72,30.72,63.81,2.43,0.29,3,78,1,1.0,6.123233995736766e-17,0.9741004551724205,0.22611568550828828,4.9219,4.8926,4.6627,5.566628571428572,5.834873333333333
2021-03-20,6.257,27.48,21.88,61.96,1.94,0.0,3,79,1,1.0,6.123233995736766e-17,0.9778483415056568,0.20931464596304847,5.8682,4.9219,6.3622,5.738842857142856,5.861486666666667
2021-03-21,6.1253,27.9,21.23,67.97,2.02,0.0,3,80,1,1.0,6.123233995736766e-17,0.9813064702716093,0.19245158197082998,6.257,5.8682,6.27,5.723814285714285,5.89162
2021-03-22,5.0534,28.71,23.02,81.91,1.86,0.54,3,81,1,1.0,6.123233995736766e-17,0.9844738167520922,0.1755314904214282,6.1253,6.257,6.0509,5.703142857142857,5.913749999999999
2021-03-23,4.8312,27.96,26.35,74.98,1.9,0.08,3,82,1,1.0,6.123233995736766e-17,0.9873494423939864,0.15855938510313475,5.0534,6.1253,5.8061,5.560642857142858,5.894756666666667
2021-03-24,6.5642,25.36,28.24,69.33,2.05,2.27,3,83,1,1.0,6.123233995736766e-17,0.989932495087353,0.141540295217043,4.8312,5.0534,4.8926,5.421371428571429,5.866733333333333
2021-03-25,6.2892,24.09,25.25,79.86,2.52,0.0,3,84,1,1.0,6.123233995736766e-17,0.9922222094179323,0.12447926388678915,6.5642,4.8312,4.9219,5.660171428571429,5.8910366666666665
2021-03-26,6.721,25.33,29.26,64.33,2.04,0.08,3,85,1,1.0,6.123233995736766e-17,0.994217906893952,0.10738134666416309,6.2892,6.5642,5.8682,5.855499999999999,5.904443333333333
2021-03-27,6.6427,28.32,23.8,66.34,1.59,0.0,3,86,1,1.0,6.123233995736766e-17,0.995918996147179,0.09025161003104117,6.721,6.2892,6.257,5.977328571428572,5.933683333333334
2021-03-28,6.7267,29.43,19.36,63.62,1.9,0.0,3,87,1,1.0,6.123233995736766e-17,0.9973249731081555,0.07309512989807777,6.6427,6.721,6.1253,6.032428571428571,5.95545
2021-03-29,6.9653,31.12,16.25,59.46,3.17,0.0,3,88,1,1.0,6.123233995736766e-17,0.9984354211555643,0.055916990100603484,6.7267,6.6427,5.0534,6.118342857142857,5.979866666666666
2021-03-30,6.5983,29.82,17.77,57.12,5.43,0.0,3,89,1,1.0,6.123233995736766e-17,0.9992500112396835,0.03872228089217446,6.9653,6.7267,4.8312,6.391471428571428,6.0171
2021-03-31,7.1998,27.74,12.08,42.09,2.3,0.0,3,90,1,1.0,6.123233995736766e-17,0.9997685019798909,0.021516097436222254,6.5983,6.9653,6.5642,6.643914285714286,6.038123333333333
2021-04-01,7.2254,27.11,8.57,51.3,2.73,0.0,4,91,1,0.8660254037844387,-0.4999999999999998,0.9999907397361901,0.004303538296244289,7.1998,6.5983,6.2892,6.734714285714285,6.07803
2021-04-02,7.1393,27.06,8.47,48.15,2.02,0.0,4,92,1,0.8660254037844387,-0.4999999999999998,0.9999166586547379,-0.01291029607500882,7.2254,7.1998,6.721,6.868457142857143,6.108419999999999
2021-04-03,6.8698,27.37,9.44,63.66,1.84,0.0,4,93,1,0.8660254037844387,-0.4999999999999998,0.9995462806873573,-0.030120304846908114,7.1393,7.2254,6.6427,6.928214285714286,6.1382200000000005
2021-04-04,7.1813,29.08,8.19,61.58,1.96,0.0,4,94,1,0.8660254037844387,-0.4999999999999998,0.9988797155850336,-0.04732138832243185,6.8698,7.1393,6.7267,6.960657142857143,6.154476666666667
2021-04-05,6.9206,30.7,13.23,59.0,2.83,0.0,4,95,1,0.8660254037844387,-0.4999999999999998,0.9979171608653922,-0.06450844944931623,7.1813,6.8698,6.9653,7.0256,6.182333333333333
2021-04-06,7.1174,31.83,17.36,55.09,4.55,0.0,4,96,1,0.8660254037844387,-0.4999999999999998,0.9966589017541702,-0.08167639533042241,6.9206,7.1813,6.5983,7.019214285714286,6.204773333333334
2021-04-07,6.5251,29.6,28.41,66.37,3.07,0.0,4,97,1,0.8660254037844387,-0.4999999999999998,0.9951053111006976,-0.09882013873287143,7.1174,6.9206,7.1998,7.093371428571428,6.237260000000001
2021-04-08,6.8086,28.12,12.5,78.03,2.8,0.0,4,98,1,0.8660254037844387,-0.4999999999999998,0.9932568492674143,-0.11593459959550041,6.5251,7.1174,7.2254,6.996985714285715,6.2660366666666665
2021-04-09,7.0546,27.95,12.16,64.64,2.34,0.0,4,99,1,0.8660254037844387,-0.4999999999999998,0.9911140639934547,-0.1330147065341959,6.8086,6.5251,7.1393,6.937442857142857,6.284493333333333
2021-04-10,7.1789,29.06,11.69,66.2,1.86,0.0,4,100,1,0.8660254037844387,-0.4999999999999998,0.9886775902323405,-0.1500553983446526,7.0546,6.8086,6.8698,6.925342857142857,6.32543
2021-04-11,7.1664,30.07,11.71,65.29,1.72,0.0,4,101,1,0.8660254037844387,-0.4999999999999998,0.9859481499638304,-0.16705162550211924,7.1789,7.0546,7.1813,6.969499999999999,6.36099
2021-04-12,7.3495,31.13,10.89,56.65,1.56,0.0,4,102,1,0.8660254037844387,-0.4999999999999998,0.9829265519799822,-0.18399835165768005,7.1664,7.1789,6.9206,6.967371428571428,6.444446666666667
2021-04-13,7.3618,31.06,13.26,60.93,1.85,0.0,4,103,1,0.8660254037844387,-0.4999999999999998,0.9796136916454901,-0.20089055513063506,7.3495,7.1664,7.1174,7.028642857142857,6.477356666666667
2021-04-14,5.4866,32.19,14.88,94.69,1.6,0.0,4,104,1,0.8660254037844387,-0.4999999999999998,0.9760105506323683,-0.21772323039653177,7.3618,7.3495,6.5251,7.063557142857143,6.51375
2021-04-15,7.0075,31.18,14.13,58.08,3.26,0.0,4,105,1,0.8660254037844387,-0.4999999999999998,0.9721181966290613,-0.23449138957040985,5.4866,7.3618,6.8086,6.9152,6.494940000000001
2021-04-16,6.2604,31.1,23.99,89.45,3.32,1.33,4,106,1,0.8660254037844387,-0.4999999999999998,0.9679377830240642,-0.25119006388481935,7.0075,5.4866,7.0546,6.943614285714285,6.534986666666667
2021-04-17,6.5158,28.77,31.91,77.43,2.8,0.02,4,107,1,0.8660254037844387,-0.4999999999999998,0.9634705485641488,-0.2678143051621742,6.2604,7.0075,7.1789,6.830157142857144,6.58058
2021-04-18,6.9449,29.89,24.28,71.51,2.33,0.0,4,108,1,0.8660254037844387,-0.4999999999999998,0.9587178169872964,-0.2843591872810034,6.5158,6.2604,7.1664,6.735428571428572,6.633709999999999
2021-04-19,6.6466,31.39,16.99,67.61,2.07,0.0,4,109,1,0.8660254037844387,-0.4999999999999998,0.9536809966304457,-0.30081980763566735,6.9449,6.5158,7.3495,6.703785714285714,6.669600000000001
2021-04-20,4.883,29.47,23.26,97.65,2.95,0.54,4,110,1,0.8660254037844387,-0.4999999999999998,0.9483615800121715,-0.3171912885891061,6.6466,6.9449,7.3618,6.603371428571428,6.6825866666666665
2021-04-21,6.7622,26.76,33.2,77.73,4.01,0.01,4,111,1,0.8660254037844387,-0.4999999999999998,0.9427611433904207,-0.3334687789181868,4.883,6.6466,5.4866,6.249257142857142,6.6411766666666665
2021-04-22,7.6111,28.31,26.25,59.61,1.66,0.01,4,112,1,0.8660254037844387,-0.4999999999999998,0.9368813462954315,-0.3496474552512284,6.7622,4.883,7.0075,6.4314857142857145,6.698136666666667
2021-04-23,6.882,29.56,22.22,67.97,3.99,0.0,4,113,1,0.8660254037844387,-0.4999999999999998,0.9307239310379795,-0.36572252349726897,7.6111,6.7622,6.2604,6.517714285714286,6.7908
2021-04-24,7.8521,27.73,24.03,56.07,3.93,0.0,4,114,1,0.8660254037844387,-0.4999999999999998,0.9242907221930933,-0.3816892202666588,6.882,7.6111,6.5158,6.606514285714285,6.801393333333333
2021-04-25,8.004,28.94,13.64,59.23,2.41,0.0,4,115,1,0.8660254037844387,-0.4999999999999998,0.9175836260593937,-0.39754281428255595,7.8521,6.882,6.9449,6.797414285714285,6.85349
2021-04-26,7.8922,31.59,9.7,57.01,1.31,0.0,4,116,1,0.8660254037844387,-0.4999999999999998,0.9106046300942162,-0.41327860778290415,8.004,7.8521,6.6466,6.948714285714287,6.896256666666667
2021-04-27,8.2985,33.52,9.93,33.57,1.16,0.0,4,117,1,0.8660254037844387,-0.4999999999999998,0.9033558023246845,-0.4288919379124835,7.8922,8.004,4.883,7.126657142857143,6.937906666666667
2021-04-28,8.4274,33.38,8.61,32.28,1.77,0.0,4,118,1,0.8660254037844387,-0.4999999999999998,0.895839290734909,-0.44437817810461316,8.2985,7.8922,6.7622,7.614585714285714,6.9903
2021-04-29,6.9276,34.42,11.76,87.02,1.87,0.0,4,119,1,0.8660254037844387,-0.4999999999999998,0.8880573226294932,-0.45973273945210397,8.4274,8.2985,7.6111,7.8524714285714285,7.039036666666666
2021-04-30,6.3746,33.63,16.66,89.01,2.61,0.16,4,120,1,0.8660254037844387,-0.4999999999999998,0.8800122039735357,-0.47495107206704995,6.9276,8.4274,6.882,7.754828571428571,7.050013333333334
2021-05-01,5.2644,33.41,18.96,97.42,2.62,0.04,5,121,1,0.49999999999999994,-0.8660254037844387,0.8717063187093218,-0.4900286664290592,6.3746,6.9276,7.8521,7.682342857142857,7.022506666666667
2021-05-02,4.2677,31.69,27.64,92.48,2.46,0.03,5,122,1,0.49999999999999994,-0.8660254037844387,0.8631421280499114,-0.5049610547215204,5.2644,6.3746,8.004,7.312671428571429,6.95714
2021-05-03,5.2766,32.31,23.63,91.96,1.3,0.0,5,123,1,0.49999999999999994,-0.8660254037844387,0.854322169749827,-0.5197438121555155,4.2677,5.2644,7.8922,6.778914285714286,6.86142
2021-05-04,6.0374,32.51,20.96,77.31,2.88,0.0,5,124,1,0.49999999999999994,-0.8660254037844387,0.8452490573530633,-0.5343725582809786,5.2766,4.2677,8.2985,6.405257142857144,6.808313333333333
2021-05-05,7.0382,33.13,23.88,68.04,2.31,0.01,5,125,1,0.49999999999999994,-0.8660254037844387,0.8359254794186372,-0.548842958284719,6.0374,5.2766,8.4274,6.082242857142858,6.770183333333334
2021-05-06,6.4879,33.69,22.11,72.86,1.78,1.08,5,126,1,0.49999999999999994,-0.8660254037844387,0.8263541987239096,-0.5631507242749186,7.0382,6.0374,6.9276,5.883785714285714,6.774103333333333
2021-05-07,7.0709,32.77,25.31,66.46,2.66,0.05,5,127,1,0.49999999999999994,-0.8660254037844387,0.8165380514459161,-0.5772916165517272,6.4879,7.0382,6.3746,5.820971428571428,6.753119999999999
2021-05-08,6.8954,33.37,24.61,69.42,2.27,0.01,5,128,1,0.49999999999999994,-0.8660254037844387,0.8064799463209448,-0.5912614448635781,7.0709,6.4879,5.2644,5.920442857142858,6.771313333333334
2021-05-09,6.5357,34.16,22.34,77.15,2.27,0.01,5,129,1,0.49999999999999994,-0.8660254037844387,0.7961828637826158,-0.6050560696488488,6.8954,7.0709,4.2677,6.153442857142856,6.774206666666667
2021-05-10,6.175,34.57,22.27,75.28,2.17,0.59,5,130,1,0.49999999999999994,-0.8660254037844387,0.7856498550787147,-0.6186714032625031,6.5357,6.8954,5.2766,6.477442857142857,6.75691
2021-05-11,6.2738,34.04,24.12,74.39,2.68,0.39,5,131,1,0.49999999999999994,-0.8660254037844387,0.7748840413670407,-0.6321034111873487,6.175,6.5357,6.0374,6.605785714285714,6.723446666666667
2021-05-12,6.3636,33.11,31.88,78.77,2.23,0.79,5,132,1,0.49999999999999994,-0.8660254037844387,0.7638886127905428,-0.6453481132295501,6.2738,6.175,7.0382,6.639557142857143,6.693693333333333
2021-05-13,7.4791,31.08,38.4,53.19,2.29,0.18,5,133,1,0.49999999999999994,-0.8660254037844387,0.7526668275320085,-0.6584015846980488,6.3636,6.2738,6.4879,6.543185714285714,6.66083
2021-05-14,6.5304,33.29,31.12,75.65,1.68,0.05,5,134,1,0.49999999999999994,-0.8660254037844387,0.7412220108485958,-0.6712599575675313,7.4791,6.3636,7.0709,6.684785714285715,6.66474
2021-05-15,6.834,32.52,33.59,50.69,2.38,0.41,5,135,1,0.49999999999999994,-0.8660254037844387,0.7295575540864875,-0.6839194216246106,6.5304,7.4791,6.8954,6.607571428571428,6.699533333333333
2021-05-16,5.4938,33.65,32.61,89.48,3.71,0.18,5,136,1,0.49999999999999994,-0.8660254037844387,0.717676913675962,-0.6963762255968722,6.834,6.5304,6.5357,6.5988,6.69375
2021-05-17,3.275,30.07,37.83,99.11,4.77,2.6,5,137,1,0.49999999999999994,-0.8660254037844387,0.705583610107178,-0.7086266782644596,5.4938,6.834,6.175,6.4499571428571425,6.668196666666666
2021-05-18,2.1562,26.17,56.34,99.39,4.05,3.76,5,138,1,0.49999999999999994,-0.8660254037844387,0.6932812268869777,-0.7206671495538609,3.275,5.4938,6.2738,6.035671428571428,6.56017
2021-05-19,1.3373,23.98,81.02,95.77,5.96,70.55,5,139,1,0.49999999999999994,-0.8660254037844387,0.6807734094770161,-0.7324940716135789,2.1562,3.275,6.3636,5.447442857142858,6.400546666666667
2021-05-20,7.3718,27.73,56.78,43.33,3.88,0.33,5,140,1,0.49999999999999994,-0.8660254037844387,0.6680638642135335,-0.7441039398713607,1.3373,2.1562,7.4791,4.7294,6.2235700000000005
2021-05-21,7.3337,29.79,49.85,56.04,2.61,1.37,5,141,1,0.49999999999999994,-0.8660254037844387,0.6551563572090853,-0.7554933140726803,7.3718,1.3373,6.5304,4.714071428571429,6.3065299999999995
2021-05-22,7.1038,30.15,50.27,60.93,2.01,1.13,5,142,1,0.49999999999999994,-0.8660254037844387,0.6420547132365637,-0.766658819300159,7.3337,7.3718,6.834,4.828828571428572,6.32558
2021-05-23,6.9101,28.75,51.75,63.4,1.92,0.39,5,143,1,0.49999999999999994,-0.8660254037844387,0.6287628145958344,-0.7775971469736269,7.1038,7.3337,5.4938,4.867371428571429,6.30867
2021-05-24,7.6313,29.62,39.74,49.69,2.9,0.0,5,144,1,0.49999999999999994,-0.8660254037844387,0.6152845999633276,-0.7883050558305255,6.9101,7.1038,3.275,5.0697,6.309606666666666
2021-05-25,7.6375,32.1,34.44,50.7,2.54,0.0,5,145,1,0.49999999999999994,-0.8660254037844387,0.6016240632249226,-0.7987793728863649,7.6313,6.9101,2.1562,5.692028571428572,6.302246666666666
2021-05-26,7.2005,33.14,38.4,66.92,2.12,0.0,5,146,1,0.49999999999999994,-0.8660254037844387,0.5877852522924732,-0.8090169943749473,7.6375,7.6313,1.3373,6.475071428571428,6.29003
2021-05-27,6.9965,34.41,38.71,66.96,1.77,0.17,5,147,1,0.49999999999999994,-0.8660254037844387,0.5737722679043246,-0.8190148866680801,7.2005,7.6375,7.3718,7.312671428571428,6.2669733333333335
2021-05-28,7.2955,34.67,40.07,41.75,1.77,0.48,5,148,1,0.49999999999999994,-0.8660254037844387,0.5595892624101765,-0.8287700871745038,6.9965,7.2005,7.3337,7.259057142857143,6.223573333333333
2021-05-29,7.315,34.04,44.33,55.44,2.34,2.38,5,149,1,0.49999999999999994,-0.8660254037844387,0.545240438540651,-0.8382797052177744,7.2955,6.9965,7.1038,7.2536,6.185843333333334
2021-05-30,6.9967,33.17,44.94,64.6,2.72,1.65,5,150,1,0.49999999999999994,-0.8660254037844387,0.5307300481619334,-0.8475409228928311,7.315,7.2955,6.9101,7.283771428571428,6.198756666666666
2021-05-31,6.6156,34.17,42.77,72.75,2.97,0.24,5,151,1,0.49999999999999994,-0.8660254037844387,0.5160623910158528,-0.8565509959010036,6.9967,7.315,7.6313,7.296142857142857,6.219493333333333
2021-06-01,6.66,31.96,48.77,74.5,1.59,4.15,6,152,2,1.2246467991473532e-16,-1.0,0.5012418134457758,-0.865307254363206,6.6156,6.9967,7.6375,7.1510428571428575,6.2645333333333335
2021-06-02,5.1355,31.17,54.85,81.33,1.8,3.91,6,153,2,1.2246467991473532e-16,-1.0,0.48627270710868997,-0.8738071036110808,6.66,6.6156,7.2005,7.0114,6.344276666666667
2021-06-03,5.9189,29.42,60.02,90.29,1.37,2.02,6,154,2,1.2246467991473532e-16,-1.0,0.4711595076738638,-0.8820480249558537,5.1355,6.66,6.9965,6.7164,6.339573333333333
2021-06-04,4.44,32.79,43.54,79.3,1.18,0.04,6,155,2,1.2246467991473532e-16,-1.0,0.4559066935084588,-0.8900275764346767,5.9189,5.1355,7.2955,6.562457142857142,6.335623333333333
2021-06-05,5.947,33.2,46.07,75.11,2.58,1.38,6,156,2,1.2246467991473532e-16,-1.0,0.440518784350495,-0.8977433935342337,4.44,5.9189,7.315,6.154528571428571,6.249016666666667
2021-06-06,7.4532,32.01,50.14,58.17,2.09,0.41,6,157,2,1.2246467991473532e-16,-1.0,0.42500033996955416,-0.9051931898913974,5.947,4.44,6.9967,5.9591,6.230986666666667
2021-06-07,7.3363,34.35,44.16,60.2,3.11,0.0,6,158,2,1.2246467991473532e-16,-1.0,0.4093559588156213,-0.9123747579707273,7.4532,5.947,6.6156,6.0243142857142855,6.243729999999999
2021-06-08,7.4518,34.7,41.3,59.79,4.78,0.0,6,159,2,1.2246467991473532e-16,-1.0,0.39359027665646673,-0.9192859697186104,7.3363,7.4532,6.66,6.127271428571428,6.258426666666666
2021-06-09,7.4561,34.32,41.98,61.04,4.44,0.0,6,160,2,1.2246467991473532e-16,-1.0,0.3777079652039649,-0.9259247771938498,7.4518,7.3363,5.1355,6.240385714285715,6.288963333333333
2021-06-10,7.7434,34.47,43.18,55.42,4.04,0.05,6,161,2,1.2246467991473532e-16,-1.0,0.36171373072976765,-0.9322892131745133,7.4561,7.4518,5.9189,6.5719,6.331666666666666
2021-06-11,7.6766,34.58,41.7,56.63,4.37,0.0,6,162,2,1.2246467991473532e-16,-1.0,0.3456123126707335,-0.9383773917408641,7.7434,7.4561,4.44,6.832542857142857,6.380653333333333
2021-06-12,7.6159,35.53,41.47,60.66,3.52,0.55,6,163,2,1.2246467991473532e-16,-1.0,0.3294084822245304,-0.9441875088341993,7.6766,7.7434,5.947,7.294914285714286,6.42442
2021-06-13,6.6864,33.36,54.18,63.56,1.83,1.35,6,164,2,1.2246467991473532e-16,-1.0,0.3131070409358269,-0.9497178427914316,7.6159,7.6766,7.4532,7.533328571428571,6.428979999999999
2021-06-14,6.137,33.51,53.27,68.63,1.87,5.52,6,165,2,1.2246467991473532e-16,-1.0,0.29671281927349075,-0.9549667548552551,6.6864,7.6159,7.3363,7.423785714285714,6.43418
2021-06-15,7.0651,32.85,54.29,57.2,3.24,2.45,6,166,2,1.2246467991473532e-16,-1.0,0.28023067519921585,-0.9599326896597447,6.137,6.6864,7.4518,7.252457142857144,6.410946666666666
2021-06-16,6.2153,31.74,55.05,74.15,3.12,1.43,6,167,2,1.2246467991473532e-16,-1.0,0.26366549272800704,-0.9646141756912435,7.0651,6.137,7.4561,7.197214285714286,6.463323333333333
2021-06-17,6.456,32.71,44.01,67.57,1.82,0.04,6,168,2,1.2246467991473532e-16,-1.0,0.24702218048093552,-0.9690098257244062,6.2153,7.0651,7.7434,7.019957142857143,6.561333333333334
2021-06-18,5.809,32.76,41.43,84.91,2.48,0.1,6,169,2,1.2246467991473532e-16,-1.0,0.23030567023061221,-0.9731183372332619,6.456,6.2153,7.6766,6.836042857142857,6.70466
2021-06-19,4.0308,32.55,44.33,98.52,2.62,0.62,6,170,2,1.2246467991473532e-16,-1.0,0.21352091543979612,-0.9769384927771817,5.809,6.456,7.6159,6.569242857142858,6.853716666666666
2021-06-20,4.0022,32.32,49.42,97.19,2.0,2.1,6,171,2,1.2246467991473532e-16,-1.0,0.19667288979357647,-0.980469160361632,4.0308,5.809,6.6864,6.057085714285714,6.74235
2021-06-21,5.8015,33.2,45.23,79.69,3.19,0.03,6,172,2,1.2246467991473532e-16,-1.0,0.1797665857255624,-0.9837092937736097,4.0022,4.0308,6.137,5.673628571428572,6.6312999999999995
2021-06-22,6.3773,33.88,44.26,70.61,2.97,1.35,6,173,2,1.2246467991473532e-16,-1.0,0.16280701293851715,-0.986657932891657,5.8015,4.0022,7.0651,5.6257,6.587890000000001
2021-06-23,5.6083,34.54,44.01,82.79,2.14,2.71,6,174,2,1.2246467991473532e-16,-1.0,0.1457991969198751,-0.9893142039703663,6.3773,5.8015,6.2153,5.527442857142857,6.570130000000001
2021-06-24,6.222,34.14,45.63,71.32,1.99,1.16,6,175,2,1.2246467991473532e-16,-1.0,0.12874817745258132,-0.99167731989929,5.6083,6.3773,6.456,5.440728571428571,6.502696666666666
2021-06-25,6.9014,33.14,50.42,63.94,2.57,5.07,6,176,2,1.2246467991473532e-16,-1.0,0.11165900712169512,-0.993746580436178,6.222,5.6083,5.809,5.4073,6.455513333333333
2021-06-26,6.1675,32.87,47.58,80.75,1.81,0.17,6,177,2,1.2246467991473532e-16,-1.0,0.09453674981719912,-0.9955213724144752,6.9014,6.222,4.0308,5.563357142857143,6.445543333333333
2021-06-27,6.8489,35.14,38.49,62.06,1.84,0.46,6,178,2,1.2246467991473532e-16,-1.0,0.07738647923346301,-0.9970011699250151,6.1675,6.9014,4.0022,5.8686,6.417910000000001
2021-06-28,7.1688,35.56,32.05,48.49,2.44,0.0,6,179,2,1.2246467991473532e-16,-1.0,0.06021327736579302,-0.9981855344718586,6.8489,6.1675,5.8015,6.275271428571429,6.4030233333333335
2021-06-29,7.2245,36.01,31.67,42.32,3.35,0.1,6,180,2,1.2246467991473532e-16,-1.0,0.04302223300453059,-0.99907411510223,7.1688,6.8489,6.3773,6.470599999999999,6.39815
2021-06-30,7.037,35.94,36.96,74.09,5.51,0.12,6,181,2,1.2246467991473532e-16,-1.0,0.02581844022713308,-0.9996666485105112,7.2245,7.1688,5.6083,6.591628571428572,6.405743333333334
2021-07-01,7.5566,35.37,40.49,52.59,4.47,0.0,7,182,2,-0.4999999999999997,-0.8660254037844388,0.008606996888688698,-0.9999629591162655,7.037,7.2245,6.222,6.795728571428572,6.419790000000001
2021-07-02,7.3322,34.78,43.98,60.58,4.02,1.08,7,183,2,-0.4999999999999997,-0.8660254037844388,-0.008606996888688009,-0.9999629591162655,7.5566,7.037,6.9014,6.986385714285714,6.449676666666667
2021-07-03,6.739,33.36,46.15,77.27,2.74,0.29,7,184,2,-0.4999999999999997,-0.8660254037844388,-0.02581844022713239,-0.9996666485105112,7.3322,7.5566,6.1675,7.047928571428571,6.522900000000001
2021-07-04,5.011,34.18,45.4,84.04,3.25,0.91,7,185,2,-0.4999999999999997,-0.8660254037844388,-0.04302223300453034,-0.99907411510223,6.739,7.3322,6.8489,7.129571428571429,6.550236666666666
2021-07-05,5.6138,34.56,44.33,86.8,1.89,2.89,7,186,2,-0.4999999999999997,-0.8660254037844388,-0.060213277365792774,-0.9981855344718586,5.011,6.739,7.1688,6.867014285714285,6.56927
2021-07-06,6.5779,34.16,44.99,70.18,2.4,1.21,7,187,2,-0.4999999999999997,-0.8660254037844388,-0.07738647923346322,-0.9970011699250151,5.6138,5.011,7.2245,6.644871428571429,6.558163333333334
2021-07-07,6.5899,35.6,38.35,71.65,3.61,0.22,7,188,2,-0.4999999999999997,-0.8660254037844388,-0.09453674981719933,-0.9955213724144752,6.5779,5.6138,7.037,6.552500000000001,6.528986666666667
2021-07-08,7.3162,35.73,37.49,68.62,3.31,1.71,7,189,2,-0.4999999999999997,-0.8660254037844388,-0.11165900712169444,-0.9937465804361781,6.5899,6.5779,7.5566,6.488628571428571,6.504106666666668
2021-07-09,5.1134,34.04,45.55,89.83,1.55,0.65,7,190,2,-0.4999999999999997,-0.8660254037844388,-0.12874817745258066,-0.99167731989929,7.3162,6.5899,7.3322,6.454285714285715,6.499586666666667
2021-07-10,5.6071,34.41,48.35,75.78,1.95,6.74,7,191,2,-0.4999999999999997,-0.8660254037844388,-0.14579919691987442,-0.9893142039703664,5.1134,7.3162,6.739,6.137314285714287,6.421496666666667
2021-07-11,5.2519,31.51,63.73,91.25,3.25,22.5,7,192,2,-0.4999999999999997,-0.8660254037844388,-0.16280701293851646,-0.9866579328916572,5.6071,5.1134,5.011,5.975614285714285,6.350286666666666
2021-07-12,4.6152,29.91,72.26,90.63,3.77,9.05,7,193,2,-0.4999999999999997,-0.8660254037844388,-0.17976658572556214,-0.9837092937736098,5.2519,5.6071,5.6138,6.010028571428571,6.269463333333333
2021-07-13,5.6102,31.99,60.17,98.66,3.14,0.8,7,194,2,-0.4999999999999997,-0.8660254037844388,-0.19667288979357622,-0.9804691603616321,4.6152,5.2519,6.5779,5.8673714285714285,6.16944
2021-07-14,5.9683,30.61,66.26,89.32,3.39,11.1,7,195,2,-0.4999999999999997,-0.8660254037844388,-0.2135209154397959,-0.9769384927771817,5.6102,4.6152,6.5899,5.7291285714285705,6.133566666666667
2021-07-15,6.7879,32.2,60.13,79.86,3.7,2.16,7,196,2,-0.4999999999999997,-0.8660254037844388,-0.23030567023061196,-0.973118337233262,5.9683,5.6102,7.3162,5.6403285714285705,6.1279433333333335
2021-07-16,6.8402,33.93,53.29,62.47,2.74,1.05,7,197,2,-0.4999999999999997,-0.8660254037844388,-0.24702218048093527,-0.9690098257244063,6.7879,5.9683,5.1134,5.564857142857143,6.118703333333333
2021-07-17,5.8222,34.15,56.78,84.73,2.04,4.64,7,198,2,-0.4999999999999997,-0.8660254037844388,-0.2636654927280072,-0.9646141756912435,6.8402,6.7879,5.6071,5.8115428571428565,6.1395333333333335
2021-07-18,2.6873,31.11,73.34,97.8,2.85,22.54,7,199,2,-0.4999999999999997,-0.8660254037844388,-0.2802306751992161,-0.9599326896597445,5.8222,6.8402,5.2519,5.842271428571428,6.118406666666667
2021-07-19,2.1468,28.74,80.13,98.23,2.63,25.15,7,200,2,-0.4999999999999997,-0.8660254037844388,-0.2967128192734901,-0.9549667548552553,2.6873,5.8222,4.6152,5.4759,6.014350000000001
2021-07-20,4.2233,30.17,71.13,93.05,2.91,0.71,7,201,2,-0.4999999999999997,-0.8660254037844388,-0.3131070409358267,-0.9497178427914317,2.1468,2.6873,5.6102,5.123271428571429,5.95155
2021-07-21,5.1079,30.4,67.3,82.11,2.54,0.27,7,202,2,-0.4999999999999997,-0.8660254037844388,-0.3294084822245302,-0.9441875088341994,4.2233,2.1468,5.9683,4.925142857142857,5.95892
2021-07-22,4.459,31.14,66.73,90.93,2.23,4.42,7,203,2,-0.4999999999999997,-0.8660254037844388,-0.3456123126707333,-0.9383773917408642,5.1079,4.2233,6.7879,4.8022285714285715,5.9357999999999995
2021-07-23,2.677,28.78,82.31,97.87,1.04,12.25,7,204,2,-0.4999999999999997,-0.8660254037844388,-0.3617137307297674,-0.9322892131745134,4.459,5.1079,6.8402,4.469528571428571,5.871856666666667
2021-07-24,5.6311,29.8,74.1,91.62,0.9,1.23,7,205,2,-0.4999999999999997,-0.8660254037844388,-0.37770796520396466,-0.9259247771938499,2.677,4.459,5.8222,3.874785714285714,5.774146666666666
2021-07-25,5.9302,31.02,70.59,72.61,1.86,0.66,7,206,2,-0.4999999999999997,-0.8660254037844388,-0.39359027665646645,-0.9192859697186105,5.6311,2.677,2.6873,3.8474857142857144,5.75445
2021-07-26,4.2242,29.49,77.85,98.37,2.86,16.56,7,207,2,-0.4999999999999997,-0.8660254037844388,-0.4093559588156211,-0.9123747579707274,5.9302,5.6311,2.1468,4.310757142857143,5.722076666666667
2021-07-27,1.6102,27.91,77.85,99.11,4.15,16.4,7,208,2,-0.4999999999999997,-0.8660254037844388,-0.42500033996955394,-0.9051931898913975,4.2242,5.9302,4.2233,4.607528571428571,5.6573
2021-07-28,3.0665,27.9,80.88,99.47,3.18,5.61,7,209,2,-0.4999999999999997,-0.8660254037844388,-0.4405187843504952,-0.8977433935342336,1.6102,4.2242,5.1079,4.234228571428571,5.482676666666666
2021-07-29,3.6127,27.91,78.66,90.45,3.01,9.29,7,210,2,-0.4999999999999997,-0.8660254037844388,-0.455906693508459,-0.8900275764346766,3.0665,1.6102,4.459,3.9426,5.345933333333334
2021-07-30,2.7252,27.78,84.2,98.26,2.63,38.69,7,211,2,-0.4999999999999997,-0.8660254037844388,-0.47115950767386394,-0.8820480249558535,3.6127,3.0665,2.677,3.8217000000000003,5.22554
2021-07-31,1.1419,27.51,88.15,99.57,1.52,64.35,7,212,2,-0.4999999999999997,-0.8660254037844388,-0.4862727071086902,-0.8738071036110807,2.7252,3.6127,5.6311,3.8285857142857145,5.081813333333333
2021-08-01,4.1026,28.41,84.62,99.16,1.79,27.78,8,213,2,-0.8660254037844384,-0.5000000000000004,-0.5012418134457756,-0.8653072543632061,1.1419,2.7252,5.9302,3.187271428571428,4.86799
2021-08-02,2.149,26.82,91.47,98.25,2.71,50.9,8,214,2,-0.8660254037844384,-0.5000000000000004,-0.5160623910158526,-0.8565509959010037,4.1026,1.1419,4.2242,2.9261857142857144,4.7603366666666656
2021-08-03,3.3658,27.47,87.08,98.31,3.09,29.08,8,215,2,-0.8660254037844384,-0.5000000000000004,-0.5307300481619331,-0.8475409228928312,2.149,4.1026,1.6102,2.629728571428571,4.607336666666667
2021-08-04,3.6708,28.26,84.74,98.1,2.47,7.62,8,216,2,-0.8660254037844384,-0.5000000000000004,-0.5452404385406507,-0.8382797052177745,3.3658,2.149,3.0665,2.880528571428571,4.552496666666666
2021-08-05,5.8399,28.52,82.81,82.06,1.5,3.73,8,217,2,-0.8660254037844384,-0.5000000000000004,-0.5595892624101763,-0.828770087174504,3.6708,3.3658,3.6127,2.966857142857143,4.48773
2021-08-06,4.9181,27.45,85.4,97.97,1.09,6.8,8,218,2,-0.8660254037844384,-0.5000000000000004,-0.5737722679043243,-0.8190148866680802,5.8399,3.6708,2.7252,3.285028571428571,4.4631300000000005
2021-08-07,4.2571,27.19,86.1,94.83,1.14,13.52,8,219,2,-0.8660254037844384,-0.5000000000000004,-0.5877852522924734,-0.8090169943749472,4.9181,5.8399,1.1419,3.5983000000000005,4.407403333333334
2021-08-08,5.8169,27.79,83.81,68.82,1.44,1.99,8,220,2,-0.8660254037844384,-0.5000000000000004,-0.6016240632249227,-0.7987793728863648,4.2571,4.9181,4.1026,4.043328571428572,4.305433333333332
2021-08-09,6.0749,28.17,83.49,70.24,2.18,4.87,8,221,2,-0.8660254037844384,-0.5000000000000004,-0.6152845999633277,-0.7883050558305253,5.8169,4.2571,2.149,4.288228571428571,4.328883333333334
2021-08-10,6.4159,27.71,78.33,59.89,3.23,0.16,8,222,2,-0.8660254037844384,-0.5000000000000004,-0.6287628145958345,-0.7775971469736268,6.0749,5.8169,3.3658,4.8490714285714285,4.344476666666666
2021-08-11,6.5033,26.92,78.89,78.81,2.65,0.0,8,223,2,-0.8660254037844384,-0.5000000000000004,-0.6420547132365636,-0.7666588193001592,6.4159,6.0749,3.6708,5.2848,4.383276666666666
2021-08-12,6.2246,27.14,78.94,79.07,2.3,0.06,8,224,2,-0.8660254037844384,-0.5000000000000004,-0.655156357209085,-0.7554933140726804,6.5033,6.4159,5.8399,5.689442857142857,4.446213333333334
2021-08-13,6.3218,27.81,78.48,69.16,2.78,0.0,8,225,2,-0.8660254037844384,-0.5000000000000004,-0.6680638642135333,-0.7441039398713608,6.2246,6.5033,4.9181,5.7444,4.466693333333334
2021-08-14,6.4157,27.81,78.49,61.1,3.09,0.0,8,226,2,-0.8660254037844384,-0.5000000000000004,-0.6807734094770159,-0.7324940716135792,6.3218,6.2246,4.2571,5.944928571428572,4.478476666666666
2021-08-15,6.3986,27.88,77.63,64.2,2.08,0.0,8,227,2,-0.8660254037844384,-0.5000000000000004,-0.6932812268869771,-0.7206671495538615,6.4157,6.3218,5.8169,6.2533,4.46607
2021-08-16,6.5966,28.77,72.61,52.94,1.44,0.0,8,228,2,-0.8660254037844384,-0.5000000000000004,-0.7055836101071774,-0.70862667826446,6.3986,6.4157,6.0749,6.336399999999999,4.451350000000001
2021-08-17,6.6252,29.8,68.25,58.2,1.83,0.0,8,229,2,-0.8660254037844384,-0.5000000000000004,-0.7176769136759615,-0.6963762255968726,6.5966,6.3986,6.4159,6.410928571428571,4.477163333333333
2021-08-18,6.7596,29.91,68.24,57.78,1.4,0.0,8,230,2,-0.8660254037844384,-0.5000000000000004,-0.7295575540864876,-0.6839194216246104,6.6252,6.5966,6.5033,6.440828571428571,4.608426666666667
2021-08-19,4.9303,30.21,70.99,94.15,1.19,0.01,8,231,2,-0.8660254037844384,-0.5000000000000004,-0.7412220108485957,-0.6712599575675315,6.7596,6.6252,6.2246,6.477442857142857,4.762186666666667
2021-08-20,2.964,28.38,79.79,99.15,1.79,0.9,8,232,2,-0.8660254037844384,-0.5000000000000004,-0.7526668275320083,-0.6584015846980489,4.9303,6.7596,6.3218,6.292542857142857,4.785753333333333
2021-08-21,4.2586,27.88,81.63,93.85,1.32,8.58,8,233,2,-0.8660254037844384,-0.5000000000000004,-0.7638886127905429,-0.64534811322955,2.964,4.9303,6.4157,5.812857142857142,4.71429
2021-08-22,4.4578,28.16,82.39,77.74,1.09,10.05,8,234,2,-0.8660254037844384,-0.5000000000000004,-0.7748840413670406,-0.6321034111873488,4.2586,2.964,6.3986,5.504700000000001,4.70761
2021-08-23,4.7566,27.81,79.67,92.78,2.64,1.58,8,235,2,-0.8660254037844384,-0.5000000000000004,-0.7856498550787144,-0.6186714032625032,4.4578,4.2586,6.5966,5.227442857142857,4.76697
2021-08-24,6.6346,28.64,74.49,58.69,3.18,0.03,8,236,2,-0.8660254037844384,-0.5000000000000004,-0.7961828637826154,-0.6050560696488494,4.7566,4.4578,6.6252,4.964585714285714,4.73782
2021-08-25,6.0451,27.32,77.3,74.54,3.45,0.0,8,237,2,-0.8660254037844384,-0.5000000000000004,-0.8064799463209447,-0.5912614448635782,6.6346,4.7566,6.7596,4.965928571428571,4.7613
2021-08-26,5.4127,27.02,76.98,83.74,3.11,0.0,8,238,2,-0.8660254037844384,-0.5000000000000004,-0.8165380514459157,-0.5772916165517278,6.0451,6.6346,4.9303,4.863857142857142,4.821996666666667
2021-08-27,5.8661,27.62,73.82,76.71,2.25,0.0,8,239,2,-0.8660254037844384,-0.5000000000000004,-0.8263541987239094,-0.5631507242749187,5.4127,6.0451,2.964,4.932771428571429,4.948746666666667
2021-08-28,5.9604,28.46,73.68,61.42,1.26,0.0,8,240,2,-0.8660254037844384,-0.5000000000000004,-0.8359254794186365,-0.5488429582847199,5.8661,5.4127,4.2586,5.347357142857143,5.042066666666667
2021-08-29,3.3751,29.15,74.78,97.04,1.05,0.03,8,241,2,-0.8660254037844384,-0.5000000000000004,-0.8452490573530634,-0.5343725582809785,5.9604,5.8661,4.4578,5.590471428571428,5.120323333333333
2021-08-30,4.3978,27.99,82.36,88.14,2.06,0.93,8,242,2,-0.8660254037844384,-0.5000000000000004,-0.8543221697498269,-0.5197438121555157,3.3751,5.9604,4.7566,5.4357999999999995,5.141986666666667
2021-08-31,3.979,26.72,87.14,93.72,2.86,11.07,8,243,2,-0.8660254037844384,-0.5000000000000004,-0.8631421280499115,-0.5049610547215202,4.3978,3.3751,6.6346,5.384542857142857,5.250516666666667
2021-09-01,3.9588,26.55,89.55,91.4,2.52,27.17,9,244,2,-1.0,-1.8369701987210297e-16,-0.8717063187093217,-0.4900286664290594,3.979,4.3978,6.0451,5.005171428571429,5.246396666666667
2021-09-02,3.7003,27.25,87.29,92.05,1.1,5.69,9,245,2,-1.0,-1.8369701987210297e-16,-0.8800122039735356,-0.4749510720670502,3.9588,3.979,5.4127,4.707128571428571,5.306723333333333
2021-09-03,5.2745,27.09,86.69,81.46,2.03,3.72,9,246,2,-1.0,-1.8369701987210297e-16,-0.888057322629493,-0.4597327394521046,3.7003,3.9588,5.8661,4.4625,5.317873333333333
2021-09-04,5.4662,27.38,83.88,81.26,1.85,9.02,9,247,2,-1.0,-1.8369701987210297e-16,-0.8958392907349089,-0.4443781781046134,5.2745,3.7003,5.9604,4.377985714285714,5.37133
2021-09-05,4.6037,28.63,76.67,83.27,0.86,4.6,9,248,2,-1.0,-1.8369701987210297e-16,-0.9033558023246842,-0.4288919379124841,5.4662,5.2745,3.3751,4.307385714285714,5.358873333333333
2021-09-06,5.2572,28.96,79.09,85.08,0.83,1.55,9,249,2,-1.0,-1.8369701987210297e-16,-0.9106046300942162,-0.41327860778290443,4.6037,5.4662,4.3978,4.4829,5.348393333333333
2021-09-07,5.0978,27.36,90.44,88.52,2.02,2.9,9,250,2,-1.0,-1.8369701987210297e-16,-0.9175836260593934,-0.3975428142825566,5.2572,4.6037,3.979,4.605671428571428,5.381730000000001
2021-09-08,4.6092,27.22,86.2,62.81,2.98,0.14,9,251,2,-1.0,-1.8369701987210297e-16,-0.9242907221930934,-0.3816892202666586,5.0978,5.2572,3.9588,4.7655,5.35776
2021-09-09,3.8189,27.44,84.29,80.79,2.78,2.43,9,252,2,-1.0,-1.8369701987210297e-16,-0.9307239310379793,-0.3657225234972692,4.6092,5.0978,3.7003,4.858414285714285,5.308903333333333
2021-09-10,3.1363,26.29,88.4,93.55,3.29,9.03,9,253,2,-1.0,-1.8369701987210297e-16,-0.9368813462954315,-0.34964745525122826,3.8189,4.6092,5.2745,4.875357142857142,5.222336666666666
2021-09-11,4.2823,25.63,89.73,92.56,6.45,20.07,9,254,2,-1.0,-1.8369701987210297e-16,-0.9427611433904206,-0.33346877891818705,3.1363,3.8189,5.4662,4.5699000000000005,5.110103333333333
2021-09-12,4.4647,25.55,92.84,88.68,3.57,9.0,9,255,2,-1.0,-1.8369701987210297e-16,-0.9483615800121716,-0.31719128858910595,4.2823,3.1363,4.6037,4.400771428571429,5.04536
2021-09-13,5.0827,26.71,86.96,77.36,2.82,4.74,9,256,2,-1.0,-1.8369701987210297e-16,-0.9536809966304455,-0.300819807635668,4.4647,4.2823,5.2572,4.380914285714286,4.983456666666667
2021-09-14,4.6982,26.85,85.41,78.39,3.51,3.12,9,257,2,-1.0,-1.8369701987210297e-16,-0.9587178169872964,-0.2843591872810036,5.0827,4.4647,5.0978,4.355985714285715,4.939023333333334
2021-09-15,4.9423,26.67,85.42,63.09,3.93,0.82,9,258,2,-1.0,-1.8369701987210297e-16,-0.9634705485641486,-0.26781430516217486,4.6982,5.0827,4.6092,4.298900000000001,4.882343333333334
2021-09-16,5.4739,26.45,85.56,72.83,2.87,0.92,9,259,2,-1.0,-1.8369701987210297e-16,-0.9679377830240642,-0.25119006388481957,4.9423,4.6982,3.8189,4.3464857142857145,4.8272
2021-09-17,3.9293,25.89,85.62,78.18,2.98,3.14,9,260,2,-1.0,-1.8369701987210297e-16,-0.9721181966290612,-0.23449138957041052,5.4739,4.9423,3.1363,4.582914285714287,4.788823333333334
2021-09-18,3.2676,26.38,86.12,70.77,2.91,4.3,9,261,2,-1.0,-1.8369701987210297e-16,-0.9760105506323682,-0.21772323039653224,3.9293,5.4739,4.2823,4.696199999999999,4.6944799999999995
2021-09-19,3.288,27.17,87.07,69.79,2.76,3.27,9,262,2,-1.0,-1.8369701987210297e-16,-0.9796136916454901,-0.20089055513063528,3.2676,3.9293,4.4647,4.551242857142857,4.639056666666667
2021-09-20,3.0406,27.64,86.7,81.35,2.77,1.16,9,263,2,-1.0,-1.8369701987210297e-16,-0.9829265519799822,-0.18399835165767986,3.288,3.2676,5.0827,4.383142857142857,4.6498566666666665
2021-09-21,4.2526,27.05,87.83,71.75,3.11,0.65,9,264,2,-1.0,-1.8369701987210297e-16,-0.9859481499638303,-0.1670516255021195,3.0406,3.288,4.6982,4.0914142857142854,4.609256666666667
2021-09-22,4.543,25.76,92.63,85.34,2.61,16.58,9,265,2,-1.0,-1.8369701987210297e-16,-0.9886775902323404,-0.15005539834465262,4.2526,3.0406,4.9423,4.027757142857142,4.6024166666666675
2021-09-23,3.6127,25.66,90.46,90.01,3.22,7.9,9,266,2,-1.0,-1.8369701987210297e-16,-0.9911140639934546,-0.13301470653419636,4.543,4.2526,5.4739,3.970714285714286,4.595296666666666
2021-09-24,4.8566,26.44,85.11,70.09,2.14,3.38,9,267,2,-1.0,-1.8369701987210297e-16,-0.9932568492674143,-0.11593459959550066,3.6127,4.543,3.9293,3.7048285714285716,4.4945666666666675
2021-09-25,4.9661,27.02,84.48,70.67,2.0,1.31,9,268,2,-1.0,-1.8369701987210297e-16,-0.9951053111006974,-0.09882013873287211,4.8566,3.6127,3.2676,3.8373,4.454949999999999
2021-09-26,4.537,26.75,86.62,79.73,2.15,18.88,9,269,2,-1.0,-1.8369701987210297e-16,-0.99665890175417,-0.08167639533042288,4.9661,4.8566,3.288,4.079942857142857,4.440063333333333
2021-09-27,3.5899,26.39,86.33,88.42,2.29,8.63,9,270,2,-1.0,-1.8369701987210297e-16,-0.9979171608653922,-0.06450844944931625,4.537,4.9661,3.0406,4.2583714285714285,4.39576
2021-09-28,5.753,26.57,85.24,61.67,2.52,1.19,9,271,2,-1.0,-1.8369701987210297e-16,-0.9988797155850335,-0.04732138832243232,3.5899,4.537,4.2526,4.336842857142857,4.316743333333333
2021-09-29,4.8631,26.25,86.29,71.45,3.28,0.07,9,272,2,-1.0,-1.8369701987210297e-16,-0.9995462806873573,-0.03012030484690836,5.753,3.5899,4.543,4.551185714285714,4.396006666666667
2021-09-30,4.5166,26.43,87.25,79.66,2.15,1.77,9,273,2,-1.0,-1.8369701987210297e-16,-0.9999166586547379,-0.012910296075008843,4.8631,5.753,3.6127,4.596914285714285,4.411516666666667
2021-10-01,5.3004,26.95,87.07,63.58,0.91,3.4,10,274,3,-0.8660254037844386,0.5000000000000001,-0.9999907397361901,0.004303538296243821,4.5166,4.8631,4.8566,4.726042857142857,4.429436666666666
2021-10-02,4.7858,27.28,83.92,73.33,1.59,10.93,10,275,3,-0.8660254037844386,0.5000000000000001,-0.9997685019798909,0.021516097436222233,5.3004,4.5166,4.9661,4.789442857142857,4.474156666666667
2021-10-03,5.4444,27.24,81.88,66.27,1.8,1.4,10,276,3,-0.8660254037844386,0.5000000000000001,-0.9992500112396835,0.03872228089217399,4.7858,5.3004,4.537,4.763685714285715,4.51034
2021-10-04,5.58,27.11,77.66,64.38,2.19,0.0,10,277,3,-0.8660254037844386,0.5000000000000001,-0.9984354211555643,0.05591699010060302,5.4444,4.7858,3.5899,4.893314285714285,4.516003333333333
2021-10-05,5.0038,28.0,72.3,70.38,0.87,0.01,10,278,3,-0.8660254037844386,0.5000000000000001,-0.9973249731081555,0.07309512989807776,5.58,5.4444,5.753,5.177614285714286,4.519796666666666
2021-10-06,5.3486,27.79,76.13,63.43,1.23,1.08,10,279,3,-0.8660254037844386,0.5000000000000001,-0.9959189961471792,0.0902516100310407,5.0038,5.58,4.8631,5.0705857142857145,4.533133333333334
2021-10-07,5.5186,27.43,71.94,60.03,1.18,0.09,10,280,3,-0.8660254037844386,0.5000000000000001,-0.994217906893952,0.10738134666416306,5.3486,5.0038,4.5166,5.139942857142857,4.53618
2021-10-08,5.767,26.82,61.14,56.32,0.97,0.0,10,281,3,-0.8660254037844386,0.5000000000000001,-0.9922222094179324,0.12447926388678869,5.5186,5.3486,5.3004,5.283085714285714,4.550206666666667
2021-10-09,5.5692,27.86,58.32,60.99,0.67,0.0,10,282,3,-0.8660254037844386,0.5000000000000001,-0.989932495087353,0.141540295217043,5.767,5.5186,4.7858,5.349742857142857,4.588800000000001
2021-10-10,5.3035,27.96,59.02,68.6,1.25,0.0,10,283,3,-0.8660254037844386,0.5000000000000001,-0.9873494423939864,0.15855938510313475,5.5692,5.767,5.4444,5.461657142857143,4.647143333333333
2021-10-11,5.557,26.8,61.56,60.27,1.4,0.0,10,284,3,-0.8660254037844386,0.5000000000000001,-0.9844738167520923,0.17553149042142777,5.3035,5.5692,5.58,5.441528571428572,4.719383333333334
2021-10-12,5.4662,26.97,58.9,56.7,1.23,0.0,10,285,3,-0.8660254037844386,0.5000000000000001,-0.9813064702716093,0.19245158197082995,5.557,5.3035,5.0038,5.438242857142858,4.761873333333333
2021-10-13,5.4046,24.71,59.81,61.3,1.51,0.0,10,286,3,-0.8660254037844386,0.5000000000000001,-0.9778483415056567,0.20931464596304888,5.4662,5.557,5.3486,5.5043,4.795256666666666
2021-10-14,5.7408,23.75,52.56,46.97,1.88,0.0,10,287,3,-0.8660254037844386,0.5000000000000001,-0.9741004551724206,0.22611568550828803,5.4046,5.4662,5.5186,5.512300000000001,4.805986666666667
2021-10-15,5.766,24.46,49.05,33.89,1.46,0.0,10,288,3,-0.8660254037844386,0.5000000000000001,-0.970063921851507,0.2428497220959358,5.7408,5.4046,5.767,5.544042857142857,4.84074
2021-10-16,5.3107,25.37,54.3,41.92,1.34,0.0,10,289,3,-0.8660254037844386,0.5000000000000001,-0.965739937654855,0.25951179706979943,5.766,5.7408,5.5692,5.5439,4.868196666666666
2021-10-17,2.9496,25.08,80.49,97.87,2.25,8.89,10,290,3,-0.8660254037844386,0.5000000000000001,-0.9611297838723007,0.27609697309746883,5.3107,5.766,5.3035,5.506971428571428,4.862756666666667
2021-10-18,2.9071,22.53,86.23,84.07,3.26,2.27,10,291,3,-0.8660254037844386,0.5000000000000001,-0.9562348265919058,0.2926003356333479,2.9496,5.3107,5.557,5.170699999999999,4.8301
2021-10-19,4.9051,23.05,69.0,59.74,1.89,0.03,10,292,3,-0.8660254037844386,0.5000000000000001,-0.9510565162951536,0.30901699437494723,2.9071,2.9496,5.4662,4.792142857142857,4.818083333333333
2021-10-20,5.1317,23.56,54.87,51.51,1.67,0.0,10,293,3,-0.8660254037844386,0.5000000000000001,-0.9455963874271428,0.3253420847119795,4.9051,2.9071,5.4046,4.711985714285714,4.8719866666666665
2021-10-21,5.2082,22.48,57.78,57.84,2.59,0.0,10,294,3,-0.8660254037844386,0.5000000000000001,-0.9398560579418953,0.341570769167856,5.1317,4.9051,5.7408,4.673,4.9416899999999995
2021-10-22,5.4713,22.76,67.91,36.19,2.91,0.0,10,295,3,-0.8660254037844386,0.5000000000000001,-0.9338372288229252,0.35769823883312546,5.2082,5.1317,5.766,4.596914285714286,4.973543333333334
2021-10-23,4.9286,22.04,72.62,60.16,2.45,0.0,10,296,3,-0.8660254037844386,0.5000000000000001,-0.9275416835791965,0.3737197147904692,5.4713,5.2082,5.3107,4.5548142857142855,5.004486666666667
2021-10-24,4.2886,22.41,76.53,69.38,1.66,0.13,10,297,3,-0.8660254037844386,0.5000000000000001,-0.9209712877166347,0.38963044953078774,4.9286,5.4713,2.9496,4.500228571428572,5.04835
2021-10-25,4.7256,22.86,69.07,62.99,1.16,0.04,10,298,3,-0.8660254037844386,0.5000000000000001,-0.9141279881853337,0.4054257283599973,4.2886,4.9286,2.9071,4.691514285714285,5.029416666666666
2021-10-26,4.7474,21.26,67.1,41.6,1.64,0.0,10,299,3,-0.8660254037844386,0.5000000000000001,-0.9070138128026362,0.42110087079608916,4.7256,4.2886,4.9051,4.951299999999999,5.021400000000001
2021-10-27,4.789,20.74,58.63,37.64,1.48,0.0,10,300,3,-0.8660254037844386,0.5000000000000001,-0.8996308696522434,0.4366512319560638,4.7474,4.7256,5.1317,4.928771428571429,5.028413333333334
2021-10-28,5.1878,21.05,53.12,8.6,1.29,0.0,10,301,3,-0.8660254037844386,0.5000000000000001,-0.8919813464595487,0.45207220393230374,4.789,4.7474,5.2082,4.879814285714285,5.068383333333333
2021-10-29,5.2068,20.14,54.2,1.94,1.76,0.0,10,302,3,-0.8660254037844386,0.5000000000000001,-0.8840675099433637,0.46735921715800205,5.1878,4.789,5.4713,4.8769,5.049543333333333
2021-10-30,4.8919,20.43,51.31,5.22,1.83,0.0,10,303,3,-0.8660254037844386,0.5000000000000001,-0.8758917051442433,0.48250774176121763,5.2068,5.1878,4.9286,4.839114285714286,5.060999999999999
2021-10-31,5.0983,23.09,39.05,14.68,1.21,0.0,10,304,3,-0.8660254037844386,0.5000000000000001,-0.8674563547295971,0.4975132889071803,4.8919,5.2068,4.2886,4.833871428571428,5.07351
2021-11-01,4.9541,20.99,55.19,39.01,1.6,0.0,11,305,3,-0.5000000000000004,0.8660254037844384,-0.858763958275803,0.5123714121284235,5.0983,4.8919,4.7256,4.949542857142857,5.066773333333334
2021-11-02,4.68,20.74,61.69,57.05,1.93,0.0,11,306,3,-0.5000000000000004,0.8660254037844384,-0.8498170915275277,0.5270777086423724,4.9541,5.0983,4.7474,4.982185714285714,5.072383333333333
2021-11-03,4.6769,20.97,57.41,62.48,1.44,0.0,11,307,3,-0.5000000000000004,0.8660254037844384,-0.8406184056344783,0.5416278206559811,4.68,4.9541,4.789,4.972557142857143,5.046903333333334
2021-11-04,4.4016,19.5,55.62,17.51,1.91,0.0,11,308,3,-0.5000000000000004,0.8660254037844384,-0.8311706263658079,0.5560174366570446,4.6769,4.68,5.1878,4.956542857142857,5.0168
2021-11-05,3.6619,19.9,51.47,36.88,1.5,0.0,11,309,3,-0.5000000000000004,0.8660254037844384,-0.8214765533024145,0.5702422926917867,4.4016,4.6769,5.2068,4.844228571428571,4.996726666666666
2021-11-06,3.7068,21.25,47.31,26.7,1.2,0.0,11,310,3,-0.5000000000000004,0.8660254037844384,-0.8115390590073611,0.5842981736283683,3.6619,4.4016,4.8919,4.623528571428571,4.940503333333334
2021-11-07,4.3507,21.33,51.63,2.61,1.41,0.0,11,311,3,-0.5000000000000004,0.8660254037844384,-0.801361088174677,0.5981809144059159,3.7068,3.6619,5.0983,4.454228571428572,4.88011
2021-11-08,3.967,21.16,53.75,41.96,1.43,0.0,11,312,3,-0.5000000000000004,0.8660254037844384,-0.7909456567567774,0.6118864012687242,4.3507,3.7068,4.9541,4.347428571428572,4.8328999999999995
2021-11-09,4.6198,21.99,46.27,5.96,1.4,0.0,11,313,3,-0.5000000000000004,0.8660254037844384,-0.780295851070776,0.6254105729852457,3.967,4.3507,4.68,4.206414285714286,4.779493333333334
2021-11-10,4.4474,22.08,44.99,47.4,1.19,0.0,11,314,3,-0.5000000000000004,0.8660254037844384,-0.7694148268839381,0.6387494220515268,4.6198,3.967,4.6769,4.197814285714286,4.756703333333333
2021-11-11,4.4772,21.01,45.78,7.55,1.02,0.0,11,315,3,-0.5000000000000004,0.8660254037844384,-0.7583058084785625,0.6518989958787125,4.4474,4.6198,4.4016,4.1650285714285715,4.719716666666667
2021-11-12,3.8592,20.13,49.55,9.32,1.03,0.0,11,316,3,-0.5000000000000004,0.8660254037844384,-0.7469720876965551,0.6648553979642866,4.4772,4.4474,3.6619,4.175828571428571,4.686750000000001
2021-11-13,3.1949,19.39,48.38,14.11,1.37,0.0,11,317,3,-0.5000000000000004,0.8660254037844384,-0.7354170229639858,0.6776147890466887,3.8592,4.4772,3.7068,4.204014285714286,4.635236666666667
2021-11-14,3.6122,19.2,44.95,2.85,1.07,0.0,11,318,3,-0.5000000000000004,0.8660254037844384,-0.7236440382959124,0.690173388242972,3.1949,3.8592,4.3507,4.130885714285713,4.550373333333334
2021-11-15,3.4054,18.79,51.01,15.87,0.81,0.0,11,319,3,-0.5000000000000004,0.8660254037844384,-0.711656622281775,0.7025274741691566,3.6122,3.1949,3.967,4.025385714285714,4.47858
2021-11-16,3.733,17.45,47.82,9.93,1.28,0.0,11,320,3,-0.5000000000000004,0.8660254037844384,-0.6994583270516471,0.7146733860429608,3.4054,3.6122,4.6198,3.9451571428571426,4.41507
2021-11-17,3.7589,16.38,50.43,65.12,1.73,0.0,11,321,3,-0.5000000000000004,0.8660254037844384,-0.6870527672236675,0.7266075247685652,3.733,3.4054,4.4474,3.8184714285714283,4.441183333333333
2021-11-18,2.7809,16.9,54.93,81.79,1.71,0.0,11,322,3,-0.5000000000000004,0.8660254037844384,-0.6744436188329457,0.7383263540031063,3.7589,3.733,4.4772,3.7201142857142857,4.469576666666667
2021-11-19,1.0793,18.78,59.52,99.18,1.47,0.86,11,323,3,-0.5000000000000004,0.8660254037844384,-0.661634618242279,0.749826401204568,2.7809,3.7589,3.8592,3.4777857142857145,4.39877
2021-11-20,2.6114,17.11,83.78,65.78,2.1,2.07,11,324,3,-0.5000000000000004,0.8660254037844384,-0.6486295610349818,0.7611042586607742,1.0793,2.7809,3.1949,3.0806571428571425,4.26369
2021-11-21,3.7615,20.25,59.05,38.42,1.16,0.03,11,325,3,-0.5000000000000004,0.8660254037844384,-0.6354323008901775,0.7721565844991641,2.6114,1.0793,3.6122,2.9973,4.17713
2021-11-22,3.919,19.13,41.6,40.85,1.83,0.0,11,326,3,-0.5000000000000004,0.8660254037844384,-0.622046748440868,0.7829801036770624,3.7615,2.6114,3.4054,3.0186285714285717,4.120136666666666
2021-11-23,4.446,20.29,29.2,18.18,1.16,0.0,11,327,3,-0.5000000000000004,0.8660254037844384,-0.6084768701151264,0.7935716089521472,3.919,3.7615,3.733,3.092,4.086483333333334
2021-11-24,4.337,19.23,55.07,13.92,1.63,0.0,11,328,3,-0.5000000000000004,0.8660254037844384,-0.594726686960764,0.8039279618328208,4.446,3.919,3.7589,3.193857142857143,4.09173
2021-11-25,4.3565,19.45,53.31,9.48,1.17,0.0,11,329,3,-0.5000000000000004,0.8660254037844384,-0.5808002734538013,0.8140460935082175,4.337,4.446,2.7809,3.276442857142857,4.078776666666667
2021-11-26,4.2569,19.06,53.53,18.6,1.11,0.0,11,330,3,-0.5000000000000004,0.8660254037844384,-0.5667017562911184,0.8239230057575536,4.3565,4.337,1.0793,3.5015285714285715,4.065746666666667
2021-11-27,4.1158,18.85,57.97,48.37,1.14,0.0,11,331,3,-0.5000000000000004,0.8660254037844384,-0.5524353131676203,0.8335557718385695,4.2569,4.3565,2.6114,3.9554714285714283,4.0480100000000006
2021-11-28,3.8172,18.39,63.07,58.05,1.45,0.0,11,332,3,-0.5000000000000004,0.8660254037844384,-0.5380051715382992,0.8429415373547832,4.1158,4.2569,3.7615,4.170385714285714,4.012276666666667
2021-11-29,3.9113,18.39,56.74,70.68,1.22,0.0,11,333,3,-0.5000000000000004,0.8660254037844384,-0.5234156073655503,0.8520775211013093,3.8172,4.1158,3.919,4.178342857142857,3.9659566666666666
2021-11-30,3.7063,18.32,45.67,87.13,1.07,0.0,11,334,3,-0.5000000000000004,0.8660254037844384,-0.5086709438521042,0.8609610158889945,3.9113,3.8172,4.446,4.177242857142857,3.93327
2021-12-01,1.6368,16.35,58.28,99.79,1.44,0.0,12,335,0,-2.4492935982947064e-16,1.0,-0.49377555015997737,0.8695893893466109,3.7063,3.9113,4.337,4.071571428571429,3.88687
2021-12-02,1.4443,15.84,55.7,90.17,1.22,0.05,12,336,0,-2.4492935982947064e-16,1.0,-0.4787338401157883,0.8779600847008883,1.6368,3.7063,4.3565,3.6858285714285715,3.7762933333333333
2021-12-03,3.091,17.07,56.72,24.91,0.97,0.17,12,337,0,-2.4492935982947064e-16,1.0,-0.4635502709028512,0.8860706215341378,1.4443,1.6368,4.2569,3.2698,3.6684366666666666
2021-12-04,3.7618,18.21,59.29,3.49,1.04,0.0,12,338,0,-2.4492935982947064e-16,1.0,-0.4482293417404106,0.893918596519257,3.091,1.4443,4.1158,3.1032428571428574,3.615573333333333
2021-12-05,2.7266,18.35,64.55,63.88,1.65,0.11,12,339,0,-2.4492935982947064e-16,1.0,-0.4327755925504317,0.9015016841318838,3.7618,3.091,3.8172,3.0526714285714287,3.5942466666666664
2021-12-06,3.077,18.71,66.77,26.63,1.15,0.04,12,340,0,-2.4492935982947064e-16,1.0,-0.41719360261231697,0.9088176373395028,2.7266,3.7618,3.9113,2.896871428571429,3.56307
2021-12-07,3.827,16.38,51.92,5.12,1.43,0.0,12,341,0,-2.4492935982947064e-16,1.0,-0.4014879892059737,0.9158642882672868,3.077,2.7266,3.7063,2.777685714285714,3.542076666666667
2021-12-08,3.8813,16.21,44.75,3.82,1.08,0.0,12,342,0,-2.4492935982947064e-16,1.0,-0.38566340624360745,0.9226395488404875,3.827,3.077,1.6368,2.794928571428571,3.52462
2021-12-09,3.7584,15.13,50.68,3.61,1.38,0.0,12,343,0,-2.4492935982947064e-16,1.0,-0.3697245428906732,0.9291414114031743,3.8813,3.827,1.4443,3.115571428571428,3.5217633333333334
2021-12-10,4.1304,14.37,47.39,2.76,1.42,0.0,12,344,0,-2.4492935982947064e-16,1.0,-0.35367612217637207,0.935367949313148,3.7584,3.8813,3.091,3.446157142857143,3.4930499999999998
2021-12-11,4.0423,15.28,39.9,5.3,0.93,0.0,12,345,0,-2.4492935982947064e-16,1.0,-0.33752289959411347,0.941317317512847,4.1304,3.7584,3.7618,3.5946428571428575,3.4824833333333336
2021-12-12,4.0901,14.96,46.56,7.46,1.45,0.0,12,346,0,-2.4492935982947064e-16,1.0,-0.32126966169236515,0.9469877530760751,4.0423,4.1304,2.7266,3.6347142857142853,3.4679866666666666
2021-12-13,3.0994,13.91,62.0,19.29,1.36,0.0,12,347,0,-2.4492935982947064e-16,1.0,-0.3049212246562894,0.9523775757303973,4.0901,4.0423,3.077,3.8295,3.4756833333333335
2021-12-14,3.3367,14.96,64.61,10.05,1.19,0.0,12,348,0,-2.4492935982947064e-16,1.0,-0.2884824328806098,0.9574851883550389,3.0994,4.0901,3.827,3.8326999999999996,3.4724999999999997
2021-12-15,3.3641,14.63,67.06,6.67,1.19,0.0,12,349,0,-2.4492935982947064e-16,1.0,-0.27195815753410524,0.9623090774541487,3.3367,3.0994,3.8813,3.762657142857143,3.4633166666666666
2021-12-16,3.1006,13.39,58.68,12.36,2.06,0.0,12,350,0,-2.4492935982947064e-16,1.0,-0.2553532951161881,0.9668478136052773,3.3641,3.3367,3.7584,3.688771428571428,3.46194
2021-12-17,3.2448,11.09,37.79,15.57,2.86,0.0,12,351,0,-2.4492935982947064e-16,1.0,-0.23867276600594997,0.9711000518829505,3.1006,3.3641,4.1304,3.5947999999999998,3.44086
2021-12-18,4.2931,9.97,34.63,5.8,1.9,0.0,12,352,0,-2.4492935982947064e-16,1.0,-0.22192151300416674,0.9750645322571945,3.2448,3.1006,4.0423,3.4682857142857144,3.4237233333333332
2021-12-19,4.3896,10.96,30.94,4.03,1.43,0.0,12,353,0,-2.4492935982947064e-16,1.0,-0.20510449986861926,0.9787400799669153,4.2931,3.2448,4.0901,3.504114285714286,3.47413
2021-12-20,4.1796,13.99,25.68,3.22,0.84,0.0,12,354,0,-2.4492935982947064e-16,1.0,-0.1882267098432439,0.9821256058680006,4.3896,4.2931,3.0994,3.5469,3.5844733333333334
2021-12-21,4.2391,15.41,33.17,4.29,1.06,0.0,12,355,0,-2.4492935982947064e-16,1.0,-0.1712931441814778,0.9852201067560606,4.1796,4.3896,3.3367,3.7012142857142853,3.636746666666667
2021-12-22,4.1261,16.41,36.12,5.95,0.89,0.0,12,356,0,-2.4492935982947064e-16,1.0,-0.154308820664281,0.9880226656636976,4.2391,4.1796,3.3641,3.8301285714285713,3.6526666666666667
2021-12-23,3.8964,17.36,41.66,27.95,1.24,0.0,12,357,0,-2.4492935982947064e-16,1.0,-0.13727877211326517,0.9905324521322227,4.1261,4.2391,3.1006,3.9389857142857143,3.65957
2021-12-24,3.5486,17.13,46.87,16.16,1.49,0.0,12,358,0,-2.4492935982947064e-16,1.0,-0.12020804489935275,0.9927487224577402,3.8964,4.1261,3.2448,4.052671428571428,3.64125
2021-12-25,3.5112,15.53,52.42,12.89,1.58,0.0,12,359,0,-2.4492935982947064e-16,1.0,-0.10310169744743544,0.9946708199115211,3.5486,3.8964,4.2931,4.096071428571428,3.6149699999999996
2021-12-26,3.025,15.64,62.11,50.65,1.51,1.81,12,360,0,-2.4492935982947064e-16,1.0,-0.0859647987374467,0.9962981749346077,3.5112,3.5486,4.3896,3.9843714285714285,3.586793333333333
2021-12-27,2.6746,14.41,72.06,58.82,2.05,1.06,12,361,0,-2.4492935982947064e-16,1.0,-0.06880242680232064,0.9976303053065857,3.025,3.5112,4.1796,3.7894285714285707,3.54573
2021-12-28,1.3702,13.53,78.46,71.33,1.68,0.89,12,362,0,-2.4492935982947064e-16,1.0,-0.05161966722325418,0.9986668162884759,2.6746,3.025,4.2391,3.5744285714285717,3.49769
2021-12-29,3.2714,13.49,67.55,19.72,1.46,0.0,12,363,0,-2.4492935982947064e-16,1.0,-0.034421611622745804,0.9994074007397048,1.3702,2.6746,4.1261,3.1645857142857143,3.416123333333333
2021-12-30,3.7061,11.76,51.72,26.84,1.62,0.0,12,364,0,-2.4492935982947064e-16,1.0,-0.01721335615583528,0.9998518392091162,3.2714,1.3702,3.8964,3.0424857142857142,3.3947933333333333
2021-12-31,2.7228,11.07,52.46,67.31,1.17,0.0,12,365,0,-2.4492935982947064e-16,1.0,6.432490598706546e-16,1.0,3.7061,3.2714,3.5486,3.0153,3.394786666666667
2022-01-01,3.2539,13.25,52.54,25.65,1.14,0.0,1,1,0,0.49999999999999994,0.8660254037844387,0.017213356155834685,0.9998518392091162,2.7228,3.7061,3.5112,2.897328571428571,3.4309866666666666
2022-01-02,3.4186,13.99,47.97,31.11,1.28,0.0,1,2,0,0.49999999999999994,0.8660254037844387,0.03442161162274574,0.9994074007397048,3.2539,2.7228,3.025,2.8605714285714288,3.4913066666666666
2022-01-03,3.6773,15.06,45.39,19.26,1.07,0.0,1,3,0,0.49999999999999994,0.8660254037844387,0.051619667223253764,0.998666816288476,3.4186,3.2539,2.6746,2.9168,3.5022266666666666
2022-01-04,3.2544,16.57,56.35,59.45,1.73,0.02,1,4,0,0.49999999999999994,0.8660254037844387,0.06880242680231986,0.9976303053065857,3.6773,3.4186,1.3702,3.060042857142857,3.4994099999999997
2022-01-05,1.165,15.18,83.23,98.88,1.49,7.74,1,5,0,0.49999999999999994,0.8660254037844387,0.08596479873744647,0.9962981749346078,3.2544,3.6773,3.2714,3.3292142857142855,3.5170033333333337
2022-01-06,1.0788,14.45,87.58,90.33,2.14,2.6,1,6,0,0.49999999999999994,0.8660254037844387,0.10310169744743485,0.9946708199115211,1.165,3.2544,3.7061,3.0283,3.4532699999999994
2022-01-07,1.8202,15.15,85.14,75.85,2.45,19.62,1,7,0,0.49999999999999994,0.8660254037844387,0.1202080448993527,0.9927487224577402,1.0788,1.165,2.7228,2.6529714285714285,3.361663333333333
2022-01-08,2.1802,15.33,80.41,69.72,2.17,15.11,1,8,0,0.49999999999999994,0.8660254037844387,0.13727877211326478,0.9905324521322229,1.8202,1.0788,3.2539,2.524028571428571,3.29296
2022-01-09,3.7975,11.24,72.44,27.38,2.41,0.03,1,9,0,0.49999999999999994,0.8660254037844387,0.15430882066428117,0.9880226656636976,2.1802,1.8202,3.4186,2.3706428571428573,3.240353333333333
2022-01-10,4.399,10.57,70.04,6.09,1.6,0.01,1,10,0,0.49999999999999994,0.8660254037844387,0.1712931441814776,0.9852201067560606,3.7975,2.1802,3.6773,2.4247714285714284,3.229256666666666
2022-01-11,4.0224,10.53,68.06,12.38,1.33,0.0,1,11,0,0.49999999999999994,0.8660254037844387,0.1882267098432442,0.9821256058680006,4.399,3.7975,3.2544,2.5278714285714288,3.2411466666666664
2022-01-12,2.8915,10.29,62.67,37.34,1.16,0.0,1,12,0,0.49999999999999994,0.8660254037844387,0.2051044998686192,0.9787400799669153,4.0224,4.399,1.165,2.637585714285714,3.23889
2022-01-13,3.8146,11.31,59.32,18.28,1.1,0.0,1,13,0,0.49999999999999994,0.8660254037844387,0.2219215130041655,0.9750645322571948,2.8915,4.0224,1.0788,2.884228571428572,3.23196
2022-01-14,4.1098,11.11,63.52,9.12,1.02,0.0,1,14,0,0.49999999999999994,0.8660254037844387,0.2386727660059501,0.9711000518829505,3.8146,2.8915,1.8202,3.275057142857143,3.24789
2022-01-15,2.069,10.61,73.1,59.42,1.18,0.0,1,15,0,0.49999999999999994,0.8660254037844387,0.255353295116187,0.9668478136052775,4.1098,3.8146,2.1802,3.6021428571428573,3.272746666666667
2022-01-16,2.285,10.95,66.08,72.33,1.26,0.0,1,16,0,0.49999999999999994,0.8660254037844387,0.2719581575341055,0.9623090774541486,2.069,4.1098,3.7975,3.586257142857143,3.23836
2022-01-17,3.059,10.83,63.47,54.18,1.15,0.0,1,17,0,0.49999999999999994,0.8660254037844387,0.288482432880609,0.9574851883550393,2.285,2.069,4.399,3.3701857142857143,3.206366666666667
2022-01-18,3.899,12.64,56.25,27.57,1.29,0.0,1,18,0,0.49999999999999994,0.8660254037844387,0.30492122465628907,0.9523775757303974,3.059,2.285,4.0224,3.178757142857143,3.1652299999999998
2022-01-19,4.2758,13.0,59.94,21.55,1.33,0.0,1,19,0,0.49999999999999994,0.8660254037844387,0.3212696616923644,0.9469877530760753,3.899,3.059,2.8915,3.1611285714285713,3.1488766666666663
2022-01-20,4.3114,13.82,64.74,14.93,1.53,0.0,1,20,0,0.49999999999999994,0.8660254037844387,0.3375228995941133,0.9413173175128471,4.2758,3.899,3.8146,3.3588857142857145,3.152083333333333
2022-01-21,2.7617,13.67,68.48,65.23,1.91,0.87,1,21,0,0.49999999999999994,0.8660254037844387,0.3536761221763716,0.9353679493131483,4.3114,4.2758,4.1098,3.4298571428571427,3.154493333333334
2022-01-22,3.174,14.99,72.98,70.73,3.37,10.6,1,22,0,0.49999999999999994,0.8660254037844387,0.3697245428906731,0.9291414114031743,2.7617,4.3114,2.069,3.237271428571429,3.109013333333333
2022-01-23,3.1272,12.41,69.77,33.37,2.27,1.43,1,23,0,0.49999999999999994,0.8660254037844387,0.38566340624360707,0.9226395488404876,3.174,2.7617,2.285,3.3951285714285717,3.0849333333333333
2022-01-24,4.4616,11.08,70.4,14.62,1.61,0.0,1,24,0,0.49999999999999994,0.8660254037844387,0.401487989205973,0.9158642882672872,3.1272,3.174,3.059,3.5154428571428573,3.070886666666667
2022-01-25,4.825,10.57,68.42,15.25,1.62,0.0,1,25,0,0.49999999999999994,0.8660254037844387,0.4171936026123168,0.9088176373395029,4.4616,3.1272,3.899,3.7158142857142855,3.1025666666666667
2022-01-26,4.8619,10.65,60.47,5.92,1.6,0.0,1,26,0,0.49999999999999994,0.8660254037844387,0.4327755925504312,0.901501684131884,4.825,4.4616,4.2758,3.8480999999999996,3.1625666666666663
2022-01-27,4.8547,11.33,47.36,4.06,1.47,0.0,1,27,0,0.49999999999999994,0.8660254037844387,0.4482293417404106,0.893918596519257,4.8619,4.825,4.3114,3.9318285714285715,3.2354766666666666
2022-01-28,4.9116,13.52,38.88,4.15,1.32,0.0,1,28,0,0.49999999999999994,0.8660254037844387,0.4635502709028509,0.886070621534138,4.8547,4.8619,2.7617,4.009442857142857,3.3516266666666668
2022-01-29,5.0165,16.09,33.16,3.75,0.89,0.0,1,29,0,0.49999999999999994,0.8660254037844387,0.47873384011578846,0.8779600847008882,4.9116,4.8547,3.174,4.316571428571429,3.4063000000000003
2022-01-30,5.0302,16.66,36.08,2.43,1.36,0.0,1,30,0,0.49999999999999994,0.8660254037844387,0.49377555015997715,0.869589389346611,5.0165,4.9116,3.1272,4.579785714285714,3.4499799999999996
2022-01-31,4.8341,17.61,40.18,5.81,1.21,0.0,1,31,0,0.49999999999999994,0.8660254037844387,0.5086709438521044,0.8609610158889943,5.0302,5.0165,4.4616,4.851642857142857,3.5268933333333337
2022-02-01,4.9202,17.38,45.01,4.78,1.63,0.0,2,32,0,0.8660254037844386,0.5000000000000001,0.5234156073655503,0.8520775211013093,4.8341,5.0302,4.825,4.904857142857144,3.5795666666666666
2022-02-02,5.0282,16.13,47.79,4.7,1.73,0.0,2,33,0,0.8660254037844386,0.5000000000000001,0.5380051715382996,0.8429415373547828,4.9202,4.8341,4.8619,4.918457142857143,3.62962
2022-02-03,4.6042,14.06,55.71,10.59,3.18,0.01,2,34,0,0.8660254037844386,0.5000000000000001,0.5524353131676196,0.8335557718385699,5.0282,4.9202,4.8547,4.942214285714286,3.67465
2022-02-04,5.1125,12.73,58.48,4.81,2.11,0.0,2,35,0,0.8660254037844386,0.5000000000000001,0.5667017562911176,0.8239230057575542,4.6042,5.0282,4.9116,4.906428571428571,3.719643333333333
2022-02-05,5.2646,12.88,55.03,4.76,1.38,0.0,2,36,0,0.8660254037844386,0.5000000000000001,0.5808002734538009,0.8140460935082178,5.1125,4.6042,5.0165,4.935128571428571,3.851226666666667
2022-02-06,5.1809,13.48,48.48,3.2,1.94,0.0,2,37,0,0.8660254037844386,0.5000000000000001,0.5947266869607634,0.8039279618328213,5.2646,5.1125,5.0302,4.970571428571428,3.990753333333333
2022-02-07,4.9786,16.76,47.3,2.83,1.22,0.0,2,38,0,0.8660254037844386,0.5000000000000001,0.6084768701151261,0.7935716089521474,5.1809,5.2646,4.8341,4.9921,4.102776666666667
2022-02-08,4.343,18.07,54.45,17.97,1.24,0.22,2,39,0,0.8660254037844386,0.5000000000000001,0.6220467484408675,0.7829801036770629,4.9786,5.1809,4.9202,5.0127428571428565,4.196056666666667
2022-02-09,4.4105,16.71,67.12,34.21,2.35,1.16,2,40,0,0.8660254037844386,0.5000000000000001,0.6354323008901774,0.7721565844991642,4.343,4.9786,5.0282,4.930285714285715,4.21424
2022-02-10,5.135,14.87,58.19,12.64,1.47,0.0,2,41,0,0.8660254037844386,0.5000000000000001,0.6486295610349814,0.7611042586607747,4.4105,4.343,4.6042,4.842042857142857,4.214623333333334
2022-02-11,5.5198,15.07,43.53,2.6,1.8,0.0,2,42,0,0.8660254037844386,0.5000000000000001,0.6616346182422783,0.7498264012045686,5.135,4.4105,5.1125,4.917871428571429,4.25171
2022-02-12,5.5435,17.49,34.04,4.19,1.32,0.0,2,43,0,0.8660254037844386,0.5000000000000001,0.6744436188329455,0.7383263540031065,5.5198,5.135,5.2646,4.976057142857143,4.33932
2022-02-13,5.5457,16.46,41.66,6.43,1.75,0.0,2,44,0,0.8660254037844386,0.5000000000000001,0.6870527672236669,0.7266075247685656,5.5435,5.5198,5.1809,5.0159,4.39695
2022-02-14,5.3446,16.1,45.06,6.16,1.78,0.0,2,45,0,0.8660254037844386,0.5000000000000001,0.699458327051647,0.7146733860429609,5.5457,5.5435,4.9786,5.068014285714286,4.444813333333333
2022-02-15,5.1269,16.94,46.2,6.13,1.7,0.0,2,46,0,0.8660254037844386,0.5000000000000001,0.7116566222817746,0.7025274741691571,5.3446,5.5457,4.343,5.1203,4.554
2022-02-16,5.293,18.09,43.48,4.87,1.32,0.0,2,47,0,0.8660254037844386,0.5000000000000001,0.7236440382959124,0.6901733882429719,5.1269,5.3446,4.4105,5.232285714285714,4.64873
2022-02-17,5.4564,18.41,45.15,8.67,1.14,0.0,2,48,0,0.8660254037844386,0.5000000000000001,0.7354170229639855,0.6776147890466889,5.293,5.1269,5.135,5.358357142857143,4.7231966666666665
2022-02-18,4.7436,18.58,47.67,28.26,1.55,0.82,2,49,0,0.8660254037844386,0.5000000000000001,0.7469720876965552,0.6648553979642865,5.4564,5.293,5.5198,5.404271428571429,4.77511
2022-02-19,5.1442,18.05,48.67,12.97,1.49,0.34,2,50,0,0.8660254037844386,0.5000000000000001,0.7583058084785624,0.6518989958787126,4.7436,5.4564,5.5435,5.293385714285714,4.790703333333334
2022-02-20,5.6923,17.77,37.86,7.76,3.06,0.0,2,51,0,0.8660254037844386,0.5000000000000001,0.7694148268839378,0.6387494220515272,5.1442,4.7436,5.5457,5.236342857142858,4.818463333333333
2022-02-21,5.6914,20.16,34.08,6.48,1.82,0.0,2,52,0,0.8660254037844386,0.5000000000000001,0.7802958510707755,0.6254105729852464,5.6923,5.1442,5.3446,5.257285714285715,4.91615
2022-02-22,5.8843,21.28,36.47,6.74,2.46,0.0,2,53,0,0.8660254037844386,0.5000000000000001,0.7909456567567772,0.6118864012687243,5.6914,5.6923,5.1269,5.306828571428572,5.000063333333333
2022-02-23,5.5819,20.09,45.85,10.48,1.43,0.0,2,54,0,0.8660254037844386,0.5000000000000001,0.8013610881746766,0.5981809144059165,5.8843,5.6914,5.293,5.4150285714285715,5.091966666666667
2022-02-24,4.8533,20.0,50.01,30.55,1.43,0.0,2,55,0,0.8660254037844386,0.5000000000000001,0.8115390590073611,0.5842981736283683,5.5819,5.8843,5.4564,5.4563,5.12931
2022-02-25,5.4991,19.99,50.76,23.02,1.99,0.02,2,56,0,0.8660254037844386,0.5000000000000001,0.8214765533024142,0.5702422926917871,4.8533,5.5819,4.7436,5.3701428571428576,5.130253333333332
2022-02-26,5.6002,18.95,49.25,8.17,2.21,0.02,2,57,0,0.8660254037844386,0.5000000000000001,0.8311706263658079,0.5560174366570446,5.4991,4.8533,5.1442,5.478071428571428,5.151493333333334
2022-02-27,5.3719,18.51,54.32,2.7,2.93,0.0,2,58,0,0.8660254037844386,0.5000000000000001,0.8406184056344782,0.5416278206559814,5.6002,5.4991,5.6923,5.543214285714286,5.176343333333333
2022-02-28,5.9431,17.58,42.77,5.47,1.74,0.0,2,59,0,0.8660254037844386,0.5000000000000001,0.8498170915275278,0.5270777086423722,5.3719,5.6002,5.6914,5.497442857142857,5.191686666666667
2022-03-01,5.7425,19.63,38.76,45.41,1.44,0.0,3,60,1,1.0,6.123233995736766e-17,0.8587639582758029,0.5123714121284237,5.9431,5.3719,5.8843,5.5334,5.222573333333333
2022-03-02,5.7545,20.26,40.63,56.59,2.09,0.54,3,61,1,1.0,6.123233995736766e-17,0.8674563547295969,0.49751328890718066,5.7425,5.9431,5.5819,5.513142857142857,5.246316666666667
2022-03-03,5.8714,20.1,46.32,58.56,2.55,0.07,3,62,1,1.0,6.123233995736766e-17,0.8758917051442429,0.48250774176121847,5.7545,5.7425,4.8533,5.5378,5.276996666666666
2022-03-04,5.8913,19.34,48.48,62.74,3.16,0.0,3,63,1,1.0,6.123233995736766e-17,0.8840675099433636,0.4673592171580022,5.8714,5.7545,5.4991,5.683242857142857,5.308703333333333
2022-03-05,6.2218,19.86,43.55,60.88,1.8,0.0,3,64,1,1.0,6.123233995736766e-17,0.8919813464595485,0.45207220393230435,5.8913,5.8714,5.6002,5.739271428571429,5.3374733333333335
2022-03-06,5.5498,22.75,33.38,88.69,1.64,0.0,3,65,1,1.0,6.123233995736766e-17,0.8996308696522433,0.43665123195606403,6.2218,5.8913,5.3719,5.828071428571429,5.391393333333332
2022-03-07,5.6928,22.53,34.91,65.41,2.46,0.0,3,66,1,1.0,6.123233995736766e-17,0.9070138128026359,0.4211008707960896,5.5498,6.2218,5.9431,5.853485714285715,5.40597
2022-03-08,4.3073,22.75,36.75,80.61,2.11,0.05,3,67,1,1.0,6.123233995736766e-17,0.9141279881853337,0.40542572835999735,5.6928,5.5498,5.7425,5.817728571428572,5.4202433333333335
2022-03-09,4.5444,24.36,39.18,73.85,1.96,0.38,3,68,1,1.0,6.123233995736766e-17,0.9209712877166346,0.38963044953078796,4.3073,5.6928,5.7545,5.612700000000001,5.391123333333334
2022-03-10,5.7559,23.44,40.57,65.8,1.47,0.21,3,69,1,1.0,6.123233995736766e-17,0.9275416835791966,0.37371971479046906,4.5444,4.3073,5.8714,5.4398285714285715,5.37665
2022-03-11,6.0847,23.7,33.96,64.8,1.94,0.0,3,70,1,1.0,6.123233995736766e-17,0.9338372288229252,0.35769823883312546,5.7559,4.5444,5.8913,5.423328571428572,5.423746666666667
2022-03-12,6.0041,24.5,30.83,67.93,1.76,0.0,3,71,1,1.0,6.123233995736766e-17,0.9398560579418954,0.3415707691678556,6.0847,5.7559,6.2218,5.450957142857143,5.479553333333333
2022-03-13,6.1457,26.39,30.03,62.28,2.02,0.0,3,72,1,1.0,6.123233995736766e-17,0.9455963874271426,0.3253420847119801,6.0041,6.0847,5.5498,5.4198571428571425,5.508523333333333
2022-03-14,6.0722,28.05,29.99,59.4,1.97,0.0,3,73,1,1.0,6.123233995736766e-17,0.9510565162951535,0.30901699437494745,6.1457,6.0041,5.6928,5.504985714285715,5.5293866666666664
2022-03-15,6.3557,28.51,29.58,60.27,2.6,0.0,3,74,1,1.0,6.123233995736766e-17,0.9562348265919056,0.29260033563334836,6.0722,6.1457,4.3073,5.559185714285715,5.54701
2022-03-16,6.4702,28.73,28.42,51.56,2.74,0.0,3,75,1,1.0,6.123233995736766e-17,0.9611297838723007,0.27609697309746883,6.3557,6.0722,4.5444,5.851814285714285,5.5740099999999995
2022-03-17,6.3444,29.22,26.45,52.18,2.31,0.0,3,76,1,1.0,6.123233995736766e-17,0.9657399376548549,0.2595117970697999,6.4702,6.3557,5.7559,6.1269285714285715,5.61153
2022-03-18,6.3658,29.39,31.2,52.2,1.2,0.0,3,77,1,1.0,6.123233995736766e-17,0.9700639218515071,0.2428497220959356,6.3444,6.4702,6.0847,6.210999999999999,5.652113333333333
2022-03-19,6.7358,28.87,27.73,49.2,1.95,0.0,3,78,1,1.0,6.123233995736766e-17,0.9741004551724205,0.22611568550828828,6.3658,6.3444,6.0041,6.251157142857143,5.687873333333333
2022-03-20,6.1747,28.44,20.41,64.5,3.05,0.0,3,79,1,1.0,6.123233995736766e-17,0.9778483415056568,0.20931464596304847,6.7358,6.3658,6.1457,6.3556857142857135,5.730519999999999
2022-03-21,6.3581,28.46,21.4,62.12,2.12,0.0,3,80,1,1.0,6.123233995736766e-17,0.9813064702716093,0.19245158197082998,6.1747,6.7358,6.0722,6.359828571428571,5.778223333333333
2022-03-22,6.426,28.77,23.06,62.74,2.58,0.0,3,81,1,1.0,6.123233995736766e-17,0.9844738167520922,0.1755314904214282,6.3581,6.1747,6.3557,6.400671428571428,5.818686666666666
2022-03-23,5.383,28.67,21.66,79.75,1.79,0.0,3,82,1,1.0,6.123233995736766e-17,0.9873494423939864,0.15855938510313475,6.426,6.3581,6.4702,6.410714285714286,5.843143333333333
2022-03-24,6.1282,28.31,20.93,57.13,3.24,0.0,3,83,1,1.0,6.123233995736766e-17,0.989932495087353,0.141540295217043,5.383,6.426,6.3444,6.255400000000001,5.832863333333333
2022-03-25,6.6725,27.95,17.87,58.6,2.4,0.0,3,84,1,1.0,6.123233995736766e-17,0.9922222094179323,0.12447926388678915,6.1282,5.383,6.3658,6.224514285714286,5.840993333333333
2022-03-26,6.8743,28.56,14.68,60.93,2.79,0.0,3,85,1,1.0,6.123233995736766e-17,0.994217906893952,0.10738134666416309,6.6725,6.1282,6.7358,6.2683285714285715,5.877346666666667
2022-03-27,6.9972,30.35,12.31,60.61,1.92,0.0,3,86,1,1.0,6.123233995736766e-17,0.995918996147179,0.09025161003104117,6.8743,6.6725,6.1747,6.288114285714286,5.944713333333334
2022-03-28,6.9182,31.01,11.35,60.93,1.97,0.0,3,87,1,1.0,6.123233995736766e-17,0.9973249731081555,0.07309512989807777,6.9972,6.8743,6.3581,6.405614285714286,5.994650000000001
2022-03-29,6.9974,30.47,13.96,58.78,2.44,0.0,3,88,1,1.0,6.123233995736766e-17,0.9984354211555643,0.055916990100603484,6.9182,6.9972,6.426,6.485628571428571,6.038583333333334
2022-03-30,6.8227,31.24,14.15,60.94,2.06,0.0,3,89,1,1.0,6.123233995736766e-17,0.9992500112396835,0.03872228089217446,6.9974,6.9182,5.383,6.567257142857143,6.092766666666667
2022-03-31,6.87,31.09,13.85,60.21,2.65,0.0,3,90,1,1.0,6.123233995736766e-17,0.9997685019798909,0.021516097436222254,6.8227,6.9974,6.1282,6.772928571428572,6.122086666666666
2022-04-01,6.8311,30.08,14.09,48.73,2.14,0.0,4,91,1,0.8660254037844387,-0.4999999999999998,0.9999907397361901,0.004303538296244289,6.87,6.8227,6.6725,6.878900000000001,6.15967
2022-04-02,6.5921,31.07,8.43,68.08,2.21,0.0,4,92,1,0.8660254037844387,-0.4999999999999998,0.9999166586547379,-0.01291029607500882,6.8311,6.87,6.8743,6.9015571428571425,6.195556666666667
2022-04-03,6.8794,30.48,8.85,67.98,2.82,0.0,4,93,1,0.8660254037844387,-0.4999999999999998,0.9995462806873573,-0.030120304846908114,6.5921,6.8311,6.9972,6.861242857142857,6.21958
2022-04-04,6.5964,30.44,8.76,70.96,2.81,0.0,4,94,1,0.8660254037844387,-0.4999999999999998,0.9988797155850336,-0.04732138832243185,6.8794,6.5921,6.9182,6.844414285714286,6.252516666666667
2022-04-05,7.1846,31.55,9.91,58.23,1.97,0.0,4,95,1,0.8660254037844387,-0.4999999999999998,0.9979171608653922,-0.06450844944931623,6.5964,6.8794,6.9974,6.798442857142858,6.265003333333334
2022-04-06,6.7632,31.46,9.86,75.75,1.78,0.0,4,96,1,0.8660254037844387,-0.4999999999999998,0.9966589017541702,-0.08167639533042241,7.1846,6.5964,6.8227,6.825185714285715,6.319496666666667
2022-04-07,6.9725,31.96,8.57,69.5,1.71,0.0,4,97,1,0.8660254037844387,-0.4999999999999998,0.9951053111006976,-0.09882013873287143,6.7632,7.1846,6.87,6.816685714285714,6.355176666666666
2022-04-08,6.8657,33.42,8.38,70.57,1.59,0.0,4,98,1,0.8660254037844387,-0.4999999999999998,0.9932568492674143,-0.11593459959550041,6.9725,6.7632,6.8311,6.831328571428571,6.444016666666667
2022-04-09,6.5642,33.43,11.97,66.16,2.38,0.0,4,99,1,0.8660254037844387,-0.4999999999999998,0.9911140639934547,-0.1330147065341959,6.8657,6.9725,6.5921,6.836271428571429,6.521393333333333
2022-04-10,6.3077,33.59,11.06,70.9,2.96,0.0,4,100,1,0.8660254037844387,-0.4999999999999998,0.9886775902323405,-0.1500553983446526,6.5642,6.8657,6.8794,6.832285714285715,6.548336666666667
2022-04-11,6.7685,33.32,11.93,65.15,2.33,0.0,4,101,1,0.8660254037844387,-0.4999999999999998,0.9859481499638304,-0.16705162550211924,6.3077,6.5642,6.5964,6.750614285714286,6.55577
2022-04-12,5.6059,32.69,12.56,85.33,3.52,0.0,4,102,1,0.8660254037844387,-0.4999999999999998,0.9829265519799822,-0.18399835165768005,6.7685,6.3077,7.1846,6.7752,6.58125
2022-04-13,7.3133,31.92,13.59,61.87,3.1,0.0,4,103,1,0.8660254037844387,-0.4999999999999998,0.9796136916454901,-0.20089055513063506,5.6059,6.7685,6.7632,6.549671428571428,6.563256666666667
2022-04-14,6.3106,32.39,19.12,60.74,2.4,0.01,4,104,1,0.8660254037844387,-0.4999999999999998,0.9760105506323683,-0.21772323039653177,7.3133,5.6059,6.9725,6.628257142857143,6.604626666666666
2022-04-15,7.0349,32.78,15.14,57.76,2.67,0.0,4,105,1,0.8660254037844387,-0.4999999999999998,0.9721181966290613,-0.23449138957040985,6.3106,7.3133,6.8657,6.5337000000000005,6.6031233333333335
2022-04-16,7.2533,31.44,12.56,60.23,2.63,0.0,4,106,1,0.8660254037844387,-0.4999999999999998,0.9679377830240642,-0.25119006388481935,7.0349,6.3106,6.5642,6.557871428571429,6.621946666666667
2022-04-17,6.252,32.66,13.75,72.44,1.91,0.0,4,107,1,0.8660254037844387,-0.4999999999999998,0.9634705485641488,-0.2678143051621742,7.2533,7.0349,6.3077,6.656314285714286,6.652243333333333
2022-04-18,6.7488,34.13,17.62,57.08,4.24,0.0,4,108,1,0.8660254037844387,-0.4999999999999998,0.9587178169872964,-0.2843591872810034,6.252,7.2533,6.7685,6.648357142857143,6.6484499999999995
2022-04-19,7.0793,33.94,18.83,64.01,3.81,0.0,4,109,1,0.8660254037844387,-0.4999999999999998,0.9536809966304457,-0.30081980763566735,6.7488,6.252,5.6059,6.645542857142857,6.648883333333334
2022-04-20,6.8335,34.19,19.98,66.64,2.93,0.0,4,110,1,0.8660254037844387,-0.4999999999999998,0.9483615800121715,-0.3171912885891061,7.0793,6.7488,7.3133,6.856028571428572,6.679036666666667
2022-04-21,4.8742,32.74,22.44,79.58,1.97,0.35,4,111,1,0.8660254037844387,-0.4999999999999998,0.9427611433904207,-0.3334687789181868,6.8335,7.0793,6.3106,6.787485714285714,6.694883333333333
2022-04-22,6.7937,32.09,18.08,72.53,2.27,0.0,4,112,1,0.8660254037844387,-0.4999999999999998,0.9368813462954315,-0.3496474552512284,4.8742,6.8335,7.0349,6.582285714285715,6.643156666666667
2022-04-23,7.1376,32.38,15.29,68.62,2.35,0.0,4,113,1,0.8660254037844387,-0.4999999999999998,0.9307239310379795,-0.36572252349726897,6.7937,4.8742,7.2533,6.547828571428572,6.69018
2022-04-24,7.5142,32.9,14.89,60.14,2.34,0.0,4,114,1,0.8660254037844387,-0.4999999999999998,0.9242907221930933,-0.3816892202666588,7.1376,6.7937,6.252,6.5313,6.7238266666666675
2022-04-25,7.0387,34.02,16.45,70.72,1.87,0.0,4,115,1,0.8660254037844387,-0.4999999999999998,0.9175836260593937,-0.39754281428255595,7.5142,7.1376,6.7488,6.711614285714286,6.751883333333334
2022-04-26,6.665,34.65,16.51,76.91,1.57,0.0,4,116,1,0.8660254037844387,-0.4999999999999998,0.9106046300942162,-0.41327860778290415,7.0387,7.5142,7.0793,6.753028571428572,6.757363333333333
2022-04-27,7.181,34.64,13.68,67.51,1.88,0.0,4,117,1,0.8660254037844387,-0.4999999999999998,0.9033558023246845,-0.4288919379124835,6.665,7.0387,6.8335,6.693842857142856,6.74629
2022-04-28,7.0675,35.8,12.5,59.56,1.74,0.0,4,118,1,0.8660254037844387,-0.4999999999999998,0.895839290734909,-0.44437817810461316,7.181,6.665,4.8742,6.743485714285714,6.75505
2022-04-29,7.1938,35.19,12.44,66.56,3.24,0.0,4,119,1,0.8660254037844387,-0.4999999999999998,0.8880573226294932,-0.45973273945210397,7.0675,7.181,6.7937,7.056814285714286,6.757386666666666
2022-04-30,7.1602,34.81,14.32,51.52,2.2,0.0,4,120,1,0.8660254037844387,-0.4999999999999998,0.8800122039735357,-0.47495107206704995,7.1938,7.0675,7.1376,7.113971428571429,6.769756666666666
2022-05-01,6.1697,36.45,17.89,53.09,3.04,0.0,5,121,1,0.49999999999999994,-0.8660254037844387,0.8717063187093218,-0.4900286664290592,7.1602,7.1938,7.5142,7.1171999999999995,6.77943
2022-05-02,7.0853,36.48,18.74,61.12,4.5,0.0,5,122,1,0.49999999999999994,-0.8660254037844387,0.8631421280499114,-0.5049610547215204,6.1697,7.1602,7.0387,6.925128571428571,6.757383333333333
2022-05-03,7.3529,34.23,17.9,64.37,3.63,0.0,5,123,1,0.49999999999999994,-0.8660254037844387,0.854322169749827,-0.5197438121555155,7.0853,6.1697,6.665,6.931785714285715,6.7738233333333335
2022-05-04,6.8686,33.77,22.76,65.15,2.8,0.0,5,124,1,0.49999999999999994,-0.8660254037844387,0.8452490573530633,-0.5343725582809786,7.3529,7.0853,7.181,7.030057142857143,6.789606666666667
2022-05-05,6.8417,33.65,24.07,76.01,1.75,0.0,5,125,1,0.49999999999999994,-0.8660254037844387,0.8359254794186372,-0.548842958284719,6.8686,7.3529,7.0675,6.985428571428571,6.79868
2022-05-06,5.4989,34.58,23.65,81.69,1.38,0.19,5,126,1,0.49999999999999994,-0.8660254037844387,0.8263541987239096,-0.5631507242749186,6.8417,6.8686,7.1938,6.953171428571429,6.78725
2022-05-07,6.4034,35.38,18.73,76.08,1.92,0.0,5,127,1,0.49999999999999994,-0.8660254037844387,0.8165380514459161,-0.5772916165517272,5.4989,6.8417,7.1602,6.711042857142857,6.7451066666666675
2022-05-08,6.6914,35.37,16.94,65.37,2.3,0.0,5,128,1,0.49999999999999994,-0.8660254037844387,0.8064799463209448,-0.5912614448635781,6.4034,5.4989,6.1697,6.6029285714285715,6.726136666666666
2022-05-09,7.4506,35.7,17.08,57.13,1.96,0.0,5,129,1,0.49999999999999994,-0.8660254037844387,0.7961828637826158,-0.6050560696488488,6.6914,6.4034,7.0853,6.6774571428571425,6.720326666666667
2022-05-10,7.1846,35.67,19.53,63.0,2.56,0.0,5,130,1,0.49999999999999994,-0.8660254037844387,0.7856498550787147,-0.6186714032625031,7.4506,6.6914,7.3529,6.729642857142857,6.749873333333334
2022-05-11,7.4038,36.51,21.82,60.11,2.23,0.0,5,131,1,0.49999999999999994,-0.8660254037844387,0.7748840413670407,-0.6321034111873487,7.1846,7.4506,6.8686,6.7056,6.7791033333333335
2022-05-12,6.9499,37.29,17.8,69.0,2.46,0.0,5,132,1,0.49999999999999994,-0.8660254037844387,0.7638886127905428,-0.6453481132295501,7.4038,7.1846,6.8417,6.782057142857143,6.800280000000001
2022-05-13,7.3834,37.59,12.24,59.36,4.2,0.0,5,133,1,0.49999999999999994,-0.8660254037844387,0.7526668275320085,-0.6584015846980488,6.9499,7.4038,5.4989,6.797514285714286,6.845079999999999
2022-05-14,7.41,37.15,10.97,60.63,3.85,0.0,5,134,1,0.49999999999999994,-0.8660254037844387,0.7412220108485958,-0.6712599575675313,7.3834,6.9499,6.4034,7.0667285714285715,6.847416666666666
2022-05-15,6.8004,37.4,15.25,60.8,4.11,0.0,5,135,1,0.49999999999999994,-0.8660254037844387,0.7295575540864875,-0.6839194216246106,7.41,7.3834,6.6914,7.210528571428571,6.884063333333334
2022-05-16,7.3709,35.51,16.91,64.2,4.41,0.0,5,136,1,0.49999999999999994,-0.8660254037844387,0.717676913675962,-0.6963762255968722,6.8004,7.41,7.4506,7.226100000000001,6.876246666666668
2022-05-17,6.883,34.51,17.16,65.81,2.97,0.0,5,137,1,0.49999999999999994,-0.8660254037844387,0.705583610107178,-0.7086266782644596,7.3709,6.8004,7.1846,7.214714285714286,6.880166666666667
2022-05-18,7.0649,35.14,14.24,57.97,1.94,0.0,5,138,1,0.49999999999999994,-0.8660254037844387,0.6932812268869777,-0.7206671495538609,6.883,7.3709,7.4038,7.171628571428571,6.9012
2022-05-19,7.2662,37.12,12.69,64.64,2.04,0.0,5,139,1,0.49999999999999994,-0.8660254037844387,0.6807734094770161,-0.7324940716135789,7.0649,6.883,6.9499,7.123214285714285,6.911736666666666
2022-05-20,7.2197,37.69,16.34,59.94,4.8,0.0,5,140,1,0.49999999999999994,-0.8660254037844387,0.6680638642135335,-0.7441039398713607,7.2662,7.0649,7.3834,7.168399999999999,6.917966666666667
2022-05-21,6.9158,35.43,22.0,65.86,5.28,0.31,5,141,1,0.49999999999999994,-0.8660254037844387,0.6551563572090853,-0.7554933140726803,7.2197,7.2662,7.41,7.145014285714285,6.930840000000001
2022-05-22,6.8688,34.38,26.87,69.97,3.75,0.49,5,142,1,0.49999999999999994,-0.8660254037844387,0.6420547132365637,-0.766658819300159,6.9158,7.2197,6.8004,7.074414285714285,6.998893333333333
2022-05-23,5.1173,33.54,41.37,84.64,3.65,10.08,5,143,1,0.49999999999999994,-0.8660254037844387,0.6287628145958344,-0.7775971469736269,6.8688,6.9158,7.3709,7.084185714285714,7.0013966666666665
2022-05-24,5.9734,31.05,49.75,83.46,2.51,0.31,5,144,1,0.49999999999999994,-0.8660254037844387,0.6152845999633276,-0.7883050558305255,5.1173,6.8688,6.883,6.762242857142857,6.934053333333333
2022-05-25,6.6576,31.25,41.82,53.61,2.56,0.74,5,145,1,0.49999999999999994,-0.8660254037844387,0.6016240632249226,-0.7987793728863649,5.9734,5.1173,7.0649,6.632300000000001,6.882693333333333
2022-05-26,7.0598,33.32,36.27,46.69,2.93,0.0,5,146,1,0.49999999999999994,-0.8660254037844387,0.5877852522924732,-0.8090169943749473,6.6576,5.9734,7.2662,6.574114285714286,6.86999
2022-05-27,7.3711,34.49,33.41,46.31,4.47,0.0,5,147,1,0.49999999999999994,-0.8660254037844387,0.5737722679043246,-0.8190148866680801,7.0598,6.6576,7.2197,6.544628571428572,6.8831500000000005
2022-05-28,6.8822,35.1,33.81,63.02,4.81,0.42,5,148,1,0.49999999999999994,-0.8660254037844387,0.5595892624101765,-0.8287700871745038,7.3711,7.0598,6.9158,6.566257142857142,6.8894866666666665
2022-05-29,6.8254,35.39,33.01,68.11,5.07,0.02,5,149,1,0.49999999999999994,-0.8660254037844387,0.545240438540651,-0.8382797052177744,6.8822,7.3711,6.8688,6.561457142857144,6.88331
2022-05-30,6.8808,35.68,26.6,68.67,5.33,0.06,5,150,1,0.49999999999999994,-0.8660254037844387,0.5307300481619334,-0.8475409228928311,6.8254,6.8822,5.1173,6.555257142857143,6.871030000000001
2022-05-31,6.8534,34.29,16.87,73.3,3.39,0.0,5,151,1,0.49999999999999994,-0.8660254037844387,0.5160623910158528,-0.8565509959010036,6.8808,6.8254,5.9734,6.807185714285715,6.861716666666667
2022-06-01,7.0339,35.77,18.22,47.99,2.78,0.0,6,152,2,1.2246467991473532e-16,-1.0,0.5012418134457758,-0.865307254363206,6.8534,6.8808,6.6576,6.932899999999999,6.884506666666667
2022-06-02,7.0147,36.09,18.25,56.95,3.35,0.01,6,153,2,1.2246467991473532e-16,-1.0,0.48627270710868997,-0.8738071036110808,7.0339,6.8534,7.0598,6.986657142857143,6.882793333333334
2022-06-03,6.5119,36.78,15.64,83.25,2.78,0.0,6,154,2,1.2246467991473532e-16,-1.0,0.4711595076738638,-0.8820480249558537,7.0147,7.0339,7.3711,6.980214285714285,6.87152
2022-06-04,7.7414,36.15,16.31,50.5,3.68,0.0,6,155,2,1.2246467991473532e-16,-1.0,0.4559066935084588,-0.8900275764346767,6.5119,7.0147,6.8822,6.857471428571429,6.859629999999999
2022-06-05,7.6766,35.29,16.43,55.11,4.29,0.0,6,156,2,1.2246467991473532e-16,-1.0,0.440518784350495,-0.8977433935342337,7.7414,6.5119,6.8254,6.980214285714285,6.889619999999999
2022-06-06,5.9045,35.75,20.13,87.88,3.74,0.0,6,157,2,1.2246467991473532e-16,-1.0,0.42500033996955416,-0.9051931898913974,7.6766,7.7414,6.8808,7.101814285714285,6.96221
2022-06-07,6.199,36.48,17.25,79.12,5.07,0.0,6,158,2,1.2246467991473532e-16,-1.0,0.4093559588156213,-0.9123747579707273,5.9045,7.6766,6.8534,6.962342857142858,6.9455800000000005
2022-06-08,7.333,35.34,22.02,48.4,4.89,0.0,6,159,2,1.2246467991473532e-16,-1.0,0.39359027665646673,-0.9192859697186104,6.199,5.9045,7.0339,6.868857142857143,6.929166666666666
2022-06-09,7.2746,36.36,24.76,59.14,4.09,0.0,6,160,2,1.2246467991473532e-16,-1.0,0.3777079652039649,-0.9259247771938498,7.333,6.199,7.0147,6.911585714285714,6.925246666666666
2022-06-10,7.0078,36.58,26.81,61.07,4.9,0.03,6,161,2,1.2246467991473532e-16,-1.0,0.36171373072976765,-0.9322892131745133,7.2746,7.333,6.5119,6.948714285714286,6.928246666666667
2022-06-11,7.0836,36.32,25.99,60.82,4.24,0.0,6,162,2,1.2246467991473532e-16,-1.0,0.3456123126707335,-0.9383773917408641,7.0078,7.2746,7.7414,7.019557142857143,6.915046666666666
2022-06-12,4.9903,36.67,29.91,80.28,3.74,0.0,6,163,2,1.2246467991473532e-16,-1.0,0.3294084822245304,-0.9441875088341993,7.0836,7.0078,7.6766,6.925585714285714,6.919503333333334
2022-06-13,3.3641,35.0,40.26,96.79,4.19,0.03,6,164,2,1.2246467991473532e-16,-1.0,0.3131070409358269,-0.9497178427914316,4.9903,7.0836,5.9045,6.541828571428572,6.839733333333333
2022-06-14,4.6637,32.84,49.74,85.58,3.84,3.08,6,165,2,1.2246467991473532e-16,-1.0,0.29671281927349075,-0.9549667548552551,3.3641,4.9903,6.199,6.178914285714285,6.70487
2022-06-15,6.1015,34.2,47.04,72.21,3.91,2.53,6,166,2,1.2246467991473532e-16,-1.0,0.28023067519921585,-0.9599326896597447,4.6637,3.3641,7.333,5.959585714285715,6.6336466666666665
2022-06-16,6.7534,34.21,47.36,41.21,3.74,2.13,6,167,2,1.2246467991473532e-16,-1.0,0.26366549272800704,-0.9646141756912435,6.1015,4.6637,7.2746,5.783657142857144,6.591333333333334
2022-06-17,6.2741,34.23,48.95,63.99,3.14,3.47,6,168,2,1.2246467991473532e-16,-1.0,0.24702218048093552,-0.9690098257244062,6.7534,6.1015,7.0078,5.709200000000001,6.587013333333333
2022-06-18,6.0043,32.18,57.32,66.88,2.43,11.98,6,169,2,1.2246467991473532e-16,-1.0,0.23030567023061221,-0.9731183372332619,6.2741,6.7534,7.0836,5.604385714285714,6.560653333333334
2022-06-19,3.1961,29.86,73.57,86.85,2.41,31.42,6,170,2,1.2246467991473532e-16,-1.0,0.21352091543979612,-0.9769384927771817,6.0043,6.2741,4.9903,5.450200000000001,6.5185900000000006
2022-06-20,4.3649,30.62,61.99,75.99,1.49,3.5,6,171,2,1.2246467991473532e-16,-1.0,0.19667288979357647,-0.980469160361632,3.1961,6.0043,3.3641,5.193885714285715,6.384469999999999
2022-06-21,6.2671,29.42,65.27,62.63,2.6,12.69,6,172,2,1.2246467991473532e-16,-1.0,0.1797665857255624,-0.9837092937736097,4.3649,3.1961,4.6637,5.336857142857143,6.299440000000001
2022-06-22,6.8278,30.82,56.32,66.55,2.32,0.49,6,173,2,1.2246467991473532e-16,-1.0,0.16280701293851715,-0.986657932891657,6.2671,4.3649,6.1015,5.565914285714285,6.2793833333333335
2022-06-23,6.8892,31.34,50.06,51.65,2.7,0.0,6,174,2,1.2246467991473532e-16,-1.0,0.1457991969198751,-0.9893142039703663,6.8278,6.2671,6.7534,5.669671428571427,6.3364
2022-06-24,7.237,32.37,39.53,60.11,1.78,0.0,6,175,2,1.2246467991473532e-16,-1.0,0.12874817745258132,-0.99167731989929,6.8892,6.8278,6.2741,5.689071428571428,6.366926666666667
2022-06-25,7.3625,34.0,36.24,64.14,1.18,0.0,6,176,2,1.2246467991473532e-16,-1.0,0.11165900712169512,-0.993746580436178,7.237,6.8892,6.0043,5.8266285714285715,6.38624
2022-06-26,7.2564,33.5,41.61,51.49,2.96,0.0,6,177,2,1.2246467991473532e-16,-1.0,0.09453674981719912,-0.9955213724144752,7.3625,7.237,3.1961,6.020657142857142,6.396330000000001
2022-06-27,6.0365,34.81,46.88,68.32,2.46,0.24,6,178,2,1.2246467991473532e-16,-1.0,0.07738647923346301,-0.9970011699250151,7.2564,7.3625,4.3649,6.600699999999999,6.392506666666667
2022-06-28,5.8049,34.56,51.65,89.28,3.26,2.13,6,179,2,1.2246467991473532e-16,-1.0,0.06021327736579302,-0.9981855344718586,6.0365,7.2564,6.2671,6.8395,6.364316666666666
2022-06-29,5.6203,33.69,55.23,90.94,3.72,3.49,6,180,2,1.2246467991473532e-16,-1.0,0.04302223300453059,-0.99907411510223,5.8049,6.0365,6.8278,6.773471428571428,6.330299999999999
2022-06-30,3.5062,30.3,69.44,99.17,2.19,20.56,6,181,2,1.2246467991473532e-16,-1.0,0.02581844022713308,-0.9996666485105112,5.6203,5.8049,6.8892,6.6009714285714285,6.288283333333333
2022-07-01,1.8737,27.73,84.75,99.61,2.31,42.95,7,182,2,-0.4999999999999997,-0.8660254037844388,0.008606996888688698,-0.9999629591162655,3.5062,5.6203,7.237,6.117685714285714,6.17671
2022-07-02,4.2794,29.38,77.14,93.55,0.99,11.82,7,183,2,-0.4999999999999997,-0.8660254037844388,-0.008606996888688009,-0.9999629591162655,1.8737,3.5062,7.3625,5.3515,6.004703333333334
2022-07-03,3.2434,28.9,80.67,97.35,1.89,8.26,7,184,2,-0.4999999999999997,-0.8660254037844388,-0.02581844022713239,-0.9996666485105112,4.2794,1.8737,7.2564,4.9110571428571435,5.913526666666667
2022-07-04,6.4315,30.75,71.26,69.97,2.0,1.82,7,185,2,-0.4999999999999997,-0.8660254037844388,-0.04302223300453034,-0.99907411510223,3.2434,4.2794,6.0365,4.337771428571429,5.804576666666667
2022-07-05,6.6103,30.95,68.61,63.52,2.49,0.37,7,186,2,-0.4999999999999997,-0.8660254037844388,-0.060213277365792774,-0.9981855344718586,6.4315,3.2434,5.8049,4.3942,5.760913333333334
2022-07-06,6.1008,31.11,68.65,72.16,2.94,5.38,7,187,2,-0.4999999999999997,-0.8660254037844388,-0.07738647923346322,-0.9970011699250151,6.6103,6.4315,5.6203,4.509257142857143,5.72537
2022-07-07,6.5575,31.22,68.54,65.33,2.62,2.7,7,188,2,-0.4999999999999997,-0.8660254037844388,-0.09453674981719933,-0.9955213724144752,6.1008,6.6103,3.5062,4.5779,5.731913333333333
2022-07-08,6.0629,31.33,68.67,72.65,2.23,2.86,7,189,2,-0.4999999999999997,-0.8660254037844388,-0.11165900712169444,-0.9937465804361781,6.5575,6.1008,1.8737,5.013799999999999,5.7438633333333335
2022-07-09,4.0236,31.22,70.67,96.98,1.39,6.48,7,190,2,-0.4999999999999997,-0.8660254037844388,-0.12874817745258066,-0.99167731989929,6.0629,6.5575,4.2794,5.612257142857142,5.701526666666667
2022-07-10,2.0935,30.44,73.01,99.07,1.39,8.69,7,191,2,-0.4999999999999997,-0.8660254037844388,-0.14579919691987442,-0.9893142039703664,4.0236,6.0629,3.2434,5.575714285714286,5.593159999999999
2022-07-11,5.31,30.98,69.37,87.24,1.52,2.24,7,192,2,-0.4999999999999997,-0.8660254037844388,-0.16280701293851646,-0.9866579328916572,2.0935,4.0236,6.4315,5.411442857142857,5.42935
2022-07-12,6.041,31.26,68.9,71.25,1.51,11.18,7,193,2,-0.4999999999999997,-0.8660254037844388,-0.17976658572556214,-0.9837092937736098,5.31,2.0935,6.6103,5.251228571428571,5.37023
2022-07-13,5.6186,32.03,65.47,71.28,0.96,3.2,7,194,2,-0.4999999999999997,-0.8660254037844388,-0.19667288979357622,-0.9804691603616321,6.041,5.31,6.1008,5.1699,5.4052533333333335
2022-07-14,5.7598,31.78,65.79,75.13,2.48,6.57,7,195,2,-0.4999999999999997,-0.8660254037844388,-0.2135209154397959,-0.9769384927771817,5.6186,6.041,6.5575,5.101014285714285,5.480403333333332
2022-07-15,5.8397,30.72,66.86,88.65,3.87,6.71,7,196,2,-0.4999999999999997,-0.8660254037844388,-0.23030567023061196,-0.973118337233262,5.7598,5.6186,6.0629,4.987057142857144,5.51694
2022-07-16,4.319,29.16,74.41,95.06,3.31,12.86,7,197,2,-0.4999999999999997,-0.8660254037844388,-0.24702218048093527,-0.9690098257244063,5.8397,5.7598,4.0236,4.955171428571428,5.508213333333333
2022-07-17,5.3558,29.56,77.19,86.54,1.63,3.9,7,198,2,-0.4999999999999997,-0.8660254037844388,-0.2636654927280072,-0.9646141756912435,4.319,5.8397,2.0935,4.997371428571428,5.427066666666667
2022-07-18,5.7773,31.01,71.79,78.03,1.6,6.19,7,199,2,-0.4999999999999997,-0.8660254037844388,-0.2802306751992161,-0.9599326896597445,5.3558,4.319,5.31,5.463414285714286,5.3964566666666665
2022-07-19,6.3576,31.68,68.67,65.4,2.01,2.24,7,200,2,-0.4999999999999997,-0.8660254037844388,-0.2967128192734901,-0.9549667548552553,5.7773,5.3558,6.041,5.530171428571428,5.38889
2022-07-20,4.656,29.91,81.13,96.71,2.25,8.8,7,201,2,-0.4999999999999997,-0.8660254037844388,-0.3131070409358267,-0.9497178427914317,6.3576,5.7773,5.6186,5.5754,5.494273333333334
2022-07-21,5.3292,28.87,78.42,84.55,2.78,2.32,7,202,2,-0.4999999999999997,-0.8660254037844388,-0.3294084822245302,-0.9441875088341994,4.656,6.3576,5.7598,5.437885714285715,5.503976666666666
2022-07-22,4.5744,27.62,85.62,94.03,2.24,30.76,7,203,2,-0.4999999999999997,-0.8660254037844388,-0.3456123126707333,-0.9383773917408642,5.3292,4.656,5.8397,5.376371428571429,5.472713333333333
2022-07-23,2.2368,28.19,83.74,98.68,2.49,20.93,7,204,2,-0.4999999999999997,-0.8660254037844388,-0.3617137307297674,-0.9322892131745134,4.5744,5.3292,4.319,5.195614285714286,5.3976
2022-07-24,4.0529,28.27,84.54,96.24,3.35,11.35,7,205,2,-0.4999999999999997,-0.8660254037844388,-0.37770796520396466,-0.9259247771938499,2.2368,4.5744,5.3558,4.898157142857142,5.24252
2022-07-25,3.6408,27.25,86.89,96.08,2.05,19.77,7,206,2,-0.4999999999999997,-0.8660254037844388,-0.39359027665646645,-0.9192859697186105,4.0529,2.2368,5.7773,4.712028571428571,5.136383333333334
2022-07-26,4.6786,27.31,85.23,92.61,3.48,11.47,7,207,2,-0.4999999999999997,-0.8660254037844388,-0.4093559588156211,-0.9123747579707274,3.6408,4.0529,6.3576,4.406814285714286,5.012326666666667
2022-07-27,4.9018,27.15,87.35,83.39,2.74,18.78,7,208,2,-0.4999999999999997,-0.8660254037844388,-0.42500033996955394,-0.9051931898913975,4.6786,3.6408,4.656,4.166957142857143,4.926399999999999
2022-07-28,4.1784,26.52,88.47,97.63,2.82,5.07,7,209,2,-0.4999999999999997,-0.8660254037844388,-0.4405187843504952,-0.8977433935342336,4.9018,4.6786,5.3292,4.202071428571429,4.888576666666666
2022-07-29,4.9358,26.88,86.5,89.74,2.4,7.78,7,210,2,-0.4999999999999997,-0.8660254037844388,-0.455906693508459,-0.8900275764346766,4.1784,4.9018,4.5744,4.037671428571429,4.83436
2022-07-30,6.3946,27.36,84.03,66.84,2.58,1.31,7,211,2,-0.4999999999999997,-0.8660254037844388,-0.47115950767386394,-0.8820480249558535,4.9358,4.1784,2.2368,4.089300000000001,4.811543333333334
2022-07-31,4.0786,27.27,82.74,93.37,2.77,1.64,7,212,2,-0.4999999999999997,-0.8660254037844388,-0.4862727071086902,-0.8738071036110807,6.3946,4.9358,4.0529,4.6832714285714285,4.907823333333334
2022-08-01,3.9703,26.71,87.64,85.73,3.2,8.72,8,213,2,-0.8660254037844384,-0.5000000000000004,-0.5012418134457756,-0.8653072543632061,4.0786,6.3946,3.6408,4.686942857142857,4.981319999999999
2022-08-02,4.5818,28.07,85.09,82.3,2.67,23.0,8,214,2,-0.8660254037844384,-0.5000000000000004,-0.5160623910158526,-0.8565509959010037,3.9703,4.0786,4.6786,4.734014285714286,4.971016666666667
2022-08-03,4.9394,28.78,80.8,96.45,1.43,6.12,8,215,2,-0.8660254037844384,-0.5000000000000004,-0.5307300481619331,-0.8475409228928312,4.5818,3.9703,4.9018,4.720185714285714,5.01563
2022-08-04,4.1808,28.23,81.97,97.23,1.32,5.04,8,216,2,-0.8660254037844384,-0.5000000000000004,-0.5452404385406507,-0.8382797052177745,4.9394,4.5818,4.1784,4.725557142857142,4.965893333333333
2022-08-05,3.4051,28.07,83.51,95.94,1.17,14.69,8,217,2,-0.8660254037844384,-0.5000000000000004,-0.5595892624101763,-0.828770087174504,4.1808,4.9394,4.9358,4.7259,4.8849100000000005
2022-08-06,6.0991,28.6,81.83,69.97,1.09,1.84,8,218,2,-0.8660254037844384,-0.5000000000000004,-0.5737722679043243,-0.8190148866680802,3.4051,4.1808,6.3946,4.507228571428572,4.795053333333334
2022-08-07,3.2527,27.74,89.77,98.77,1.32,8.79,8,219,2,-0.8660254037844384,-0.5000000000000004,-0.5877852522924734,-0.8090169943749472,6.0991,3.4051,4.0786,4.465014285714285,4.779773333333334
2022-08-08,6.4944,27.92,83.67,62.86,1.53,5.47,8,220,2,-0.8660254037844384,-0.5000000000000004,-0.6016240632249227,-0.7987793728863648,3.2527,6.0991,3.9703,4.347028571428571,4.6861
2022-08-09,5.5459,27.8,85.3,75.64,2.32,6.74,8,221,2,-0.8660254037844384,-0.5000000000000004,-0.6152845999633277,-0.7883050558305253,6.4944,3.2527,4.5818,4.7076142857142855,4.76846
2022-08-10,6.3406,28.37,79.32,65.74,3.25,0.23,8,222,2,-0.8660254037844384,-0.5000000000000004,-0.6287628145958345,-0.7775971469736268,5.5459,6.4944,4.9394,4.845342857142858,4.88354
2022-08-11,2.4197,25.91,89.97,96.62,4.28,1.34,8,223,2,-0.8660254037844384,-0.5000000000000004,-0.6420547132365636,-0.7666588193001592,6.3406,5.5459,4.1808,5.045514285714286,4.917893333333334
2022-08-12,3.0694,27.0,85.0,97.03,3.22,5.01,8,224,2,-0.8660254037844384,-0.5000000000000004,-0.655156357209085,-0.7554933140726804,2.4197,6.3406,3.4051,4.793928571428571,4.797183333333334
2022-08-13,4.1878,26.86,87.96,82.34,2.94,7.92,8,225,2,-0.8660254037844384,-0.5000000000000004,-0.6680638642135333,-0.7441039398713608,3.0694,2.4197,6.0991,4.745971428571429,4.712210000000001
2022-08-14,2.653,27.24,84.31,99.59,1.68,19.05,8,226,2,-0.8660254037844384,-0.5000000000000004,-0.6807734094770159,-0.7324940716135792,4.1878,3.0694,3.2527,4.472928571428572,4.659809999999999
2022-08-15,4.6608,27.0,83.82,92.56,2.72,4.86,8,227,2,-0.8660254037844384,-0.5000000000000004,-0.6932812268869771,-0.7206671495538615,2.653,4.1878,6.4944,4.387257142857143,4.553586666666667
2022-08-16,2.1811,26.18,87.38,96.2,5.59,18.03,8,228,2,-0.8660254037844384,-0.5000000000000004,-0.7055836101071774,-0.70862667826446,4.6608,2.653,5.5459,4.125314285714286,4.56498
2022-08-17,4.1232,26.62,86.54,87.22,5.02,7.33,8,229,2,-0.8660254037844384,-0.5000000000000004,-0.7176769136759615,-0.6963762255968726,2.1811,4.6608,6.3406,3.6446285714285716,4.459156666666667
2022-08-18,4.861,26.77,85.12,71.3,3.04,1.17,8,230,2,-0.8660254037844384,-0.5000000000000004,-0.7295575540864876,-0.6839194216246104,4.1232,2.1811,2.4197,3.3278571428571433,4.40402
2022-08-19,4.8396,27.1,84.11,81.58,2.03,0.92,8,231,2,-0.8660254037844384,-0.5000000000000004,-0.7412220108485957,-0.6712599575675315,4.861,4.1232,3.0694,3.676614285714286,4.354133333333333
2022-08-20,4.3812,26.99,83.61,87.09,1.52,1.0,8,232,2,-0.8660254037844384,-0.5000000000000004,-0.7526668275320083,-0.6584015846980489,4.8396,4.861,4.1878,3.9295,4.360253333333333
2022-08-21,4.9913,27.31,83.86,87.36,2.24,5.74,8,233,2,-0.8660254037844384,-0.5000000000000004,-0.7638886127905429,-0.64534811322955,4.3812,4.8396,2.653,3.9571285714285716,4.3286533333333335
2022-08-22,2.2085,27.07,85.21,99.05,2.62,17.77,8,234,2,-0.8660254037844384,-0.5000000000000004,-0.7748840413670406,-0.6321034111873488,4.9913,4.3812,4.6608,4.291171428571428,4.34255
2022-08-23,2.0806,26.55,87.18,68.68,5.0,7.36,8,235,2,-0.8660254037844384,-0.5000000000000004,-0.7856498550787144,-0.6186714032625032,2.2085,4.9913,2.1811,3.940842857142857,4.341606666666666
2022-08-24,4.0198,25.57,83.68,76.25,3.74,0.77,8,236,2,-0.8660254037844384,-0.5000000000000004,-0.7961828637826154,-0.6050560696488494,2.0806,2.2085,4.1232,3.926485714285714,4.275863333333334
2022-08-25,3.289,25.89,84.58,92.88,1.71,0.2,8,237,2,-0.8660254037844384,-0.5000000000000004,-0.8064799463209447,-0.5912614448635782,4.0198,2.0806,4.861,3.911714285714286,4.288496666666666
2022-08-26,4.1834,26.05,81.98,89.26,2.54,0.01,8,238,2,-0.8660254037844384,-0.5000000000000004,-0.8165380514459157,-0.5772916165517278,3.289,4.0198,4.8396,3.6871428571428573,4.2421766666666665
2022-08-27,5.8894,26.15,81.12,63.64,3.08,0.03,8,239,2,-0.8660254037844384,-0.5000000000000004,-0.8263541987239094,-0.5631507242749187,4.1834,3.289,4.3812,3.5934,4.21823
2022-08-28,5.5536,25.94,81.14,77.87,2.59,0.0,8,240,2,-0.8660254037844384,-0.5000000000000004,-0.8359254794186365,-0.5488429582847199,5.8894,4.1834,4.9913,3.8088571428571427,4.275263333333333
2022-08-29,5.4372,26.39,77.44,71.77,1.39,0.02,8,241,2,-0.8660254037844384,-0.5000000000000004,-0.8452490573530634,-0.5343725582809785,5.5536,5.8894,2.2085,3.889185714285715,4.295856666666666
2022-08-30,4.7561,27.1,79.87,80.29,1.09,6.0,8,242,2,-0.8660254037844384,-0.5000000000000004,-0.8543221697498269,-0.5197438121555157,5.4372,5.5536,2.0806,4.350428571428572,4.263943333333334
2022-08-31,6.0038,27.83,78.13,62.76,2.15,0.02,8,243,2,-0.8660254037844384,-0.5000000000000004,-0.8631421280499115,-0.5049610547215202,4.7561,5.4372,4.0198,4.732642857142857,4.286526666666666
2022-09-01,5.9278,28.52,76.67,60.5,1.99,2.84,9,244,2,-1.0,-1.8369701987210297e-16,-0.8717063187093217,-0.4900286664290594,6.0038,4.7561,3.289,5.016071428571428,4.35431
2022-09-02,4.1767,28.06,80.0,90.51,1.99,5.37,9,245,2,-1.0,-1.8369701987210297e-16,-0.8800122039735356,-0.4749510720670502,5.9278,6.0038,4.1834,5.3930428571428575,4.3991766666666665
2022-09-03,6.3715,27.82,80.02,60.25,2.95,0.01,9,246,2,-1.0,-1.8369701987210297e-16,-0.888057322629493,-0.4597327394521046,4.1767,5.9278,5.8894,5.392085714285714,4.373753333333334
2022-09-04,6.4092,27.24,80.89,66.74,3.19,0.02,9,247,2,-1.0,-1.8369701987210297e-16,-0.8958392907349089,-0.4443781781046134,6.3715,4.1767,5.5536,5.460957142857143,4.446776666666667
2022-09-05,6.0852,27.37,81.12,56.27,1.54,0.01,9,248,2,-1.0,-1.8369701987210297e-16,-0.9033558023246842,-0.4288919379124841,6.4092,6.3715,5.4372,5.583185714285714,4.546913333333333
2022-09-06,5.8802,28.06,72.76,66.5,1.15,0.0,9,249,2,-1.0,-1.8369701987210297e-16,-0.9106046300942162,-0.41327860778290443,6.0852,6.4092,4.7561,5.675757142857143,4.546449999999999
2022-09-07,5.85,28.48,71.4,67.65,1.25,0.0,9,250,2,-1.0,-1.8369701987210297e-16,-0.9175836260593934,-0.3975428142825566,5.8802,6.0852,6.0038,5.836342857142858,4.634033333333333
2022-09-08,5.8169,28.79,72.86,61.88,1.03,0.0,9,251,2,-1.0,-1.8369701987210297e-16,-0.9242907221930934,-0.3816892202666586,5.85,5.8802,5.9278,5.814371428571428,4.6125533333333335
2022-09-09,5.5198,28.73,76.07,62.2,1.37,0.16,9,252,2,-1.0,-1.8369701987210297e-16,-0.9307239310379793,-0.3657225234972692,5.8169,5.85,4.1767,5.798528571428571,4.6215866666666665
2022-09-10,4.9205,28.58,79.04,64.28,1.69,0.2,9,253,2,-1.0,-1.8369701987210297e-16,-0.9368813462954315,-0.34964745525122826,5.5198,5.8169,6.3715,5.9904,4.594226666666667
2022-09-11,4.7362,27.73,82.79,75.71,1.55,0.97,9,254,2,-1.0,-1.8369701987210297e-16,-0.9427611433904206,-0.33346877891818705,4.9205,5.5198,6.4092,5.783114285714285,4.677586666666667
2022-09-12,5.971,27.84,78.5,64.68,1.75,0.14,9,255,2,-1.0,-1.8369701987210297e-16,-0.9483615800121716,-0.31719128858910595,4.7362,4.9205,6.0852,5.5441142857142856,4.733146666666666
2022-09-13,4.2612,28.04,75.0,88.28,2.57,0.22,9,256,2,-1.0,-1.8369701987210297e-16,-0.9536809966304455,-0.300819807635668,5.971,4.7362,5.8802,5.5278,4.792586666666667
2022-09-14,3.3934,27.19,80.29,92.45,2.73,5.37,9,257,2,-1.0,-1.8369701987210297e-16,-0.9587178169872964,-0.2843591872810036,4.2612,5.971,5.85,5.296514285714285,4.846193333333333
2022-09-15,4.423,27.44,80.38,72.89,2.45,0.82,9,258,2,-1.0,-1.8369701987210297e-16,-0.9634705485641486,-0.26781430516217486,3.3934,4.2612,5.8169,4.945571428571428,4.803946666666667
2022-09-16,5.6285,27.71,75.35,68.56,2.03,1.16,9,259,2,-1.0,-1.8369701987210297e-16,-0.9679377830240642,-0.25119006388481957,4.423,3.3934,5.5198,4.746442857142857,4.878676666666666
2022-09-17,6.1961,27.83,74.31,62.59,3.01,0.58,9,260,2,-1.0,-1.8369701987210297e-16,-0.9721181966290612,-0.23449138957041052,5.6285,4.423,4.9205,4.761971428571428,4.9288533333333335
2022-09-18,6.2242,28.2,69.44,61.63,2.81,0.04,9,261,2,-1.0,-1.8369701987210297e-16,-0.9760105506323682,-0.21772323039653224,6.1961,5.6285,4.7362,4.9442,4.973356666666666
2022-09-19,6.0948,28.82,63.77,57.63,2.1,0.88,9,262,2,-1.0,-1.8369701987210297e-16,-0.9796136916454901,-0.20089055513063528,6.2242,6.1961,5.971,5.156771428571429,5.0195099999999995
2022-09-20,5.3856,28.66,67.31,66.39,1.28,2.1,9,263,2,-1.0,-1.8369701987210297e-16,-0.9829265519799822,-0.18399835165767986,6.0948,6.2242,4.2612,5.174457142857142,5.07663
2022-09-21,4.9337,27.74,75.47,80.82,1.43,8.53,9,264,2,-1.0,-1.8369701987210297e-16,-0.9859481499638303,-0.1670516255021195,5.3856,6.0948,3.3934,5.3350857142857135,5.089773333333333
2022-09-22,3.1678,26.87,83.54,92.4,2.17,9.71,9,265,2,-1.0,-1.8369701987210297e-16,-0.9886775902323404,-0.15005539834465262,4.9337,5.3856,4.423,5.555128571428571,5.180613333333334
2022-09-23,2.2934,26.74,85.51,99.01,1.62,30.53,9,266,2,-1.0,-1.8369701987210297e-16,-0.9911140639934546,-0.13301470653419636,3.1678,4.9337,5.6285,5.375814285714285,5.216853333333334
2022-09-24,3.4217,26.17,87.0,92.07,2.26,24.62,9,267,2,-1.0,-1.8369701987210297e-16,-0.9932568492674143,-0.11593459959550066,2.2934,3.1678,6.1961,4.8993714285714285,5.159306666666667
2022-09-25,5.7298,26.37,80.47,64.89,2.29,0.05,9,268,2,-1.0,-1.8369701987210297e-16,-0.9951053111006974,-0.09882013873287211,3.4217,2.2934,6.2242,4.503028571428572,5.16373
2022-09-26,5.28,27.34,71.63,55.37,1.38,1.22,9,269,2,-1.0,-1.8369701987210297e-16,-0.99665890175417,-0.08167639533042288,5.7298,3.4217,6.0948,4.4323999999999995,5.215276666666667
2022-09-27,5.5073,27.61,66.89,58.66,1.29,0.04,9,270,2,-1.0,-1.8369701987210297e-16,-0.9979171608653922,-0.06450844944931625,5.28,5.7298,5.3856,4.316,5.194963333333333
2022-09-28,5.9542,27.89,65.54,49.0,1.64,0.01,9,271,2,-1.0,-1.8369701987210297e-16,-0.9988797155850335,-0.04732138832243232,5.5073,5.28,4.9337,4.333385714285714,5.193420000000001
2022-09-29,5.3246,27.88,65.03,70.01,1.58,0.0,9,272,2,-1.0,-1.8369701987210297e-16,-0.9995462806873573,-0.03012030484690836,5.9542,5.5073,3.1678,4.479171428571429,5.210653333333334
2022-09-30,5.959,27.9,62.29,57.07,1.05,0.0,9,273,2,-1.0,-1.8369701987210297e-16,-0.9999166586547379,-0.012910296075008843,5.3246,5.9542,2.2934,4.787285714285715,5.229603333333333
2022-10-01,5.9306,28.11,62.98,43.25,1.83,0.0,10,274,3,-0.8660254037844386,0.5000000000000001,-0.9999907397361901,0.004303538296243821,5.959,5.3246,3.4217,5.310942857142857,5.22811
2022-10-02,5.8286,27.98,60.07,20.96,2.65,0.0,10,275,3,-0.8660254037844386,0.5000000000000001,-0.9997685019798909,0.021516097436222233,5.9306,5.959,5.7298,5.669357142857143,5.228203333333334
2022-10-03,5.8613,27.54,59.93,36.82,2.31,0.0,10,276,3,-0.8660254037844386,0.5000000000000001,-0.9992500112396835,0.03872228089217399,5.8286,5.9306,5.28,5.683471428571429,5.283266666666666
2022-10-04,5.772,26.99,59.47,60.73,1.81,0.0,10,277,3,-0.8660254037844386,0.5000000000000001,-0.9984354211555643,0.05591699010060302,5.8613,5.8286,5.5073,5.766514285714286,5.26626
2022-10-05,5.3899,27.15,65.7,47.16,1.78,0.1,10,278,3,-0.8660254037844386,0.5000000000000001,-0.9973249731081555,0.07309512989807776,5.772,5.8613,5.9542,5.804328571428571,5.245019999999999
2022-10-06,5.5217,25.82,78.02,50.36,2.2,0.14,10,279,3,-0.8660254037844386,0.5000000000000001,-0.9959189961471792,0.0902516100310407,5.3899,5.772,5.3246,5.723714285714286,5.221843333333334
2022-10-07,3.0216,24.37,80.56,96.92,2.13,3.77,10,280,3,-0.8660254037844386,0.5000000000000001,-0.994217906893952,0.10738134666416306,5.5217,5.3899,5.959,5.7518714285714285,5.209893333333334
2022-10-08,1.4455,23.32,91.61,99.75,3.07,38.37,10,281,3,-0.8660254037844386,0.5000000000000001,-0.9922222094179324,0.12447926388678869,3.0216,5.5217,5.9306,5.332242857142857,5.115613333333332
2022-10-09,2.551,25.23,84.4,85.41,2.1,4.05,10,282,3,-0.8660254037844386,0.5000000000000001,-0.989932495087353,0.141540295217043,1.4455,3.0216,5.8286,4.691514285714286,4.9699
2022-10-10,5.0462,25.7,79.69,49.82,0.6,0.07,10,283,3,-0.8660254037844386,0.5000000000000001,-0.9873494423939864,0.15855938510313475,2.551,1.4455,5.8613,4.223285714285714,4.870940000000001
2022-10-11,5.34,26.11,70.02,50.14,1.24,2.86,10,284,3,-0.8660254037844386,0.5000000000000001,-0.9844738167520923,0.17553149042142777,5.0462,2.551,5.772,4.1068428571428575,4.87513
2022-10-12,5.647,23.86,70.41,62.85,1.65,0.41,10,285,3,-0.8660254037844386,0.5000000000000001,-0.9813064702716093,0.19245158197082995,5.34,5.0462,5.3899,4.045128571428571,4.895256666666667
2022-10-13,5.4754,23.74,63.21,65.22,1.04,0.0,10,286,3,-0.8660254037844386,0.5000000000000001,-0.9778483415056567,0.20931464596304888,5.647,5.34,5.5217,4.081857142857143,4.884456666666667
2022-10-14,5.489,23.43,58.31,60.9,1.16,0.0,10,287,3,-0.8660254037844386,0.5000000000000001,-0.9741004551724206,0.22611568550828803,5.4754,5.647,3.0216,4.075242857142857,4.92493
2022-10-15,5.4578,23.85,53.72,35.17,1.32,0.0,10,288,3,-0.8660254037844386,0.5000000000000001,-0.970063921851507,0.2428497220959358,5.489,5.4754,1.4455,4.427728571428572,4.9947833333333325
2022-10-16,5.3323,22.81,60.8,45.23,1.37,0.0,10,289,3,-0.8660254037844386,0.5000000000000001,-0.965739937654855,0.25951179706979943,5.4578,5.489,2.551,5.000914285714286,5.029276666666667
2022-10-17,5.5282,23.02,60.28,53.75,1.28,0.0,10,290,3,-0.8660254037844386,0.5000000000000001,-0.9611297838723007,0.27609697309746883,5.3323,5.4578,5.0462,5.398242857142856,5.019403333333333
2022-10-18,5.1298,22.94,60.59,54.74,1.33,0.0,10,291,3,-0.8660254037844386,0.5000000000000001,-0.9562348265919058,0.2926003356333479,5.5282,5.3323,5.34,5.4671,4.997140000000001
2022-10-19,5.2022,22.87,58.66,60.81,1.7,0.0,10,292,3,-0.8660254037844386,0.5000000000000001,-0.9510565162951536,0.30901699437494723,5.1298,5.5282,5.647,5.4370714285714286,4.960660000000001
2022-10-20,5.345,22.99,57.77,49.39,2.32,0.0,10,293,3,-0.8660254037844386,0.5000000000000001,-0.9455963874271428,0.3253420847119795,5.2022,5.1298,5.4754,5.373528571428571,4.930906666666667
2022-10-21,5.2634,23.07,54.96,53.39,1.57,0.0,10,294,3,-0.8660254037844386,0.5000000000000001,-0.9398560579418953,0.341570769167856,5.345,5.2022,5.489,5.354900000000001,4.929553333333334
2022-10-22,5.292,22.85,55.13,40.41,1.62,0.0,10,295,3,-0.8660254037844386,0.5000000000000001,-0.9338372288229252,0.35769823883312546,5.2634,5.345,5.4578,5.322671428571428,4.940543333333333
2022-10-23,5.0666,21.88,53.43,26.51,1.52,0.0,10,296,3,-0.8660254037844386,0.5000000000000001,-0.9275416835791965,0.3737197147904692,5.292,5.2634,5.3323,5.298985714285714,5.011349999999999
2022-10-24,5.2685,22.2,47.99,11.83,1.7,0.0,10,297,3,-0.8660254037844386,0.5000000000000001,-0.9209712877166347,0.38963044953078774,5.0666,5.292,5.5282,5.261028571428571,5.10379
2022-10-25,5.3306,23.43,42.45,26.83,1.7,0.0,10,298,3,-0.8660254037844386,0.5000000000000001,-0.9141279881853337,0.4054257283599973,5.2685,5.0666,5.1298,5.223928571428572,5.16535
2022-10-26,5.2171,23.87,46.78,35.59,1.11,0.0,10,299,3,-0.8660254037844386,0.5000000000000001,-0.9070138128026362,0.42110087079608916,5.3306,5.2685,5.2022,5.2526142857142855,5.152043333333334
2022-10-27,4.9711,24.44,48.92,41.29,1.53,0.0,10,300,3,-0.8660254037844386,0.5000000000000001,-0.8996308696522434,0.4366512319560638,5.2171,5.3306,5.345,5.254742857142857,5.149946666666667
2022-10-28,4.866,24.99,43.36,49.03,0.55,0.0,10,301,3,-0.8660254037844386,0.5000000000000001,-0.8919813464595487,0.45207220393230374,4.9711,5.2171,5.2634,5.201328571428571,5.1320733333333335
2022-10-29,4.9238,23.0,58.09,52.94,1.52,0.0,10,302,3,-0.8660254037844386,0.5000000000000001,-0.8840675099433637,0.46735921715800205,4.866,4.9711,5.292,5.144557142857143,5.0958
2022-10-30,4.5554,23.27,55.04,68.3,1.01,0.0,10,303,3,-0.8660254037844386,0.5000000000000001,-0.8758917051442433,0.48250774176121763,4.9238,4.866,5.0666,5.091957142857142,5.08244
2022-10-31,4.7479,24.28,44.3,45.95,0.92,0.0,10,304,3,-0.8660254037844386,0.5000000000000001,-0.8674563547295971,0.4975132889071803,4.5554,4.9238,5.2685,5.018928571428572,5.035653333333333
2022-11-01,4.523,23.38,47.19,49.62,1.24,0.0,11,305,3,-0.5000000000000004,0.8660254037844384,-0.858763958275803,0.5123714121284235,4.7479,4.5554,5.3306,4.944557142857143,4.99623
2022-11-02,4.7969,22.98,45.65,18.0,2.47,0.0,11,306,3,-0.5000000000000004,0.8660254037844384,-0.8498170915275277,0.5270777086423724,4.523,4.7479,5.2171,4.829185714285714,4.95271
2022-11-03,4.3229,24.48,45.34,38.68,1.61,0.0,11,307,3,-0.5000000000000004,0.8660254037844384,-0.8406184056344783,0.5416278206559811,4.7969,4.523,4.9711,4.769157142857142,4.91723
2022-11-04,4.7942,24.56,49.44,55.47,1.91,0.0,11,308,3,-0.5000000000000004,0.8660254037844384,-0.8311706263658079,0.5560174366570446,4.3229,4.7969,4.866,4.676557142857143,4.868926666666667
2022-11-05,4.5907,24.48,46.87,57.04,1.72,0.0,11,309,3,-0.5000000000000004,0.8660254037844384,-0.8214765533024145,0.5702422926917867,4.7942,4.3229,4.9238,4.6663,4.84907
2022-11-06,4.5139,24.33,44.36,75.32,1.67,0.0,11,310,3,-0.5000000000000004,0.8660254037844384,-0.8115390590073611,0.5842981736283683,4.5907,4.7942,4.5554,4.618714285714285,4.818036666666667
2022-11-07,4.0721,24.69,50.99,71.92,1.31,0.0,11,311,3,-0.5000000000000004,0.8660254037844384,-0.801361088174677,0.5981809144059159,4.5139,4.5907,4.7479,4.612785714285714,4.86778
2022-11-08,3.0706,24.04,60.69,74.3,2.43,2.11,11,312,3,-0.5000000000000004,0.8660254037844384,-0.7909456567567774,0.6118864012687242,4.0721,4.5139,4.523,4.516242857142857,4.955333333333333
2022-11-09,3.6905,22.75,63.76,63.56,1.59,1.32,11,313,3,-0.5000000000000004,0.8660254037844384,-0.780295851070776,0.6254105729852457,3.0706,4.0721,4.7969,4.308757142857142,4.972653333333333
2022-11-10,3.755,22.81,66.71,53.81,0.84,5.33,11,314,3,-0.5000000000000004,0.8660254037844384,-0.7694148268839381,0.6387494220515268,3.6905,3.0706,4.3229,4.1507,4.927463333333333
2022-11-11,3.9874,20.82,56.8,30.09,1.52,0.55,11,315,3,-0.5000000000000004,0.8660254037844384,-0.7583058084785625,0.6518989958787125,3.755,3.6905,4.7942,4.069571428571429,4.87463
2022-11-12,4.0027,21.23,44.59,20.83,1.51,0.0,11,316,3,-0.5000000000000004,0.8660254037844384,-0.7469720876965551,0.6648553979642866,3.9874,3.755,4.5907,3.9543142857142857,4.81931
2022-11-13,4.331,21.6,41.45,33.03,1.06,0.0,11,317,3,-0.5000000000000004,0.8660254037844384,-0.7354170229639858,0.6776147890466887,4.0027,3.9874,4.5139,3.8703142857142856,4.77022
2022-11-14,4.2653,20.42,56.02,51.71,1.95,0.0,11,318,3,-0.5000000000000004,0.8660254037844384,-0.7236440382959124,0.690173388242972,4.331,4.0027,4.0721,3.844185714285714,4.73162
2022-11-15,4.0819,20.83,58.01,43.18,1.98,0.0,11,319,3,-0.5000000000000004,0.8660254037844384,-0.711656622281775,0.7025274741691566,4.2653,4.331,3.0706,3.871785714285714,4.691869999999999
2022-11-16,4.103,19.71,52.62,28.23,2.22,0.0,11,320,3,-0.5000000000000004,0.8660254037844384,-0.6994583270516471,0.7146733860429608,4.0819,4.2653,3.6905,4.016257142857143,4.65019
2022-11-17,4.5077,19.01,44.46,25.56,2.0,0.0,11,321,3,-0.5000000000000004,0.8660254037844384,-0.6870527672236675,0.7266075247685652,4.103,4.0819,3.755,4.075185714285714,4.602683333333332
2022-11-18,4.6267,18.95,40.3,23.95,1.39,0.0,11,322,3,-0.5000000000000004,0.8660254037844384,-0.6744436188329457,0.7383263540031063,4.5077,4.103,3.9874,4.182714285714285,4.581946666666666
2022-11-19,4.5365,17.86,50.53,13.64,1.35,0.0,11,323,3,-0.5000000000000004,0.8660254037844384,-0.661634618242279,0.749826401204568,4.6267,4.5077,4.0027,4.274042857142858,4.562763333333333
2022-11-20,4.3733,18.26,44.18,11.2,1.62,0.0,11,324,3,-0.5000000000000004,0.8660254037844384,-0.6486295610349818,0.7611042586607742,4.5365,4.6267,4.331,4.3503,4.5358133333333335
2022-11-21,4.4148,19.35,42.97,17.06,1.37,0.0,11,325,3,-0.5000000000000004,0.8660254037844384,-0.6354323008901775,0.7721565844991641,4.3733,4.5365,4.2653,4.356342857142857,4.506143333333333
2022-11-22,4.5149,18.52,41.82,12.17,1.55,0.0,11,326,3,-0.5000000000000004,0.8660254037844384,-0.622046748440868,0.7829801036770624,4.4148,4.3733,4.0819,4.3777,4.4769033333333335
2022-11-23,4.6685,18.31,37.77,9.07,1.73,0.0,11,327,3,-0.5000000000000004,0.8660254037844384,-0.6084768701151264,0.7935716089521472,4.5149,4.4148,4.103,4.439557142857143,4.458513333333333
2022-11-24,4.771,18.77,34.82,12.1,1.46,0.0,11,328,3,-0.5000000000000004,0.8660254037844384,-0.594726686960764,0.8039279618328208,4.6685,4.5149,4.5077,4.520342857142857,4.438513333333333
2022-11-25,4.717,19.29,35.13,10.51,0.91,0.0,11,329,3,-0.5000000000000004,0.8660254037844384,-0.5808002734538013,0.8140460935082175,4.771,4.6685,4.6267,4.557957142857143,4.41986
2022-11-26,4.5859,20.59,30.18,16.17,0.95,0.0,11,330,3,-0.5000000000000004,0.8660254037844384,-0.5667017562911184,0.8239230057575536,4.717,4.771,4.5365,4.570857142857143,4.4031899999999995
2022-11-27,4.5259,19.21,35.58,15.2,1.1,0.0,11,331,3,-0.5000000000000004,0.8660254037844384,-0.5524353131676203,0.8335557718385695,4.5859,4.717,4.3733,4.577914285714286,4.39035
2022-11-28,4.3541,17.71,52.26,22.54,1.44,0.0,11,332,3,-0.5000000000000004,0.8660254037844384,-0.5380051715382992,0.8429415373547832,4.5259,4.5859,4.4148,4.599714285714285,4.379013333333334
2022-11-29,3.9898,18.37,49.49,40.69,0.85,0.0,11,333,3,-0.5000000000000004,0.8660254037844384,-0.5234156073655503,0.8520775211013093,4.3541,4.5259,4.5149,4.591042857142857,4.360023333333333
2022-11-30,4.0421,17.63,47.79,39.56,1.17,0.0,11,334,3,-0.5000000000000004,0.8660254037844384,-0.5086709438521042,0.8609610158889945,3.9898,4.3541,4.6685,4.5160285714285715,4.34117
2022-12-01,4.1702,18.26,41.92,3.81,0.82,0.0,12,335,0,-2.4492935982947064e-16,1.0,-0.49377555015997737,0.8695893893466109,4.0421,3.9898,4.771,4.426542857142857,4.317643333333334
2022-12-02,4.205,17.13,48.06,2.17,1.2,0.0,12,336,0,-2.4492935982947064e-16,1.0,-0.4787338401157883,0.8779600847008883,4.1702,4.0421,4.717,4.340714285714285,4.305883333333333
2022-12-03,3.9674,17.42,49.57,4.04,1.16,0.0,12,337,0,-2.4492935982947064e-16,1.0,-0.4635502709028512,0.8860706215341378,4.205,4.1702,4.5859,4.267571428571428,4.286153333333333
2022-12-04,3.8834,18.13,44.51,4.43,0.7,0.0,12,338,0,-2.4492935982947064e-16,1.0,-0.4482293417404106,0.893918596519257,3.9674,4.205,4.5259,4.179214285714286,4.274303333333333
2022-12-05,3.8954,17.67,46.49,5.26,0.93,0.0,12,339,0,-2.4492935982947064e-16,1.0,-0.4327755925504317,0.9015016841318838,3.8834,3.9674,4.3541,4.087428571428571,4.243943333333333
2022-12-06,4.1402,16.61,43.32,4.15,1.13,0.0,12,340,0,-2.4492935982947064e-16,1.0,-0.41719360261231697,0.9088176373395028,3.8954,3.8834,3.9898,4.0219000000000005,4.220766666666667
2022-12-07,4.4011,16.26,35.81,1.0,1.69,0.0,12,341,0,-2.4492935982947064e-16,1.0,-0.4014879892059737,0.9158642882672868,4.1402,3.8954,4.0421,4.043385714285714,4.20831
2022-12-08,4.289,18.11,36.09,0.94,1.38,0.0,12,342,0,-2.4492935982947064e-16,1.0,-0.38566340624360745,0.9226395488404875,4.4011,4.1402,4.1702,4.094671428571429,4.219276666666667
2022-12-09,4.3294,18.17,41.08,3.23,1.38,0.0,12,343,0,-2.4492935982947064e-16,1.0,-0.3697245428906732,0.9291414114031743,4.289,4.4011,4.205,4.111642857142857,4.25989
2022-12-10,4.069,18.38,44.75,3.77,1.39,0.0,12,344,0,-2.4492935982947064e-16,1.0,-0.35367612217637207,0.935367949313148,4.3294,4.289,3.9674,4.129414285714286,4.281186666666667
2022-12-11,3.925,18.29,48.12,4.06,1.49,0.0,12,345,0,-2.4492935982947064e-16,1.0,-0.33752289959411347,0.941317317512847,4.069,4.3294,3.8834,4.143928571428572,4.291653333333333
2022-12-12,3.9538,18.57,43.37,4.28,1.19,0.0,12,346,0,-2.4492935982947064e-16,1.0,-0.32126966169236515,0.9469877530760751,3.925,4.069,3.8954,4.149871428571428,4.289573333333333
2022-12-13,4.0229,17.68,42.49,5.22,1.7,0.0,12,347,0,-2.4492935982947064e-16,1.0,-0.3049212246562894,0.9523775757303973,3.9538,3.925,4.1402,4.158214285714285,4.287943333333333
2022-12-14,4.0843,16.74,43.92,1.69,2.11,0.0,12,348,0,-2.4492935982947064e-16,1.0,-0.2884824328806098,0.9574851883550389,4.0229,3.9538,4.4011,4.141457142857143,4.277673333333333
2022-12-15,4.3349,16.76,36.9,3.41,1.64,0.0,12,349,0,-2.4492935982947064e-16,1.0,-0.27195815753410524,0.9623090774541487,4.0843,4.0229,4.289,4.0962,4.2716400000000005
2022-12-16,4.2619,16.8,33.43,9.09,1.51,0.0,12,350,0,-2.4492935982947064e-16,1.0,-0.2553532951161881,0.9668478136052773,4.3349,4.0843,4.3294,4.1027571428571425,4.280073333333333
2022-12-17,4.3997,16.97,34.2,1.07,1.18,0.0,12,351,0,-2.4492935982947064e-16,1.0,-0.23867276600594997,0.9711000518829505,4.2619,4.3349,4.069,4.093114285714286,4.2853699999999995
2022-12-18,4.2931,17.85,33.64,0.9,1.14,0.0,12,352,0,-2.4492935982947064e-16,1.0,-0.22192151300416674,0.9750645322571945,4.3997,4.2619,3.925,4.140357142857143,4.28177
2022-12-19,4.1556,16.96,38.71,15.54,1.08,0.0,12,353,0,-2.4492935982947064e-16,1.0,-0.20510449986861926,0.9787400799669153,4.2931,4.3997,3.9538,4.1929428571428575,4.27065
2022-12-20,4.2012,17.05,41.24,5.74,1.06,0.0,12,354,0,-2.4492935982947064e-16,1.0,-0.1882267098432439,0.9821256058680006,4.1556,4.2931,4.0229,4.2217714285714285,4.257953333333333
2022-12-21,3.9482,15.14,52.17,8.33,1.93,0.0,12,355,0,-2.4492935982947064e-16,1.0,-0.1712931441814778,0.9852201067560606,4.2012,4.1556,4.0843,4.247242857142857,4.2522166666666665
2022-12-22,3.8542,14.69,49.07,1.83,2.0,0.0,12,356,0,-2.4492935982947064e-16,1.0,-0.154308820664281,0.9880226656636976,3.9482,4.2012,4.3349,4.2278,4.2366633333333334
2022-12-23,3.6854,14.68,47.81,2.41,1.78,0.0,12,357,0,-2.4492935982947064e-16,1.0,-0.13727877211326517,0.9905324521322227,3.8542,3.9482,4.2619,4.159128571428572,4.21464
2022-12-24,3.6907,12.68,42.02,13.11,2.46,0.0,12,358,0,-2.4492935982947064e-16,1.0,-0.12020804489935275,0.9927487224577402,3.6854,3.8542,4.3997,4.076771428571428,4.18187
2022-12-25,3.9427,12.21,33.93,13.92,1.73,0.0,12,359,0,-2.4492935982947064e-16,1.0,-0.10310169744743544,0.9946708199115211,3.6907,3.6854,4.2931,3.975485714285714,4.14586
2022-12-26,4.074,12.52,37.78,5.41,1.39,0.0,12,360,0,-2.4492935982947064e-16,1.0,-0.0859647987374467,0.9962981749346077,3.9427,3.6907,4.1556,3.9254285714285717,4.12005
2022-12-27,4.145,13.15,35.47,3.08,1.38,0.0,12,361,0,-2.4492935982947064e-16,1.0,-0.06880242680232064,0.9976303053065857,4.074,3.9427,4.2012,3.9137714285714287,4.102986666666667
2022-12-28,4.2458,15.37,34.19,4.61,1.39,0.0,12,362,0,-2.4492935982947064e-16,1.0,-0.05161966722325418,0.9986668162884759,4.145,4.074,3.9482,3.905742857142857,4.0902899999999995
2022-12-29,3.9269,15.93,39.23,16.16,1.57,0.0,12,363,0,-2.4492935982947064e-16,1.0,-0.034421611622745804,0.9994074007397048,4.2458,4.145,3.8542,3.9482571428571425,4.086679999999999
2022-12-30,3.9029,16.96,49.44,9.87,2.44,0.0,12,364,0,-2.4492935982947064e-16,1.0,-0.01721335615583528,0.9998518392091162,3.9269,4.2458,3.6854,3.9586428571428565,4.084583333333333
2022-12-31,3.5724,13.58,51.6,17.97,2.05,0.0,12,365,0,-2.4492935982947064e-16,1.0,6.432490598706546e-16,1.0,3.9029,3.9269,3.6907,3.9897142857142858,4.0799433333333335
2023-01-01,4.031,13.59,34.64,1.61,0.99,0.0,1,1,0,0.49999999999999994,0.8660254037844387,0.017213356155834685,0.9998518392091162,3.5724,3.9029,3.9427,3.9728142857142856,4.060016666666667
2023-01-02,4.0481,12.52,44.68,1.8,1.15,0.0,1,2,0,0.49999999999999994,0.8660254037844387,0.03442161162274574,0.9994074007397048,4.031,3.5724,4.074,3.985428571428571,4.054216666666666
2023-01-03,2.8433,11.23,44.8,41.9,1.31,0.0,1,3,0,0.49999999999999994,0.8660254037844387,0.051619667223253764,0.998666816288476,4.0481,4.031,4.145,3.9817285714285715,4.056906666666666
2023-01-04,4.0025,9.57,37.15,12.29,1.4,0.0,1,4,0,0.49999999999999994,0.8660254037844387,0.06880242680231986,0.9976303053065857,2.8433,4.0481,4.2458,3.7957714285714284,4.022236666666667
2023-01-05,3.6396,9.45,47.97,22.96,1.47,0.0,1,5,0,0.49999999999999994,0.8660254037844387,0.08596479873744647,0.9962981749346078,4.0025,2.8433,3.9269,3.7610142857142854,4.025806666666666
2023-01-06,4.1102,9.5,48.49,21.4,1.75,0.0,1,6,0,0.49999999999999994,0.8660254037844387,0.10310169744743485,0.9946708199115211,3.6396,4.0025,3.9029,3.7199714285714287,4.00912
2023-01-07,4.3282,11.77,35.68,10.42,1.01,0.0,1,7,0,0.49999999999999994,0.8660254037844387,0.1202080448993527,0.9927487224577402,4.1102,3.6396,3.5724,3.7495857142857143,3.999423333333333
2023-01-08,4.3584,15.27,22.57,9.69,0.94,0.0,1,8,0,0.49999999999999994,0.8660254037844387,0.13727877211326478,0.9905324521322229,4.3282,4.1102,4.031,3.857557142857143,4.00073
2023-01-09,4.1302,16.21,35.6,33.36,1.02,0.0,1,9,0,0.49999999999999994,0.8660254037844387,0.15430882066428117,0.9880226656636976,4.3584,4.3282,4.0481,3.904328571428571,4.001696666666667
2023-01-10,4.1054,16.6,41.29,3.88,1.13,0.0,1,10,0,0.49999999999999994,0.8660254037844387,0.1712931441814776,0.9852201067560606,4.1302,4.3584,2.8433,3.916057142857143,4.003736666666667
2023-01-11,4.2163,16.47,41.87,10.85,1.87,0.0,1,11,0,0.49999999999999994,0.8660254037844387,0.1882267098432442,0.9821256058680006,4.1054,4.1302,4.0025,4.096357142857143,4.0097499999999995
2023-01-12,3.7409,18.35,44.93,42.08,1.0,0.04,1,12,0,0.49999999999999994,0.8660254037844387,0.2051044998686192,0.9787400799669153,4.2163,4.1054,3.6396,4.1269,4.0184999999999995
2023-01-13,4.2007,16.69,41.86,12.89,1.68,0.0,1,13,0,0.49999999999999994,0.8660254037844387,0.2219215130041655,0.9750645322571948,3.7409,4.2163,4.1102,4.1413714285714285,4.0091
2023-01-14,4.6786,11.66,30.18,5.69,2.41,0.0,1,14,0,0.49999999999999994,0.8660254037844387,0.2386727660059501,0.9711000518829505,4.2007,3.7409,4.3282,4.1543,4.01298
2023-01-15,5.0143,9.05,17.8,1.09,1.74,0.0,1,15,0,0.49999999999999994,0.8660254037844387,0.255353295116187,0.9668478136052775,4.6786,4.2007,4.3584,4.204357142857143,4.024436666666666
2023-01-16,4.8194,10.84,18.29,1.81,1.32,0.0,1,16,0,0.49999999999999994,0.8660254037844387,0.2719581575341055,0.9623090774541486,5.0143,4.6786,4.1302,4.298057142857144,4.049516666666666
2023-01-17,4.7546,11.09,20.62,1.73,1.34,0.0,1,17,0,0.49999999999999994,0.8660254037844387,0.288482432880609,0.9574851883550393,4.8194,5.0143,4.1054,4.396514285714286,4.063506666666667
2023-01-18,4.6534,11.53,22.78,3.35,1.38,0.0,1,18,0,0.49999999999999994,0.8660254037844387,0.30492122465628907,0.9523775757303974,4.7546,4.8194,4.2163,4.489257142857143,4.0788899999999995
2023-01-19,4.3075,12.54,27.67,13.65,1.52,0.0,1,19,0,0.49999999999999994,0.8660254037844387,0.3212696616923644,0.9469877530760753,4.6534,4.7546,3.7409,4.5517,4.095483333333333
2023-01-20,3.961,12.62,33.64,4.96,2.23,0.0,1,20,0,0.49999999999999994,0.8660254037844387,0.3375228995941133,0.9413173175128471,4.3075,4.6534,4.2007,4.632642857142857,4.099026666666666
2023-01-21,3.6852,14.01,49.44,25.49,1.85,0.0,1,21,0,0.49999999999999994,0.8660254037844387,0.3536761221763716,0.9353679493131483,3.961,4.3075,4.6786,4.5984,4.099453333333333
2023-01-22,2.7605,14.21,56.98,25.64,2.02,0.0,1,22,0,0.49999999999999994,0.8660254037844387,0.3697245428906731,0.9291414114031743,3.6852,3.961,5.0143,4.456485714285714,4.09382
2023-01-23,2.8003,15.3,63.36,29.29,1.75,0.0,1,23,0,0.49999999999999994,0.8660254037844387,0.38566340624360707,0.9226395488404876,2.7605,3.6852,4.8194,4.134514285714286,4.06299
2023-01-24,2.5454,15.59,49.72,42.48,2.06,0.05,1,24,0,0.49999999999999994,0.8660254037844387,0.401487989205973,0.9158642882672872,2.8003,2.7605,4.7546,3.8460714285714284,4.03331
2023-01-25,4.2542,13.36,41.57,14.82,2.07,0.0,1,25,0,0.49999999999999994,0.8660254037844387,0.4171936026123168,0.9088176373395029,2.5454,2.8003,4.6534,3.5304714285714285,3.9867333333333335
2023-01-26,3.9151,12.56,26.21,9.23,2.1,0.0,1,26,0,0.49999999999999994,0.8660254037844387,0.4327755925504312,0.901501684131884,4.2542,2.5454,4.3075,3.473442857142857,3.99274
2023-01-27,4.547,12.03,25.89,3.57,1.71,0.0,1,27,0,0.49999999999999994,0.8660254037844387,0.4482293417404106,0.893918596519257,3.9151,4.2542,3.961,3.417385714285714,3.9850766666666666
2023-01-28,4.6289,15.2,21.68,19.92,1.33,0.0,1,28,0,0.49999999999999994,0.8660254037844387,0.4635502709028509,0.886070621534138,4.547,3.9151,3.6852,3.5011,3.9951166666666666
2023-01-29,1.4232,16.1,55.39,95.53,2.18,11.48,1,29,0,0.49999999999999994,0.8660254037844387,0.47873384011578846,0.8779600847008882,4.6289,4.547,2.7605,3.6359142857142857,4.018516666666667
2023-01-30,2.3945,16.71,71.46,50.93,1.54,18.71,1,30,0,0.49999999999999994,0.8660254037844387,0.49377555015997715,0.869589389346611,1.4232,4.6289,2.8003,3.4448714285714286,3.93586
2023-01-31,4.2278,14.81,63.73,24.75,2.09,0.0,1,31,0,0.49999999999999994,0.8660254037844387,0.5086709438521044,0.8609610158889943,2.3945,1.4232,2.5454,3.3869000000000002,3.8965966666666665
2023-02-01,5.0885,13.36,49.81,9.98,1.92,0.0,2,32,0,0.8660254037844386,0.5000000000000001,0.5234156073655503,0.8520775211013093,4.2278,2.3945,4.2542,3.627242857142857,3.903156666666667
2023-02-02,5.263,14.93,44.03,0.75,1.97,0.0,2,33,0,0.8660254037844386,0.5000000000000001,0.5380051715382996,0.8429415373547828,5.0885,4.2278,3.9151,3.746428571428571,3.9378366666666667
2023-02-03,5.2294,17.43,34.51,0.29,1.17,0.0,2,34,0,0.8660254037844386,0.5000000000000001,0.5524353131676196,0.8335557718385699,5.263,5.0885,4.547,3.938985714285714,4.018493333333334
2023-02-04,5.1698,18.22,37.12,0.37,1.81,0.0,2,35,0,0.8660254037844386,0.5000000000000001,0.5667017562911176,0.8239230057575542,5.2294,5.263,4.6289,4.036471428571429,4.05939
2023-02-05,5.1751,19.45,38.94,0.22,1.28,0.0,2,36,0,0.8660254037844386,0.5000000000000001,0.5808002734538009,0.8140460935082178,5.1698,5.2294,1.4232,4.113742857142857,4.1103966666666665
2023-02-06,5.2042,19.13,41.89,0.28,1.75,0.0,2,37,0,0.8660254037844386,0.5000000000000001,0.5947266869607634,0.8039279618328213,5.1751,5.1698,2.3945,4.649728571428571,4.1458933333333325
2023-02-07,5.2507,16.85,40.67,2.51,2.59,0.0,2,38,0,0.8660254037844386,0.5000000000000001,0.6084768701151261,0.7935716089521474,5.2042,5.1751,4.2278,5.051114285714285,4.175093333333333
2023-02-08,5.327,18.25,33.61,3.72,1.39,0.0,2,39,0,0.8660254037844386,0.5000000000000001,0.6220467484408675,0.7829801036770629,5.2507,5.2042,5.0885,5.197242857142856,4.204836666666667
2023-02-09,5.2774,18.49,36.63,1.06,2.2,0.0,2,40,0,0.8660254037844386,0.5000000000000001,0.6354323008901774,0.7721565844991642,5.327,5.2507,5.263,5.231314285714285,4.244730000000001
2023-02-10,5.358,19.36,45.58,3.41,2.53,0.0,2,41,0,0.8660254037844386,0.5000000000000001,0.6486295610349814,0.7611042586607747,5.2774,5.327,5.2294,5.233371428571429,4.2837966666666665
2023-02-11,5.3657,18.27,40.28,1.91,1.71,0.0,2,42,0,0.8660254037844386,0.5000000000000001,0.6616346182422783,0.7498264012045686,5.358,5.2774,5.1698,5.251742857142857,4.321853333333333
2023-02-12,5.5656,15.55,28.5,1.19,2.64,0.0,2,43,0,0.8660254037844386,0.5000000000000001,0.6744436188329455,0.7383263540031065,5.3657,5.358,5.1751,5.2797285714285715,4.376013333333334
2023-02-13,5.7504,14.5,25.85,2.48,2.66,0.0,2,44,0,0.8660254037844386,0.5000000000000001,0.6870527672236669,0.7266075247685656,5.5656,5.3657,5.2042,5.335514285714287,4.4215100000000005
2023-02-14,5.5111,18.23,26.66,2.93,1.79,0.0,2,45,0,0.8660254037844386,0.5000000000000001,0.699458327051647,0.7146733860429609,5.7504,5.5656,5.2507,5.413542857142858,4.457236666666668
2023-02-15,5.6102,19.86,32.76,1.82,2.5,0.0,2,46,0,0.8660254037844386,0.5000000000000001,0.7116566222817746,0.7025274741691571,5.5111,5.7504,5.327,5.450742857142857,4.473796666666668
2023-02-16,5.1581,21.24,33.47,66.38,1.72,0.0,2,47,0,0.8660254037844386,0.5000000000000001,0.7236440382959124,0.6901733882429719,5.6102,5.5111,5.2774,5.4912,4.500156666666667
2023-02-17,5.5834,21.83,36.36,28.4,1.48,0.0,2,48,0,0.8660254037844386,0.5000000000000001,0.7354170229639855,0.6776147890466889,5.1581,5.6102,5.358,5.474157142857143,4.513606666666666
2023-02-18,5.701,22.96,27.62,1.25,1.25,0.0,2,49,0,0.8660254037844386,0.5000000000000001,0.7469720876965552,0.6648553979642865,5.5834,5.1581,5.3657,5.506357142857143,4.544606666666667
2023-02-19,5.8807,24.04,22.41,2.45,1.2,0.0,2,50,0,0.8660254037844386,0.5000000000000001,0.7583058084785624,0.6518989958787126,5.701,5.5834,5.5656,5.554257142857144,4.591056666666666
2023-02-20,5.8714,22.57,24.63,20.84,2.11,0.0,2,51,0,0.8660254037844386,0.5000000000000001,0.7694148268839378,0.6387494220515272,5.8807,5.701,5.7504,5.599271428571428,4.655046666666666
2023-02-21,5.7415,21.99,28.66,9.26,2.55,0.0,2,52,0,0.8660254037844386,0.5000000000000001,0.7802958510707755,0.6254105729852464,5.8714,5.8807,5.5111,5.616557142857142,4.72792
2023-02-22,5.1991,22.24,31.44,22.05,1.55,0.0,2,53,0,0.8660254037844386,0.5000000000000001,0.7909456567567772,0.6118864012687243,5.7415,5.8714,5.6102,5.649471428571429,4.827286666666667
2023-02-23,5.5553,21.06,31.61,15.69,1.49,0.0,2,54,0,0.8660254037844386,0.5000000000000001,0.8013610881746766,0.5981809144059165,5.1991,5.7415,5.1581,5.590742857142857,4.9072466666666665
2023-02-24,4.5134,22.4,25.37,66.23,0.97,0.0,2,55,0,0.8660254037844386,0.5000000000000001,0.8115390590073611,0.5842981736283683,5.5553,5.1991,5.5834,5.647485714285715,5.007576666666666
2023-02-25,5.9213,24.01,25.65,1.44,0.72,0.0,2,56,0,0.8660254037844386,0.5000000000000001,0.8214765533024142,0.5702422926917871,4.5134,5.5553,5.701,5.494628571428571,5.016216666666667
2023-02-26,5.6789,23.83,28.07,33.91,1.1,0.0,2,57,0,0.8660254037844386,0.5000000000000001,0.8311706263658079,0.5560174366570446,5.9213,4.5134,5.8807,5.5261,5.08309
2023-02-27,5.6808,24.38,27.19,28.65,0.99,0.0,2,58,0,0.8660254037844386,0.5000000000000001,0.8406184056344782,0.5416278206559814,5.6789,5.9213,5.8714,5.497271428571429,5.12082
2023-02-28,5.737,23.13,28.98,3.07,1.74,0.0,2,59,0,0.8660254037844386,0.5000000000000001,0.8498170915275278,0.5270777086423722,5.6808,5.6789,5.7415,5.4700428571428565,5.155883333333333
2023-03-01,5.2723,22.81,32.15,43.16,1.82,0.0,3,60,1,1.0,6.123233995736766e-17,0.8587639582758029,0.5123714121284237,5.737,5.6808,5.1991,5.4694,5.2996766666666675
2023-03-02,5.599,23.7,31.73,54.35,1.38,0.27,3,61,1,1.0,6.123233995736766e-17,0.8674563547295969,0.49751328890718066,5.2723,5.737,5.5553,5.479857142857143,5.395603333333333
2023-03-03,5.4442,24.53,32.37,59.6,1.86,0.0,3,62,1,1.0,6.123233995736766e-17,0.8758917051442429,0.48250774176121847,5.599,5.2723,4.5134,5.4860999999999995,5.4413100000000005
2023-03-04,4.559,24.41,34.38,71.7,1.78,0.27,3,63,1,1.0,6.123233995736766e-17,0.8840675099433636,0.4673592171580022,5.4442,5.599,5.9213,5.619071428571429,5.453166666666666
2023-03-05,5.5872,23.47,36.52,62.64,1.52,1.04,3,64,1,1.0,6.123233995736766e-17,0.8919813464595485,0.45207220393230435,4.559,5.4442,5.6789,5.424457142857142,5.4296999999999995
2023-03-06,5.8421,23.57,31.44,66.98,1.77,0.0,3,65,1,1.0,6.123233995736766e-17,0.8996308696522433,0.43665123195606403,5.5872,4.559,5.6808,5.411357142857143,5.441626666666666
2023-03-07,5.3938,24.37,27.75,77.63,1.43,0.0,3,66,1,1.0,6.123233995736766e-17,0.9070138128026359,0.4211008707960896,5.8421,5.5872,5.737,5.434400000000001,5.464036666666667
2023-03-08,4.7002,22.99,47.29,81.84,0.86,60.73,3,67,1,1.0,6.123233995736766e-17,0.9141279881853337,0.40542572835999735,5.3938,5.8421,5.2723,5.385371428571429,5.471326666666667
2023-03-09,5.6928,22.27,48.98,69.37,0.83,0.65,3,68,1,1.0,6.123233995736766e-17,0.9209712877166346,0.38963044953078796,4.7002,5.3938,5.599,5.303642857142857,5.454526666666666
2023-03-10,5.8176,22.3,41.47,67.43,1.41,0.0,3,69,1,1.0,6.123233995736766e-17,0.9275416835791966,0.37371971479046906,5.6928,4.7002,5.4442,5.317042857142857,5.469263333333333
2023-03-11,5.8404,24.14,31.21,59.42,0.73,0.0,3,70,1,1.0,6.123233995736766e-17,0.9338372288229252,0.35769823883312546,5.8176,5.6928,4.559,5.370385714285715,5.485616666666667
2023-03-12,6.0826,25.41,33.95,64.58,1.09,0.0,3,71,1,1.0,6.123233995736766e-17,0.9398560579418954,0.3415707691678556,5.8404,5.8176,5.5872,5.553442857142857,5.504383333333333
2023-03-13,5.4847,26.15,39.24,77.39,1.03,0.0,3,72,1,1.0,6.123233995736766e-17,0.9455963874271426,0.3253420847119801,6.0826,5.8404,5.8421,5.624214285714286,5.528536666666667
2023-03-14,5.699,25.77,36.85,69.58,1.39,0.01,3,73,1,1.0,6.123233995736766e-17,0.9510565162951535,0.30901699437494745,5.4847,6.0826,5.3938,5.573157142857142,5.5325033333333336
2023-03-15,4.4076,25.66,37.28,96.8,1.53,0.0,3,74,1,1.0,6.123233995736766e-17,0.9562348265919056,0.29260033563334836,5.699,5.4847,4.7002,5.616757142857144,5.53695
2023-03-16,3.8429,23.67,44.11,92.72,1.87,0.47,3,75,1,1.0,6.123233995736766e-17,0.9611297838723007,0.27609697309746883,4.4076,5.699,5.6928,5.5749571428571425,5.492189999999999
2023-03-17,4.9985,22.81,55.32,79.42,1.67,4.89,3,76,1,1.0,6.123233995736766e-17,0.9657399376548549,0.2595117970697999,3.8429,4.4076,5.8176,5.310685714285714,5.436583333333333
2023-03-18,5.4624,22.0,60.38,68.85,1.56,0.76,3,77,1,1.0,6.123233995736766e-17,0.9700639218515071,0.2428497220959356,4.9985,3.8429,5.8404,5.193671428571428,5.416193333333333
2023-03-19,5.2082,23.08,53.99,67.52,1.32,1.37,3,78,1,1.0,6.123233995736766e-17,0.9741004551724205,0.22611568550828828,5.4624,4.9985,6.0826,5.139671428571428,5.426336666666667
2023-03-20,4.8439,20.42,70.38,81.98,1.42,4.38,3,79,1,1.0,6.123233995736766e-17,0.9778483415056568,0.20931464596304847,5.2082,5.4624,5.4847,5.014757142857143,5.41383
2023-03-21,6.0391,21.28,62.43,60.21,1.82,0.11,3,80,1,1.0,6.123233995736766e-17,0.9813064702716093,0.19245158197082998,4.8439,5.2082,5.699,4.923214285714286,5.38526
2023-03-22,4.3423,21.86,56.49,81.16,1.32,0.61,3,81,1,1.0,6.123233995736766e-17,0.9844738167520922,0.1755314904214282,6.0391,4.8439,4.4076,4.9718,5.3905400000000006
2023-03-23,5.1674,23.37,54.61,73.25,1.31,0.39,3,82,1,1.0,6.123233995736766e-17,0.9873494423939864,0.15855938510313475,4.3423,6.0391,3.8429,4.962471428571428,5.339569999999999
2023-03-24,5.58,24.72,52.15,66.34,2.01,0.9,3,83,1,1.0,6.123233995736766e-17,0.989932495087353,0.141540295217043,5.1674,4.3423,4.9985,5.151685714285714,5.320433333333333
2023-03-25,6.054,22.66,46.8,67.93,1.77,0.0,3,84,1,1.0,6.123233995736766e-17,0.9922222094179323,0.12447926388678915,5.58,5.1674,5.4624,5.234757142857142,5.33313
2023-03-26,5.6693,23.87,43.83,65.64,1.64,0.0,3,85,1,1.0,6.123233995736766e-17,0.994217906893952,0.10738134666416309,6.054,5.58,5.2082,5.319271428571428,5.349753333333334
2023-03-27,6.1488,22.97,43.94,68.0,2.25,0.0,3,86,1,1.0,6.123233995736766e-17,0.995918996147179,0.09025161003104117,5.6693,6.054,4.8439,5.385142857142857,5.388283333333333
2023-03-28,6.7985,24.36,38.02,65.62,1.55,0.0,3,87,1,1.0,6.123233995736766e-17,0.9973249731081555,0.07309512989807777,6.1488,5.6693,6.0391,5.571557142857143,5.395866666666666
2023-03-29,4.7935,25.72,35.98,93.44,1.78,0.0,3,88,1,1.0,6.123233995736766e-17,0.9984354211555643,0.055916990100603484,6.7985,6.1488,4.3423,5.680042857142857,5.433186666666667
2023-03-30,4.9519,24.63,44.58,83.49,1.65,2.46,3,89,1,1.0,6.123233995736766e-17,0.9992500112396835,0.03872228089217446,4.7935,6.7985,5.1674,5.7445,5.4036100000000005
2023-03-31,5.087,22.14,65.31,74.47,1.59,11.65,3,90,1,1.0,6.123233995736766e-17,0.9997685019798909,0.021516097436222254,4.9519,4.7935,5.58,5.713714285714286,5.377439999999999
2023-04-01,6.6415,23.06,54.46,52.6,1.98,0.22,4,91,1,0.8660254037844387,-0.4999999999999998,0.9999907397361901,0.004303538296244289,5.087,4.9519,6.054,5.643285714285715,5.371263333333333
2023-04-02,6.6612,24.61,47.17,63.9,2.34,0.0,4,92,1,0.8660254037844387,-0.4999999999999998,0.9999166586547379,-0.01291029607500882,6.6415,5.087,5.6693,5.727214285714285,5.406013333333333
2023-04-03,6.5918,24.73,46.17,61.02,2.99,2.28,4,93,1,0.8660254037844387,-0.4999999999999998,0.9995462806873573,-0.030120304846908114,6.6612,6.6415,6.1488,5.868914285714285,5.44658
2023-04-04,6.791,24.79,49.02,61.2,2.26,1.52,4,94,1,0.8660254037844387,-0.4999999999999998,0.9988797155850336,-0.04732138832243185,6.5918,6.6612,6.7985,5.9322,5.514340000000001
2023-04-05,6.7327,26.08,42.33,61.86,1.52,0.01,4,95,1,0.8660254037844387,-0.4999999999999998,0.9979171608653922,-0.06450844944931623,6.791,6.5918,4.7935,5.931128571428572,5.554466666666667
2023-04-06,7.0493,26.72,36.14,58.02,1.34,0.0,4,96,1,0.8660254037844387,-0.4999999999999998,0.9966589017541702,-0.08167639533042241,6.7327,6.791,4.9519,6.208157142857144,5.584153333333333
2023-04-07,6.9562,25.69,35.5,60.52,1.87,0.0,4,97,1,0.8660254037844387,-0.4999999999999998,0.9951053111006976,-0.09882013873287143,7.0493,6.7327,5.087,6.507785714285714,5.639336666666666
2023-04-08,6.1675,26.3,29.78,67.31,1.56,0.0,4,98,1,0.8660254037844387,-0.4999999999999998,0.9932568492674143,-0.11593459959550041,6.9562,7.0493,6.6415,6.774814285714286,5.714536666666667
2023-04-09,6.8731,26.61,28.11,67.13,1.59,0.01,4,99,1,0.8660254037844387,-0.4999999999999998,0.9911140639934547,-0.1330147065341959,6.1675,6.9562,6.6612,6.707100000000001,5.73036
2023-04-10,7.1525,27.3,26.99,64.33,2.0,0.0,4,100,1,0.8660254037844387,-0.4999999999999998,0.9886775902323405,-0.1500553983446526,6.8731,6.1675,6.5918,6.737371428571429,5.765543333333333
2023-04-11,6.9938,28.54,27.78,64.17,1.35,0.0,4,101,1,0.8660254037844387,-0.4999999999999998,0.9859481499638304,-0.16705162550211924,7.1525,6.8731,6.791,6.817471428571429,5.80928
2023-04-12,6.1812,29.51,33.81,68.5,2.01,0.0,4,102,1,0.8660254037844387,-0.4999999999999998,0.9829265519799822,-0.18399835165768005,6.9938,7.1525,6.7327,6.846442857142857,5.839653333333333
2023-04-13,7.0894,29.97,32.31,62.63,0.92,0.0,4,103,1,0.8660254037844387,-0.4999999999999998,0.9796136916454901,-0.20089055513063506,6.1812,6.9938,7.0493,6.767657142857142,5.86287
2023-04-14,6.671,30.13,27.81,71.51,1.34,0.0,4,104,1,0.8660254037844387,-0.4999999999999998,0.9760105506323683,-0.21772323039653177,7.0894,6.1812,6.9562,6.773385714285715,5.909216666666667
2023-04-15,6.419,31.03,26.64,63.0,2.33,0.0,4,105,1,0.8660254037844387,-0.4999999999999998,0.9721181966290613,-0.23449138957040985,6.671,7.0894,6.1675,6.732642857142857,5.984663333333334
2023-04-16,7.1273,31.01,25.51,55.61,2.94,0.0,4,106,1,0.8660254037844387,-0.4999999999999998,0.9679377830240642,-0.25119006388481935,6.419,6.671,6.8731,6.768571428571428,6.070533333333333
2023-04-17,6.7037,30.84,25.68,63.41,2.62,0.0,4,107,1,0.8660254037844387,-0.4999999999999998,0.9634705485641488,-0.2678143051621742,7.1273,6.419,7.1525,6.804885714285715,6.141493333333333
2023-04-18,7.3387,31.51,26.06,53.65,3.48,0.0,4,108,1,0.8660254037844387,-0.4999999999999998,0.9587178169872964,-0.2843591872810034,6.7037,7.1273,6.9938,6.740771428571429,6.18287
2023-04-19,6.5794,30.78,27.37,72.39,3.96,0.0,4,109,1,0.8660254037844387,-0.4999999999999998,0.9536809966304457,-0.30081980763566735,7.3387,6.7037,6.1812,6.790042857142857,6.253886666666667
2023-04-20,6.7099,29.54,27.57,78.04,3.6,0.01,4,110,1,0.8660254037844387,-0.4999999999999998,0.9483615800121715,-0.3171912885891061,6.5794,7.3387,7.0894,6.846928571428571,6.3117366666666666
2023-04-21,7.3932,28.48,16.68,61.52,2.63,0.0,4,111,1,0.8660254037844387,-0.4999999999999998,0.9427611433904207,-0.3334687789181868,6.7099,6.5794,6.671,6.792714285714285,6.3340966666666665
2023-04-22,6.8945,28.22,18.85,69.77,2.03,0.0,4,112,1,0.8660254037844387,-0.4999999999999998,0.9368813462954315,-0.3496474552512284,7.3932,6.7099,6.419,6.895885714285714,6.435793333333334
2023-04-23,6.061,27.31,24.0,73.92,2.85,0.79,4,113,1,0.8660254037844387,-0.4999999999999998,0.9307239310379795,-0.36572252349726897,6.8945,7.3932,7.1273,6.963814285714286,6.493363333333334
2023-04-24,6.8306,26.84,30.76,71.73,2.72,0.15,4,114,1,0.8660254037844387,-0.4999999999999998,0.9242907221930933,-0.3816892202666588,6.061,6.8945,6.7037,6.811485714285715,6.5093966666666665
2023-04-25,7.0786,27.78,28.83,65.25,2.53,0.0,4,115,1,0.8660254037844387,-0.4999999999999998,0.9175836260593937,-0.39754281428255595,6.8306,6.061,7.3387,6.829614285714285,6.535283333333334
2023-04-26,6.0122,29.06,27.44,77.83,1.62,0.0,4,116,1,0.8660254037844387,-0.4999999999999998,0.9106046300942162,-0.41327860778290415,7.0786,6.8306,6.5794,6.792457142857144,6.582260000000001
2023-04-27,6.5801,30.07,27.65,64.95,2.05,0.03,4,117,1,0.8660254037844387,-0.4999999999999998,0.9033558023246845,-0.4288919379124835,6.0122,7.0786,6.7099,6.711428571428572,6.577706666666668
2023-04-28,5.5152,29.0,32.36,76.02,3.16,0.32,4,118,1,0.8660254037844387,-0.4999999999999998,0.895839290734909,-0.44437817810461316,6.5801,6.0122,7.3932,6.6928857142857145,6.570426666666666
2023-04-29,5.1053,25.81,47.52,80.95,2.5,1.11,4,119,1,0.8660254037844387,-0.4999999999999998,0.8880573226294932,-0.45973273945210397,5.5152,6.5801,6.8945,6.4246,6.594483333333333
2023-04-30,4.1585,24.6,49.14,95.52,2.17,4.52,4,120,1,0.8660254037844387,-0.4999999999999998,0.8800122039735357,-0.47495107206704995,5.1053,5.5152,6.061,6.168999999999999,6.599596666666667
2023-05-01,6.0408,25.1,54.98,70.11,1.67,6.45,5,121,1,0.49999999999999994,-0.8660254037844387,0.8717063187093218,-0.4900286664290592,4.1585,5.1053,6.8306,5.897214285714285,6.568646666666666
2023-05-02,6.6518,26.47,53.91,64.49,2.21,2.7,5,122,1,0.49999999999999994,-0.8660254037844387,0.8631421280499114,-0.5049610547215204,6.0408,4.1585,7.0786,5.784385714285714,6.5486233333333335
2023-05-03,6.941,26.47,56.0,53.11,2.02,3.12,5,123,1,0.49999999999999994,-0.8660254037844387,0.854322169749827,-0.5197438121555155,6.6518,6.0408,6.0122,5.723414285714285,6.54831
2023-05-04,6.7733,27.57,48.48,61.99,1.35,0.78,5,124,1,0.49999999999999994,-0.8660254037844387,0.8452490573530633,-0.5343725582809786,6.941,6.6518,6.5801,5.8561,6.55995
2023-05-05,6.5383,28.56,41.52,58.75,1.59,0.09,5,125,1,0.49999999999999994,-0.8660254037844387,0.8359254794186372,-0.548842958284719,6.7733,6.941,5.5152,5.883699999999999,6.55936
2023-05-06,7.1928,30.98,34.66,51.35,1.76,0.01,5,126,1,0.49999999999999994,-0.8660254037844387,0.8263541987239096,-0.5631507242749186,6.5383,6.7733,5.1053,6.029857142857142,6.55288
2023-05-07,6.9312,31.41,30.77,59.2,3.27,0.0,5,127,1,0.49999999999999994,-0.8660254037844387,0.8165380514459161,-0.5772916165517272,7.1928,6.5383,4.1585,6.328071428571429,6.557663333333334
2023-05-08,7.5197,30.17,27.16,59.69,3.56,1.19,5,128,1,0.49999999999999994,-0.8660254037844387,0.8064799463209448,-0.5912614448635781,6.9312,7.1928,6.0408,6.724171428571428,6.55683
2023-05-09,7.7635,29.88,17.24,46.01,2.52,0.0,5,129,1,0.49999999999999994,-0.8660254037844387,0.7961828637826158,-0.6050560696488488,7.5197,6.9312,6.6518,6.935442857142858,6.6019033333333335
2023-05-10,7.1779,30.37,18.4,58.98,2.97,0.0,5,130,1,0.49999999999999994,-0.8660254037844387,0.7856498550787147,-0.6186714032625031,7.7635,7.5197,6.941,7.094257142857143,6.631583333333333
2023-05-11,7.4652,31.73,15.01,61.6,2.28,0.0,5,131,1,0.49999999999999994,-0.8660254037844387,0.7748840413670407,-0.6321034111873487,7.1779,7.7635,6.7733,7.128099999999999,6.63243
2023-05-12,7.8192,33.76,13.17,53.15,2.27,0.0,5,132,1,0.49999999999999994,-0.8660254037844387,0.7638886127905428,-0.6453481132295501,7.4652,7.1779,6.5383,7.226942857142857,6.6481433333333335
2023-05-13,7.3877,35.23,16.94,64.63,3.33,0.0,5,133,1,0.49999999999999994,-0.8660254037844387,0.7526668275320085,-0.6584015846980488,7.8192,7.4652,7.1928,7.409928571428572,6.702743333333333
2023-05-14,5.1679,34.19,23.38,85.59,3.6,3.76,5,134,1,0.49999999999999994,-0.8660254037844387,0.7412220108485958,-0.6712599575675313,7.3877,7.8192,6.9312,7.437771428571429,6.712686666666667
2023-05-15,7.3406,33.36,29.46,66.85,4.04,0.7,5,135,1,0.49999999999999994,-0.8660254037844387,0.7295575540864875,-0.6839194216246106,5.1679,7.3877,7.5197,7.18587142857143,6.662583333333333
2023-05-16,7.2926,33.08,31.76,60.26,4.03,0.76,5,136,1,0.49999999999999994,-0.8660254037844387,0.717676913675962,-0.6963762255968722,7.3406,5.1679,7.7635,7.160285714285715,6.693303333333334
2023-05-17,7.3474,34.01,32.49,59.92,3.53,0.0,5,137,1,0.49999999999999994,-0.8660254037844387,0.705583610107178,-0.7086266782644596,7.2926,7.3406,7.1779,7.093014285714287,6.698813333333334
2023-05-18,7.415,33.15,34.91,63.03,2.42,2.08,5,138,1,0.49999999999999994,-0.8660254037844387,0.6932812268869777,-0.7206671495538609,7.3474,7.2926,7.4652,7.117228571428572,6.720269999999999
2023-05-19,7.6414,32.95,28.0,50.45,2.86,0.0,5,139,1,0.49999999999999994,-0.8660254037844387,0.6807734094770161,-0.7324940716135789,7.415,7.3474,7.8192,7.110057142857143,6.722813333333334
2023-05-20,6.7243,34.39,23.36,68.67,3.49,0.0,5,140,1,0.49999999999999994,-0.8660254037844387,0.6680638642135335,-0.7441039398713607,7.6414,7.415,7.3877,7.084657142857142,6.758213333333333
2023-05-21,7.1616,35.4,21.83,62.33,4.89,0.0,5,141,1,0.49999999999999994,-0.8660254037844387,0.6551563572090853,-0.7554933140726803,6.7243,7.6414,5.1679,6.989885714285714,6.7586933333333326
2023-05-22,7.5907,35.34,26.55,40.7,4.72,0.0,5,142,1,0.49999999999999994,-0.8660254037844387,0.6420547132365637,-0.766658819300159,7.1616,6.7243,7.3406,7.2747,6.7509733333333335
2023-05-23,7.6951,35.86,25.45,46.46,4.73,0.0,5,143,1,0.49999999999999994,-0.8660254037844387,0.6287628145958344,-0.7775971469736269,7.5907,7.1616,7.2926,7.310428571428572,6.77418
2023-05-24,4.6658,33.12,37.93,67.31,3.42,1.41,5,144,1,0.49999999999999994,-0.8660254037844387,0.6152845999633276,-0.7883050558305255,7.6951,7.5907,7.3474,7.367928571428571,6.82865
2023-05-25,5.988,30.58,50.85,74.14,2.76,20.94,5,145,1,0.49999999999999994,-0.8660254037844387,0.6016240632249226,-0.7987793728863649,4.6658,7.6951,7.415,6.984842857142857,6.756489999999999
2023-05-26,6.6161,29.62,59.9,56.33,1.54,18.14,5,146,1,0.49999999999999994,-0.8660254037844387,0.5877852522924732,-0.8090169943749473,5.988,4.6658,7.6414,6.7809857142857135,6.720136666666666
2023-05-27,6.6919,30.63,59.05,60.59,2.16,11.36,5,147,1,0.49999999999999994,-0.8660254037844387,0.5737722679043246,-0.8190148866680801,6.6161,5.988,6.7243,6.634514285714286,6.740266666666667
2023-05-28,4.6543,28.86,64.2,90.63,1.98,8.5,5,148,1,0.49999999999999994,-0.8660254037844387,0.5595892624101765,-0.8287700871745038,6.6919,6.6161,7.1616,6.629885714285715,6.743993333333334
2023-05-29,6.4632,27.85,58.01,67.8,1.05,0.31,5,149,1,0.49999999999999994,-0.8660254037844387,0.545240438540651,-0.8382797052177744,4.6543,6.6919,7.5907,6.271700000000001,6.715296666666666
2023-05-30,5.2438,28.71,52.95,75.45,1.22,2.6,5,150,1,0.49999999999999994,-0.8660254037844387,0.5307300481619334,-0.8475409228928311,6.4632,4.6543,7.6951,6.110628571428571,6.76056
2023-05-31,6.8834,26.79,57.91,59.83,2.47,5.55,5,151,1,0.49999999999999994,-0.8660254037844387,0.5160623910158528,-0.8565509959010036,5.2438,6.4632,4.6658,5.760442857142857,6.796736666666667
2023-06-01,7.4837,28.38,56.12,46.38,2.87,0.19,6,152,2,1.2246467991473532e-16,-1.0,0.5012418134457758,-0.865307254363206,6.8834,5.2438,5.988,6.077242857142857,6.824823333333334
2023-06-02,6.8376,29.31,55.83,65.82,2.4,0.0,6,153,2,1.2246467991473532e-16,-1.0,0.48627270710868997,-0.8738071036110808,7.4837,6.8834,6.6161,6.290914285714286,6.852553333333334
2023-06-03,7.2641,31.55,50.16,59.68,1.59,0.01,6,154,2,1.2246467991473532e-16,-1.0,0.4711595076738638,-0.8820480249558537,6.8376,7.4837,6.6919,6.322557142857143,6.849106666666667
2023-06-04,6.0142,30.56,53.07,79.49,2.64,0.03,6,155,2,1.2246467991473532e-16,-1.0,0.4559066935084588,-0.8900275764346767,7.2641,6.8376,4.6543,6.404299999999999,6.865466666666666
2023-06-05,7.5895,31.41,43.57,60.11,1.97,0.0,6,156,2,1.2246467991473532e-16,-1.0,0.440518784350495,-0.8977433935342337,6.0142,7.2641,6.4632,6.598571428571428,6.847996666666666
2023-06-06,7.351,32.55,40.4,48.37,1.73,0.0,6,157,2,1.2246467991473532e-16,-1.0,0.42500033996955416,-0.9051931898913974,7.5895,6.0142,5.2438,6.759471428571429,6.86122
2023-06-07,7.8202,32.56,40.58,34.51,2.54,0.0,6,158,2,1.2246467991473532e-16,-1.0,0.4093559588156213,-0.9123747579707273,7.351,7.5895,6.8834,7.060499999999999,6.875213333333334
2023-06-08,7.1321,33.1,45.06,62.65,3.52,1.14,6,159,2,1.2246467991473532e-16,-1.0,0.39359027665646673,-0.9192859697186104,7.8202,7.351,7.4837,7.194328571428572,6.885230000000001
2023-06-09,7.597,32.38,48.05,46.35,3.84,5.08,6,160,2,1.2246467991473532e-16,-1.0,0.3777079652039649,-0.9259247771938498,7.1321,7.8202,6.8376,7.1441,6.864183333333334
2023-06-10,7.6435,32.4,44.22,54.28,4.77,1.98,6,161,2,1.2246467991473532e-16,-1.0,0.36171373072976765,-0.9322892131745133,7.597,7.1321,7.2641,7.252585714285715,6.878153333333333
2023-06-11,7.6459,32.4,49.48,54.53,4.39,0.01,6,162,2,1.2246467991473532e-16,-1.0,0.3456123126707335,-0.9383773917408641,7.6435,7.597,6.0142,7.306785714285715,6.884096666666667
2023-06-12,7.6963,33.58,45.36,46.84,4.51,0.0,6,163,2,1.2246467991473532e-16,-1.0,0.3294084822245304,-0.9441875088341993,7.6459,7.6435,7.5895,7.539885714285715,6.8783199999999995
2023-06-13,7.4604,34.05,42.11,49.68,4.9,0.0,6,164,2,1.2246467991473532e-16,-1.0,0.3131070409358269,-0.9497178427914316,7.6963,7.6459,7.351,7.555142857142857,6.888606666666666
2023-06-14,7.4424,33.42,43.14,43.25,5.0,0.0,6,165,2,1.2246467991473532e-16,-1.0,0.29671281927349075,-0.9549667548552551,7.4604,7.6963,7.8202,7.570771428571429,6.965023333333333
2023-06-15,6.3583,33.37,44.13,52.37,4.06,0.26,6,166,2,1.2246467991473532e-16,-1.0,0.28023067519921585,-0.9599326896597447,7.4424,7.4604,7.1321,7.516800000000001,6.968416666666667
2023-06-16,6.2045,32.71,46.93,75.58,3.56,0.28,6,167,2,1.2246467991473532e-16,-1.0,0.26366549272800704,-0.9646141756912435,6.3583,7.4424,7.597,7.406257142857143,6.937273333333334
2023-06-17,4.3718,29.53,60.59,94.51,5.68,2.51,6,168,2,1.2246467991473532e-16,-1.0,0.24702218048093552,-0.9690098257244062,6.2045,6.3583,7.6435,7.207328571428571,6.8991766666666665
2023-06-18,1.5511,29.15,74.09,96.83,4.89,9.75,6,169,2,1.2246467991473532e-16,-1.0,0.23030567023061221,-0.9731183372332619,4.3718,6.2045,7.6459,6.739942857142857,6.797736666666666
2023-06-19,4.5504,27.38,81.26,89.94,5.72,37.25,6,170,2,1.2246467991473532e-16,-1.0,0.21352091543979612,-0.9769384927771817,1.5511,4.3718,7.6963,5.869257142857143,6.594726666666667
2023-06-20,5.5476,30.54,69.3,71.73,3.22,12.5,6,171,2,1.2246467991473532e-16,-1.0,0.19667288979357647,-0.980469160361632,4.5504,1.5511,7.4604,5.419842857142856,6.522263333333333
2023-06-21,6.3602,30.94,65.74,63.91,4.75,2.02,6,172,2,1.2246467991473532e-16,-1.0,0.1797665857255624,-0.9837092937736097,5.5476,4.5504,7.4424,5.146585714285714,6.468463333333333
2023-06-22,4.9846,31.19,63.4,77.92,4.2,0.24,6,173,2,1.2246467991473532e-16,-1.0,0.16280701293851715,-0.986657932891657,6.3602,5.5476,6.3583,4.991985714285714,6.4274466666666665
2023-06-23,5.2925,32.4,57.96,77.46,4.07,0.48,6,174,2,1.2246467991473532e-16,-1.0,0.1457991969198751,-0.9893142039703663,4.9846,6.3602,6.2045,4.795742857142857,6.337096666666667
2023-06-24,5.6496,30.96,65.81,77.42,3.59,2.88,6,175,2,1.2246467991473532e-16,-1.0,0.12874817745258132,-0.99167731989929,5.2925,4.9846,4.3718,4.665457142857143,6.357986666666666
2023-06-25,3.7946,27.77,80.72,96.66,2.34,6.48,6,176,2,1.2246467991473532e-16,-1.0,0.11165900712169512,-0.993746580436178,5.6496,5.2925,1.5511,4.848,6.346706666666667
2023-06-26,3.7922,28.06,79.1,99.14,1.92,5.82,6,177,2,1.2246467991473532e-16,-1.0,0.09453674981719912,-0.9955213724144752,3.7946,5.6496,4.5504,5.168500000000001,6.252656666666667
2023-06-27,5.5447,27.34,81.56,80.2,1.98,3.12,6,178,2,1.2246467991473532e-16,-1.0,0.07738647923346301,-0.9970011699250151,3.7922,3.7946,5.5476,5.060185714285715,6.156
2023-06-28,4.9351,28.14,78.4,95.81,2.98,5.2,6,179,2,1.2246467991473532e-16,-1.0,0.06021327736579302,-0.9981855344718586,5.5447,3.7922,6.3602,5.059771428571429,6.1856800000000005
2023-06-29,3.6794,30.09,70.04,97.44,1.65,7.28,6,180,2,1.2246467991473532e-16,-1.0,0.04302223300453059,-0.99907411510223,4.9351,5.5447,4.9846,4.856185714285714,6.134743333333334
2023-06-30,4.7179,29.94,72.58,91.53,1.77,4.66,6,181,2,1.2246467991473532e-16,-1.0,0.02581844022713308,-0.9996666485105112,3.6794,4.9351,5.2925,4.669728571428571,6.0825966666666655
2023-07-01,6.2914,30.31,72.11,65.97,2.18,5.5,7,182,2,-0.4999999999999997,-0.8660254037844388,0.008606996888688698,-0.9999629591162655,4.7179,3.6794,5.6496,4.587642857142858,6.010413333333333
2023-07-02,4.8857,30.78,70.04,83.09,2.85,8.28,7,183,2,-0.4999999999999997,-0.8660254037844388,-0.008606996888688009,-0.9999629591162655,6.2914,4.7179,3.7946,4.679328571428571,5.97067
2023-07-03,6.1822,31.42,66.63,86.91,2.74,5.94,7,184,2,-0.4999999999999997,-0.8660254037844388,-0.02581844022713239,-0.9996666485105112,4.8857,6.2914,3.7922,4.8352,5.905606666666667
2023-07-04,5.8774,32.86,61.35,95.42,2.85,2.08,7,185,2,-0.4999999999999997,-0.8660254037844388,-0.04302223300453034,-0.99907411510223,6.1822,4.8857,5.5447,5.176628571428571,5.869543333333334
2023-07-05,5.9813,31.9,67.09,83.15,2.0,10.48,7,186,2,-0.4999999999999997,-0.8660254037844388,-0.060213277365792774,-0.9981855344718586,5.8774,6.1822,4.9351,5.224157142857143,5.864983333333333
2023-07-06,5.6016,28.9,78.86,85.42,1.61,0.6,7,187,2,-0.4999999999999997,-0.8660254037844388,-0.07738647923346322,-0.9970011699250151,5.9813,5.8774,3.6794,5.373614285714287,5.811376666666666
2023-07-07,2.6105,28.64,78.29,97.75,0.82,12.09,7,188,2,-0.4999999999999997,-0.8660254037844388,-0.09453674981719933,-0.9955213724144752,5.6016,5.9813,4.7179,5.648214285714286,5.753063333333333
2023-07-08,5.8152,29.18,76.71,83.25,1.15,9.27,7,189,2,-0.4999999999999997,-0.8660254037844388,-0.11165900712169444,-0.9937465804361781,2.6105,5.6016,6.2914,5.347157142857143,5.579406666666667
2023-07-09,5.22,28.93,79.05,89.26,1.31,32.25,7,190,2,-0.4999999999999997,-0.8660254037844388,-0.12874817745258066,-0.99167731989929,5.8152,2.6105,4.8857,5.279128571428572,5.5355099999999995
2023-07-10,3.4174,28.43,83.31,97.27,1.73,40.8,7,191,2,-0.4999999999999997,-0.8660254037844388,-0.14579919691987442,-0.9893142039703664,5.22,5.8152,6.1822,5.326885714285715,5.456276666666667
2023-07-11,5.0225,29.24,75.76,92.44,2.35,2.06,7,192,2,-0.4999999999999997,-0.8660254037844388,-0.16280701293851646,-0.9866579328916572,3.4174,5.22,5.8774,4.931914285714286,5.315406666666666
2023-07-12,6.186,29.79,73.42,77.05,1.96,0.02,7,193,2,-0.4999999999999997,-0.8660254037844388,-0.17976658572556214,-0.9837092937736098,5.0225,3.4174,5.9813,4.809785714285715,5.22796
2023-07-13,5.5032,29.6,77.1,80.85,2.88,0.55,7,194,2,-0.4999999999999997,-0.8660254037844388,-0.19667288979357622,-0.9804691603616321,6.186,5.0225,5.6016,4.839028571428571,5.177616666666666
2023-07-14,4.0493,28.35,82.35,95.36,2.58,0.38,7,195,2,-0.4999999999999997,-0.8660254037844388,-0.2135209154397959,-0.9769384927771817,5.5032,6.186,2.6105,4.824971428571429,5.112376666666667
2023-07-15,5.364,28.25,82.14,81.38,2.73,2.33,7,196,2,-0.4999999999999997,-0.8660254037844388,-0.23030567023061196,-0.973118337233262,4.0493,5.5032,5.8152,5.030514285714285,4.999273333333333
2023-07-16,2.995,27.79,85.64,97.98,2.09,21.69,7,197,2,-0.4999999999999997,-0.8660254037844388,-0.24702218048093527,-0.9690098257244063,5.364,4.0493,5.22,4.966057142857143,4.966130000000001
2023-07-17,3.9098,28.26,84.51,99.12,2.43,22.05,7,198,2,-0.4999999999999997,-0.8660254037844388,-0.2636654927280072,-0.9646141756912435,2.995,5.364,3.4174,4.6482,4.859146666666667
2023-07-18,3.551,28.83,83.73,97.68,1.52,12.87,7,199,2,-0.4999999999999997,-0.8660254037844388,-0.2802306751992161,-0.9599326896597445,3.9098,2.995,5.0225,4.718542857142857,4.843746666666666
2023-07-19,4.9349,29.52,80.23,91.31,1.8,3.12,7,200,2,-0.4999999999999997,-0.8660254037844388,-0.2967128192734901,-0.9549667548552553,3.551,3.9098,6.186,4.508328571428572,4.910410000000001
2023-07-20,5.9952,29.78,77.9,72.92,1.75,4.21,7,201,2,-0.4999999999999997,-0.8660254037844388,-0.3131070409358267,-0.9497178427914317,4.9349,3.551,5.5032,4.3296,4.923226666666667
2023-07-21,6.6617,30.25,76.99,79.21,1.78,3.62,7,202,2,-0.4999999999999997,-0.8660254037844388,-0.3294084822245302,-0.9441875088341994,5.9952,4.9349,4.0493,4.399885714285714,4.9381466666666665
2023-07-22,6.4661,29.77,78.91,73.85,3.07,2.53,7,203,2,-0.4999999999999997,-0.8660254037844388,-0.3456123126707333,-0.9383773917408642,6.6617,5.9952,5.364,4.773085714285714,4.948196666666666
2023-07-23,5.4797,28.93,80.49,86.92,3.55,2.59,7,204,2,-0.4999999999999997,-0.8660254037844388,-0.3617137307297674,-0.9322892131745134,6.4661,6.6617,2.995,4.930528571428572,4.99758
2023-07-24,5.6467,29.35,79.6,75.97,2.53,1.39,7,205,2,-0.4999999999999997,-0.8660254037844388,-0.37770796520396466,-0.9259247771938499,5.4797,6.4661,3.9098,5.285485714285714,5.003820000000001
2023-07-25,4.7208,29.33,82.1,97.65,1.38,2.85,7,206,2,-0.4999999999999997,-0.8660254037844388,-0.39359027665646645,-0.9192859697186105,5.6467,5.4797,3.551,5.533614285714286,5.003723333333332
2023-07-26,4.3325,27.96,89.02,97.87,2.29,6.36,7,207,2,-0.4999999999999997,-0.8660254037844388,-0.4093559588156211,-0.9123747579707274,4.7208,5.6467,4.9349,5.700728571428571,5.034596666666666
2023-07-27,5.0702,27.47,90.68,92.99,2.23,18.78,7,208,2,-0.4999999999999997,-0.8660254037844388,-0.42500033996955394,-0.9051931898913975,4.3325,4.7208,5.9952,5.6146714285714285,5.052606666666667
2023-07-28,3.4615,27.27,89.27,95.33,2.3,20.37,7,209,2,-0.4999999999999997,-0.8660254037844388,-0.4405187843504952,-0.8977433935342336,5.0702,4.3325,6.6617,5.482528571428571,5.03679
2023-07-29,3.2542,26.82,89.87,88.83,3.57,30.89,7,210,2,-0.4999999999999997,-0.8660254037844388,-0.455906693508459,-0.8900275764346766,3.4615,5.0702,6.4661,5.0253571428571435,4.98767
2023-07-30,4.3375,28.29,83.96,90.16,2.56,4.62,7,211,2,-0.4999999999999997,-0.8660254037844388,-0.47115950767386394,-0.8820480249558535,3.2542,3.4615,5.4797,4.566514285714286,4.973496666666667
2023-07-31,5.7199,28.21,83.76,69.01,2.85,3.11,7,212,2,-0.4999999999999997,-0.8660254037844388,-0.4862727071086902,-0.8738071036110807,4.3375,3.2542,5.6467,4.4033428571428574,4.960816666666667
2023-08-01,4.501,28.55,81.92,88.38,2.62,0.35,8,213,2,-0.8660254037844384,-0.5000000000000004,-0.5012418134457756,-0.8653072543632061,5.7199,4.3375,4.7208,4.4138,4.941766666666666
2023-08-02,5.2934,28.23,83.69,96.12,3.1,0.01,8,214,2,-0.8660254037844384,-0.5000000000000004,-0.5160623910158526,-0.8565509959010037,4.501,5.7199,4.3325,4.3824,4.928943333333334
2023-08-03,4.6183,27.8,83.82,97.91,2.83,0.09,8,215,2,-0.8660254037844384,-0.5000000000000004,-0.5307300481619331,-0.8475409228928312,5.2934,4.501,5.0702,4.519671428571429,4.8993166666666665
2023-08-04,3.7006,27.27,86.43,98.77,2.84,1.33,8,216,2,-0.8660254037844384,-0.5000000000000004,-0.5452404385406507,-0.8382797052177745,4.6183,5.2934,3.4615,4.455114285714286,4.857346666666667
2023-08-05,5.0621,27.68,84.01,90.94,3.17,0.6,8,217,2,-0.8660254037844384,-0.5000000000000004,-0.5595892624101763,-0.828770087174504,3.7006,4.6183,3.2542,4.489271428571429,4.781323333333334
2023-08-06,4.9668,27.79,81.64,78.71,3.65,0.01,8,218,2,-0.8660254037844384,-0.5000000000000004,-0.5737722679043243,-0.8190148866680802,5.0621,3.7006,4.3375,4.747542857142856,4.7633399999999995
2023-08-07,4.0344,27.24,81.27,92.93,4.27,0.0,8,219,2,-0.8660254037844384,-0.5000000000000004,-0.5877852522924734,-0.8090169943749472,4.9668,5.0621,5.7199,4.8374428571428565,4.841883333333333
2023-08-08,4.6481,26.96,82.89,97.23,3.72,0.0,8,220,2,-0.8660254037844384,-0.5000000000000004,-0.6016240632249227,-0.7987793728863648,4.0344,4.9668,4.501,4.5966571428571426,4.782523333333334
2023-08-09,4.8233,27.47,81.19,96.64,3.19,0.0,8,221,2,-0.8660254037844384,-0.5000000000000004,-0.6152845999633277,-0.7883050558305253,4.6481,4.0344,5.2934,4.617671428571429,4.76346
2023-08-10,5.2661,27.44,81.1,91.43,3.03,0.0,8,222,2,-0.8660254037844384,-0.5000000000000004,-0.6287628145958345,-0.7775971469736268,4.8233,4.6481,4.6183,4.550514285714286,4.810323333333333
2023-08-11,5.8538,27.16,80.23,76.86,2.72,0.0,8,223,2,-0.8660254037844384,-0.5000000000000004,-0.6420547132365636,-0.7666588193001592,5.2661,4.8233,3.7006,4.643057142857143,4.818443333333333
2023-08-12,5.5793,26.94,79.99,77.29,3.42,0.0,8,224,2,-0.8660254037844384,-0.5000000000000004,-0.655156357209085,-0.7554933140726804,5.8538,5.2661,5.0621,4.9506571428571435,4.807370000000001
2023-08-13,4.4278,26.83,81.73,94.94,3.72,0.0,8,225,2,-0.8660254037844384,-0.5000000000000004,-0.6680638642135333,-0.7441039398713608,5.5793,5.8538,4.9668,5.0245428571428565,4.809906666666666
2023-08-14,4.1537,27.31,78.41,97.78,2.45,0.0,8,226,2,-0.8660254037844384,-0.5000000000000004,-0.6807734094770159,-0.7324940716135792,4.4278,5.5793,4.0344,4.9475428571428575,4.822523333333334
2023-08-15,5.2387,27.34,78.36,84.76,1.99,1.6,8,227,2,-0.8660254037844384,-0.5000000000000004,-0.6932812268869771,-0.7206671495538615,4.1537,4.4278,4.6481,4.964585714285714,4.782179999999999
2023-08-16,4.2876,27.99,78.91,89.85,2.65,0.52,8,228,2,-0.8660254037844384,-0.5000000000000004,-0.7055836101071774,-0.70862667826446,5.2387,4.1537,4.8233,5.048957142857143,4.85697
2023-08-17,6.0396,28.1,76.66,59.27,3.1,0.0,8,229,2,-0.8660254037844384,-0.5000000000000004,-0.7176769136759615,-0.6963762255968726,4.2876,5.2387,5.2661,4.972428571428572,4.869563333333334
2023-08-18,6.0168,28.62,73.42,70.43,1.97,0.33,8,230,2,-0.8660254037844384,-0.5000000000000004,-0.7295575540864876,-0.6839194216246104,6.0396,4.2876,5.8538,5.082928571428572,4.952516666666666
2023-08-19,4.3385,28.88,76.65,85.55,2.01,3.37,8,231,2,-0.8660254037844384,-0.5000000000000004,-0.7412220108485957,-0.6712599575675315,6.0168,6.0396,5.5793,5.106214285714286,4.98858
2023-08-20,4.727,30.23,72.74,86.9,1.48,1.38,8,232,2,-0.8660254037844384,-0.5000000000000004,-0.7526668275320083,-0.6584015846980489,4.3385,6.0168,4.4278,4.9289571428571435,4.933356666666667
2023-08-21,4.3697,30.58,71.27,91.75,0.91,0.75,8,233,2,-0.8660254037844384,-0.5000000000000004,-0.7638886127905429,-0.64534811322955,4.727,4.3385,4.1537,4.9717,4.8688666666666665
2023-08-22,4.9243,28.74,80.14,87.25,3.13,17.87,8,234,2,-0.8660254037844384,-0.5000000000000004,-0.7748840413670406,-0.6321034111873488,4.3697,4.727,5.2387,5.0025571428571425,4.798986666666666
2023-08-23,2.8159,27.28,79.58,99.35,3.78,0.22,8,235,2,-0.8660254037844384,-0.5000000000000004,-0.7856498550787144,-0.6186714032625032,4.9243,4.3697,4.2876,4.957642857142857,4.780473333333333
2023-08-24,3.7706,27.16,75.57,96.99,3.7,0.01,8,236,2,-0.8660254037844384,-0.5000000000000004,-0.7961828637826154,-0.6050560696488494,2.8159,4.9243,6.0396,4.7474,4.686113333333334
2023-08-25,4.1587,27.27,75.73,92.13,3.4,0.0,8,237,2,-0.8660254037844384,-0.5000000000000004,-0.8064799463209447,-0.5912614448635782,3.7706,2.8159,6.0168,4.423257142857143,4.65444
2023-08-26,4.9738,27.29,73.43,73.31,3.27,0.0,8,238,2,-0.8660254037844384,-0.5000000000000004,-0.8165380514459157,-0.5772916165517278,4.1587,3.7706,4.3385,4.157814285714286,4.648646666666666
2023-08-27,5.676,27.37,73.49,63.44,3.77,0.06,8,239,2,-0.8660254037844384,-0.5000000000000004,-0.8263541987239094,-0.5631507242749187,4.9738,4.1587,4.727,4.248571428571429,4.645433333333333
2023-08-28,6.1003,27.63,72.22,60.62,3.72,0.01,8,240,2,-0.8660254037844384,-0.5000000000000004,-0.8359254794186365,-0.5488429582847199,5.676,4.9738,4.3697,4.384142857142857,4.71925
2023-08-29,5.8884,27.75,72.47,68.11,2.91,0.0,8,241,2,-0.8660254037844384,-0.5000000000000004,-0.8452490573530634,-0.5343725582809785,6.1003,5.676,4.9243,4.631371428571428,4.81412
2023-08-30,6.2304,28.72,68.38,59.13,2.42,0.65,8,242,2,-0.8660254037844384,-0.5000000000000004,-0.8543221697498269,-0.5197438121555157,5.8884,6.1003,2.8159,4.7691,4.8658166666666665
2023-08-31,6.1531,29.12,64.66,68.63,2.59,0.0,8,243,2,-0.8660254037844384,-0.5000000000000004,-0.8631421280499115,-0.5049610547215202,6.2304,5.8884,3.7706,5.256885714285715,4.882833333333333
2023-09-01,6.1147,29.56,62.59,57.05,2.5,0.0,9,244,2,-1.0,-1.8369701987210297e-16,-0.8717063187093217,-0.4900286664290594,6.1531,6.2304,4.1587,5.597242857142858,4.937903333333334
2023-09-02,6.4486,28.84,59.09,60.46,3.17,0.0,9,245,2,-1.0,-1.8369701987210297e-16,-0.8800122039735356,-0.4749510720670502,6.1147,6.1531,4.9738,5.876671428571429,4.965280000000001
2023-09-03,6.455,28.65,59.29,62.47,3.11,0.0,9,246,2,-1.0,-1.8369701987210297e-16,-0.888057322629493,-0.4597327394521046,6.4486,6.1147,5.676,6.087357142857143,5.02629
2023-09-04,6.0384,29.47,56.44,66.08,2.74,0.0,9,247,2,-1.0,-1.8369701987210297e-16,-0.8958392907349089,-0.4443781781046134,6.455,6.4486,6.1003,6.198642857142858,5.118103333333333
2023-09-05,6.289,30.15,56.35,62.58,2.79,2.86,9,248,2,-1.0,-1.8369701987210297e-16,-0.9033558023246842,-0.4288919379124841,6.0384,6.455,5.8884,6.1898,5.150646666666666
2023-09-06,5.6976,29.05,69.91,59.3,2.41,3.65,9,249,2,-1.0,-1.8369701987210297e-16,-0.9106046300942162,-0.41327860778290443,6.289,6.0384,6.2304,6.247028571428572,5.19472
2023-09-07,5.1811,29.38,64.51,71.91,2.19,0.01,9,250,2,-1.0,-1.8369701987210297e-16,-0.9175836260593934,-0.3975428142825566,5.6976,6.289,6.1531,6.170914285714285,5.250159999999999
2023-09-08,5.1773,29.61,65.53,83.28,2.03,0.1,9,251,2,-1.0,-1.8369701987210297e-16,-0.9242907221930934,-0.3816892202666586,5.1811,5.6976,6.1147,6.032057142857142,5.267926666666667
2023-09-09,4.5468,28.87,71.56,89.15,2.6,0.48,9,252,2,-1.0,-1.8369701987210297e-16,-0.9307239310379793,-0.3657225234972692,5.1773,5.1811,6.4486,5.898142857142857,5.279726666666666
2023-09-10,5.2829,29.49,71.4,83.97,2.3,1.03,9,253,2,-1.0,-1.8369701987210297e-16,-0.9368813462954315,-0.34964745525122826,4.5468,5.1773,6.455,5.626457142857142,5.255750000000001
2023-09-11,5.1374,30.01,68.45,74.36,2.08,0.62,9,254,2,-1.0,-1.8369701987210297e-16,-0.9427611433904206,-0.33346877891818705,5.2829,4.5468,6.0384,5.459014285714285,5.23672
2023-09-12,3.9125,30.44,64.03,82.56,1.96,0.46,9,255,2,-1.0,-1.8369701987210297e-16,-0.9483615800121716,-0.31719128858910595,5.1374,5.2829,6.289,5.3303,5.221990000000001
2023-09-13,4.3058,29.5,66.31,75.66,1.35,0.3,9,256,2,-1.0,-1.8369701987210297e-16,-0.9536809966304455,-0.300819807635668,3.9125,5.1374,5.6976,4.9908,5.204813333333333
2023-09-14,4.7734,30.16,67.01,80.0,1.7,9.83,9,257,2,-1.0,-1.8369701987210297e-16,-0.9587178169872964,-0.2843591872810036,4.3058,3.9125,5.1811,4.791971428571428,5.209883333333334
2023-09-15,4.3572,29.0,76.47,80.14,1.53,5.8,9,258,2,-1.0,-1.8369701987210297e-16,-0.9634705485641486,-0.26781430516217486,4.7734,4.3058,5.1773,4.733728571428571,5.194373333333334
2023-09-16,3.0449,27.65,79.32,98.59,3.88,4.04,9,259,2,-1.0,-1.8369701987210297e-16,-0.9679377830240642,-0.25119006388481957,4.3572,4.7734,4.5468,4.6165714285714285,5.196693333333332
2023-09-17,2.0578,26.52,84.53,80.97,5.12,7.76,9,260,2,-1.0,-1.8369701987210297e-16,-0.9721181966290612,-0.23449138957041052,3.0449,4.3572,5.2829,4.402014285714286,5.09687
2023-09-18,2.0966,25.71,84.08,83.5,5.55,3.89,9,261,2,-1.0,-1.8369701987210297e-16,-0.9760105506323682,-0.21772323039653224,2.0578,3.0449,5.1374,3.9412857142857143,4.964903333333333
2023-09-19,4.3982,27.91,75.2,63.68,3.09,0.67,9,262,2,-1.0,-1.8369701987210297e-16,-0.9796136916454901,-0.20089055513063528,2.0966,2.0578,3.9125,3.5068857142857146,4.890173333333334
2023-09-20,5.5906,29.16,70.75,65.26,1.67,0.08,9,263,2,-1.0,-1.8369701987210297e-16,-0.9829265519799822,-0.18399835165767986,4.3982,2.0966,4.3058,3.5762714285714283,4.879213333333333
2023-09-21,5.6789,29.84,69.02,64.24,1.13,3.43,9,264,2,-1.0,-1.8369701987210297e-16,-0.9859481499638303,-0.1670516255021195,5.5906,4.3982,4.7734,3.7598142857142856,4.919910000000001
2023-09-22,4.2708,29.46,73.94,86.5,1.9,8.03,9,265,2,-1.0,-1.8369701987210297e-16,-0.9886775902323404,-0.15005539834465262,5.6789,5.5906,4.3572,3.8891714285714287,4.945063333333334
2023-09-23,4.9939,29.88,69.75,74.19,1.39,5.89,9,266,2,-1.0,-1.8369701987210297e-16,-0.9911140639934546,-0.13301470653419636,4.2708,5.6789,3.0449,3.8768285714285713,4.9935599999999996
2023-09-24,4.7182,29.41,69.08,77.11,1.43,7.17,9,267,2,-1.0,-1.8369701987210297e-16,-0.9932568492674143,-0.11593459959550066,4.9939,4.2708,2.0578,4.155257142857144,5.0343366666666665
2023-09-25,5.4223,28.93,69.97,67.53,1.22,10.9,9,268,2,-1.0,-1.8369701987210297e-16,-0.9951053111006974,-0.09882013873287211,4.7182,4.9939,2.0966,4.5353142857142865,5.052986666666667
2023-09-26,5.1706,29.04,67.03,66.13,1.02,0.62,9,269,2,-1.0,-1.8369701987210297e-16,-0.99665890175417,-0.08167639533042288,5.4223,4.7182,4.3982,5.010414285714285,5.067936666666666
2023-09-27,5.5354,29.35,59.47,60.36,1.23,0.0,9,270,2,-1.0,-1.8369701987210297e-16,-0.9979171608653922,-0.06450844944931625,5.1706,5.4223,5.5906,5.120757142857143,5.05109
2023-09-28,5.8366,27.65,49.42,71.87,1.59,0.0,9,271,2,-1.0,-1.8369701987210297e-16,-0.9988797155850335,-0.04732138832243232,5.5354,5.1706,5.6789,5.112871428571428,5.03226
2023-09-29,5.9191,28.31,39.68,65.88,1.02,0.0,9,272,2,-1.0,-1.8369701987210297e-16,-0.9995462806873573,-0.03012030484690836,5.8366,5.5354,4.2708,5.1354,5.0305333333333335
2023-09-30,5.4497,27.88,43.7,70.7,1.47,0.0,9,273,2,-1.0,-1.8369701987210297e-16,-0.9999166586547379,-0.012910296075008843,5.9191,5.8366,4.9939,5.370871428571428,5.020156666666667
2023-10-01,5.5032,27.25,46.74,72.32,1.68,0.0,10,274,3,-0.8660254037844386,0.5000000000000001,-0.9999907397361901,0.004303538296243821,5.4497,5.9191,4.7182,5.435985714285715,4.996709999999999
2023-10-02,5.7799,27.66,44.2,64.73,1.21,0.0,10,275,3,-0.8660254037844386,0.5000000000000001,-0.9997685019798909,0.021516097436222233,5.5032,5.4497,5.4223,5.548128571428571,4.976326666666666
2023-10-03,5.5526,26.7,43.16,59.96,1.38,0.0,10,276,3,-0.8660254037844386,0.5000000000000001,-0.9992500112396835,0.03872228089217399,5.7799,5.5032,5.1706,5.599214285714285,4.954036666666666
2023-10-04,5.9438,26.82,35.39,27.02,1.67,0.0,10,277,3,-0.8660254037844386,0.5000000000000001,-0.9984354211555643,0.05591699010060302,5.5526,5.7799,5.5354,5.653785714285713,4.923956666666667
2023-10-05,6.1418,26.61,41.24,30.09,1.77,0.0,10,278,3,-0.8660254037844386,0.5000000000000001,-0.9973249731081555,0.07309512989807776,5.9438,5.5526,5.8366,5.712128571428572,4.920803333333334
2023-10-06,5.9342,26.98,52.22,35.46,2.86,0.0,10,279,3,-0.8660254037844386,0.5000000000000001,-0.9959189961471792,0.0902516100310407,6.1418,5.9438,5.9191,5.755728571428571,4.915896666666667
2023-10-07,5.8884,27.33,54.06,47.08,2.59,0.0,10,280,3,-0.8660254037844386,0.5000000000000001,-0.994217906893952,0.10738134666416306,5.9342,6.1418,5.4497,5.757885714285714,4.923783333333334
2023-10-08,5.6846,27.73,57.04,59.21,2.82,0.0,10,281,3,-0.8660254037844386,0.5000000000000001,-0.9922222094179324,0.12447926388678869,5.8884,5.9342,5.5032,5.820557142857142,4.94736
2023-10-09,5.789,27.85,56.12,53.46,3.35,0.0,10,282,3,-0.8660254037844386,0.5000000000000001,-0.989932495087353,0.141540295217043,5.6846,5.8884,5.7799,5.846471428571428,4.96427
2023-10-10,5.4737,27.21,57.91,43.55,2.55,0.0,10,283,3,-0.8660254037844386,0.5000000000000001,-0.9873494423939864,0.15855938510313475,5.789,5.6846,5.5526,5.847771428571428,5.005676666666667
2023-10-11,5.3882,27.33,50.0,60.53,1.94,0.0,10,284,3,-0.8660254037844386,0.5000000000000001,-0.9844738167520923,0.17553149042142777,5.4737,5.789,5.9438,5.8365,5.012036666666668
2023-10-12,5.4576,28.18,41.78,50.71,0.98,0.0,10,285,3,-0.8660254037844386,0.5000000000000001,-0.9813064702716093,0.19245158197082995,5.3882,5.4737,6.1418,5.757128571428572,5.020396666666667
2023-10-13,5.375,28.79,47.63,51.29,1.63,0.0,10,286,3,-0.8660254037844386,0.5000000000000001,-0.9778483415056567,0.20931464596304888,5.4576,5.3882,5.9342,5.6593857142857145,5.0719
2023-10-14,4.9637,27.56,46.55,53.81,1.85,0.0,10,287,3,-0.8660254037844386,0.5000000000000001,-0.9741004551724206,0.22611568550828803,5.375,5.4576,5.8884,5.5795,5.10754
2023-10-15,4.6354,27.21,50.21,52.28,2.73,0.0,10,288,3,-0.8660254037844386,0.5000000000000001,-0.970063921851507,0.2428497220959358,4.9637,5.375,5.6846,5.4474,5.113883333333333
2023-10-16,4.0994,26.69,54.76,87.11,2.1,3.57,10,289,3,-0.8660254037844386,0.5000000000000001,-0.965739937654855,0.25951179706979943,4.6354,4.9637,5.789,5.297514285714286,5.1231566666666675
2023-10-17,3.9574,24.48,66.46,73.06,1.58,0.81,10,290,3,-0.8660254037844386,0.5000000000000001,-0.9611297838723007,0.27609697309746883,4.0994,4.6354,5.4737,5.0561428571428575,5.158306666666666
2023-10-18,5.016,24.49,56.94,39.51,1.49,0.02,10,291,3,-0.8660254037844386,0.5000000000000001,-0.9562348265919058,0.2926003356333479,3.9574,4.0994,5.3882,4.839528571428572,5.221626666666667
2023-10-19,5.0366,24.36,48.44,49.24,1.32,0.0,10,292,3,-0.8660254037844386,0.5000000000000001,-0.9510565162951536,0.30901699437494723,5.016,3.9574,5.4576,4.786357142857143,5.31894
2023-10-20,5.0446,24.66,46.6,43.95,1.23,0.0,10,293,3,-0.8660254037844386,0.5000000000000001,-0.9455963874271428,0.3253420847119795,5.0366,5.016,5.375,4.726214285714286,5.34022
2023-10-21,5.046,24.65,47.59,48.26,1.28,0.0,10,294,3,-0.8660254037844386,0.5000000000000001,-0.9398560579418953,0.341570769167856,5.0446,5.0366,4.9637,4.679014285714286,5.322019999999999
2023-10-22,4.7902,25.06,48.03,57.01,1.22,0.03,10,295,3,-0.8660254037844386,0.5000000000000001,-0.9338372288229252,0.35769823883312546,5.046,5.0446,4.6354,4.690771428571429,5.3009233333333325
2023-10-23,4.6644,24.38,45.18,38.04,1.59,0.0,10,296,3,-0.8660254037844386,0.5000000000000001,-0.9275416835791965,0.3737197147904692,4.7902,5.046,4.0994,4.712885714285714,5.3182366666666665
2023-10-24,4.6505,24.36,45.53,43.28,1.48,0.0,10,297,3,-0.8660254037844386,0.5000000000000001,-0.9209712877166347,0.38963044953078774,4.6644,4.7902,3.9574,4.7936,5.307253333333333
2023-10-25,4.7304,24.81,43.38,45.22,1.67,0.0,10,298,3,-0.8660254037844386,0.5000000000000001,-0.9141279881853337,0.4054257283599973,4.6505,4.6644,5.016,4.892614285714286,5.304996666666667
2023-10-26,4.9068,24.24,39.58,36.47,1.78,0.0,10,299,3,-0.8660254037844386,0.5000000000000001,-0.9070138128026362,0.42110087079608916,4.7304,4.6505,5.0366,4.851814285714285,5.281933333333334
2023-10-27,5.0117,25.2,33.1,45.51,1.48,0.0,10,300,3,-0.8660254037844386,0.5000000000000001,-0.8996308696522434,0.4366512319560638,4.9068,4.7304,5.0446,4.833271428571429,5.27314
2023-10-28,3.0756,24.99,36.47,88.06,1.21,0.0,10,301,3,-0.8660254037844386,0.5000000000000001,-0.8919813464595487,0.45207220393230374,5.0117,4.9068,5.046,4.828571428571428,5.255683333333334
2023-10-29,4.673,26.18,38.23,60.44,1.28,0.0,10,302,3,-0.8660254037844386,0.5000000000000001,-0.8840675099433637,0.46735921715800205,3.0756,5.0117,4.7902,4.547085714285714,5.16365
2023-10-30,4.625,26.38,36.14,51.56,0.91,0.0,10,303,3,-0.8660254037844386,0.5000000000000001,-0.8758917051442433,0.48250774176121763,4.673,3.0756,4.6644,4.530342857142857,5.122113333333333
2023-10-31,4.2535,25.46,41.72,69.09,1.22,0.0,10,304,3,-0.8660254037844386,0.5000000000000001,-0.8674563547295971,0.4975132889071803,4.625,4.673,4.6505,4.524714285714286,5.094623333333333
2023-11-01,4.2734,25.27,40.44,46.58,1.36,0.0,11,305,3,-0.5000000000000004,0.8660254037844384,-0.858763958275803,0.5123714121284235,4.2535,4.625,4.7304,4.468,5.052966666666666
2023-11-02,4.2598,24.54,36.18,44.91,1.19,0.0,11,306,3,-0.5000000000000004,0.8660254037844384,-0.8498170915275277,0.5270777086423724,4.2734,4.2535,4.9068,4.402714285714286,5.002750000000001
2023-11-03,4.3464,24.64,33.37,49.08,1.15,0.0,11,307,3,-0.5000000000000004,0.8660254037844384,-0.8406184056344783,0.5416278206559811,4.2598,4.2734,5.0117,4.310285714285714,4.959656666666666
2023-11-04,3.6461,24.75,39.14,73.65,1.11,0.0,11,308,3,-0.5000000000000004,0.8660254037844384,-0.8311706263658079,0.5560174366570446,4.3464,4.2598,3.0756,4.215242857142857,4.906409999999999
2023-11-05,3.7795,25.8,34.55,68.9,1.16,0.0,11,309,3,-0.5000000000000004,0.8660254037844384,-0.8214765533024145,0.5702422926917867,3.6461,4.3464,4.673,4.296742857142857,4.82322
2023-11-06,3.8318,24.79,38.66,56.95,1.29,0.0,11,310,3,-0.5000000000000004,0.8660254037844384,-0.8115390590073611,0.5842981736283683,3.7795,3.6461,4.625,4.1691,4.7513966666666665
2023-11-07,3.9725,24.96,39.49,61.82,1.43,0.0,11,311,3,-0.5000000000000004,0.8660254037844384,-0.801361088174677,0.5981809144059159,3.8318,3.7795,4.2535,4.055785714285714,4.6828433333333335
2023-11-08,3.8357,25.1,34.81,71.3,1.83,0.0,11,312,3,-0.5000000000000004,0.8660254037844384,-0.7909456567567774,0.6118864012687242,3.9725,3.8318,4.2734,4.015642857142857,4.625773333333333
2023-11-09,3.5045,25.76,36.03,69.48,1.24,0.08,11,313,3,-0.5000000000000004,0.8660254037844384,-0.780295851070776,0.6254105729852457,3.8357,3.9725,4.2598,3.953114285714286,4.560663333333333
2023-11-10,3.4073,24.22,44.87,65.93,1.32,0.84,11,314,3,-0.5000000000000004,0.8660254037844384,-0.7694148268839381,0.6387494220515268,3.5045,3.8357,4.3464,3.8452142857142855,4.495023333333333
2023-11-11,4.2833,20.53,54.76,38.16,1.98,0.24,11,315,3,-0.5000000000000004,0.8660254037844384,-0.7583058084785625,0.6518989958787125,3.4073,3.5045,3.6461,3.711057142857143,4.428993333333334
2023-11-12,4.3152,19.98,49.74,36.82,1.11,0.0,11,316,3,-0.5000000000000004,0.8660254037844384,-0.7469720876965551,0.6648553979642866,4.2833,3.4073,3.7795,3.802085714285714,4.38985
2023-11-13,4.1515,20.67,45.55,67.84,1.31,0.0,11,317,3,-0.5000000000000004,0.8660254037844384,-0.7354170229639858,0.6776147890466887,4.3152,4.2833,3.8318,3.878614285714286,4.354523333333334
2023-11-14,2.8932,20.27,43.85,88.95,1.37,0.0,11,318,3,-0.5000000000000004,0.8660254037844384,-0.7236440382959124,0.690173388242972,4.1515,4.3152,3.9725,3.924285714285714,4.32745
2023-11-15,3.3943,19.26,38.79,27.51,1.29,0.0,11,319,3,-0.5000000000000004,0.8660254037844384,-0.711656622281775,0.7025274741691566,2.8932,4.1515,3.8357,3.7701,4.269376666666667
2023-11-16,3.3091,18.67,38.91,27.44,1.18,0.0,11,320,3,-0.5000000000000004,0.8660254037844384,-0.6994583270516471,0.7146733860429608,3.3943,2.8932,3.5045,3.707042857142857,4.245873333333333
2023-11-17,3.4433,19.23,42.51,33.15,1.23,0.0,11,321,3,-0.5000000000000004,0.8660254037844384,-0.6870527672236675,0.7266075247685652,3.3091,3.3943,3.4073,3.6791285714285715,4.224263333333334
2023-11-18,3.5287,20.58,35.98,35.4,0.76,0.0,11,322,3,-0.5000000000000004,0.8660254037844384,-0.6744436188329457,0.7383263540031063,3.4433,3.3091,4.2833,3.6842714285714284,4.1718399999999995
2023-11-19,3.4745,19.73,43.66,27.92,1.36,0.0,11,323,3,-0.5000000000000004,0.8660254037844384,-0.661634618242279,0.749826401204568,3.5287,3.4433,4.3152,3.5764714285714283,4.121576666666667
2023-11-20,3.1037,20.58,49.69,45.31,1.11,0.0,11,324,3,-0.5000000000000004,0.8660254037844384,-0.6486295610349818,0.7611042586607742,3.4745,3.5287,4.1515,3.456371428571429,4.06924
2023-11-21,3.0341,20.0,47.88,58.04,1.68,0.0,11,325,3,-0.5000000000000004,0.8660254037844384,-0.6354323008901775,0.7721565844991641,3.1037,3.4745,2.8932,3.306685714285714,4.004496666666666
2023-11-22,3.7898,18.63,39.84,30.43,1.3,0.0,11,326,3,-0.5000000000000004,0.8660254037844384,-0.622046748440868,0.7829801036770624,3.0341,3.1037,3.3943,3.3268142857142857,3.94596
2023-11-23,4.0075,19.71,32.91,29.58,1.18,0.0,11,327,3,-0.5000000000000004,0.8660254037844384,-0.6084768701151264,0.7935716089521472,3.7898,3.0341,3.3091,3.3833142857142855,3.9168066666666665
2023-11-24,3.7498,19.25,36.9,21.97,1.21,0.0,11,328,3,-0.5000000000000004,0.8660254037844384,-0.594726686960764,0.8039279618328208,4.0075,3.7898,3.4433,3.483085714285714,3.895373333333333
2023-11-25,3.401,18.04,44.47,52.33,1.48,0.0,11,329,3,-0.5000000000000004,0.8660254037844384,-0.5808002734538013,0.8140460935082175,3.7498,4.0075,3.5287,3.526871428571429,3.862686666666667
2023-11-26,2.1948,18.3,43.68,94.53,2.55,0.16,11,330,3,-0.5000000000000004,0.8660254037844384,-0.5667017562911184,0.8239230057575536,3.401,3.7498,3.4745,3.5086285714285714,3.8124933333333333
2023-11-27,2.0731,16.67,59.84,92.25,2.02,2.54,11,331,3,-0.5000000000000004,0.8660254037844384,-0.5524353131676203,0.8335557718385695,2.1948,3.401,3.1037,3.3258142857142863,3.718596666666667
2023-11-28,1.9951,17.33,71.16,73.18,1.32,1.19,11,332,3,-0.5000000000000004,0.8660254037844384,-0.5380051715382992,0.8429415373547832,2.0731,2.1948,3.0341,3.178585714285714,3.68518
2023-11-29,3.271,18.67,62.76,41.9,1.26,0.12,11,333,3,-0.5000000000000004,0.8660254037844384,-0.5234156073655503,0.8520775211013093,1.9951,2.0731,3.7898,3.0301571428571425,3.5959166666666667
2023-11-30,3.3454,19.04,61.84,27.53,1.06,0.01,11,334,3,-0.5000000000000004,0.8660254037844384,-0.5086709438521042,0.8609610158889945,3.271,1.9951,4.0075,2.956042857142857,3.5507833333333334
2023-12-01,3.071,18.9,68.69,20.49,1.53,0.01,12,335,0,-2.4492935982947064e-16,1.0,-0.49377555015997737,0.8695893893466109,3.3454,3.271,3.7498,2.861457142857143,3.5205133333333336
2023-12-02,2.8087,18.72,61.42,17.85,1.38,0.02,12,336,0,-2.4492935982947064e-16,1.0,-0.4787338401157883,0.8779600847008883,3.071,3.3454,3.401,2.764485714285714,3.480433333333333
2023-12-03,1.2684,17.77,67.75,69.92,2.15,2.4,12,337,0,-2.4492935982947064e-16,1.0,-0.4635502709028512,0.8860706215341378,2.8087,3.071,2.1948,2.6798714285714285,3.4320633333333332
2023-12-04,2.4043,18.12,57.86,35.96,1.59,0.02,12,338,0,-2.4492935982947064e-16,1.0,-0.4482293417404106,0.893918596519257,1.2684,2.8087,2.0731,2.5475285714285714,3.3294633333333334
2023-12-05,3.7598,16.27,40.39,18.39,1.27,0.0,12,339,0,-2.4492935982947064e-16,1.0,-0.4327755925504317,0.9015016841318838,2.4043,1.2684,1.9951,2.5948428571428575,3.2880700000000003
2023-12-06,3.7908,16.72,47.87,0.46,1.54,0.0,12,340,0,-2.4492935982947064e-16,1.0,-0.41719360261231697,0.9088176373395028,3.7598,2.4043,3.271,2.846942857142857,3.2874133333333337
2023-12-07,3.4968,17.35,46.95,3.75,1.18,0.0,12,341,0,-2.4492935982947064e-16,1.0,-0.4014879892059737,0.9158642882672868,3.7908,3.7598,3.3454,2.9212,3.2860466666666666
2023-12-08,3.0996,18.53,44.56,5.18,1.01,0.0,12,342,0,-2.4492935982947064e-16,1.0,-0.38566340624360745,0.9226395488404875,3.4968,3.7908,3.071,2.9428285714285716,3.27019
2023-12-09,3.5966,18.3,36.64,1.91,1.18,0.0,12,343,0,-2.4492935982947064e-16,1.0,-0.3697245428906732,0.9291414114031743,3.0996,3.4968,2.8087,2.9469142857142856,3.2456533333333337
2023-12-10,4.1258,17.14,34.22,0.65,1.34,0.0,12,344,0,-2.4492935982947064e-16,1.0,-0.35367612217637207,0.935367949313148,3.5966,3.0996,1.2684,3.0594714285714284,3.2487233333333334
2023-12-11,4.1424,17.24,30.71,0.85,1.32,0.0,12,345,0,-2.4492935982947064e-16,1.0,-0.33752289959411347,0.941317317512847,4.1258,3.5966,2.4043,3.4676714285714283,3.272673333333333
2023-12-12,4.0721,16.88,36.33,14.91,1.17,0.0,12,346,0,-2.4492935982947064e-16,1.0,-0.32126966169236515,0.9469877530760751,4.1424,4.1258,3.7598,3.7159714285714287,3.2679766666666668
2023-12-13,4.0656,17.95,30.49,19.59,0.69,0.0,12,347,0,-2.4492935982947064e-16,1.0,-0.3049212246562894,0.9523775757303973,4.0721,4.1424,3.7908,3.7605857142857144,3.2598733333333336
2023-12-14,4.0673,17.55,37.17,27.79,1.08,0.0,12,348,0,-2.4492935982947064e-16,1.0,-0.2884824328806098,0.9574851883550389,4.0656,4.0721,3.4968,3.799842857142857,3.2570099999999997
2023-12-15,4.0087,16.06,42.59,4.99,1.78,0.0,12,349,0,-2.4492935982947064e-16,1.0,-0.27195815753410524,0.9623090774541487,4.0673,4.0656,3.0996,3.881342857142857,3.2961466666666666
2023-12-16,3.8225,16.7,41.62,1.67,0.99,0.0,12,350,0,-2.4492935982947064e-16,1.0,-0.2553532951161881,0.9668478136052773,4.0087,4.0673,3.5966,4.011214285714286,3.3166266666666666
2023-12-17,3.8921,16.57,40.81,4.17,1.21,0.0,12,351,0,-2.4492935982947064e-16,1.0,-0.23867276600594997,0.9711000518829505,3.8225,4.0087,4.1258,4.043485714285715,3.3337399999999997
2023-12-18,3.985,15.36,37.49,2.64,1.94,0.0,12,352,0,-2.4492935982947064e-16,1.0,-0.22192151300416674,0.9750645322571945,3.8921,3.8225,4.1424,4.0101,3.3487000000000005
2023-12-19,4.3404,14.94,34.17,8.76,1.61,0.0,12,353,0,-2.4492935982947064e-16,1.0,-0.20510449986861926,0.9787400799669153,3.985,3.8921,4.0721,3.9876142857142858,3.36391
2023-12-20,3.0029,15.94,27.38,90.45,1.03,0.0,12,354,0,-2.4492935982947064e-16,1.0,-0.1882267098432439,0.9821256058680006,4.3404,3.985,4.0656,4.025942857142857,3.392773333333333
2023-12-21,3.6103,16.36,25.75,84.52,1.26,0.0,12,355,0,-2.4492935982947064e-16,1.0,-0.1712931441814778,0.9852201067560606,3.0029,4.3404,4.0673,3.8741285714285714,3.389413333333333
2023-12-22,3.8854,17.17,22.82,52.29,1.33,0.0,12,356,0,-2.4492935982947064e-16,1.0,-0.154308820664281,0.9880226656636976,3.6103,3.0029,4.0087,3.808842857142857,3.40862
2023-12-23,3.7754,16.34,32.38,23.2,1.57,0.0,12,357,0,-2.4492935982947064e-16,1.0,-0.13727877211326517,0.9905324521322227,3.8854,3.6103,3.8225,3.7912285714285714,3.4118066666666667
2023-12-24,3.2172,15.54,45.52,10.23,1.6,0.0,12,358,0,-2.4492935982947064e-16,1.0,-0.12020804489935275,0.9927487224577402,3.7754,3.8854,3.8921,3.7845000000000004,3.4040699999999995
2023-12-25,3.0977,17.97,40.22,15.12,0.7,0.0,12,359,0,-2.4492935982947064e-16,1.0,-0.10310169744743544,0.9946708199115211,3.2172,3.7754,3.985,3.6880857142857146,3.3863166666666666
2023-12-26,3.6329,17.94,36.12,10.07,1.1,0.0,12,360,0,-2.4492935982947064e-16,1.0,-0.0859647987374467,0.9962981749346077,3.0977,3.2172,4.3404,3.561328571428571,3.376206666666667
2023-12-27,3.6586,16.82,41.21,13.61,1.35,0.0,12,361,0,-2.4492935982947064e-16,1.0,-0.06880242680232064,0.9976303053065857,3.6329,3.0977,3.0029,3.460257142857143,3.4241433333333333
2023-12-28,3.8558,15.51,43.06,4.57,1.23,0.0,12,362,0,-2.4492935982947064e-16,1.0,-0.05161966722325418,0.9986668162884759,3.6586,3.6329,3.6103,3.553928571428571,3.4769933333333336
2023-12-29,3.3696,14.36,47.87,44.08,1.8,0.0,12,363,0,-2.4492935982947064e-16,1.0,-0.034421611622745804,0.9994074007397048,3.8558,3.6586,3.8854,3.589,3.539016666666667
2023-12-30,2.5416,14.52,46.28,38.76,1.56,0.0,12,364,0,-2.4492935982947064e-16,1.0,-0.01721335615583528,0.9998518392091162,3.3696,3.8558,3.7754,3.5153142857142856,3.5423033333333334
2023-12-31,2.737,14.03,46.49,9.26,1.54,0.0,12,365,0,-2.4492935982947064e-16,1.0,6.432490598706546e-16,1.0,2.5416,3.3696,3.2172,3.339057142857143,3.51551
