Date,Solar_Irradiance_MJ_m2,Temperature_C,Relative_Humidity_pct,Cloud_Fraction,Wind_Speed_ms,Precipitation_mm,Month,Day_of_Year,Season,Month_sin,Month_cos,DOY_sin,DOY_cos,Solar_Lag_1,Solar_Lag_2,Solar_Lag_7,Solar_Roll7,Solar_Roll30
2019-01-31,2.5949,-14.09,85.7,95.98,1.95,6.56,1,31,0,0.49999999999999994,0.8660254037844387,0.5086709438521044,0.8609610158889943,2.2219,4.0044,2.5608,3.3217285714285714,2.63414
2019-02-01,2.2558,-17.26,83.23,79.55,1.52,2.48,2,32,0,0.8660254037844386,0.5000000000000001,0.5234156073655503,0.8520775211013093,2.5949,2.2219,2.5298,3.3266,2.616533333333334
2019-02-02,3.1154,-23.44,89.88,61.11,1.89,0.04,2,33,0,0.8660254037844386,0.5000000000000001,0.5380051715382996,0.8429415373547828,2.2558,2.5949,3.5899,3.287457142857143,2.6289333333333333
2019-02-03,2.9714,-22.92,87.08,66.81,1.92,0.0,2,34,0,0.8660254037844386,0.5000000000000001,0.5524353131676196,0.8335557718385699,3.1154,2.2558,4.1268,3.2196714285714285,2.6185333333333336
2019-02-04,2.1466,-20.59,83.2,81.78,1.94,0.0,2,35,0,0.8660254037844386,0.5000000000000001,0.5667017562911176,0.8239230057575542,2.9714,3.1154,4.2185,3.0546142857142855,2.6408266666666664
2019-02-05,2.851,-14.98,74.74,96.14,2.41,0.34,2,36,0,0.8660254037844386,0.5000000000000001,0.5808002734538009,0.8140460935082178,2.1466,2.9714,4.0044,2.7586285714285714,2.66802
2019-02-06,1.5953,-13.95,80.58,93.33,2.81,4.47,2,37,0,0.8660254037844386,0.5000000000000001,0.5947266869607634,0.8039279618328213,2.851,2.1466,2.2219,2.593857142857143,2.70567
2019-02-07,1.045,-13.53,83.41,90.34,2.18,24.31,2,38,0,0.8660254037844386,0.5000000000000001,0.6084768701151261,0.7935716089521474,1.5953,2.851,2.5949,2.504342857142857,2.6473033333333333
2019-02-08,3.0979,-16.28,77.27,68.47,1.89,5.78,2,39,0,0.8660254037844386,0.5000000000000001,0.6220467484408675,0.7829801036770629,1.045,1.5953,2.2558,2.282928571428571,2.6112233333333332
2019-02-09,4.8761,-22.35,83.16,35.99,1.26,0.01,2,40,0,0.8660254037844386,0.5000000000000001,0.6354323008901774,0.7721565844991642,3.0979,1.045,3.1154,2.4032285714285715,2.60639
2019-02-10,3.2974,-16.69,83.09,70.99,1.38,0.0,2,41,0,0.8660254037844386,0.5000000000000001,0.6486295610349814,0.7611042586607747,4.8761,3.0979,2.9714,2.654757142857143,2.6648300000000003
2019-02-11,3.1452,-15.18,89.58,76.55,1.92,0.0,2,42,0,0.8660254037844386,0.5000000000000001,0.6616346182422783,0.7498264012045686,3.2974,4.8761,2.1466,2.7013285714285713,2.6890966666666665
2019-02-12,2.4734,-15.12,89.08,78.73,1.7,0.12,2,43,0,0.8660254037844386,0.5000000000000001,0.6744436188329455,0.7383263540031065,3.1452,3.2974,2.851,2.8439857142857146,2.7251033333333337
2019-02-13,2.0014,-11.34,92.7,94.37,1.79,0.4,2,44,0,0.8660254037844386,0.5000000000000001,0.6870527672236669,0.7266075247685656,2.4734,3.1452,1.5953,2.7900428571428573,2.7559266666666664
2019-02-14,2.863,-12.41,86.23,96.88,2.04,7.69,2,45,0,0.8660254037844386,0.5000000000000001,0.699458327051647,0.7146733860429609,2.0014,2.4734,1.045,2.848057142857143,2.69944
2019-02-15,1.2314,-13.79,83.44,75.86,2.57,4.38,2,46,0,0.8660254037844386,0.5000000000000001,0.7116566222817746,0.7025274741691571,2.863,2.0014,3.0979,3.1077714285714286,2.698713333333333
2019-02-16,5.0614,-20.31,85.03,31.95,1.88,0.03,2,47,0,0.8660254037844386,0.5000000000000001,0.7236440382959124,0.6901733882429719,1.2314,2.863,4.8761,2.841128571428572,2.7115533333333333
2019-02-17,3.8609,-20.95,89.25,69.65,2.31,1.02,2,48,0,0.8660254037844386,0.5000000000000001,0.7354170229639855,0.6776147890466889,5.0614,1.2314,3.2974,2.8676,2.7552266666666667
2019-02-18,2.3069,-15.04,83.95,93.85,3.24,1.95,2,49,0,0.8660254037844386,0.5000000000000001,0.7469720876965552,0.6648553979642865,3.8609,5.0614,3.1452,2.9481,2.7685166666666663
2019-02-19,2.9282,-17.83,85.91,86.95,2.52,2.42,2,50,0,0.8660254037844386,0.5000000000000001,0.7583058084785624,0.6518989958787126,2.3069,3.8609,2.4734,2.828342857142857,2.7575333333333334
2019-02-20,4.1254,-16.71,88.21,80.27,2.14,3.69,2,51,0,0.8660254037844386,0.5000000000000001,0.7694148268839378,0.6387494220515272,2.9282,2.3069,2.0014,2.8933142857142857,2.78274
2019-02-21,0.7193,-9.05,78.53,82.94,5.33,14.13,2,52,0,0.8660254037844386,0.5000000000000001,0.7802958510707755,0.6254105729852464,4.1254,2.9282,2.863,3.1967428571428576,2.87459
2019-02-22,4.493,-14.63,72.89,63.67,3.08,0.69,2,53,0,0.8660254037844386,0.5000000000000001,0.7909456567567772,0.6118864012687243,0.7193,4.1254,1.2314,2.8905,2.8492133333333336
2019-02-23,4.7014,-21.49,77.39,66.53,1.94,0.23,2,54,0,0.8660254037844386,0.5000000000000001,0.8013610881746766,0.5981809144059165,4.493,0.7193,5.0614,3.356442857142857,2.9436133333333334
2019-02-24,2.1886,-16.63,86.31,80.64,1.96,0.0,2,55,0,0.8660254037844386,0.5000000000000001,0.8115390590073611,0.5842981736283683,4.7014,4.493,3.8609,3.305014285714286,3.014966666666667
2019-02-25,3.3799,-18.82,85.47,68.94,1.81,0.4,2,56,0,0.8660254037844386,0.5000000000000001,0.8214765533024142,0.5702422926917871,2.1886,4.7014,2.3069,3.066114285714286,3.0035933333333333
2019-02-26,3.5491,-19.38,85.33,79.22,1.89,1.01,2,57,0,0.8660254037844386,0.5000000000000001,0.8311706263658079,0.5560174366570446,3.3799,2.1886,2.9282,3.2194000000000003,2.9965933333333328
2019-02-27,4.1674,-18.68,85.53,56.65,1.38,0.64,2,58,0,0.8660254037844386,0.5000000000000001,0.8406184056344782,0.5416278206559814,3.5491,3.3799,4.1254,3.3081,2.9773366666666665
2019-02-28,5.4922,-21.11,85.41,27.38,1.45,0.04,2,59,0,0.8660254037844386,0.5000000000000001,0.8498170915275278,0.5270777086423722,4.1674,3.5491,0.7193,3.3141000000000003,2.9756333333333336
2019-03-01,3.001,-18.18,79.9,80.24,2.17,0.26,3,60,1,1.0,6.123233995736766e-17,0.8587639582758029,0.5123714121284237,5.4922,4.1674,4.493,3.9959428571428575,3.0252266666666667
2019-03-02,3.3228,-12.7,83.74,87.54,2.66,7.83,3,61,1,1.0,6.123233995736766e-17,0.8674563547295969,0.49751328890718066,3.001,5.4922,4.7014,3.7828000000000004,3.0511966666666672
2019-03-03,3.9569,-11.36,81.15,76.74,2.18,3.86,3,62,1,1.0,6.123233995736766e-17,0.8758917051442429,0.48250774176121847,3.3228,3.001,2.1886,3.585857142857143,3.07546
2019-03-04,4.4808,-14.66,85.01,64.71,1.68,0.89,3,63,1,1.0,6.123233995736766e-17,0.8840675099433636,0.4673592171580022,3.9569,3.3228,3.3799,3.8384714285714283,3.132163333333333
2019-03-05,4.9313,-13.89,83.52,55.51,1.61,0.08,3,64,1,1.0,6.123233995736766e-17,0.8919813464595485,0.45207220393230435,4.4808,3.9569,3.5491,3.995742857142857,3.1776766666666663
2019-03-06,5.4182,-16.75,81.41,57.35,1.84,0.06,3,65,1,1.0,6.123233995736766e-17,0.8996308696522433,0.43665123195606403,4.9313,4.4808,4.1674,4.1932,3.243006666666667
2019-03-07,4.9831,-16.72,83.02,71.77,2.14,0.16,3,66,1,1.0,6.123233995736766e-17,0.9070138128026359,0.4211008707960896,5.4182,4.9313,5.4922,4.371885714285715,3.3520600000000003
2019-03-08,4.6517,-17.34,80.32,77.61,1.87,0.0,3,67,1,1.0,6.123233995736766e-17,0.9141279881853337,0.40542572835999735,4.9831,5.4182,3.001,4.299157142857143,3.42313
2019-03-09,4.5146,-14.6,79.38,55.97,1.69,0.0,3,68,1,1.0,6.123233995736766e-17,0.9209712877166346,0.38963044953078796,4.6517,4.9831,3.3228,4.534971428571429,3.5250100000000004
2019-03-10,6.6014,-18.63,72.02,33.44,1.98,0.04,3,69,1,1.0,6.123233995736766e-17,0.9275416835791966,0.37371971479046906,4.5146,4.6517,3.9569,4.705228571428571,3.640663333333334
2019-03-11,4.1628,-16.56,76.71,74.25,2.59,4.24,3,70,1,1.0,6.123233995736766e-17,0.9338372288229252,0.35769823883312546,6.6014,4.5146,4.4808,5.0830142857142855,3.7574466666666666
2019-03-12,6.4241,-14.8,65.32,34.51,2.03,0.55,3,71,1,1.0,6.123233995736766e-17,0.9398560579418954,0.3415707691678556,4.1628,6.6014,4.9313,5.037585714285713,3.7336699999999996
2019-03-13,6.1838,-15.68,75.81,57.68,1.91,2.82,3,72,1,1.0,6.123233995736766e-17,0.9455963874271426,0.3253420847119801,6.4241,4.1628,5.4182,5.250842857142857,3.8378933333333336
2019-03-14,2.6566,-12.55,84.59,92.08,1.44,3.86,3,73,1,1.0,6.123233995736766e-17,0.9510565162951535,0.30901699437494745,6.1838,6.4241,4.9831,5.360214285714285,3.93918
2019-03-15,4.3946,-14.93,79.14,67.86,1.49,0.53,3,74,1,1.0,6.123233995736766e-17,0.9562348265919056,0.29260033563334836,2.6566,6.1838,4.6517,5.027857142857143,3.945286666666667
2019-03-16,6.8203,-14.76,72.19,31.58,1.2,0.0,3,75,1,1.0,6.123233995736766e-17,0.9611297838723007,0.27609697309746883,4.3946,2.6566,4.5146,4.991128571428571,4.02506
2019-03-17,5.3328,-11.98,78.86,52.67,1.28,0.48,3,76,1,1.0,6.123233995736766e-17,0.9657399376548549,0.2595117970697999,6.8203,4.3946,6.6014,5.320514285714286,4.15697
2019-03-18,5.7254,-12.45,81.37,69.75,1.77,0.1,3,77,1,1.0,6.123233995736766e-17,0.9700639218515071,0.2428497220959356,5.3328,6.8203,4.1628,5.139285714285714,4.293683333333334
2019-03-19,5.2994,-12.44,85.47,69.32,1.88,1.46,3,78,1,1.0,6.123233995736766e-17,0.9741004551724205,0.22611568550828828,5.7254,5.3328,6.4241,5.362514285714285,4.315816666666667
2019-03-20,4.1544,-14.17,87.56,74.73,2.12,9.07,3,79,1,1.0,6.123233995736766e-17,0.9778483415056568,0.20931464596304847,5.2994,5.7254,6.1838,5.201842857142857,4.363766666666667
2019-03-21,5.2625,-12.17,82.2,66.9,1.94,1.83,3,80,1,1.0,6.123233995736766e-17,0.9813064702716093,0.19245158197082998,4.1544,5.2994,2.6566,4.911928571428571,4.425349999999999
2019-03-22,6.5206,-14.2,77.68,50.38,1.8,0.0,3,81,1,1.0,6.123233995736766e-17,0.9844738167520922,0.1755314904214282,5.2625,4.1544,4.3946,5.2842,4.50316
2019-03-23,4.909,-14.01,84.45,70.83,1.68,0.01,3,82,1,1.0,6.123233995736766e-17,0.9873494423939864,0.15855938510313475,6.5206,5.2625,6.8203,5.587914285714285,4.583
2019-03-24,4.0061,-11.5,79.54,76.25,2.25,0.9,3,83,1,1.0,6.123233995736766e-17,0.989932495087353,0.141540295217043,4.909,6.5206,5.3328,5.314871428571428,4.7226566666666665
2019-03-25,4.8036,-11.65,76.92,78.57,1.72,1.28,3,84,1,1.0,6.123233995736766e-17,0.9922222094179323,0.12447926388678915,4.0061,4.909,5.7254,5.125342857142857,4.706426666666667
2019-03-26,7.4714,-12.85,75.04,31.54,1.05,0.29,3,85,1,1.0,6.123233995736766e-17,0.994217906893952,0.10738134666416309,4.8036,4.0061,5.2994,4.993657142857144,4.709833333333333
2019-03-27,6.3079,-10.91,74.81,62.0,1.22,0.0,3,86,1,1.0,6.123233995736766e-17,0.995918996147179,0.09025161003104117,7.4714,4.8036,4.1544,5.303942857142857,4.885926666666667
2019-03-28,5.9729,-6.35,81.33,70.2,1.76,0.0,3,87,1,1.0,6.123233995736766e-17,0.9973249731081555,0.07309512989807777,6.3079,7.4714,5.2625,5.611585714285715,4.983526666666666
2019-03-29,4.7489,-8.27,78.1,80.79,1.68,0.01,3,88,1,1.0,6.123233995736766e-17,0.9984354211555643,0.055916990100603484,5.9729,6.3079,6.5206,5.713071428571429,5.06432
2019-03-30,4.9349,-9.99,76.61,92.82,2.67,0.09,3,89,1,1.0,6.123233995736766e-17,0.9992500112396835,0.03872228089217446,4.7489,5.9729,4.909,5.4599714285714285,5.083703333333333
2019-03-31,7.2262,-9.98,64.49,55.72,2.03,0.0,3,90,1,1.0,6.123233995736766e-17,0.9997685019798909,0.021516097436222254,4.9349,4.7489,4.0061,5.463671428571429,5.065126666666667
2019-04-01,7.6454,-8.97,69.08,32.32,1.77,0.0,4,91,1,0.8660254037844387,-0.4999999999999998,0.9999907397361901,0.004303538296244289,7.2262,4.9349,4.8036,5.923685714285713,5.205966666666667
2019-04-02,7.5706,-9.33,67.42,34.56,2.02,0.0,4,92,1,0.8660254037844387,-0.4999999999999998,0.9999166586547379,-0.01291029607500882,7.6454,7.2262,7.4714,6.329657142857143,5.350053333333333
2019-04-03,7.7064,-8.22,85.19,43.51,1.25,0.0,4,93,1,0.8660254037844387,-0.4999999999999998,0.9995462806873573,-0.030120304846908114,7.5706,7.6454,6.3079,6.343828571428571,5.47051
2019-04-04,7.5607,-6.62,86.98,35.07,1.11,0.0,4,94,1,0.8660254037844387,-0.4999999999999998,0.9988797155850336,-0.04732138832243185,7.7064,7.5706,5.9729,6.543614285714286,5.578029999999999
2019-04-05,7.0682,-6.24,84.87,53.38,1.42,0.0,4,95,1,0.8660254037844387,-0.4999999999999998,0.9979171608653922,-0.06450844944931623,7.5607,7.7064,4.7489,6.770442857142856,5.665676666666666
2019-04-06,6.1301,-4.58,77.64,89.47,1.71,0.07,4,96,1,0.8660254037844387,-0.4999999999999998,0.9966589017541702,-0.08167639533042241,7.0682,7.5607,4.9349,7.101771428571429,5.720676666666667
2019-04-07,7.8682,-4.59,65.28,48.84,1.78,0.01,4,97,1,0.8660254037844387,-0.4999999999999998,0.9951053111006976,-0.09882013873287143,6.1301,7.0682,7.2262,7.272514285714286,5.75891
2019-04-08,6.4066,-4.59,68.75,75.82,1.75,0.13,4,98,1,0.8660254037844387,-0.4999999999999998,0.9932568492674143,-0.11593459959550041,7.8682,6.1301,7.6454,7.364228571428572,5.866126666666667
2019-04-09,8.0477,-3.02,65.75,30.65,1.12,0.02,4,99,1,0.8660254037844387,-0.4999999999999998,0.9911140639934547,-0.1330147065341959,6.4066,7.8682,7.5706,7.187257142857143,5.929193333333333
2019-04-10,6.929,-3.64,69.98,71.27,2.49,0.02,4,100,1,0.8660254037844387,-0.4999999999999998,0.9886775902323405,-0.1500553983446526,8.0477,6.4066,7.7064,7.255414285714286,5.977403333333333
2019-04-11,6.9986,-3.34,64.97,73.05,2.12,0.0,4,101,1,0.8660254037844387,-0.4999999999999998,0.9859481499638304,-0.16705162550211924,6.929,8.0477,7.5607,7.144357142857143,6.06961
2019-04-12,4.9805,-3.25,73.24,88.65,2.43,0.04,4,102,1,0.8660254037844387,-0.4999999999999998,0.9829265519799822,-0.18399835165768005,6.9986,6.929,7.0682,7.064057142857144,6.08876
2019-04-13,5.5334,-3.09,74.89,86.9,2.21,0.3,4,103,1,0.8660254037844387,-0.4999999999999998,0.9796136916454901,-0.20089055513063506,4.9805,6.9986,6.1301,6.765814285714286,6.04865
2019-04-14,5.3405,-2.97,75.72,74.33,1.89,0.03,4,104,1,0.8660254037844387,-0.4999999999999998,0.9760105506323683,-0.21772323039653177,5.5334,4.9805,7.8682,6.680571428571429,6.144543333333334
2019-04-15,6.2974,-2.2,70.57,74.46,1.77,0.0,4,105,1,0.8660254037844387,-0.4999999999999998,0.9721181966290613,-0.23449138957040985,5.3405,5.5334,6.4066,6.319471428571428,6.176073333333334
2019-04-16,5.8488,-2.38,72.48,91.95,2.39,2.45,4,106,1,0.8660254037844387,-0.4999999999999998,0.9679377830240642,-0.25119006388481935,6.2974,5.3405,8.0477,6.303871428571428,6.158643333333333
2019-04-17,5.2968,-3.1,79.52,94.94,1.75,4.3,4,107,1,0.8660254037844387,-0.4999999999999998,0.9634705485641488,-0.2678143051621742,5.8488,6.2974,6.929,5.989742857142858,6.175843333333333
2019-04-18,4.6829,-3.51,78.67,95.59,1.86,0.9,4,108,1,0.8660254037844387,-0.4999999999999998,0.9587178169872964,-0.2843591872810034,5.2968,5.8488,6.9986,5.756571428571428,6.161556666666667
2019-04-19,8.1497,-1.29,58.83,33.95,1.38,0.0,4,109,1,0.8660254037844387,-0.4999999999999998,0.9536809966304457,-0.30081980763566735,4.6829,5.2968,4.9805,5.425757142857143,6.141006666666667
2019-04-20,7.8386,0.07,46.69,55.33,1.35,0.0,4,110,1,0.8660254037844387,-0.4999999999999998,0.9483615800121715,-0.3171912885891061,8.1497,4.6829,5.5334,5.8785,6.274183333333334
2019-04-21,7.26,-0.02,57.43,49.48,1.76,0.0,4,111,1,0.8660254037844387,-0.4999999999999998,0.9427611433904207,-0.3334687789181868,7.8386,8.1497,5.3405,6.207814285714285,6.360053333333332
2019-04-22,7.5917,-0.22,58.18,53.28,1.81,0.0,4,112,1,0.8660254037844387,-0.4999999999999998,0.9368813462954315,-0.3496474552512284,7.26,7.8386,6.2974,6.482028571428571,6.3847
2019-04-23,8.1715,0.94,54.85,49.23,1.91,0.01,4,113,1,0.8660254037844387,-0.4999999999999998,0.9307239310379795,-0.36572252349726897,7.5917,7.26,5.8488,6.6669285714285715,6.474123333333334
2019-04-24,5.537,-0.52,69.84,94.78,2.22,2.81,4,114,1,0.8660254037844387,-0.4999999999999998,0.9242907221930933,-0.3816892202666588,8.1715,7.5917,5.2968,6.998742857142856,6.61297
2019-04-25,5.0954,-1.11,67.43,91.31,2.5,1.56,4,115,1,0.8660254037844387,-0.4999999999999998,0.9175836260593937,-0.39754281428255595,5.537,8.1715,4.6829,7.033057142857143,6.637416666666667
2019-04-26,7.4791,-1.53,59.14,71.83,2.8,0.08,4,116,1,0.8660254037844387,-0.4999999999999998,0.9106046300942162,-0.41327860778290415,5.0954,5.537,8.1497,7.091985714285714,6.558216666666667
2019-04-27,7.7933,-1.3,49.95,59.23,3.14,0.04,4,117,1,0.8660254037844387,-0.4999999999999998,0.9033558023246845,-0.4288919379124835,7.4791,5.0954,7.8386,6.996185714285714,6.5972566666666665
2019-04-28,8.5068,-1.05,46.9,26.89,2.97,0.0,4,118,1,0.8660254037844387,-0.4999999999999998,0.895839290734909,-0.44437817810461316,7.7933,7.4791,7.26,6.989714285714285,6.657936666666666
2019-04-29,7.9114,-0.01,48.78,54.63,2.71,0.0,4,119,1,0.8660254037844387,-0.4999999999999998,0.8880573226294932,-0.45973273945210397,8.5068,7.7933,7.5917,7.167828571428572,6.783199999999999
2019-04-30,3.8285,-1.39,67.29,84.88,3.15,0.57,4,120,1,0.8660254037844387,-0.4999999999999998,0.8800122039735357,-0.47495107206704995,7.9114,8.5068,8.1715,7.213500000000001,6.882416666666667
2019-05-01,5.291,-2.4,72.53,93.44,2.79,1.06,5,121,1,0.49999999999999994,-0.8660254037844387,0.8717063187093218,-0.4900286664290592,3.8285,7.9114,5.537,6.593071428571429,6.769159999999999
2019-05-02,5.6638,-2.86,66.64,79.37,2.69,1.33,5,122,1,0.49999999999999994,-0.8660254037844387,0.8631421280499114,-0.5049610547215204,5.291,3.8285,5.0954,6.557928571428571,6.6906799999999995
2019-05-03,6.0317,-3.27,63.58,82.97,2.73,0.15,5,123,1,0.49999999999999994,-0.8660254037844387,0.854322169749827,-0.5197438121555155,5.6638,5.291,7.4791,6.6391285714285715,6.627120000000001
2019-05-04,7.7455,-3.08,54.07,63.3,2.46,0.01,5,124,1,0.49999999999999994,-0.8660254037844387,0.8452490573530633,-0.5343725582809786,6.0317,5.6638,7.7933,6.432357142857143,6.571296666666667
2019-05-05,6.5189,-3.78,59.83,65.86,3.11,0.01,5,125,1,0.49999999999999994,-0.8660254037844387,0.8359254794186372,-0.548842958284719,7.7455,6.0317,8.5068,6.425528571428572,6.5774566666666665
2019-05-06,8.8442,-2.73,47.87,35.51,2.41,0.0,5,126,1,0.49999999999999994,-0.8660254037844387,0.8263541987239096,-0.5631507242749186,6.5189,7.7455,7.9114,6.141542857142858,6.559146666666666
2019-05-07,8.4144,-1.75,52.84,55.84,2.87,0.04,5,127,1,0.49999999999999994,-0.8660254037844387,0.8165380514459161,-0.5772916165517272,8.8442,6.5189,3.8285,6.274800000000001,6.649616666666666
2019-05-08,8.4084,-1.0,57.04,46.69,1.88,0.0,5,128,1,0.49999999999999994,-0.8660254037844387,0.8064799463209448,-0.5912614448635781,8.4144,8.8442,5.291,6.929928571428571,6.667823333333333
2019-05-09,8.8097,0.53,53.77,37.71,1.38,0.0,5,129,1,0.49999999999999994,-0.8660254037844387,0.7961828637826158,-0.6050560696488488,8.4084,8.4144,5.6638,7.37527142857143,6.73455
2019-05-10,6.557,0.49,61.13,70.43,1.54,0.82,5,130,1,0.49999999999999994,-0.8660254037844387,0.7856498550787147,-0.6186714032625031,8.8097,8.4084,6.0317,7.824685714285715,6.75995
2019-05-11,6.7702,-0.8,73.03,89.87,1.5,0.58,5,131,1,0.49999999999999994,-0.8660254037844387,0.7748840413670407,-0.6321034111873487,6.557,8.8097,7.7455,7.899728571428571,6.74755
2019-05-12,5.639,-0.86,69.21,78.06,1.76,0.76,5,132,1,0.49999999999999994,-0.8660254037844387,0.7638886127905428,-0.6453481132295501,6.7702,6.557,6.5189,7.7604,6.739936666666666
2019-05-13,7.7875,-0.21,66.23,76.51,1.75,0.24,5,133,1,0.49999999999999994,-0.8660254037844387,0.7526668275320085,-0.6584015846980488,5.639,6.7702,8.8442,7.6347,6.761886666666666
2019-05-14,5.6779,-0.44,68.85,87.32,2.0,2.87,5,134,1,0.49999999999999994,-0.8660254037844387,0.7412220108485958,-0.6712599575675313,7.7875,5.639,8.4144,7.483742857142857,6.837023333333333
2019-05-15,7.0874,-0.2,71.68,80.04,2.14,2.36,5,135,1,0.49999999999999994,-0.8660254037844387,0.7295575540864875,-0.6839194216246106,5.6779,7.7875,8.4084,7.092814285714286,6.848269999999999
2019-05-16,5.2186,0.21,67.12,84.29,1.97,0.52,5,136,1,0.49999999999999994,-0.8660254037844387,0.717676913675962,-0.6963762255968722,7.0874,5.6779,8.8097,6.9041,6.874603333333334
2019-05-17,6.8021,0.4,72.95,94.37,1.87,6.38,5,137,1,0.49999999999999994,-0.8660254037844387,0.705583610107178,-0.7086266782644596,5.2186,7.0874,6.557,6.3910857142857145,6.853596666666666
2019-05-18,6.049,-0.26,68.02,83.11,2.02,1.36,5,138,1,0.49999999999999994,-0.8660254037844387,0.6932812268869777,-0.7206671495538609,6.8021,5.2186,6.7702,6.4261,6.9037733333333335
2019-05-19,8.1134,0.84,54.07,56.89,1.81,0.16,5,139,1,0.49999999999999994,-0.8660254037844387,0.6807734094770161,-0.7324940716135789,6.049,6.8021,5.639,6.323071428571429,6.94931
2019-05-20,6.7452,1.03,56.39,78.55,2.25,0.09,5,140,1,0.49999999999999994,-0.8660254037844387,0.6680638642135335,-0.7441039398713607,8.1134,6.049,7.7875,6.676557142857143,6.948099999999999
2019-05-21,8.3431,1.29,57.56,54.69,1.37,0.0,5,141,1,0.49999999999999994,-0.8660254037844387,0.6551563572090853,-0.7554933140726803,6.7452,8.1134,5.6779,6.5276571428571435,6.911653333333334
2019-05-22,8.0114,2.47,56.33,59.78,1.71,0.0,5,142,1,0.49999999999999994,-0.8660254037844387,0.6420547132365637,-0.766658819300159,8.3431,6.7452,7.0874,6.9084,6.947756666666666
2019-05-23,5.8188,1.18,68.22,83.01,1.52,3.37,5,143,1,0.49999999999999994,-0.8660254037844387,0.6287628145958344,-0.7775971469736269,8.0114,8.3431,5.2186,7.0404,6.9617466666666665
2019-05-24,4.8422,0.25,65.81,76.54,2.46,2.9,5,144,1,0.49999999999999994,-0.8660254037844387,0.6152845999633276,-0.7883050558305255,5.8188,8.0114,6.8021,7.126142857142857,6.883323333333334
2019-05-25,5.6815,0.83,54.41,77.06,1.73,0.1,5,145,1,0.49999999999999994,-0.8660254037844387,0.6016240632249226,-0.7987793728863649,4.8422,5.8188,6.049,6.846157142857144,6.860163333333333
2019-05-26,7.1479,0.65,59.1,77.93,2.77,1.66,5,146,1,0.49999999999999994,-0.8660254037844387,0.5877852522924732,-0.8090169943749473,5.6815,4.8422,8.1134,6.7936571428571435,6.8797
2019-05-27,7.381,-0.26,62.36,76.1,2.21,0.14,5,147,1,0.49999999999999994,-0.8660254037844387,0.5737722679043246,-0.8190148866680801,7.1479,5.6815,6.7452,6.655728571428571,6.86866
2019-05-28,8.4197,0.52,56.44,57.37,1.97,0.0,5,148,1,0.49999999999999994,-0.8660254037844387,0.5595892624101765,-0.8287700871745038,7.381,7.1479,8.3431,6.746557142857143,6.854916666666667
2019-05-29,9.0382,1.09,49.44,32.3,1.75,0.0,5,149,1,0.49999999999999994,-0.8660254037844387,0.545240438540651,-0.8382797052177744,8.4197,7.381,8.0114,6.7575,6.852013333333333
2019-05-30,9.4694,2.84,33.58,23.93,1.26,0.0,5,150,1,0.49999999999999994,-0.8660254037844387,0.5307300481619334,-0.8475409228928311,9.0382,8.4197,5.8188,6.904185714285715,6.889573333333334
2019-05-31,9.2004,4.16,43.91,21.4,1.68,0.0,5,151,1,0.49999999999999994,-0.8660254037844387,0.5160623910158528,-0.8565509959010036,9.4694,9.0382,4.8422,7.4257,7.077603333333333
2019-06-01,7.6291,3.6,60.75,36.27,2.11,0.0,6,152,2,1.2246467991473532e-16,-1.0,0.5012418134457758,-0.865307254363206,9.2004,9.4694,5.6815,8.0483,7.207916666666667
2019-06-02,7.4098,3.15,61.87,46.79,2.27,1.3,6,153,2,1.2246467991473532e-16,-1.0,0.48627270710868997,-0.8738071036110808,7.6291,9.2004,7.1479,8.326528571428572,7.2734266666666665
2019-06-03,5.8997,2.31,64.58,90.98,2.67,0.8,6,154,2,1.2246467991473532e-16,-1.0,0.4711595076738638,-0.8820480249558537,7.4098,7.6291,7.381,8.363942857142858,7.319363333333333
2019-06-04,5.1353,1.92,62.67,92.4,2.59,1.71,6,155,2,1.2246467991473532e-16,-1.0,0.4559066935084588,-0.8900275764346767,5.8997,7.4098,8.4197,8.152328571428571,7.257836666666667
2019-06-05,6.2762,1.54,56.93,88.39,2.58,0.43,6,156,2,1.2246467991473532e-16,-1.0,0.440518784350495,-0.8977433935342337,5.1353,5.8997,9.0382,7.683128571428571,7.211716666666667
2019-06-06,6.4056,1.16,60.49,71.28,2.07,0.61,6,157,2,1.2246467991473532e-16,-1.0,0.42500033996955416,-0.9051931898913974,6.2762,5.1353,9.4694,7.288557142857144,7.126116666666666
2019-06-07,6.1488,2.34,61.04,84.9,2.14,0.09,6,158,2,1.2246467991473532e-16,-1.0,0.4093559588156213,-0.9123747579707273,6.4056,6.2762,9.2004,6.850871428571429,7.059156666666667
2019-06-08,6.8746,2.25,57.44,73.79,2.26,0.02,6,159,2,1.2246467991473532e-16,-1.0,0.39359027665646673,-0.9192859697186104,6.1488,6.4056,7.6291,6.414928571428571,6.983836666666667
2019-06-09,6.8573,3.36,53.47,62.62,2.59,0.0,6,160,2,1.2246467991473532e-16,-1.0,0.3777079652039649,-0.9259247771938498,6.8746,6.1488,7.4098,6.307142857142857,6.9193333333333324
2019-06-10,8.4624,3.71,49.97,44.24,2.67,0.08,6,161,2,1.2246467991473532e-16,-1.0,0.36171373072976765,-0.9322892131745133,6.8573,6.8746,5.8997,6.228214285714286,6.929343333333334
2019-06-11,3.6442,2.91,60.48,79.76,3.04,4.3,6,162,2,1.2246467991473532e-16,-1.0,0.3456123126707335,-0.9383773917408641,8.4624,6.8573,5.1353,6.594314285714286,6.98575
2019-06-12,3.714,2.36,63.43,76.01,4.12,2.38,6,163,2,1.2246467991473532e-16,-1.0,0.3294084822245304,-0.9441875088341993,3.6442,8.4624,6.2762,6.3813,6.919256666666667
2019-06-13,6.7418,1.78,54.85,59.72,2.96,0.4,6,164,2,1.2246467991473532e-16,-1.0,0.3131070409358269,-0.9497178427914316,3.714,3.6442,6.4056,6.015271428571428,6.783473333333333
2019-06-14,8.8078,3.72,50.21,33.42,1.86,0.0,6,165,2,1.2246467991473532e-16,-1.0,0.29671281927349075,-0.9549667548552551,6.7418,3.714,6.1488,6.0633,6.8189366666666675
2019-06-15,7.3985,2.47,58.25,69.33,2.46,0.22,6,166,2,1.2246467991473532e-16,-1.0,0.28023067519921585,-0.9599326896597447,8.8078,6.7418,6.8746,6.443157142857144,6.876283333333333
2019-06-16,6.1166,2.91,58.63,68.61,2.42,0.03,6,167,2,1.2246467991473532e-16,-1.0,0.26366549272800704,-0.9646141756912435,7.3985,8.8078,6.8573,6.518000000000001,6.948946666666667
2019-06-17,5.6736,2.48,58.13,78.37,2.01,0.93,6,168,2,1.2246467991473532e-16,-1.0,0.24702218048093552,-0.9690098257244062,6.1166,7.3985,8.4624,6.412185714285714,6.926096666666667
2019-06-18,4.7345,1.74,64.45,94.15,2.3,3.25,6,169,2,1.2246467991473532e-16,-1.0,0.23030567023061221,-0.9731183372332619,5.6736,6.1166,3.6442,6.0137857142857145,6.913583333333333
2019-06-19,5.7703,3.15,53.79,81.46,1.95,0.08,6,170,2,1.2246467991473532e-16,-1.0,0.21352091543979612,-0.9769384927771817,4.7345,5.6736,3.714,6.169542857142857,6.800953333333334
2019-06-20,5.7871,2.7,62.19,89.08,1.67,0.14,6,171,2,1.2246467991473532e-16,-1.0,0.19667288979357647,-0.980469160361632,5.7703,4.7345,6.7418,6.463299999999999,6.768456666666666
2019-06-21,4.7496,3.6,61.73,76.91,1.8,0.1,6,172,2,1.2246467991473532e-16,-1.0,0.1797665857255624,-0.9837092937736097,5.7871,5.7703,8.8078,6.326914285714286,6.683256666666667
2019-06-22,6.8722,4.85,60.43,67.72,2.24,0.04,6,173,2,1.2246467991473532e-16,-1.0,0.16280701293851715,-0.986657932891657,4.7496,5.7871,7.3985,5.747171428571428,6.57453
2019-06-23,6.835,4.35,61.49,86.68,2.31,0.58,6,174,2,1.2246467991473532e-16,-1.0,0.1457991969198751,-0.9893142039703663,6.8722,4.7496,6.1166,5.6719857142857135,6.6096433333333335
2019-06-24,5.2001,5.05,65.36,95.52,2.01,0.64,6,175,2,1.2246467991473532e-16,-1.0,0.12874817745258132,-0.99167731989929,6.835,6.8722,5.6736,5.774614285714286,6.67607
2019-06-25,5.5716,4.97,61.42,88.53,3.24,0.7,6,176,2,1.2246467991473532e-16,-1.0,0.11165900712169512,-0.993746580436178,5.2001,6.835,4.7345,5.706971428571428,6.660023333333333
2019-06-26,5.8078,3.3,53.26,80.69,2.17,0.35,6,177,2,1.2246467991473532e-16,-1.0,0.09453674981719912,-0.9955213724144752,5.5716,5.2001,5.7703,5.826557142857143,6.60748
2019-06-27,6.9809,3.79,56.4,50.04,2.08,0.11,6,178,2,1.2246467991473532e-16,-1.0,0.07738647923346301,-0.9970011699250151,5.8078,5.5716,5.7871,5.831914285714286,6.555040000000001
2019-06-28,6.8518,4.01,56.5,51.54,2.36,0.03,6,179,2,1.2246467991473532e-16,-1.0,0.06021327736579302,-0.9981855344718586,6.9809,5.8078,4.7496,6.002457142857144,6.50708
2019-06-29,8.3266,5.64,50.16,30.97,1.75,0.05,6,180,2,1.2246467991473532e-16,-1.0,0.04302223300453059,-0.99907411510223,6.8518,6.9809,6.8722,6.302771428571428,6.4342
2019-06-30,6.2532,6.06,50.89,68.7,2.18,0.21,6,181,2,1.2246467991473532e-16,-1.0,0.02581844022713308,-0.9996666485105112,8.3266,6.8518,6.835,6.510542857142857,6.396106666666667
2019-07-01,7.8898,5.98,50.08,57.43,1.88,0.13,7,182,2,-0.4999999999999997,-0.8660254037844388,0.008606996888688698,-0.9999629591162655,6.2532,8.3266,5.2001,6.427428571428571,6.297866666666667
2019-07-02,7.5557,6.9,52.48,57.98,1.66,0.01,7,183,2,-0.4999999999999997,-0.8660254037844388,-0.008606996888688009,-0.9999629591162655,7.8898,6.2532,5.5716,6.811671428571429,6.306556666666667
2019-07-03,8.7199,9.96,40.04,19.57,1.61,0.11,7,184,2,-0.4999999999999997,-0.8660254037844388,-0.02581844022713239,-0.9996666485105112,7.5557,7.8898,5.8078,7.095114285714286,6.31142
2019-07-04,7.7942,9.3,53.99,64.6,2.11,0.73,7,185,2,-0.4999999999999997,-0.8660254037844388,-0.04302223300453034,-0.99907411510223,8.7199,7.5557,6.9809,7.511128571428571,6.405426666666667
2019-07-05,6.0744,8.42,59.69,78.48,2.16,0.87,7,186,2,-0.4999999999999997,-0.8660254037844388,-0.060213277365792774,-0.9981855344718586,7.7942,8.7199,6.8518,7.627314285714285,6.494056666666666
2019-07-06,6.6266,8.85,54.68,88.76,1.82,0.07,7,187,2,-0.4999999999999997,-0.8660254037844388,-0.07738647923346322,-0.9970011699250151,6.0744,7.7942,8.3266,7.5162571428571425,6.48733
2019-07-07,6.8585,9.9,55.52,71.87,1.66,2.37,7,188,2,-0.4999999999999997,-0.8660254037844388,-0.09453674981719933,-0.9955213724144752,6.6266,6.0744,6.2532,7.2734000000000005,6.494696666666666
2019-07-08,7.9538,10.73,48.9,50.87,1.85,1.82,7,189,2,-0.4999999999999997,-0.8660254037844388,-0.11165900712169444,-0.9937465804361781,6.8585,6.6266,7.8898,7.359871428571429,6.518353333333334
2019-07-09,7.6147,10.83,48.16,50.71,1.85,1.24,7,190,2,-0.4999999999999997,-0.8660254037844388,-0.12874817745258066,-0.99167731989929,7.9538,6.8585,7.5557,7.369014285714286,6.554326666666667
2019-07-10,6.7822,10.14,65.65,68.87,1.92,0.85,7,191,2,-0.4999999999999997,-0.8660254037844388,-0.14579919691987442,-0.9893142039703664,7.6147,7.9538,8.7199,7.377442857142857,6.579573333333333
2019-07-11,6.8064,10.08,56.33,75.42,2.16,0.25,7,192,2,-0.4999999999999997,-0.8660254037844388,-0.16280701293851646,-0.9866579328916572,6.7822,7.6147,7.7942,7.100628571428572,6.5235666666666665
2019-07-12,6.5436,10.16,45.78,82.73,2.07,0.7,7,193,2,-0.4999999999999997,-0.8660254037844388,-0.17976658572556214,-0.9837092937736098,6.8064,6.7822,6.0744,6.9595142857142855,6.628973333333334
2019-07-13,7.1208,9.32,43.91,63.8,2.09,1.31,7,194,2,-0.4999999999999997,-0.8660254037844388,-0.19667288979357622,-0.9804691603616321,6.5436,6.8064,6.6266,7.026542857142857,6.723293333333333
2019-07-14,6.3523,8.52,54.97,83.68,1.84,2.53,7,195,2,-0.4999999999999997,-0.8660254037844388,-0.2135209154397959,-0.9769384927771817,7.1208,6.5436,6.8585,7.097142857142857,6.735926666666667
2019-07-15,6.6562,8.1,49.69,84.51,1.77,2.87,7,196,2,-0.4999999999999997,-0.8660254037844388,-0.23030567023061196,-0.973118337233262,6.3523,7.1208,7.9538,7.024828571428571,6.654076666666667
2019-07-16,7.9159,7.03,38.61,53.4,1.49,0.91,7,197,2,-0.4999999999999997,-0.8660254037844388,-0.24702218048093527,-0.9690098257244063,6.6562,6.3523,7.6147,6.8394571428571425,6.629333333333333
2019-07-17,8.6618,9.01,34.59,20.65,1.54,1.56,7,198,2,-0.4999999999999997,-0.8660254037844388,-0.2636654927280072,-0.9646141756912435,7.9159,6.6562,6.7822,6.882485714285714,6.68931
2019-07-18,8.0107,9.4,39.21,68.7,1.17,0.89,7,199,2,-0.4999999999999997,-0.8660254037844388,-0.2802306751992161,-0.9599326896597445,8.6618,7.9159,6.8064,7.151000000000001,6.788916666666666
2019-07-19,5.0227,6.52,62.12,93.66,1.59,1.29,7,200,2,-0.4999999999999997,-0.8660254037844388,-0.2967128192734901,-0.9549667548552553,8.0107,8.6618,6.5436,7.323042857142857,6.898123333333333
2019-07-20,8.0412,9.28,40.65,42.52,1.58,0.06,7,201,2,-0.4999999999999997,-0.8660254037844388,-0.3131070409358267,-0.9497178427914317,5.0227,8.0107,7.1208,7.105771428571429,6.8732033333333336
2019-07-21,8.1605,10.04,33.91,31.23,1.41,0.62,7,202,2,-0.4999999999999997,-0.8660254037844388,-0.3294084822245302,-0.9441875088341994,8.0412,5.0227,6.3523,7.237257142857142,6.94834
2019-07-22,7.5804,10.84,35.18,60.28,1.71,0.42,7,203,2,-0.4999999999999997,-0.8660254037844388,-0.3456123126707333,-0.9383773917408642,8.1605,8.0412,6.6562,7.495571428571429,7.062036666666667
2019-07-23,8.3136,11.59,34.57,25.17,1.63,0.2,7,204,2,-0.4999999999999997,-0.8660254037844388,-0.3617137307297674,-0.9322892131745134,7.5804,8.1605,7.9159,7.6276,7.0856433333333335
2019-07-24,7.9366,13.24,34.52,55.18,1.33,1.66,7,205,2,-0.4999999999999997,-0.8660254037844388,-0.37770796520396466,-0.9259247771938499,8.3136,7.5804,8.6618,7.684414285714285,7.13493
2019-07-25,7.3668,10.36,59.07,74.96,0.91,3.48,7,206,2,-0.4999999999999997,-0.8660254037844388,-0.39359027665646645,-0.9192859697186105,7.9366,8.3136,8.0107,7.580814285714285,7.226146666666667
2019-07-26,5.2241,8.96,69.1,91.06,1.75,4.24,7,207,2,-0.4999999999999997,-0.8660254037844388,-0.4093559588156211,-0.9123747579707274,7.3668,7.9366,5.0227,7.488828571428572,7.285986666666667
2019-07-27,4.6277,8.35,70.68,84.71,1.94,2.1,7,208,2,-0.4999999999999997,-0.8660254037844388,-0.42500033996955394,-0.9051931898913975,5.2241,7.3668,8.0412,7.5176,7.26653
2019-07-28,5.5819,10.21,66.09,96.87,2.2,3.54,7,209,2,-0.4999999999999997,-0.8660254037844388,-0.4405187843504952,-0.8977433935342336,4.6277,5.2241,8.1605,7.029957142857143,7.18809
2019-07-29,6.0302,11.02,66.6,72.97,1.56,1.19,7,210,2,-0.4999999999999997,-0.8660254037844388,-0.455906693508459,-0.8900275764346766,5.5819,4.6277,7.5804,6.661585714285714,7.14576
2019-07-30,7.5895,13.12,61.29,32.05,1.66,0.13,7,211,2,-0.4999999999999997,-0.8660254037844388,-0.47115950767386394,-0.8820480249558535,6.0302,5.5819,8.3136,6.440128571428572,7.069213333333333
2019-07-31,7.3466,13.08,55.78,66.41,1.75,2.68,7,212,2,-0.4999999999999997,-0.8660254037844388,-0.4862727071086902,-0.8738071036110807,7.5895,6.0302,7.9366,6.336685714285714,7.113756666666666
2019-08-01,6.115,12.17,50.56,84.15,1.59,1.55,8,213,2,-0.8660254037844384,-0.5000000000000004,-0.5012418134457756,-0.8653072543632061,7.3466,7.5895,7.3668,6.252400000000001,7.09565
2019-08-02,4.7777,7.31,65.66,93.52,0.86,1.7,8,214,2,-0.8660254037844384,-0.5000000000000004,-0.5160623910158526,-0.8565509959010037,6.115,7.3466,5.2241,6.073571428571428,7.047626666666667
2019-08-03,5.5802,9.72,60.77,79.31,1.53,0.11,8,215,2,-0.8660254037844384,-0.5000000000000004,-0.5307300481619331,-0.8475409228928312,4.7777,6.115,4.6277,6.009799999999999,6.916219999999999
2019-08-04,6.667,10.58,56.44,61.87,1.49,0.77,8,216,2,-0.8660254037844384,-0.5000000000000004,-0.5452404385406507,-0.8382797052177745,5.5802,4.7777,5.5819,6.145871428571428,6.842420000000001
2019-08-05,6.4294,11.46,49.07,63.05,1.41,0.76,8,217,2,-0.8660254037844384,-0.5000000000000004,-0.5595892624101763,-0.828770087174504,6.667,5.5802,6.0302,6.300885714285714,6.862173333333334
2019-08-06,7.2367,11.33,44.09,57.23,1.87,3.21,8,218,2,-0.8660254037844384,-0.5000000000000004,-0.5737722679043243,-0.8190148866680802,6.4294,6.667,7.5895,6.357914285714286,6.8556
2019-08-07,6.7399,10.58,48.04,71.85,1.52,2.85,8,219,2,-0.8660254037844384,-0.5000000000000004,-0.5877852522924734,-0.8090169943749472,7.2367,6.4294,7.3466,6.307514285714285,6.868206666666667
2019-08-08,7.5293,12.53,45.59,64.73,1.44,0.33,8,220,2,-0.8660254037844384,-0.5000000000000004,-0.6016240632249227,-0.7987793728863648,6.7399,7.2367,6.115,6.2208428571428565,6.827743333333332
2019-08-09,6.0826,12.68,47.79,82.84,1.65,0.9,8,221,2,-0.8660254037844384,-0.5000000000000004,-0.6152845999633277,-0.7883050558305253,7.5293,6.7399,4.7777,6.422885714285714,6.824896666666666
2019-08-10,4.7892,10.18,64.38,87.81,2.25,2.1,8,222,2,-0.8660254037844384,-0.5000000000000004,-0.6287628145958345,-0.7775971469736268,6.0826,7.5293,5.5802,6.609299999999999,6.801576666666667
2019-08-11,5.2394,11.03,63.88,85.57,1.98,1.22,8,223,2,-0.8660254037844384,-0.5000000000000004,-0.6420547132365636,-0.7666588193001592,4.7892,6.0826,6.667,6.4963,6.734336666666667
2019-08-12,6.7829,11.82,58.94,42.99,1.66,1.81,8,224,2,-0.8660254037844384,-0.5000000000000004,-0.655156357209085,-0.7554933140726804,5.2394,4.7892,6.4294,6.292357142857143,6.690863333333334
2019-08-13,6.1567,12.11,52.62,89.94,1.42,1.21,8,225,2,-0.8660254037844384,-0.5000000000000004,-0.6680638642135333,-0.7441039398713608,6.7829,5.2394,7.2367,6.3428571428571425,6.6796
2019-08-14,3.7644,9.85,66.27,94.59,1.98,0.86,8,226,2,-0.8660254037844384,-0.5000000000000004,-0.6807734094770159,-0.7324940716135792,6.1567,6.7829,6.7399,6.188571428571429,6.67308
2019-08-15,5.664,10.68,60.53,77.49,2.22,0.44,8,227,2,-0.8660254037844384,-0.5000000000000004,-0.6932812268869771,-0.7206671495538615,3.7644,6.1567,7.5293,5.7635000000000005,6.576686666666666
2019-08-16,6.0005,10.06,53.29,79.46,2.05,1.46,8,228,2,-0.8660254037844384,-0.5000000000000004,-0.7055836101071774,-0.70862667826446,5.664,3.7644,6.0826,5.497028571428571,6.501623333333333
2019-08-17,3.539,7.07,66.18,89.14,2.13,9.16,8,229,2,-0.8660254037844384,-0.5000000000000004,-0.7176769136759615,-0.6963762255968726,6.0005,5.664,4.7892,5.4853000000000005,6.412913333333334
2019-08-18,6.3701,4.85,66.24,70.43,1.68,3.92,8,230,2,-0.8660254037844384,-0.5000000000000004,-0.7295575540864876,-0.6839194216246104,3.539,6.0005,5.2394,5.3067,6.263856666666666
2019-08-19,3.7306,5.03,58.32,81.37,2.24,1.2,8,231,2,-0.8660254037844384,-0.5000000000000004,-0.7412220108485957,-0.6712599575675315,6.3701,3.539,6.7829,5.468228571428571,6.30877
2019-08-20,6.0384,4.8,46.66,52.36,2.2,0.1,8,232,2,-0.8660254037844384,-0.5000000000000004,-0.7526668275320083,-0.6584015846980489,3.7306,6.3701,6.1567,5.032185714285714,6.1650833333333335
2019-08-21,6.6026,5.51,40.33,53.11,1.71,0.2,8,233,2,-0.8660254037844384,-0.5000000000000004,-0.7638886127905429,-0.64534811322955,6.0384,3.7306,3.7644,5.015285714285715,6.094346666666667
2019-08-22,7.1875,6.81,36.48,40.69,1.65,0.03,8,234,2,-0.8660254037844384,-0.5000000000000004,-0.7748840413670406,-0.6321034111873488,6.6026,6.0384,5.664,5.420742857142857,6.061753333333333
2019-08-23,6.6007,8.01,44.3,43.31,1.68,0.0,8,235,2,-0.8660254037844384,-0.5000000000000004,-0.7856498550787144,-0.6186714032625032,7.1875,6.6026,6.0005,5.638385714285714,6.024216666666666
2019-08-24,7.2209,9.09,55.3,50.75,1.89,0.29,8,236,2,-0.8660254037844384,-0.5000000000000004,-0.7961828637826154,-0.6050560696488494,6.6007,7.1875,3.539,5.7241285714285715,5.979686666666666
2019-08-25,6.6065,9.27,49.64,45.32,1.79,1.05,8,237,2,-0.8660254037844384,-0.5000000000000004,-0.8064799463209447,-0.5912614448635782,7.2209,6.6007,6.3701,6.250114285714287,5.974823333333333
2019-08-26,5.8433,9.23,47.44,58.79,1.55,1.29,8,238,2,-0.8660254037844384,-0.5000000000000004,-0.8165380514459157,-0.5772916165517278,6.6065,7.2209,3.7306,6.283885714285715,6.020903333333334
2019-08-27,6.469,9.84,61.33,59.51,1.75,0.1,8,239,2,-0.8660254037844384,-0.5000000000000004,-0.8263541987239094,-0.5631507242749187,5.8433,6.6065,6.0384,6.5857,6.061423333333334
2019-08-28,5.3426,9.58,62.85,85.76,1.53,0.14,8,240,2,-0.8660254037844384,-0.5000000000000004,-0.8359254794186365,-0.5488429582847199,6.469,5.8433,6.6026,6.647214285714285,6.090993333333333
2019-08-29,6.1502,10.14,55.6,58.14,1.64,0.34,8,241,2,-0.8660254037844384,-0.5000000000000004,-0.8452490573530634,-0.5343725582809785,5.3426,6.469,7.1875,6.467214285714285,6.068073333333333
2019-08-30,4.9258,10.36,58.26,69.99,1.61,1.03,8,242,2,-0.8660254037844384,-0.5000000000000004,-0.8543221697498269,-0.5197438121555157,6.1502,5.3426,6.6007,6.319028571428572,6.020096666666666
2019-08-31,4.7352,9.8,60.57,86.1,2.11,0.12,8,243,2,-0.8660254037844384,-0.5000000000000004,-0.8631421280499115,-0.5049610547215202,4.9258,6.1502,7.2209,6.079757142857142,5.939403333333333
2019-09-01,5.1446,8.92,54.03,93.59,2.18,0.13,9,244,2,-1.0,-1.8369701987210297e-16,-0.8717063187093217,-0.4900286664290594,4.7352,4.9258,6.6065,5.724657142857142,5.89341
2019-09-02,5.532,8.74,55.73,65.53,1.75,0.0,9,245,2,-1.0,-1.8369701987210297e-16,-0.8800122039735356,-0.4749510720670502,5.1446,4.7352,5.8433,5.515814285714286,5.905640000000001
2019-09-03,7.2425,9.26,48.81,21.16,1.61,0.02,9,246,2,-1.0,-1.8369701987210297e-16,-0.888057322629493,-0.4597327394521046,5.532,5.1446,6.469,5.471342857142857,5.904033333333333
2019-09-04,7.2943,8.61,48.26,15.7,1.75,0.12,9,247,2,-1.0,-1.8369701987210297e-16,-0.8958392907349089,-0.4443781781046134,7.2425,5.532,5.3426,5.581842857142857,5.923216666666666
2019-09-05,7.2382,8.35,52.62,22.5,1.97,2.32,9,248,2,-1.0,-1.8369701987210297e-16,-0.9033558023246842,-0.4288919379124841,7.2943,7.2425,6.1502,5.860657142857143,5.952046666666666
2019-09-06,7.1558,7.52,51.06,15.01,2.24,0.0,9,249,2,-1.0,-1.8369701987210297e-16,-0.9106046300942162,-0.41327860778290443,7.2382,7.2943,4.9258,6.016085714285714,5.952096666666666
2019-09-07,6.006,5.98,47.45,55.65,2.33,0.03,9,250,2,-1.0,-1.8369701987210297e-16,-0.9175836260593934,-0.3975428142825566,7.1558,7.2382,4.7352,6.334657142857144,5.96596
2019-09-08,7.1191,5.8,44.65,21.77,1.96,0.81,9,251,2,-1.0,-1.8369701987210297e-16,-0.9242907221930934,-0.3816892202666586,6.006,7.1558,5.1446,6.5161999999999995,5.915183333333333
2019-09-09,7.301,6.52,38.34,11.19,1.75,0.0,9,252,2,-1.0,-1.8369701987210297e-16,-0.9307239310379793,-0.3657225234972692,7.1191,6.006,5.532,6.798271428571428,5.949733333333333
2019-09-10,7.3056,6.4,28.21,12.64,2.36,0.0,9,253,2,-1.0,-1.8369701987210297e-16,-0.9368813462954315,-0.34964745525122826,7.301,7.1191,7.2425,7.050985714285715,6.03346
2019-09-11,7.3402,5.57,32.51,12.83,2.22,0.4,9,254,2,-1.0,-1.8369701987210297e-16,-0.9427611433904206,-0.33346877891818705,7.3056,7.301,7.2943,7.0600000000000005,6.102333333333334
2019-09-12,7.1911,5.88,36.09,16.25,2.42,0.0,9,255,2,-1.0,-1.8369701987210297e-16,-0.9483615800121716,-0.31719128858910595,7.3402,7.3056,7.2382,7.066557142857143,6.120909999999999
2019-09-13,6.7918,5.3,48.25,22.46,2.12,0.41,9,256,2,-1.0,-1.8369701987210297e-16,-0.9536809966304455,-0.300819807635668,7.1911,7.3402,7.1558,7.0598285714285725,6.15539
2019-09-14,6.8114,5.34,50.29,17.39,2.14,0.11,9,257,2,-1.0,-1.8369701987210297e-16,-0.9587178169872964,-0.2843591872810036,6.7918,7.1911,6.006,7.007828571428573,6.256303333333333
2019-09-15,6.6149,4.36,54.07,19.24,2.34,0.78,9,258,2,-1.0,-1.8369701987210297e-16,-0.9634705485641486,-0.26781430516217486,6.8114,6.7918,7.1191,7.122885714285714,6.29455
2019-09-16,6.7162,2.78,63.8,24.48,2.55,2.11,9,259,2,-1.0,-1.8369701987210297e-16,-0.9679377830240642,-0.25119006388481957,6.6149,6.8114,7.301,7.050857142857143,6.315029999999999
2019-09-17,4.5686,1.67,53.35,51.27,2.34,0.12,9,260,2,-1.0,-1.8369701987210297e-16,-0.9721181966290612,-0.23449138957041052,6.7162,6.6149,7.3056,6.967314285714286,6.420936666666667
2019-09-18,6.7651,2.68,26.08,15.19,1.45,0.0,9,261,2,-1.0,-1.8369701987210297e-16,-0.9760105506323682,-0.21772323039653224,4.5686,6.7162,7.3402,6.576314285714285,6.3608866666666675
2019-09-19,6.8069,4.62,20.28,13.38,1.37,0.03,9,262,2,-1.0,-1.8369701987210297e-16,-0.9796136916454901,-0.20089055513063528,6.7651,4.5686,7.1911,6.4941571428571425,6.462036666666666
2019-09-20,5.6321,4.08,45.86,38.41,1.2,1.84,9,263,2,-1.0,-1.8369701987210297e-16,-0.9829265519799822,-0.18399835165767986,6.8069,6.7651,6.7918,6.439271428571429,6.487653333333332
2019-09-21,4.554,3.25,58.77,77.17,1.55,0.11,9,264,2,-1.0,-1.8369701987210297e-16,-0.9859481499638303,-0.1670516255021195,5.6321,6.8069,6.8114,6.2736,6.455303333333333
2019-09-22,6.1032,4.18,36.45,22.57,1.4,0.39,9,265,2,-1.0,-1.8369701987210297e-16,-0.9886775902323404,-0.15005539834465262,4.554,5.6321,6.6149,5.951114285714285,6.36752
2019-09-23,6.6588,5.23,19.95,15.2,1.52,0.8,9,266,2,-1.0,-1.8369701987210297e-16,-0.9911140639934546,-0.13301470653419636,6.1032,4.554,6.7162,5.878014285714285,6.350936666666668
2019-09-24,6.4109,6.6,17.11,14.0,1.42,0.0,9,267,2,-1.0,-1.8369701987210297e-16,-0.9932568492674143,-0.11593459959550066,6.6588,6.1032,4.5686,5.869814285714286,6.3322
2019-09-25,6.4008,6.92,22.43,14.97,1.44,0.0,9,268,2,-1.0,-1.8369701987210297e-16,-0.9951053111006974,-0.09882013873287211,6.4109,6.6588,6.7651,6.133000000000001,6.32568
2019-09-26,5.9834,6.18,48.3,17.81,1.63,1.15,9,269,2,-1.0,-1.8369701987210297e-16,-0.99665890175417,-0.08167639533042288,6.4008,6.4109,6.8069,6.080957142857143,6.344263333333333
2019-09-27,5.6438,5.86,44.48,45.4,1.58,4.38,9,270,2,-1.0,-1.8369701987210297e-16,-0.9979171608653922,-0.06450844944931625,5.9834,6.4008,5.6321,5.963314285714286,6.328076666666666
2019-09-28,4.9054,4.99,39.94,71.53,1.51,0.15,9,271,2,-1.0,-1.8369701987210297e-16,-0.9988797155850335,-0.04732138832243232,5.6438,5.9834,4.554,5.964985714285715,6.338116666666666
2019-09-29,4.1378,3.28,63.8,85.69,1.44,1.85,9,272,2,-1.0,-1.8369701987210297e-16,-0.9995462806873573,-0.03012030484690836,4.9054,5.6438,6.1032,6.015185714285715,6.296623333333333
2019-09-30,4.363,2.38,64.43,65.79,1.95,2.67,9,273,2,-1.0,-1.8369701987210297e-16,-0.9999166586547379,-0.012910296075008843,4.1378,4.9054,6.6588,5.734414285714286,6.270356666666667
2019-10-01,3.9698,1.52,54.6,70.94,2.26,1.53,10,274,3,-0.8660254037844386,0.5000000000000001,-0.9999907397361901,0.004303538296243821,4.363,4.1378,6.4109,5.406442857142857,6.257949999999999
2019-10-02,4.8598,0.71,55.6,34.72,1.84,0.19,10,275,3,-0.8660254037844386,0.5000000000000001,-0.9997685019798909,0.021516097436222233,3.9698,4.363,6.4008,5.057714285714285,6.218789999999999
2019-10-03,4.4453,-0.31,56.08,75.2,1.6,3.36,10,276,3,-0.8660254037844386,0.5000000000000001,-0.9992500112396835,0.03872228089217399,4.8598,3.9698,5.9834,4.837571428571429,6.196383333333333
2019-10-04,3.5976,-2.1,70.28,93.08,1.68,1.04,10,277,3,-0.8660254037844386,0.5000000000000001,-0.9984354211555643,0.05591699010060302,4.4453,4.8598,5.6438,4.617842857142857,6.103143333333334
2019-10-05,4.0385,-1.08,58.04,75.44,1.6,0.05,10,278,3,-0.8660254037844386,0.5000000000000001,-0.9973249731081555,0.07309512989807776,3.5976,4.4453,4.9054,4.325528571428571,5.979920000000001
2019-10-06,4.4976,0.37,48.03,74.31,1.83,0.68,10,279,3,-0.8660254037844386,0.5000000000000001,-0.9959189961471792,0.0902516100310407,4.0385,3.5976,4.1378,4.2016857142857145,5.873263333333333
2019-10-07,2.8229,-0.44,59.62,86.97,2.14,0.83,10,280,3,-0.8660254037844386,0.5000000000000001,-0.994217906893952,0.10738134666416306,4.4976,4.0385,4.363,4.253085714285715,5.784656666666667
2019-10-08,3.7445,-0.7,51.44,46.15,1.87,0.0,10,281,3,-0.8660254037844386,0.5000000000000001,-0.9922222094179324,0.12447926388678869,2.8229,4.4976,3.9698,4.033071428571429,5.678553333333334
2019-10-09,3.1138,-1.73,56.61,54.05,2.27,0.54,10,282,3,-0.8660254037844386,0.5000000000000001,-0.989932495087353,0.141540295217043,3.7445,2.8229,4.8598,4.000885714285714,5.566066666666667
2019-10-10,4.6949,-1.34,40.14,28.17,1.49,0.0,10,283,3,-0.8660254037844386,0.5000000000000001,-0.9873494423939864,0.15855938510313475,3.1138,3.7445,4.4453,3.7514571428571424,5.426493333333334
2019-10-11,5.2706,-0.38,38.28,26.37,1.77,0.0,10,284,3,-0.8660254037844386,0.5000000000000001,-0.9844738167520923,0.17553149042142777,4.6949,3.1138,3.5976,3.7871142857142854,5.33947
2019-10-12,4.7611,-0.87,46.69,24.08,1.18,0.0,10,285,3,-0.8660254037844386,0.5000000000000001,-0.9813064702716093,0.19245158197082995,5.2706,4.6949,4.0385,4.026114285714286,5.270483333333333
2019-10-13,5.1667,0.17,35.0,25.5,1.28,0.0,10,286,3,-0.8660254037844386,0.5000000000000001,-0.9778483415056567,0.20931464596304888,4.7611,5.2706,4.4976,4.129342857142857,5.189483333333333
2019-10-14,5.369,-0.35,30.62,24.44,1.35,0.08,10,287,3,-0.8660254037844386,0.5000000000000001,-0.9741004551724206,0.22611568550828803,5.1667,4.7611,2.8229,4.224928571428571,5.135313333333333
2019-10-15,4.7472,0.02,33.42,21.55,1.23,0.48,10,288,3,-0.8660254037844386,0.5000000000000001,-0.970063921851507,0.2428497220959358,5.369,5.1667,3.7445,4.5886571428571425,5.087233333333334
2019-10-16,5.1214,0.29,25.54,27.78,1.15,0.04,10,289,3,-0.8660254037844386,0.5000000000000001,-0.965739937654855,0.25951179706979943,4.7472,5.369,3.1138,4.7319,5.024976666666666
2019-10-17,4.1393,-0.77,53.19,76.45,1.5,2.6,10,290,3,-0.8660254037844386,0.5000000000000001,-0.9611297838723007,0.27609697309746883,5.1214,4.7472,4.6949,5.0187,4.971816666666666
2019-10-18,3.3557,-3.08,53.66,90.43,1.75,3.19,10,291,3,-0.8660254037844386,0.5000000000000001,-0.9562348265919058,0.2926003356333479,4.1393,5.1214,5.2706,4.939328571428571,4.957506666666666
2019-10-19,2.9772,-4.15,52.61,81.59,1.81,0.12,10,292,3,-0.8660254037844386,0.5000000000000001,-0.9510565162951536,0.30901699437494723,3.3557,4.1393,4.7611,4.665771428571428,4.84386
2019-10-20,3.1106,-4.49,53.85,51.56,1.7,0.0,10,293,3,-0.8660254037844386,0.5000000000000001,-0.9455963874271428,0.3253420847119795,2.9772,3.3557,5.1667,4.410928571428571,4.716203333333334
2019-10-21,3.3797,-4.07,48.03,60.68,2.25,0.0,10,294,3,-0.8660254037844386,0.5000000000000001,-0.9398560579418953,0.341570769167856,3.1106,2.9772,5.369,4.1171999999999995,4.632153333333334
2019-10-22,4.001,-4.1,48.65,64.2,2.35,0.0,10,295,3,-0.8660254037844386,0.5000000000000001,-0.9338372288229252,0.35769823883312546,3.3797,3.1106,4.7472,3.8330142857142855,4.5930100000000005
2019-10-23,2.9707,-4.39,51.96,82.88,2.27,0.0,10,296,3,-0.8660254037844386,0.5000000000000001,-0.9275416835791965,0.3737197147904692,4.001,3.3797,5.1214,3.7264142857142857,4.522936666666666
2019-10-24,3.4726,-4.49,51.27,66.91,2.03,0.0,10,297,3,-0.8660254037844386,0.5000000000000001,-0.9209712877166347,0.38963044953078774,2.9707,4.001,4.1393,3.4191714285714285,4.4
2019-10-25,3.312,-4.63,49.68,63.59,2.15,0.0,10,298,3,-0.8660254037844386,0.5000000000000001,-0.9141279881853337,0.4054257283599973,3.4726,2.9707,3.3557,3.323928571428571,4.302056666666667
2019-10-26,3.4277,-4.26,49.18,38.34,1.83,0.0,10,299,3,-0.8660254037844386,0.5000000000000001,-0.9070138128026362,0.42110087079608916,3.312,3.4726,2.9772,3.3176857142857146,4.199096666666667
2019-10-27,4.3032,-3.03,42.28,39.58,1.51,0.0,10,300,3,-0.8660254037844386,0.5000000000000001,-0.8996308696522434,0.4366512319560638,3.4277,3.312,3.1106,3.382042857142857,4.113906666666667
2019-10-28,4.1275,-2.08,42.69,35.48,1.88,0.0,10,301,3,-0.8660254037844386,0.5000000000000001,-0.8919813464595487,0.45207220393230374,4.3032,3.4277,3.3797,3.5524142857142857,4.06922
2019-10-29,4.4767,-1.9,45.87,32.78,1.54,0.0,10,302,3,-0.8660254037844386,0.5000000000000001,-0.8840675099433637,0.46735921715800205,4.1275,4.3032,4.001,3.6592428571428575,4.04329
2019-10-30,4.2137,-2.48,52.78,38.92,1.52,0.0,10,303,3,-0.8660254037844386,0.5000000000000001,-0.8758917051442433,0.48250774176121763,4.4767,4.1275,2.9707,3.7272000000000003,4.054586666666667
2019-10-31,3.2388,-3.35,54.94,41.18,1.36,0.0,10,304,3,-0.8660254037844386,0.5000000000000001,-0.8674563547295971,0.4975132889071803,4.2137,4.4767,3.4726,3.904771428571429,4.04961
2019-11-01,3.6151,-3.12,47.1,65.61,1.58,0.0,11,305,3,-0.5000000000000004,0.8660254037844384,-0.858763958275803,0.5123714121284235,3.2388,4.2137,3.312,3.871371428571429,4.025243333333333
2019-11-02,3.7462,-3.63,60.22,90.31,1.8,0.0,11,306,3,-0.5000000000000004,0.8660254037844384,-0.8498170915275277,0.5270777086423724,3.6151,3.2388,3.4277,3.9146714285714284,3.9837533333333335
2019-11-03,3.1519,-3.7,64.93,87.19,1.89,4.02,11,307,3,-0.5000000000000004,0.8660254037844384,-0.8406184056344783,0.5416278206559811,3.7462,3.6151,4.3032,3.960171428571429,3.9604500000000002
2019-11-04,3.6454,-4.87,58.34,69.07,2.33,0.56,11,308,3,-0.5000000000000004,0.8660254037844384,-0.8311706263658079,0.5560174366570446,3.1519,3.7462,4.1275,3.7957,3.9455933333333335
2019-11-05,3.8654,-6.39,54.96,60.27,2.39,0.0,11,309,3,-0.5000000000000004,0.8660254037844384,-0.8214765533024145,0.5702422926917867,3.6454,3.1519,4.4767,3.726828571428572,3.93249
2019-11-06,2.1698,-7.08,49.28,87.93,3.45,5.48,11,310,3,-0.5000000000000004,0.8660254037844384,-0.8115390590073611,0.5842981736283683,3.8654,3.6454,4.2137,3.6394999999999995,3.9114166666666668
2019-11-07,3.5054,-9.34,71.72,72.1,2.07,25.37,11,311,3,-0.5000000000000004,0.8660254037844384,-0.801361088174677,0.5981809144059159,2.1698,3.8654,3.2388,3.347514285714286,3.8896466666666667
2019-11-08,2.2363,-12.82,80.79,84.98,1.63,8.42,11,312,3,-0.5000000000000004,0.8660254037844384,-0.7909456567567774,0.6118864012687242,3.5054,2.1698,3.6151,3.3855999999999997,3.8816766666666664
2019-11-09,4.3618,-18.24,84.66,48.65,1.51,1.61,11,313,3,-0.5000000000000004,0.8660254037844384,-0.780295851070776,0.6254105729852457,2.2363,3.5054,3.7462,3.188628571428571,3.8524266666666667
2019-11-10,4.5199,-19.46,76.68,33.98,1.49,0.0,11,314,3,-0.5000000000000004,0.8660254037844384,-0.7694148268839381,0.6387494220515268,4.3618,2.2363,3.1519,3.2765714285714287,3.8413233333333334
2019-11-11,2.9004,-17.17,82.15,83.75,1.52,0.0,11,315,3,-0.5000000000000004,0.8660254037844384,-0.7583058084785625,0.6518989958787125,4.5199,4.3618,3.6454,3.4720000000000004,3.8163
2019-11-12,1.7966,-11.0,83.29,94.74,1.41,0.0,11,316,3,-0.5000000000000004,0.8660254037844384,-0.7469720876965551,0.6648553979642866,2.9004,4.5199,3.8654,3.365571428571428,3.7542766666666667
2019-11-13,2.9179,-11.77,78.5,91.69,1.65,0.01,11,317,3,-0.5000000000000004,0.8660254037844384,-0.7354170229639858,0.6776147890466887,1.7966,2.9004,2.1698,3.0700285714285718,3.64194
2019-11-14,2.4566,-10.09,88.12,95.81,1.42,0.93,11,318,3,-0.5000000000000004,0.8660254037844384,-0.7236440382959124,0.690173388242972,2.9179,1.7966,3.5054,3.1769,3.5602366666666665
2019-11-15,1.8187,-10.44,90.17,93.11,1.84,1.28,11,319,3,-0.5000000000000004,0.8660254037844384,-0.711656622281775,0.7025274741691566,2.4566,2.9179,2.2363,3.0270714285714284,3.4838833333333334
2019-11-16,1.6284,-9.52,86.63,83.26,2.04,4.74,11,320,3,-0.5000000000000004,0.8660254037844384,-0.6994583270516471,0.7146733860429608,1.8187,2.4566,4.3618,2.9674142857142853,3.3737933333333334
2019-11-17,3.425,-12.97,85.15,72.03,1.25,0.24,11,321,3,-0.5000000000000004,0.8660254037844384,-0.6870527672236675,0.7266075247685652,1.6284,1.8187,4.5199,2.5769285714285717,3.2900966666666664
2019-11-18,3.8393,-16.89,79.46,52.54,1.49,0.0,11,322,3,-0.5000000000000004,0.8660254037844384,-0.6744436188329457,0.7383263540031063,3.425,1.6284,2.9004,2.420514285714286,3.2924066666666665
2019-11-19,4.0644,-16.52,72.57,52.03,1.41,0.0,11,323,3,-0.5000000000000004,0.8660254037844384,-0.661634618242279,0.749826401204568,3.8393,3.425,1.7966,2.554642857142857,3.3211433333333336
2019-11-20,2.3863,-12.46,69.28,91.08,1.24,0.0,11,324,3,-0.5000000000000004,0.8660254037844384,-0.6486295610349818,0.7611042586607742,4.0644,3.8393,2.9179,2.8786142857142853,3.3529366666666665
2019-11-21,2.0244,-11.87,87.12,93.83,1.83,0.15,11,325,3,-0.5000000000000004,0.8660254037844384,-0.6354323008901775,0.7721565844991641,2.3863,4.0644,2.4566,2.8026714285714283,3.3198233333333333
2019-11-22,1.5542,-8.76,91.8,96.25,1.93,9.79,11,326,3,-0.5000000000000004,0.8660254037844384,-0.622046748440868,0.7829801036770624,2.0244,2.3863,1.8187,2.7409285714285714,3.2539366666666667
2019-11-23,2.5534,-9.49,86.48,72.03,2.0,4.74,11,327,3,-0.5000000000000004,0.8660254037844384,-0.6084768701151264,0.7935716089521472,1.5542,2.0244,1.6284,2.7031428571428573,3.20672
2019-11-24,2.9904,-19.09,79.26,60.52,2.13,0.02,11,328,3,-0.5000000000000004,0.8660254037844384,-0.594726686960764,0.8039279618328208,2.5534,1.5542,3.425,2.835285714285714,3.17608
2019-11-25,2.6448,-20.65,85.2,84.32,2.06,0.0,11,329,3,-0.5000000000000004,0.8660254037844384,-0.5808002734538013,0.8140460935082175,2.9904,2.5534,3.8393,2.7732,3.16536
2019-11-26,2.1554,-18.94,81.21,93.88,1.84,0.95,11,330,3,-0.5000000000000004,0.8660254037844384,-0.5667017562911184,0.8239230057575536,2.6448,2.9904,4.0644,2.602557142857143,3.1392633333333335
2019-11-27,2.0933,-14.17,75.27,93.38,2.08,6.5,11,331,3,-0.5000000000000004,0.8660254037844384,-0.5524353131676203,0.8335557718385695,2.1554,2.6448,2.3863,2.3298428571428573,3.06767
2019-11-28,1.8571,-15.64,78.65,98.74,2.11,13.91,11,332,3,-0.5000000000000004,0.8660254037844384,-0.5380051715382992,0.8429415373547832,2.0933,2.1554,2.0244,2.2879857142857145,2.9998633333333333
2019-11-29,1.5816,-18.41,88.4,79.43,1.62,3.41,11,333,3,-0.5000000000000004,0.8660254037844384,-0.5234156073655503,0.8520775211013093,1.8571,2.0933,1.5542,2.2640857142857143,2.9125433333333333
2019-11-30,3.5174,-23.5,83.35,48.18,1.44,0.04,11,334,3,-0.5000000000000004,0.8660254037844384,-0.5086709438521042,0.8609610158889945,1.5816,1.8571,2.5534,2.2680000000000002,2.8248066666666665
2019-12-01,3.648,-21.37,84.6,30.28,1.48,0.0,12,335,0,-2.4492935982947064e-16,1.0,-0.49377555015997737,0.8695893893466109,3.5174,1.5816,2.9904,2.4057142857142857,2.834093333333333
2019-12-02,3.5098,-21.64,90.41,39.13,1.17,0.0,12,336,0,-2.4492935982947064e-16,1.0,-0.4787338401157883,0.8779600847008883,3.648,3.5174,2.6448,2.4996571428571426,2.83519
2019-12-03,3.8957,-23.06,79.52,28.34,1.47,0.0,12,337,0,-2.4492935982947064e-16,1.0,-0.4635502709028512,0.8860706215341378,3.5098,3.648,2.1554,2.6232285714285717,2.8273099999999998
2019-12-04,3.7258,-20.57,79.28,29.27,1.5,0.0,12,338,0,-2.4492935982947064e-16,1.0,-0.4482293417404106,0.893918596519257,3.8957,3.5098,2.0933,2.8718428571428567,2.852103333333333
2019-12-05,3.6792,-21.13,82.06,32.34,1.66,0.0,12,339,0,-2.4492935982947064e-16,1.0,-0.4327755925504317,0.9015016841318838,3.7258,3.8957,1.8571,3.1050571428571425,2.8547833333333332
2019-12-06,3.5227,-20.9,85.19,41.84,1.39,0.0,12,340,0,-2.4492935982947064e-16,1.0,-0.41719360261231697,0.9088176373395028,3.6792,3.7258,1.5816,3.365357142857143,2.8485766666666663
2019-12-07,3.6504,-20.82,79.7,34.69,1.32,0.0,12,341,0,-2.4492935982947064e-16,1.0,-0.4014879892059737,0.9158642882672868,3.5227,3.6792,3.5174,3.642657142857143,2.893673333333333
2019-12-08,3.7865,-20.25,71.31,29.42,1.33,0.0,12,342,0,-2.4492935982947064e-16,1.0,-0.38566340624360745,0.9226395488404875,3.6504,3.5227,3.648,3.6616571428571425,2.898506666666667
2019-12-09,2.7362,-17.24,75.83,74.35,1.34,0.0,12,343,0,-2.4492935982947064e-16,1.0,-0.3697245428906732,0.9291414114031743,3.7865,3.6504,3.5098,3.6814428571428572,2.9501800000000005
2019-12-10,1.5314,-16.15,94.45,85.85,1.38,0.0,12,344,0,-2.4492935982947064e-16,1.0,-0.35367612217637207,0.935367949313148,2.7362,3.7865,3.8957,3.570928571428571,2.8959933333333336
2019-12-11,1.4434,-14.95,83.81,91.82,2.03,0.68,12,345,0,-2.4492935982947064e-16,1.0,-0.33752289959411347,0.941317317512847,1.5314,2.7362,3.7258,3.2331714285714286,2.7963766666666667
2019-12-12,1.6963,-14.94,91.16,93.86,1.33,19.21,12,346,0,-2.4492935982947064e-16,1.0,-0.32126966169236515,0.9469877530760751,1.4434,1.5314,3.6792,2.907114285714286,2.7478100000000003
2019-12-13,0.9842,-13.75,88.71,97.6,1.24,23.95,12,347,0,-2.4492935982947064e-16,1.0,-0.3049212246562894,0.9523775757303973,1.6963,1.4434,3.5227,2.6238428571428574,2.744466666666667
2019-12-14,1.9037,-19.87,86.72,82.0,1.86,1.89,12,348,0,-2.4492935982947064e-16,1.0,-0.2884824328806098,0.9574851883550389,0.9842,1.6963,3.6504,2.2611999999999997,2.6800100000000002
2019-12-15,2.8778,-28.05,93.67,44.37,1.7,0.0,12,349,0,-2.4492935982947064e-16,1.0,-0.27195815753410524,0.9623090774541487,1.9037,0.9842,3.7865,2.0116714285714283,2.66158
2019-12-16,3.4128,-28.57,87.43,28.6,1.5,0.0,12,350,0,-2.4492935982947064e-16,1.0,-0.2553532951161881,0.9668478136052773,2.8778,1.9037,2.7362,1.881857142857143,2.696883333333333
2019-12-17,3.4579,-28.35,90.51,31.03,1.38,0.0,12,351,0,-2.4492935982947064e-16,1.0,-0.23867276600594997,0.9711000518829505,3.4128,2.8778,1.5314,1.9785142857142854,2.7563633333333333
2019-12-18,1.9459,-20.11,89.37,73.04,1.49,0.0,12,352,0,-2.4492935982947064e-16,1.0,-0.22192151300416674,0.9750645322571945,3.4579,3.4128,1.4434,2.2537285714285713,2.7574600000000005
2019-12-19,1.6961,-14.29,89.77,89.47,2.68,0.0,12,353,0,-2.4492935982947064e-16,1.0,-0.20510449986861926,0.9787400799669153,1.9459,3.4579,1.6963,2.3255142857142856,2.6943466666666667
2019-12-20,1.4004,-17.1,89.24,84.52,1.64,3.81,12,354,0,-2.4492935982947064e-16,1.0,-0.1882267098432439,0.9821256058680006,1.6961,1.9459,0.9842,2.3254857142857146,2.6154033333333335
2019-12-21,2.3966,-22.67,94.21,61.86,1.47,0.31,12,355,0,-2.4492935982947064e-16,1.0,-0.1712931441814778,0.9852201067560606,1.4004,1.6961,1.9037,2.384942857142857,2.58254
2019-12-22,3.3859,-25.56,91.5,40.26,1.51,0.02,12,356,0,-2.4492935982947064e-16,1.0,-0.154308820664281,0.9880226656636976,2.3966,1.4004,2.8778,2.455357142857143,2.5949466666666665
2019-12-23,3.1358,-24.8,86.1,52.24,1.43,0.0,12,357,0,-2.4492935982947064e-16,1.0,-0.13727877211326517,0.9905324521322227,3.3859,2.3966,3.4128,2.527942857142857,2.6560033333333335
2019-12-24,2.6731,-25.56,88.81,59.34,1.44,0.0,12,358,0,-2.4492935982947064e-16,1.0,-0.12020804489935275,0.9927487224577402,3.1358,3.3859,3.4579,2.4883714285714285,2.675416666666666
2019-12-25,3.2371,-27.03,82.51,33.1,1.34,0.0,12,359,0,-2.4492935982947064e-16,1.0,-0.10310169744743544,0.9946708199115211,2.6731,3.1358,1.9459,2.376257142857143,2.66484
2019-12-26,3.5414,-28.1,88.56,30.51,1.43,0.0,12,360,0,-2.4492935982947064e-16,1.0,-0.0859647987374467,0.9962981749346077,3.2371,2.6731,1.6961,2.560714285714286,2.6845833333333333
2019-12-27,3.517,-26.39,87.55,30.12,1.29,0.0,12,361,0,-2.4492935982947064e-16,1.0,-0.06880242680232064,0.9976303053065857,3.5414,3.2371,1.4004,2.824328571428571,2.730783333333333
2019-12-28,3.6094,-22.47,81.68,27.27,1.34,0.0,12,362,0,-2.4492935982947064e-16,1.0,-0.05161966722325418,0.9986668162884759,3.517,3.5414,2.3966,3.1267,2.77824
2019-12-29,3.4308,-20.96,71.54,42.19,1.27,0.0,12,363,0,-2.4492935982947064e-16,1.0,-0.034421611622745804,0.9994074007397048,3.6094,3.517,3.3859,3.2999571428571426,2.8366499999999997
2019-12-30,3.2419,-22.58,80.61,53.5,1.62,0.0,12,364,0,-2.4492935982947064e-16,1.0,-0.01721335615583528,0.9998518392091162,3.4308,3.6094,3.1358,3.306371428571428,2.8982900000000003
2019-12-31,1.3176,-24.66,81.97,85.83,2.14,0.0,12,365,0,-2.4492935982947064e-16,1.0,6.432490598706546e-16,1.0,3.2419,3.4308,2.6731,3.3215285714285714,2.889106666666667
2020-01-01,1.6116,-24.13,90.37,83.34,1.51,0.0,1,1,0,0.49999999999999994,0.8660254037844387,0.017213356155834685,0.9998518392091162,1.3176,3.2419,3.2371,3.127885714285714,2.8114266666666667
2020-01-02,3.2206,-25.42,85.22,51.55,1.35,0.0,1,2,0,0.49999999999999994,0.8660254037844387,0.03442161162274574,0.9994074007397048,1.6116,1.3176,3.5414,2.8956714285714287,2.7481533333333332
2020-01-03,2.8236,-23.48,88.97,63.48,1.44,0.4,1,3,0,0.49999999999999994,0.8660254037844387,0.051619667223253764,0.998666816288476,3.2206,1.6116,3.517,2.849842857142857,2.7256500000000004
2020-01-04,1.6562,-20.4,90.36,95.16,1.84,0.35,1,4,0,0.49999999999999994,0.8660254037844387,0.06880242680231986,0.9976303053065857,2.8236,3.2206,3.6094,2.750785714285714,2.6955766666666667
2020-01-05,2.5476,-20.24,78.26,76.18,1.4,0.02,1,5,0,0.49999999999999994,0.8660254037844387,0.08596479873744647,0.9962981749346078,1.6562,2.8236,3.4308,2.4717571428571428,2.6281433333333335
2020-01-06,1.2552,-13.89,86.17,92.73,2.08,3.39,1,6,0,0.49999999999999994,0.8660254037844387,0.10310169744743485,0.9946708199115211,2.5476,1.6562,3.2419,2.3455857142857144,2.5956400000000004
2020-01-07,2.0062,-14.62,80.47,90.61,2.54,3.38,1,7,0,0.49999999999999994,0.8660254037844387,0.1202080448993527,0.9927487224577402,1.2552,2.5476,1.3176,2.0617714285714284,2.5158
2020-01-08,1.3495,-18.88,76.04,92.69,2.19,6.34,1,8,0,0.49999999999999994,0.8660254037844387,0.13727877211326478,0.9905324521322229,2.0062,1.2552,1.6116,2.160142857142857,2.4564566666666665
2020-01-09,3.342,-25.9,85.05,39.61,1.35,0.38,1,9,0,0.49999999999999994,0.8660254037844387,0.15430882066428117,0.9880226656636976,1.3495,2.0062,3.2206,2.1227,2.4102333333333332
2020-01-10,3.6466,-26.32,76.89,31.71,1.5,0.0,1,10,0,0.49999999999999994,0.8660254037844387,0.1712931441814776,0.9852201067560606,3.342,1.3495,2.8236,2.1400428571428574,2.4705866666666667
2020-01-11,2.641,-21.99,78.21,68.46,1.53,0.6,1,11,0,0.49999999999999994,0.8660254037844387,0.1882267098432442,0.9821256058680006,3.6466,3.342,1.6562,2.257614285714286,2.5440266666666664
2020-01-12,1.3759,-13.25,88.64,94.38,2.55,2.59,1,12,0,0.49999999999999994,0.8660254037844387,0.2051044998686192,0.9787400799669153,2.641,3.6466,2.5476,2.3983,2.5755166666666667
2020-01-13,0.6878,-11.29,82.24,91.6,4.51,26.66,1,13,0,0.49999999999999994,0.8660254037844387,0.2219215130041655,0.9750645322571948,1.3759,2.641,1.2552,2.230914285714286,2.5885733333333336
2020-01-14,1.613,-19.71,69.94,89.89,2.37,2.16,1,14,0,0.49999999999999994,0.8660254037844387,0.2386727660059501,0.9711000518829505,0.6878,1.3759,2.0062,2.149857142857143,2.548043333333333
2020-01-15,2.6424,-19.1,79.6,81.79,1.79,1.31,1,15,0,0.49999999999999994,0.8660254037844387,0.255353295116187,0.9668478136052775,1.613,0.6878,1.3495,2.0936857142857144,2.5058833333333337
2020-01-16,2.4953,-18.18,81.19,83.46,1.21,0.93,1,16,0,0.49999999999999994,0.8660254037844387,0.2719581575341055,0.9623090774541486,2.6424,1.613,3.342,2.2783857142857142,2.4802033333333333
2020-01-17,2.3916,-23.03,88.86,78.58,1.31,0.36,1,17,0,0.49999999999999994,0.8660254037844387,0.288482432880609,0.9574851883550393,2.4953,2.6424,3.6466,2.157428571428571,2.448116666666666
2020-01-18,3.0389,-24.52,89.44,64.03,1.33,0.18,1,18,0,0.49999999999999994,0.8660254037844387,0.30492122465628907,0.9523775757303974,2.3916,2.4953,2.641,1.978142857142857,2.4629733333333332
2020-01-19,3.6686,-25.73,90.76,34.51,1.52,0.01,1,19,0,0.49999999999999994,0.8660254037844387,0.3212696616923644,0.9469877530760753,3.0389,2.3916,1.3759,2.0349857142857144,2.5077333333333334
2020-01-20,1.7266,-20.48,83.89,85.05,1.94,1.71,1,20,0,0.49999999999999994,0.8660254037844387,0.3375228995941133,0.9413173175128471,3.6686,3.0389,0.6878,2.362514285714286,2.58334
2020-01-21,1.5506,-16.81,86.62,93.1,1.99,3.17,1,21,0,0.49999999999999994,0.8660254037844387,0.3536761221763716,0.9353679493131483,1.7266,3.6686,1.613,2.5109142857142857,2.5610066666666667
2020-01-22,2.646,-19.46,78.77,77.09,2.32,0.18,1,22,0,0.49999999999999994,0.8660254037844387,0.3697245428906731,0.9291414114031743,1.5506,1.7266,2.6424,2.502,2.4998299999999998
2020-01-23,3.9396,-27.08,80.06,39.11,1.39,0.0,1,23,0,0.49999999999999994,0.8660254037844387,0.38566340624360707,0.9226395488404876,2.646,1.5506,2.4953,2.502514285714286,2.483503333333333
2020-01-24,3.6929,-21.46,70.87,54.49,1.41,0.0,1,24,0,0.49999999999999994,0.8660254037844387,0.401487989205973,0.9158642882672872,3.9396,2.646,2.3916,2.7088428571428573,2.5257199999999997
2020-01-25,1.8043,-16.23,82.29,86.02,2.42,0.13,1,25,0,0.49999999999999994,0.8660254037844387,0.4171936026123168,0.9088176373395029,3.6929,3.9396,3.0389,2.8947428571428575,2.5409133333333336
2020-01-26,3.655,-19.31,79.93,46.75,2.12,0.09,1,26,0,0.49999999999999994,0.8660254037844387,0.4327755925504312,0.901501684131884,1.8043,3.6929,3.6686,2.718371428571428,2.48301
2020-01-27,4.1688,-22.7,78.82,44.53,1.7,0.34,1,27,0,0.49999999999999994,0.8660254037844387,0.4482293417404106,0.893918596519257,3.655,1.8043,1.7266,2.7164285714285716,2.4876099999999997
2020-01-28,2.1617,-18.61,88.33,92.34,1.48,11.68,1,28,0,0.49999999999999994,0.8660254037844387,0.4635502709028509,0.886070621534138,4.1688,3.655,1.5506,3.065314285714286,2.506256666666667
2020-01-29,1.8622,-17.96,86.55,78.03,0.9,1.29,1,29,0,0.49999999999999994,0.8660254037844387,0.47873384011578846,0.8779600847008882,2.1617,4.1688,2.646,3.152614285714286,2.4639533333333334
2020-01-30,3.9326,-25.1,87.39,46.8,1.38,0.02,1,30,0,0.49999999999999994,0.8660254037844387,0.49377555015997715,0.869589389346611,1.8622,2.1617,3.9396,3.0406428571428568,2.4179633333333332
2020-01-31,4.0253,-23.97,77.29,44.11,1.6,0.12,1,31,0,0.49999999999999994,0.8660254037844387,0.5086709438521044,0.8609610158889943,3.9326,1.8622,3.6929,3.0396428571428573,2.50513
2020-02-01,4.1506,-20.57,81.33,44.92,1.12,0.09,2,32,0,0.8660254037844386,0.5000000000000001,0.5234156073655503,0.8520775211013093,4.0253,3.9326,1.8043,3.087128571428571,2.5855866666666665
2020-02-02,4.4333,-25.38,83.79,24.85,1.48,0.0,2,33,0,0.8660254037844386,0.5000000000000001,0.5380051715382996,0.8429415373547828,4.1506,4.0253,3.655,3.4223142857142856,2.616586666666666
2020-02-03,4.7081,-24.17,80.96,22.45,1.79,0.0,2,34,0,0.8660254037844386,0.5000000000000001,0.5524353131676196,0.8335557718385699,4.4333,4.1506,4.1688,3.5334999999999996,2.670243333333333
2020-02-04,2.4826,-23.95,88.28,91.61,2.08,0.0,2,35,0,0.8660254037844386,0.5000000000000001,0.5667017562911176,0.8239230057575542,4.7081,4.4333,2.1617,3.6105428571428573,2.7719733333333334
2020-02-05,4.0488,-20.96,83.08,63.0,1.41,0.0,2,36,0,0.8660254037844386,0.5000000000000001,0.5808002734538009,0.8140460935082178,2.4826,4.7081,1.8622,3.6563857142857144,2.7698066666666668
2020-02-06,3.9334,-20.23,80.43,79.27,1.32,0.0,2,37,0,0.8660254037844386,0.5000000000000001,0.5947266869607634,0.8039279618328213,4.0488,2.4826,3.9326,3.968757142857143,2.8629266666666666
2020-02-07,4.4335,-20.85,83.45,45.78,1.17,0.0,2,38,0,0.8660254037844386,0.5000000000000001,0.6084768701151261,0.7935716089521474,3.9334,4.0488,4.0253,3.9688714285714286,2.9271666666666665
2020-02-08,4.9037,-23.59,82.34,29.22,1.33,0.0,2,39,0,0.8660254037844386,0.5000000000000001,0.6220467484408675,0.7829801036770629,4.4335,3.9334,4.1506,4.0271857142857135,3.0299666666666663
2020-02-09,4.8461,-20.7,77.31,27.33,1.75,0.0,2,40,0,0.8660254037844386,0.5000000000000001,0.6354323008901774,0.7721565844991642,4.9037,4.4335,4.4333,4.134771428571429,3.082023333333333
2020-02-10,4.9385,-20.56,78.9,27.98,1.62,0.0,2,41,0,0.8660254037844386,0.5000000000000001,0.6486295610349814,0.7611042586607747,4.8461,4.9037,4.7081,4.193742857142857,3.1220066666666666
2020-02-11,3.941,-17.99,87.25,70.76,2.01,0.11,2,42,0,0.8660254037844386,0.5000000000000001,0.6616346182422783,0.7498264012045686,4.9385,4.8461,2.4826,4.226657142857143,3.1985900000000003
2020-02-12,2.3196,-12.2,89.44,92.26,2.12,0.04,2,43,0,0.8660254037844386,0.5000000000000001,0.6744436188329455,0.7383263540031065,3.941,4.9385,4.0488,4.435,3.284093333333333
2020-02-13,2.8373,-9.46,82.86,89.99,3.23,0.09,2,44,0,0.8660254037844386,0.5000000000000001,0.6870527672236669,0.7266075247685656,2.3196,3.941,3.9334,4.187971428571429,3.338486666666667
2020-02-14,4.7078,-15.07,69.86,46.01,1.99,0.0,2,45,0,0.8660254037844386,0.5000000000000001,0.699458327051647,0.7146733860429609,2.8373,2.3196,4.4335,4.031385714285714,3.379296666666667
2020-02-15,4.9822,-19.69,78.27,40.99,2.33,0.0,2,46,0,0.8660254037844386,0.5000000000000001,0.7116566222817746,0.7025274741691571,4.7078,2.8373,4.9037,4.070571428571428,3.4481433333333333
2020-02-16,4.932,-16.5,66.7,66.1,2.03,0.0,2,47,0,0.8660254037844386,0.5000000000000001,0.7236440382959124,0.6901733882429719,4.9822,4.7078,4.8461,4.081785714285714,3.53104
2020-02-17,5.3892,-21.39,88.29,34.52,1.59,0.0,2,48,0,0.8660254037844386,0.5000000000000001,0.7354170229639855,0.6776147890466889,4.932,4.9822,4.9385,4.094057142857143,3.61572
2020-02-18,3.8143,-17.67,79.24,66.71,2.15,0.0,2,49,0,0.8660254037844386,0.5000000000000001,0.7469720876965552,0.6648553979642865,5.3892,4.932,3.941,4.158442857142857,3.6940633333333333
2020-02-19,3.173,-14.56,79.88,86.12,1.84,0.38,2,50,0,0.8660254037844386,0.5000000000000001,0.7583058084785624,0.6518989958787126,3.8143,5.3892,2.3196,4.140342857142857,3.6989199999999998
2020-02-20,4.6118,-13.71,80.33,65.59,1.17,0.89,2,51,0,0.8660254037844386,0.5000000000000001,0.7694148268839378,0.6387494220515272,3.173,3.8143,2.8373,4.262257142857143,3.7471333333333328
2020-02-21,5.2354,-14.89,79.11,31.07,1.17,0.13,2,52,0,0.8660254037844386,0.5000000000000001,0.7802958510707755,0.6254105729852464,4.6118,3.173,4.7078,4.515757142857143,3.8491733333333333
2020-02-22,5.3424,-17.02,84.16,30.98,1.3,0.0,2,53,0,0.8660254037844386,0.5000000000000001,0.7909456567567772,0.6118864012687243,5.2354,4.6118,4.9822,4.5911285714285714,3.935486666666667
2020-02-23,5.489,-17.18,87.34,32.81,1.21,0.0,2,54,0,0.8660254037844386,0.5000000000000001,0.8013610881746766,0.5981809144059165,5.3424,5.2354,4.932,4.6425857142857145,3.9822466666666667
2020-02-24,5.496,-18.03,80.69,44.13,1.43,0.02,2,55,0,0.8660254037844386,0.5000000000000001,0.8115390590073611,0.5842981736283683,5.489,5.3424,5.3892,4.722157142857142,4.042116666666667
2020-02-25,5.1571,-15.83,86.07,33.71,1.33,0.04,2,56,0,0.8660254037844386,0.5000000000000001,0.8214765533024142,0.5702422926917871,5.496,5.489,3.8143,4.737414285714286,4.165173333333333
2020-02-26,5.8248,-16.46,82.88,31.09,1.29,0.0,2,57,0,0.8660254037844386,0.5000000000000001,0.8311706263658079,0.5560174366570446,5.1571,5.496,3.173,4.9292428571428575,4.215243333333333
2020-02-27,3.6912,-14.48,88.95,67.67,1.5,0.0,2,58,0,0.8660254037844386,0.5000000000000001,0.8406184056344782,0.5416278206559814,5.8248,5.1571,4.6118,5.308071428571429,4.270443333333334
2020-02-28,4.6447,-13.1,88.85,64.37,1.52,1.32,2,59,0,0.8660254037844386,0.5000000000000001,0.8498170915275278,0.5270777086423722,3.6912,5.8248,5.2354,5.176557142857143,4.3214266666666665
2020-02-29,3.834,-12.64,79.89,71.28,1.03,2.26,2,60,0,0.8660254037844386,0.5000000000000001,0.8587639582758029,0.5123714121284237,4.6447,3.6912,5.3424,5.092171428571428,4.414176666666666
2020-03-01,4.7393,-12.08,82.94,53.72,1.19,0.81,3,61,1,1.0,6.123233995736766e-17,0.8674563547295969,0.49751328890718066,3.834,4.6447,5.489,4.876685714285714,4.410889999999999
2020-03-02,5.8534,-14.56,81.2,38.63,1.22,0.0,3,62,1,1.0,6.123233995736766e-17,0.8758917051442429,0.48250774176121847,4.7393,3.834,5.496,4.769585714285713,4.43469
2020-03-03,5.819,-13.81,82.4,31.08,1.2,0.0,3,63,1,1.0,6.123233995736766e-17,0.8840675099433636,0.4673592171580022,5.8534,4.7393,5.1571,4.8206428571428575,4.49145
2020-03-04,5.5399,-13.01,74.19,67.57,1.6,0.72,3,64,1,1.0,6.123233995736766e-17,0.8919813464595485,0.45207220393230435,5.819,5.8534,5.8248,4.9152,4.53764
2020-03-05,4.4568,-14.58,77.91,82.11,1.77,3.51,3,65,1,1.0,6.123233995736766e-17,0.8996308696522433,0.43665123195606403,5.5399,5.819,3.6912,4.874499999999999,4.565366666666666
2020-03-06,3.5201,-11.78,78.06,97.29,1.65,3.17,3,66,1,1.0,6.123233995736766e-17,0.9070138128026359,0.4211008707960896,4.4568,5.5399,4.6447,4.983871428571428,4.631173333333334
2020-03-07,3.0161,-14.02,84.86,93.62,2.44,7.51,3,67,1,1.0,6.123233995736766e-17,0.9141279881853337,0.40542572835999735,3.5201,4.4568,3.834,4.823214285714285,4.61355
2020-03-08,4.5602,-14.77,79.54,74.15,2.31,1.39,3,68,1,1.0,6.123233995736766e-17,0.9209712877166346,0.38963044953078796,3.0161,3.5201,4.7393,4.706371428571429,4.582973333333333
2020-03-09,3.8102,-15.27,75.26,87.61,1.86,0.13,3,69,1,1.0,6.123233995736766e-17,0.9275416835791966,0.37371971479046906,4.5602,3.0161,5.8534,4.680785714285713,4.587196666666666
2020-03-10,4.0272,-17.2,68.43,76.92,2.13,0.02,3,70,1,1.0,6.123233995736766e-17,0.9338372288229252,0.35769823883312546,3.8102,4.5602,5.819,4.3889000000000005,4.550746666666667
2020-03-11,5.7432,-15.44,71.52,72.71,1.4,4.76,3,71,1,1.0,6.123233995736766e-17,0.9398560579418954,0.3415707691678556,4.0272,3.8102,5.5399,4.132928571428572,4.5234499999999995
2020-03-12,4.3373,-12.37,73.77,95.55,3.33,11.38,3,72,1,1.0,6.123233995736766e-17,0.9455963874271426,0.3253420847119801,5.7432,4.0272,4.4568,4.161971428571428,4.550273333333333
2020-03-13,2.8536,-12.44,84.38,97.13,1.41,10.79,3,73,1,1.0,6.123233995736766e-17,0.9510565162951535,0.30901699437494745,4.3373,5.7432,3.5201,4.1449,4.563483333333333
2020-03-14,4.1914,-13.46,79.03,79.53,0.96,1.13,3,74,1,1.0,6.123233995736766e-17,0.9562348265919056,0.29260033563334836,2.8536,4.3373,3.0161,4.049685714285714,4.581283333333333
2020-03-15,5.9426,-13.92,84.82,46.68,1.27,0.35,3,75,1,1.0,6.123233995736766e-17,0.9611297838723007,0.27609697309746883,4.1914,2.8536,4.5602,4.217585714285714,4.62642
2020-03-16,7.0433,-16.99,78.99,23.31,1.34,0.0,3,76,1,1.0,6.123233995736766e-17,0.9657399376548549,0.2595117970697999,5.9426,4.1914,3.8102,4.415071428571428,4.66758
2020-03-17,6.701,-11.88,70.22,29.61,1.28,0.0,3,77,1,1.0,6.123233995736766e-17,0.9700639218515071,0.2428497220959356,7.0433,5.9426,4.0272,4.876942857142857,4.736283333333334
2020-03-18,6.2347,-12.12,80.58,40.07,1.29,0.2,3,78,1,1.0,6.123233995736766e-17,0.9741004551724205,0.22611568550828828,6.701,7.0433,5.7432,5.258914285714285,4.795249999999999
2020-03-19,6.4538,-10.84,75.75,42.9,1.07,0.17,3,79,1,1.0,6.123233995736766e-17,0.9778483415056568,0.20931464596304847,6.2347,6.701,4.3373,5.329128571428571,4.823433333333333
2020-03-20,6.4781,-11.42,78.88,40.69,1.4,0.23,3,80,1,1.0,6.123233995736766e-17,0.9813064702716093,0.19245158197082998,6.4538,6.2347,2.8536,5.631485714285715,4.911416666666667
2020-03-21,6.3298,-10.76,84.17,59.42,1.47,1.94,3,81,1,1.0,6.123233995736766e-17,0.9844738167520922,0.1755314904214282,6.4781,6.4538,4.1914,6.149271428571429,5.021586666666667
2020-03-22,6.2386,-8.85,84.25,64.3,1.34,1.31,3,82,1,1.0,6.123233995736766e-17,0.9873494423939864,0.15855938510313475,6.3298,6.4781,5.9426,6.454757142857143,5.078853333333332
2020-03-23,7.091,-12.2,73.38,33.91,1.39,0.0,3,83,1,1.0,6.123233995736766e-17,0.989932495087353,0.141540295217043,6.2386,6.3298,7.0433,6.497042857142858,5.112293333333333
2020-03-24,3.5988,-8.76,82.24,85.12,2.16,4.74,3,84,1,1.0,6.123233995736766e-17,0.9922222094179323,0.12447926388678915,7.091,6.2386,6.701,6.503857142857143,5.170579999999999
2020-03-25,4.6891,-10.38,82.64,68.47,1.94,2.85,3,85,1,1.0,6.123233995736766e-17,0.994217906893952,0.10738134666416309,3.5988,7.091,6.2347,6.060685714285714,5.107573333333333
2020-03-26,5.7305,-10.25,74.04,77.07,1.74,0.53,3,86,1,1.0,6.123233995736766e-17,0.995918996147179,0.09025161003104117,4.6891,3.5988,6.4538,5.839885714285715,5.080676666666666
2020-03-27,3.6773,-7.81,84.18,92.94,2.16,24.34,3,87,1,1.0,6.123233995736766e-17,0.9973249731081555,0.07309512989807777,5.7305,4.6891,6.4781,5.736557142857143,5.09979
2020-03-28,2.9918,-10.19,76.73,96.54,2.96,8.86,3,88,1,1.0,6.123233995736766e-17,0.9984354211555643,0.055916990100603484,3.6773,5.7305,6.3298,5.336442857142858,5.028206666666667
2020-03-29,5.3551,-14.56,80.87,69.48,1.87,0.03,3,89,1,1.0,6.123233995736766e-17,0.9992500112396835,0.03872228089217446,2.9918,3.6773,6.2386,4.859585714285714,5.004893333333333
2020-03-30,5.783,-14.42,82.41,70.54,1.93,0.0,3,90,1,1.0,6.123233995736766e-17,0.9997685019798909,0.021516097436222254,5.3551,2.9918,7.091,4.733371428571429,5.028573333333333
2020-03-31,4.429,-8.7,82.18,95.45,1.74,5.51,3,91,1,1.0,6.123233995736766e-17,0.9999907397361901,0.004303538296244289,5.783,5.3551,3.5988,4.546514285714285,5.09354
2020-04-01,5.2303,-8.92,80.97,86.56,2.46,3.25,4,92,1,0.8660254037844387,-0.4999999999999998,0.9999166586547379,-0.01291029607500882,4.429,5.783,4.6891,4.665114285714286,5.083196666666667
2020-04-02,4.6642,-11.96,79.89,67.39,1.29,0.78,4,93,1,0.8660254037844387,-0.4999999999999998,0.9995462806873573,-0.030120304846908114,5.2303,4.429,5.7305,4.7424285714285705,5.062426666666666
2020-04-03,7.4918,-12.87,79.79,55.11,1.27,0.04,4,94,1,0.8660254037844387,-0.4999999999999998,0.9988797155850336,-0.04732138832243185,4.6642,5.2303,3.6773,4.5901,5.023933333333333
2020-04-04,7.501,-12.47,75.01,36.71,1.34,0.0,4,95,1,0.8660254037844387,-0.4999999999999998,0.9979171608653922,-0.06450844944931623,7.4918,4.6642,2.9918,5.135028571428571,5.0889966666666675
2020-04-05,7.6925,-11.76,73.5,49.55,1.46,0.81,4,96,1,0.8660254037844387,-0.4999999999999998,0.9966589017541702,-0.08167639533042241,7.501,7.4918,5.3551,5.7792,5.19047
2020-04-06,4.6666,-10.03,78.05,91.41,1.74,0.72,4,97,1,0.8660254037844387,-0.4999999999999998,0.9951053111006976,-0.09882013873287143,7.6925,7.501,5.783,6.113114285714286,5.32955
2020-04-07,6.3672,-11.53,82.65,76.31,1.61,3.33,4,98,1,0.8660254037844387,-0.4999999999999998,0.9932568492674143,-0.11593459959550041,4.6666,7.6925,4.429,5.953628571428572,5.384566666666666
2020-04-08,6.9979,-9.84,81.97,57.2,1.33,0.62,4,99,1,0.8660254037844387,-0.4999999999999998,0.9911140639934547,-0.1330147065341959,6.3672,4.6666,5.2303,6.2305142857142854,5.4448
2020-04-09,6.3185,-10.03,81.77,72.01,1.57,0.04,4,100,1,0.8660254037844387,-0.4999999999999998,0.9886775902323405,-0.1500553983446526,6.9979,6.3672,4.6642,6.483028571428571,5.551056666666667
2020-04-10,6.7265,-6.5,86.77,68.26,1.87,0.09,4,101,1,0.8660254037844387,-0.4999999999999998,0.9859481499638304,-0.16705162550211924,6.3185,6.9979,7.4918,6.719357142857143,5.627433333333333
2020-04-11,8.1574,-7.27,77.86,25.48,1.01,0.0,4,102,1,0.8660254037844387,-0.4999999999999998,0.9829265519799822,-0.18399835165768005,6.7265,6.3185,7.501,6.610028571428572,5.66021
2020-04-12,7.7383,-6.8,71.34,38.24,1.15,0.0,4,103,1,0.8660254037844387,-0.4999999999999998,0.9796136916454901,-0.20089055513063506,8.1574,6.7265,7.6925,6.703800000000001,5.787546666666667
2020-04-13,6.4178,-5.77,72.38,72.18,1.13,0.0,4,104,1,0.8660254037844387,-0.4999999999999998,0.9760105506323683,-0.21772323039653177,7.7383,8.1574,4.6666,6.710342857142857,5.95037
2020-04-14,5.6755,-4.93,85.96,94.02,1.25,0.75,4,105,1,0.8660254037844387,-0.4999999999999998,0.9721181966290613,-0.23449138957040985,6.4178,7.7383,6.3672,6.960514285714285,6.024583333333333
2020-04-15,4.213,-5.1,82.46,90.02,2.37,1.97,4,106,1,0.8660254037844387,-0.4999999999999998,0.9679377830240642,-0.25119006388481935,5.6755,6.4178,6.9979,6.8617,6.01568
2020-04-16,6.8105,-7.59,73.8,70.2,1.58,0.02,4,107,1,0.8660254037844387,-0.4999999999999998,0.9634705485641488,-0.2678143051621742,4.213,5.6755,6.3185,6.463857142857143,5.921336666666666
2020-04-17,4.157,-5.03,78.01,96.14,1.44,15.26,4,108,1,0.8660254037844387,-0.4999999999999998,0.9587178169872964,-0.2843591872810034,6.8105,4.213,6.7265,6.534142857142858,5.924986666666667
2020-04-18,4.9543,-6.07,81.93,88.16,2.12,2.0,4,109,1,0.8660254037844387,-0.4999999999999998,0.9536809966304457,-0.30081980763566735,4.157,6.8105,8.1574,6.167071428571428,5.855729999999999
2020-04-19,5.767,-7.89,78.3,79.63,1.93,0.89,4,110,1,0.8660254037844387,-0.4999999999999998,0.9483615800121715,-0.3171912885891061,4.9543,4.157,7.7383,5.709485714285715,5.805746666666667
2020-04-20,6.4822,-6.32,74.01,82.76,1.61,0.17,4,111,1,0.8660254037844387,-0.4999999999999998,0.9427611433904207,-0.3334687789181868,5.767,4.9543,6.4178,5.427871428571429,5.782043333333333
2020-04-21,6.4522,-5.1,70.69,69.12,0.98,1.36,4,112,1,0.8660254037844387,-0.4999999999999998,0.9368813462954315,-0.3496474552512284,6.4822,5.767,5.6755,5.4370714285714286,5.7871233333333345
2020-04-22,7.4638,-5.23,70.17,59.4,1.29,0.08,4,113,1,0.8660254037844387,-0.4999999999999998,0.9307239310379795,-0.36572252349726897,6.4522,6.4822,4.213,5.548028571428572,5.794243333333333
2020-04-23,8.173,-4.1,58.54,35.21,1.3,0.16,4,114,1,0.8660254037844387,-0.4999999999999998,0.9242907221930933,-0.3816892202666588,7.4638,6.4522,6.8105,6.012428571428572,5.80667
2020-04-24,8.6484,-3.72,54.73,15.7,0.97,0.01,4,115,1,0.8660254037844387,-0.4999999999999998,0.9175836260593937,-0.39754281428255595,8.173,7.4638,4.157,6.207071428571429,5.9591433333333335
2020-04-25,8.43,-2.22,53.45,35.82,1.06,0.13,4,116,1,0.8660254037844387,-0.4999999999999998,0.9106046300942162,-0.41327860778290415,8.6484,8.173,4.9543,6.8487,6.09112
2020-04-26,6.7658,-0.49,60.68,75.01,0.9,0.55,4,117,1,0.8660254037844387,-0.4999999999999998,0.9033558023246845,-0.4288919379124835,8.43,8.6484,5.767,7.345228571428571,6.181103333333334
2020-04-27,5.1252,-1.55,77.64,91.65,1.03,1.24,4,118,1,0.8660254037844387,-0.4999999999999998,0.895839290734909,-0.44437817810461316,6.7658,8.43,6.4822,7.487914285714285,6.2840533333333335
2020-04-28,6.3713,-0.88,73.5,79.28,1.09,0.09,4,119,1,0.8660254037844387,-0.4999999999999998,0.8880573226294932,-0.45973273945210397,5.1252,6.7658,6.4522,7.2940571428571435,6.3551666666666655
2020-04-29,7.4381,-0.89,69.17,67.39,1.27,0.0,4,120,1,0.8660254037844387,-0.4999999999999998,0.8800122039735357,-0.47495107206704995,6.3713,5.1252,7.4638,7.2825,6.38904
2020-04-30,5.6498,-1.04,71.41,74.57,1.75,0.7,4,121,1,0.8660254037844387,-0.4999999999999998,0.8717063187093218,-0.4900286664290592,7.4381,6.3713,8.173,7.278828571428571,6.44421
2020-05-01,7.309,-0.93,67.05,41.85,1.65,0.0,5,122,1,0.49999999999999994,-0.8660254037844387,0.8631421280499114,-0.5049610547215204,5.6498,7.4381,8.6484,6.918371428571429,6.4849033333333335
2020-05-02,6.7642,-1.19,78.34,93.83,1.81,1.25,5,123,1,0.49999999999999994,-0.8660254037844387,0.854322169749827,-0.5197438121555155,7.309,5.6498,8.43,6.727028571428572,6.554193333333333
2020-05-03,5.6158,-1.99,78.28,98.4,2.6,0.82,5,124,1,0.49999999999999994,-0.8660254037844387,0.8452490573530633,-0.5343725582809786,6.7642,7.309,6.7658,6.489057142857143,6.624193333333334
2020-05-04,6.4474,-3.33,76.59,88.27,2.21,1.85,5,125,1,0.49999999999999994,-0.8660254037844387,0.8359254794186372,-0.548842958284719,5.6158,6.7642,5.1252,6.324771428571429,6.56166
2020-05-05,5.6098,-2.97,76.24,81.4,2.3,0.11,5,126,1,0.49999999999999994,-0.8660254037844387,0.8263541987239096,-0.5631507242749186,6.4474,5.6158,6.3713,6.513657142857143,6.52654
2020-05-06,6.1234,-4.24,69.21,89.88,2.32,0.99,5,127,1,0.49999999999999994,-0.8660254037844387,0.8165380514459161,-0.5772916165517272,5.6098,6.4474,7.4381,6.404871428571428,6.457116666666667
2020-05-07,6.1094,-3.54,68.43,66.92,2.39,0.3,5,128,1,0.49999999999999994,-0.8660254037844387,0.8064799463209448,-0.5912614448635781,6.1234,5.6098,5.6498,6.217057142857143,6.505676666666667
2020-05-08,8.5872,-0.28,55.37,31.4,1.62,0.0,5,129,1,0.49999999999999994,-0.8660254037844387,0.7961828637826158,-0.6050560696488488,6.1094,6.1234,7.309,6.2827142857142855,6.497083333333334
2020-05-09,6.277,-1.2,73.86,88.07,2.83,0.51,5,130,1,0.49999999999999994,-0.8660254037844387,0.7856498550787147,-0.6186714032625031,8.5872,6.1094,6.7642,6.465314285714286,6.55006
2020-05-10,5.3902,-1.29,69.9,83.69,2.18,0.61,5,131,1,0.49999999999999994,-0.8660254037844387,0.7748840413670407,-0.6321034111873487,6.277,8.5872,5.6158,6.395714285714286,6.548676666666666
2020-05-11,6.8069,-1.24,66.5,59.26,1.66,0.01,5,132,1,0.49999999999999994,-0.8660254037844387,0.7638886127905428,-0.6453481132295501,5.3902,6.277,6.4474,6.363485714285715,6.504133333333334
2020-05-12,6.4608,0.46,62.51,59.21,2.35,0.35,5,133,1,0.49999999999999994,-0.8660254037844387,0.7526668275320085,-0.6584015846980488,6.8069,5.3902,5.6098,6.414842857142857,6.4591166666666675
2020-05-13,7.9601,1.49,62.46,50.38,2.3,0.01,5,134,1,0.49999999999999994,-0.8660254037844387,0.7412220108485958,-0.6712599575675313,6.4608,6.8069,6.1234,6.536414285714286,6.416533333333334
2020-05-14,6.4642,0.62,66.97,86.59,1.96,1.81,5,135,1,0.49999999999999994,-0.8660254037844387,0.7295575540864875,-0.6839194216246106,7.9601,6.4608,6.1094,6.7988,6.467943333333333
2020-05-15,7.2324,0.48,59.79,52.0,2.16,0.08,5,136,1,0.49999999999999994,-0.8660254037844387,0.717676913675962,-0.6963762255968722,6.4642,7.9601,8.5872,6.849485714285714,6.494233333333333
2020-05-16,7.6078,0.18,53.81,54.98,2.67,0.0,5,137,1,0.49999999999999994,-0.8660254037844387,0.705583610107178,-0.7086266782644596,7.2324,6.4642,6.277,6.655942857142857,6.594880000000001
2020-05-17,7.4798,-0.54,48.93,68.07,2.54,0.0,5,138,1,0.49999999999999994,-0.8660254037844387,0.6932812268869777,-0.7206671495538609,7.6078,7.2324,5.3902,6.846057142857142,6.621456666666666
2020-05-18,5.9122,-1.5,52.77,81.97,2.41,0.0,5,139,1,0.49999999999999994,-0.8660254037844387,0.6807734094770161,-0.7324940716135789,7.4798,7.6078,6.8069,7.144571428571429,6.732216666666667
2020-05-19,6.8854,-1.71,58.95,56.37,2.09,0.0,5,140,1,0.49999999999999994,-0.8660254037844387,0.6680638642135335,-0.7441039398713607,5.9122,7.4798,6.4608,7.016757142857143,6.764146666666666
2020-05-20,8.754,0.65,53.09,20.82,1.71,0.0,5,141,1,0.49999999999999994,-0.8660254037844387,0.6551563572090853,-0.7554933140726803,6.8854,5.9122,7.9601,7.077414285714285,6.801426666666667
2020-05-21,8.2176,2.76,40.72,32.18,1.97,0.0,5,142,1,0.49999999999999994,-0.8660254037844387,0.6420547132365637,-0.766658819300159,8.754,6.8854,6.4642,7.190828571428573,6.877153333333333
2020-05-22,8.412,3.55,46.91,53.06,2.17,0.0,5,143,1,0.49999999999999994,-0.8660254037844387,0.6287628145958344,-0.7775971469736269,8.2176,8.754,7.2324,7.441314285714285,6.935999999999999
2020-05-23,6.935,2.87,61.16,68.64,1.82,0.76,5,144,1,0.49999999999999994,-0.8660254037844387,0.6152845999633276,-0.7883050558305255,8.412,8.2176,7.6078,7.609828571428571,6.967606666666667
2020-05-24,5.1838,1.97,70.71,90.61,1.5,1.36,5,145,1,0.49999999999999994,-0.8660254037844387,0.6016240632249226,-0.7987793728863649,6.935,8.412,7.4798,7.513714285714286,6.92634
2020-05-25,7.1669,2.38,60.13,56.06,1.77,0.53,5,146,1,0.49999999999999994,-0.8660254037844387,0.5877852522924732,-0.8090169943749473,5.1838,6.935,5.9122,7.185714285714286,6.810853333333333
2020-05-26,7.3951,2.19,50.3,45.54,1.54,0.17,5,147,1,0.49999999999999994,-0.8660254037844387,0.5737722679043246,-0.8190148866680801,7.1669,5.1838,6.8854,7.3649571428571425,6.76875
2020-05-27,8.759,2.96,46.27,23.23,1.34,0.04,5,148,1,0.49999999999999994,-0.8660254037844387,0.5595892624101765,-0.8287700871745038,7.3951,7.1669,8.754,7.437771428571429,6.789726666666667
2020-05-28,6.1387,1.48,70.47,72.43,1.31,0.53,5,149,1,0.49999999999999994,-0.8660254037844387,0.545240438540651,-0.8382797052177744,8.759,7.3951,8.2176,7.438485714285714,6.910853333333333
2020-05-29,4.5542,1.26,77.61,91.35,1.8,1.25,5,150,1,0.49999999999999994,-0.8660254037844387,0.5307300481619334,-0.8475409228928311,6.1387,8.759,8.412,7.1415,6.903099999999999
2020-05-30,5.5562,2.44,65.56,91.66,1.9,1.74,5,151,1,0.49999999999999994,-0.8660254037844387,0.5160623910158528,-0.8565509959010036,4.5542,6.1387,6.935,6.5903857142857145,6.806970000000001
2020-05-31,5.2742,0.95,78.56,91.66,1.68,9.27,5,152,1,0.49999999999999994,-0.8660254037844387,0.5012418134457758,-0.865307254363206,5.5562,4.5542,5.1838,6.393414285714285,6.80385
2020-06-01,5.5339,1.35,74.68,75.84,1.76,1.58,6,153,2,1.2246467991473532e-16,-1.0,0.48627270710868997,-0.8738071036110808,5.2742,5.5562,7.1669,6.406328571428571,6.736023333333334
2020-06-02,5.2843,2.16,71.79,90.36,1.78,0.41,6,154,2,1.2246467991473532e-16,-1.0,0.4711595076738638,-0.8820480249558537,5.5339,5.2742,7.3951,6.173042857142858,6.695013333333333
2020-06-03,5.3606,1.62,70.84,91.53,1.88,1.13,6,155,2,1.2246467991473532e-16,-1.0,0.4559066935084588,-0.8900275764346767,5.2843,5.5339,8.759,5.8715,6.683963333333334
2020-06-04,5.7134,2.34,71.05,86.14,1.6,0.74,6,156,2,1.2246467991473532e-16,-1.0,0.440518784350495,-0.8977433935342337,5.3606,5.2843,6.1387,5.386014285714286,6.647736666666666
2020-06-05,5.9314,3.64,64.47,67.49,1.45,1.63,6,157,2,1.2246467991473532e-16,-1.0,0.42500033996955416,-0.9051931898913974,5.7134,5.3606,4.5542,5.325257142857143,6.65119
2020-06-06,6.0518,3.44,66.6,71.76,1.47,1.79,6,158,2,1.2246467991473532e-16,-1.0,0.4093559588156213,-0.9123747579707273,5.9314,5.7134,5.5562,5.521999999999999,6.64479
2020-06-07,6.287,4.28,59.3,55.22,1.58,0.45,6,159,2,1.2246467991473532e-16,-1.0,0.39359027665646673,-0.9192859697186104,6.0518,5.9314,5.2742,5.592800000000001,6.642869999999999
2020-06-08,7.6663,5.21,51.63,46.18,1.58,0.15,6,160,2,1.2246467991473532e-16,-1.0,0.3777079652039649,-0.9259247771938498,6.287,6.0518,5.5339,5.737485714285715,6.5661966666666665
2020-06-09,7.5926,4.35,62.33,59.78,1.9,0.11,6,161,2,1.2246467991473532e-16,-1.0,0.36171373072976765,-0.9322892131745133,7.6663,6.287,5.2843,6.042114285714286,6.6125066666666665
2020-06-10,7.4585,3.63,69.6,65.55,2.9,0.25,6,162,2,1.2246467991473532e-16,-1.0,0.3456123126707335,-0.9383773917408641,7.5926,7.6663,5.3606,6.371871428571429,6.685919999999999
2020-06-11,7.3294,3.07,64.09,75.47,2.62,0.18,6,163,2,1.2246467991473532e-16,-1.0,0.3294084822245304,-0.9441875088341993,7.4585,7.5926,5.7134,6.671571428571428,6.70764
2020-06-12,7.6169,2.85,61.68,54.91,2.55,0.17,6,164,2,1.2246467991473532e-16,-1.0,0.3131070409358269,-0.9497178427914316,7.3294,7.4585,5.9314,6.902428571428572,6.736593333333333
2020-06-13,6.0566,2.82,56.78,75.55,2.72,0.72,6,165,2,1.2246467991473532e-16,-1.0,0.29671281927349075,-0.9549667548552551,7.6169,7.3294,6.0518,7.1432142857142855,6.725153333333334
2020-06-14,7.7959,3.17,55.59,47.55,2.04,0.04,6,166,2,1.2246467991473532e-16,-1.0,0.28023067519921585,-0.9599326896597447,6.0566,7.6169,6.287,7.1438999999999995,6.711566666666667
2020-06-15,7.1957,3.64,59.99,56.33,1.92,0.07,6,167,2,1.2246467991473532e-16,-1.0,0.26366549272800704,-0.9646141756912435,7.7959,6.0566,7.6663,7.359457142857143,6.73035
2020-06-16,7.8576,5.15,57.58,47.58,1.7,0.14,6,168,2,1.2246467991473532e-16,-1.0,0.24702218048093552,-0.9690098257244062,7.1957,7.7959,7.5926,7.292228571428572,6.716613333333333
2020-06-17,7.4402,5.54,61.26,70.03,2.17,0.14,6,169,2,1.2246467991473532e-16,-1.0,0.23030567023061221,-0.9731183372332619,7.8576,7.1957,7.4585,7.3300857142857145,6.729206666666666
2020-06-18,7.4376,4.32,63.11,60.85,2.5,0.69,6,170,2,1.2246467991473532e-16,-1.0,0.21352091543979612,-0.9769384927771817,7.4402,7.8576,7.3294,7.327471428571428,6.78014
2020-06-19,7.9262,4.03,59.56,71.74,2.08,0.68,6,171,2,1.2246467991473532e-16,-1.0,0.19667288979357647,-0.980469160361632,7.4376,7.4402,7.6169,7.342928571428572,6.798546666666667
2020-06-20,7.1714,3.53,71.31,69.55,2.05,0.58,6,172,2,1.2246467991473532e-16,-1.0,0.1797665857255624,-0.9837092937736097,7.9262,7.4376,6.0566,7.3871142857142855,6.770953333333334
2020-06-21,8.0875,4.75,67.41,51.41,1.83,0.5,6,173,2,1.2246467991473532e-16,-1.0,0.16280701293851715,-0.986657932891657,7.1714,7.9262,7.7959,7.546371428571429,6.73608
2020-06-22,9.2962,6.52,47.27,16.64,1.37,0.0,6,174,2,1.2246467991473532e-16,-1.0,0.1457991969198751,-0.9893142039703663,8.0875,7.1714,7.1957,7.588028571428572,6.725263333333333
2020-06-23,8.9587,8.25,43.38,29.45,1.67,0.27,6,175,2,1.2246467991473532e-16,-1.0,0.12874817745258132,-0.99167731989929,9.2962,8.0875,7.8576,7.8881,6.8039700000000005
2020-06-24,6.1786,6.26,70.91,93.55,2.16,8.76,6,176,2,1.2246467991473532e-16,-1.0,0.11165900712169512,-0.993746580436178,8.9587,9.2962,7.4402,8.045399999999999,6.9298
2020-06-25,6.9206,5.35,69.93,74.08,2.63,0.92,6,177,2,1.2246467991473532e-16,-1.0,0.09453674981719912,-0.9955213724144752,6.1786,8.9587,7.4376,7.865171428571429,6.896856666666666
2020-06-26,7.8766,6.2,55.54,60.07,1.99,0.0,6,178,2,1.2246467991473532e-16,-1.0,0.07738647923346301,-0.9970011699250151,6.9206,6.1786,7.9262,7.791314285714286,6.88104
2020-06-27,8.0695,6.52,61.66,50.78,2.63,0.02,6,179,2,1.2246467991473532e-16,-1.0,0.06021327736579302,-0.9981855344718586,7.8766,6.9206,7.1714,7.784228571428571,6.851626666666666
2020-06-28,8.4005,5.86,62.59,52.82,2.91,0.11,6,180,2,1.2246467991473532e-16,-1.0,0.04302223300453059,-0.99907411510223,8.0695,7.8766,8.0875,7.912528571428571,6.915986666666667
2020-06-29,8.1384,5.58,56.63,59.22,2.24,1.56,6,181,2,1.2246467991473532e-16,-1.0,0.02581844022713308,-0.9996666485105112,8.4005,8.0695,9.2962,7.957242857142857,7.044196666666666
2020-06-30,8.6918,6.46,50.16,19.96,1.94,0.0,6,182,2,1.2246467991473532e-16,-1.0,0.008606996888688698,-0.9999629591162655,8.1384,8.4005,8.9587,7.791842857142858,7.13027
2020-07-01,8.0009,6.84,59.87,31.53,2.18,0.48,7,183,2,-0.4999999999999997,-0.8660254037844388,-0.008606996888688009,-0.9999629591162655,8.6918,8.1384,6.1786,7.7537142857142864,7.244190000000001
2020-07-02,8.7178,7.92,56.93,24.05,1.88,0.57,7,184,2,-0.4999999999999997,-0.8660254037844388,-0.02581844022713239,-0.9996666485105112,8.0009,8.6918,6.9206,8.014042857142856,7.326423333333334
2020-07-03,7.5408,7.37,65.12,52.05,1.71,0.63,7,185,2,-0.4999999999999997,-0.8660254037844388,-0.04302223300453034,-0.99907411510223,8.7178,8.0009,7.8766,8.270785714285713,7.440873333333333
2020-07-04,7.2365,7.15,62.75,80.25,2.32,2.4,7,186,2,-0.4999999999999997,-0.8660254037844388,-0.060213277365792774,-0.9981855344718586,7.5408,8.7178,8.0695,8.222814285714286,7.513546666666667
2020-07-05,6.887,5.8,61.61,84.97,2.82,1.53,7,187,2,-0.4999999999999997,-0.8660254037844388,-0.07738647923346322,-0.9970011699250151,7.2365,7.5408,8.4005,8.103814285714288,7.564316666666667
2020-07-06,7.8118,5.7,56.89,71.46,2.3,0.03,7,188,2,-0.4999999999999997,-0.8660254037844388,-0.09453674981719933,-0.9955213724144752,6.887,7.2365,8.1384,7.8876,7.59617
2020-07-07,8.4902,7.65,57.46,52.21,1.5,0.06,7,189,2,-0.4999999999999997,-0.8660254037844388,-0.11165900712169444,-0.9937465804361781,7.8118,6.887,8.6918,7.840942857142857,7.654836666666667
2020-07-08,4.9222,8.47,66.09,79.72,2.01,2.41,7,190,2,-0.4999999999999997,-0.8660254037844388,-0.12874817745258066,-0.99167731989929,8.4902,7.8118,8.0009,7.812142857142858,7.728276666666667
2020-07-09,6.7025,8.96,61.05,70.28,2.61,0.06,7,191,2,-0.4999999999999997,-0.8660254037844388,-0.14579919691987442,-0.9893142039703664,4.9222,8.4902,8.7178,7.372328571428571,7.636806666666667
2020-07-10,7.8497,7.06,60.57,52.05,2.46,1.89,7,192,2,-0.4999999999999997,-0.8660254037844388,-0.16280701293851646,-0.9866579328916572,6.7025,4.9222,7.5408,7.084428571428572,7.607136666666666
2020-07-11,8.5066,7.04,60.01,43.11,2.04,2.34,7,193,2,-0.4999999999999997,-0.8660254037844388,-0.17976658572556214,-0.9837092937736098,7.8497,6.7025,7.2365,7.128557142857143,7.620176666666667
2020-07-12,6.6038,6.18,62.36,82.44,1.96,1.09,7,194,2,-0.4999999999999997,-0.8660254037844388,-0.19667288979357622,-0.9804691603616321,8.5066,7.8497,6.887,7.3100000000000005,7.659416666666667
2020-07-13,8.6302,6.6,55.29,25.29,2.49,0.06,7,195,2,-0.4999999999999997,-0.8660254037844388,-0.2135209154397959,-0.9769384927771817,6.6038,8.5066,7.8118,7.269542857142858,7.625646666666667
2020-07-14,8.1391,7.29,53.31,35.02,1.96,0.07,7,196,2,-0.4999999999999997,-0.8660254037844388,-0.23030567023061196,-0.973118337233262,8.6302,6.6038,8.4902,7.386457142857142,7.711433333333333
2020-07-15,8.6798,8.45,54.93,42.98,1.7,0.27,7,197,2,-0.4999999999999997,-0.8660254037844388,-0.24702218048093527,-0.9690098257244063,8.1391,8.6302,4.9222,7.3363000000000005,7.722873333333334
2020-07-16,5.969,9.3,58.97,84.09,1.99,0.66,7,198,2,-0.4999999999999997,-0.8660254037844388,-0.2636654927280072,-0.9646141756912435,8.6798,8.1391,6.7025,7.8731,7.772343333333334
2020-07-17,5.904,9.54,63.46,89.34,2.06,0.06,7,199,2,-0.4999999999999997,-0.8660254037844388,-0.2802306751992161,-0.9599326896597445,5.969,8.6798,7.8497,7.768314285714285,7.70939
2020-07-18,6.288,9.76,60.93,87.87,2.25,0.6,7,200,2,-0.4999999999999997,-0.8660254037844388,-0.2967128192734901,-0.9549667548552553,5.904,5.969,8.5066,7.490357142857143,7.658183333333333
2020-07-19,6.7814,8.37,66.58,84.09,2.48,3.5,7,201,2,-0.4999999999999997,-0.8660254037844388,-0.3131070409358267,-0.9497178427914317,6.288,5.904,6.6038,7.173414285714285,7.619863333333333
2020-07-20,6.0499,7.49,62.89,90.56,2.39,2.12,7,202,2,-0.4999999999999997,-0.8660254037844388,-0.3294084822245302,-0.9441875088341994,6.7814,6.288,8.6302,7.198785714285714,7.5817033333333335
2020-07-21,2.7499,5.26,67.67,45.19,2.82,4.44,7,203,2,-0.4999999999999997,-0.8660254037844388,-0.3456123126707333,-0.9383773917408642,6.0499,6.7814,8.1391,6.830171428571428,7.54432
2020-07-22,5.7127,4.75,63.45,75.57,2.12,1.13,7,204,2,-0.4999999999999997,-0.8660254037844388,-0.3617137307297674,-0.9322892131745134,2.7499,6.0499,8.6798,6.0602857142857145,7.3664
2020-07-23,8.8481,7.84,40.17,28.39,1.76,0.05,7,205,2,-0.4999999999999997,-0.8660254037844388,-0.37770796520396466,-0.9259247771938499,5.7127,2.7499,5.969,5.636414285714286,7.24695
2020-07-24,8.9021,10.36,30.12,17.83,1.39,0.09,7,206,2,-0.4999999999999997,-0.8660254037844388,-0.39359027665646645,-0.9192859697186105,8.8481,5.7127,5.904,6.047714285714286,7.243263333333333
2020-07-25,7.0622,8.68,57.32,51.5,1.12,1.27,7,207,2,-0.4999999999999997,-0.8660254037844388,-0.4093559588156211,-0.9123747579707274,8.9021,8.8481,6.288,6.476014285714285,7.334046666666667
2020-07-26,7.0774,10.04,60.63,59.24,1.81,0.07,7,208,2,-0.4999999999999997,-0.8660254037844388,-0.42500033996955394,-0.9051931898913975,7.0622,8.9021,6.7814,6.586614285714286,7.338766666666667
2020-07-27,7.0639,10.19,60.71,68.27,2.07,0.43,7,209,2,-0.4999999999999997,-0.8660254037844388,-0.4405187843504952,-0.8977433935342336,7.0774,7.0622,6.0499,6.628900000000001,7.312126666666667
2020-07-28,7.308,9.71,60.65,53.47,1.92,1.35,7,210,2,-0.4999999999999997,-0.8660254037844388,-0.455906693508459,-0.8900275764346766,7.0639,7.0774,2.7499,6.773757142857144,7.278606666666667
2020-07-29,8.0609,9.69,64.17,35.55,1.86,5.54,7,211,2,-0.4999999999999997,-0.8660254037844388,-0.47115950767386394,-0.8820480249558535,7.308,7.0639,5.7127,7.424914285714286,7.24219
2020-07-30,7.8358,10.74,57.01,58.62,1.76,1.98,7,212,2,-0.4999999999999997,-0.8660254037844388,-0.4862727071086902,-0.8738071036110807,8.0609,7.308,8.8481,7.760371428571429,7.239606666666666
2020-07-31,6.5758,9.94,60.96,93.35,1.85,1.57,7,213,2,-0.4999999999999997,-0.8660254037844388,-0.5012418134457756,-0.8653072543632061,7.8358,8.0609,8.9021,7.6157571428571424,7.211073333333333
2020-08-01,5.449,9.47,58.03,78.52,1.8,0.89,8,214,2,-0.8660254037844384,-0.5000000000000004,-0.5160623910158526,-0.8565509959010037,6.5758,7.8358,7.0622,7.283428571428572,7.163569999999999
2020-08-02,7.3097,9.58,57.41,42.81,1.86,0.23,8,215,2,-0.8660254037844384,-0.5000000000000004,-0.5307300481619331,-0.8475409228928312,5.449,6.5758,7.0774,7.052971428571428,7.05461
2020-08-03,7.8895,9.81,54.93,46.07,1.87,0.09,8,216,2,-0.8660254037844384,-0.5000000000000004,-0.5452404385406507,-0.8382797052177745,7.3097,5.449,7.0639,7.086157142857142,7.0469066666666675
2020-08-04,6.3775,9.96,57.1,73.08,1.78,0.9,8,217,2,-0.8660254037844384,-0.5000000000000004,-0.5595892624101763,-0.828770087174504,7.8895,7.3097,7.308,7.2040999999999995,7.068673333333334
2020-08-05,6.1594,10.24,56.38,75.05,1.98,1.9,8,218,2,-0.8660254037844384,-0.5000000000000004,-0.5737722679043243,-0.8190148866680802,6.3775,7.8895,8.0609,7.071171428571428,7.05169
2020-08-06,6.1392,10.57,60.24,63.78,1.58,5.6,8,219,2,-0.8660254037844384,-0.5000000000000004,-0.5877852522924734,-0.8090169943749472,6.1594,6.3775,7.8358,6.799528571428572,6.99661
2020-08-07,7.7714,11.58,58.76,26.52,1.6,2.05,8,220,2,-0.8660254037844384,-0.5000000000000004,-0.6016240632249227,-0.7987793728863648,6.1392,6.1594,6.5758,6.557157142857143,6.918243333333333
2020-08-08,7.926,11.23,65.23,50.94,1.9,0.36,8,221,2,-0.8660254037844384,-0.5000000000000004,-0.6152845999633277,-0.7883050558305253,7.7714,6.1392,5.449,6.727957142857143,7.013216666666667
2020-08-09,4.938,11.24,66.19,89.71,2.32,2.69,8,222,2,-0.8660254037844384,-0.5000000000000004,-0.6287628145958345,-0.7775971469736268,7.926,7.7714,7.3097,7.0818142857142865,7.054
2020-08-10,4.807,10.53,62.55,74.35,2.71,0.81,8,223,2,-0.8660254037844384,-0.5000000000000004,-0.6420547132365636,-0.7666588193001592,4.938,7.926,7.8895,6.743,6.956943333333333
2020-08-11,7.044,10.76,61.83,40.45,2.01,0.25,8,224,2,-0.8660254037844384,-0.5000000000000004,-0.655156357209085,-0.7554933140726804,4.807,4.938,6.3775,6.302642857142857,6.833623333333334
2020-08-12,8.3078,11.51,55.88,14.19,2.18,0.32,8,225,2,-0.8660254037844384,-0.5000000000000004,-0.6680638642135333,-0.7441039398713608,7.044,4.807,6.1594,6.397857142857142,6.848296666666666
2020-08-13,8.1497,10.46,54.42,25.68,1.93,1.61,8,226,2,-0.8660254037844384,-0.5000000000000004,-0.6807734094770159,-0.7324940716135792,8.3078,7.044,6.1392,6.704771428571429,6.837550000000001
2020-08-14,8.1161,10.28,55.92,15.01,2.06,3.5,8,227,2,-0.8660254037844384,-0.5000000000000004,-0.6932812268869771,-0.7206671495538615,8.1497,8.3078,7.7714,6.991985714285714,6.837903333333333
2020-08-15,7.6054,10.46,54.11,29.05,1.69,4.54,8,228,2,-0.8660254037844384,-0.5000000000000004,-0.7055836101071774,-0.70862667826446,8.1161,8.1497,7.926,7.041228571428571,6.819113333333333
2020-08-16,8.3436,11.87,36.87,17.05,1.73,0.03,8,229,2,-0.8660254037844384,-0.5000000000000004,-0.7176769136759615,-0.6963762255968726,7.6054,8.1161,4.938,6.995428571428571,6.87366
2020-08-17,8.2212,12.05,30.26,11.6,1.62,0.93,8,230,2,-0.8660254037844384,-0.5000000000000004,-0.7295575540864876,-0.6839194216246104,8.3436,7.6054,4.807,7.481942857142857,6.954980000000001
2020-08-18,6.5134,11.24,52.08,50.5,1.89,3.19,8,231,2,-0.8660254037844384,-0.5000000000000004,-0.7412220108485957,-0.6712599575675315,8.2212,8.3436,7.044,7.969685714285715,7.01942
2020-08-19,6.6929,10.08,59.61,51.36,2.21,4.13,8,232,2,-0.8660254037844384,-0.5000000000000004,-0.7526668275320083,-0.6584015846980489,6.5134,8.2212,8.3078,7.893885714285715,7.010486666666667
2020-08-20,4.1604,8.64,64.79,86.92,2.14,2.82,8,233,2,-0.8660254037844384,-0.5000000000000004,-0.7638886127905429,-0.64534811322955,6.6929,6.5134,8.1497,7.6631857142857145,7.03192
2020-08-21,2.8946,7.87,68.53,68.27,2.22,12.05,8,234,2,-0.8660254037844384,-0.5000000000000004,-0.7748840413670406,-0.6321034111873488,4.1604,6.6929,8.1161,7.093285714285714,7.078936666666666
2020-08-22,7.0469,8.43,52.8,25.1,1.54,0.09,8,235,2,-0.8660254037844384,-0.5000000000000004,-0.7856498550787144,-0.6186714032625032,2.8946,4.1604,7.6054,6.347357142857144,6.984999999999999
2020-08-23,7.8062,10.6,33.22,17.52,1.15,0.0,8,236,2,-0.8660254037844384,-0.5000000000000004,-0.7961828637826154,-0.6050560696488494,7.0469,2.8946,8.3436,6.267571428571429,6.9249600000000004
2020-08-24,7.7914,11.88,31.36,18.43,1.17,0.64,8,237,2,-0.8660254037844384,-0.5000000000000004,-0.8064799463209447,-0.5912614448635782,7.8062,7.0469,8.2212,6.1908,6.8884300000000005
2020-08-25,6.8676,10.52,57.17,58.01,1.6,1.94,8,238,2,-0.8660254037844384,-0.5000000000000004,-0.8165380514459157,-0.5772916165517278,7.7914,7.8062,6.5134,6.1293999999999995,6.912736666666666
2020-08-26,3.7214,8.98,64.2,83.46,1.89,5.4,8,239,2,-0.8660254037844384,-0.5000000000000004,-0.8263541987239094,-0.5631507242749187,6.8676,7.7914,6.6929,6.18,6.905743333333334
2020-08-27,3.1841,8.37,70.45,81.03,2.73,7.8,8,240,2,-0.8660254037844384,-0.5000000000000004,-0.8359254794186365,-0.5488429582847199,3.7214,6.8676,4.1604,5.7555,6.794326666666667
2020-08-28,3.8371,7.73,68.4,80.36,2.37,2.49,8,241,2,-0.8660254037844384,-0.5000000000000004,-0.8452490573530634,-0.5343725582809785,3.1841,3.7214,2.8946,5.616028571428572,6.656863333333334
2020-08-29,6.7073,7.59,58.87,37.3,1.83,0.09,8,242,2,-0.8660254037844384,-0.5000000000000004,-0.8543221697498269,-0.5197438121555157,3.8371,3.1841,7.0469,5.750671428571429,6.51607
2020-08-30,6.8448,7.67,56.48,59.3,2.09,0.26,8,243,2,-0.8660254037844384,-0.5000000000000004,-0.8631421280499115,-0.5049610547215202,6.7073,3.8371,7.8062,5.702157142857144,6.478453333333333
2020-08-31,6.1109,9.03,57.11,48.45,1.61,2.63,8,244,2,-0.8660254037844384,-0.5000000000000004,-0.8717063187093217,-0.4900286664290594,6.8448,6.7073,7.7914,5.564814285714285,6.48742
2020-09-01,7.271,9.36,49.26,17.14,2.07,0.38,9,245,2,-1.0,-1.8369701987210297e-16,-0.8800122039735356,-0.4749510720670502,6.1109,6.8448,6.8676,5.324742857142858,6.509483333333333
2020-09-02,7.1287,9.54,52.49,16.88,1.92,0.0,9,246,2,-1.0,-1.8369701987210297e-16,-0.888057322629493,-0.4597327394521046,7.271,6.1109,3.7214,5.382371428571429,6.508193333333334
2020-09-03,6.0408,7.6,71.1,60.43,1.74,0.6,9,247,2,-1.0,-1.8369701987210297e-16,-0.8958392907349089,-0.4443781781046134,7.1287,7.271,3.1841,5.869128571428571,6.482833333333334
2020-09-04,3.8148,7.49,69.3,94.47,2.07,1.27,9,248,2,-1.0,-1.8369701987210297e-16,-0.9033558023246842,-0.4288919379124841,6.0408,7.1287,3.8371,6.277228571428571,6.47161
2020-09-05,5.3213,7.59,65.74,72.42,2.03,0.23,9,249,2,-1.0,-1.8369701987210297e-16,-0.9106046300942162,-0.41327860778290443,3.8148,6.0408,6.7073,6.274042857142858,6.393456666666666
2020-09-06,5.1782,7.09,63.99,76.28,2.09,1.87,9,250,2,-1.0,-1.8369701987210297e-16,-0.9175836260593934,-0.3975428142825566,5.3213,3.8148,6.8448,6.076042857142857,6.366193333333333
2020-09-07,5.5399,5.68,57.05,68.67,2.5,0.54,9,251,2,-1.0,-1.8369701987210297e-16,-0.9242907221930934,-0.3816892202666586,5.1782,5.3213,6.1109,5.837957142857143,6.279753333333334
2020-09-08,6.475,5.39,46.48,27.61,2.07,0.0,9,252,2,-1.0,-1.8369701987210297e-16,-0.9307239310379793,-0.3657225234972692,5.5399,5.1782,7.271,5.756385714285715,6.200216666666666
2020-09-09,7.117,4.94,41.54,15.72,2.14,0.0,9,253,2,-1.0,-1.8369701987210297e-16,-0.9368813462954315,-0.34964745525122826,6.475,5.5399,7.1287,5.642671428571428,6.25145
2020-09-10,6.9149,4.73,40.88,15.9,1.92,0.0,9,254,2,-1.0,-1.8369701987210297e-16,-0.9427611433904206,-0.33346877891818705,7.117,6.475,6.0408,5.641,6.32845
2020-09-11,6.8196,5.01,43.28,30.85,1.92,0.17,9,255,2,-1.0,-1.8369701987210297e-16,-0.9483615800121716,-0.31719128858910595,6.9149,7.117,3.8148,5.765871428571429,6.324146666666667
2020-09-12,6.5926,5.26,55.06,23.57,1.99,0.67,9,256,2,-1.0,-1.8369701987210297e-16,-0.9536809966304455,-0.300819807635668,6.8196,6.9149,5.3213,6.1951285714285715,6.27454
2020-09-13,6.8789,6.17,55.85,15.23,2.17,0.0,9,257,2,-1.0,-1.8369701987210297e-16,-0.9587178169872964,-0.2843591872810036,6.5926,6.8196,5.1782,6.376742857142858,6.222636666666667
2020-09-14,7.0284,5.32,53.98,15.07,2.51,0.0,9,258,2,-1.0,-1.8369701987210297e-16,-0.9634705485641486,-0.26781430516217486,6.8789,6.5926,5.5399,6.6197,6.181396666666667
2020-09-15,6.1027,4.61,56.39,28.5,2.56,0.0,9,259,2,-1.0,-1.8369701987210297e-16,-0.9679377830240642,-0.25119006388481957,7.0284,6.8789,6.475,6.832342857142858,6.162163333333334
2020-09-16,6.7286,4.48,53.2,22.01,2.44,0.0,9,260,2,-1.0,-1.8369701987210297e-16,-0.9721181966290612,-0.23449138957041052,6.1027,7.0284,7.117,6.7791571428571435,6.087466666666667
2020-09-17,5.8632,4.45,53.99,38.26,2.48,0.0,9,261,2,-1.0,-1.8369701987210297e-16,-0.9760105506323682,-0.21772323039653224,6.7286,6.1027,6.9149,6.7236714285714285,6.0377133333333335
2020-09-18,6.8261,3.65,51.54,13.75,2.48,0.0,9,262,2,-1.0,-1.8369701987210297e-16,-0.9796136916454901,-0.20089055513063528,5.8632,6.7286,6.8196,6.573428571428572,6.01604
2020-09-19,6.7824,3.76,53.52,12.38,2.28,0.0,9,263,2,-1.0,-1.8369701987210297e-16,-0.9829265519799822,-0.18399835165767986,6.8261,5.8632,6.5926,6.574357142857143,6.02048
2020-09-20,6.8738,3.68,41.9,13.23,1.62,0.0,9,264,2,-1.0,-1.8369701987210297e-16,-0.9859481499638303,-0.1670516255021195,6.7824,6.8261,6.8789,6.601471428571428,6.10788
2020-09-21,6.8897,5.4,24.94,14.29,1.3,0.0,9,265,2,-1.0,-1.8369701987210297e-16,-0.9886775902323404,-0.15005539834465262,6.8738,6.7824,7.0284,6.6007428571428575,6.240520000000001
2020-09-22,6.6634,5.42,40.73,17.51,1.49,0.02,9,266,2,-1.0,-1.8369701987210297e-16,-0.9911140639934546,-0.13301470653419636,6.8897,6.8738,6.1027,6.580928571428571,6.2352799999999995
2020-09-23,6.6977,3.98,52.82,17.03,2.2,0.11,9,267,2,-1.0,-1.8369701987210297e-16,-0.9932568492674143,-0.11593459959550066,6.6634,6.8897,6.7286,6.661028571428572,6.197186666666667
2020-09-24,6.2323,3.55,47.44,25.73,1.76,0.0,9,268,2,-1.0,-1.8369701987210297e-16,-0.9951053111006974,-0.09882013873287211,6.6977,6.6634,5.8632,6.656614285714285,6.160730000000001
2020-09-25,5.5435,3.43,49.74,41.4,1.77,0.77,9,269,2,-1.0,-1.8369701987210297e-16,-0.99665890175417,-0.08167639533042288,6.2323,6.6977,6.8261,6.7093428571428575,6.139553333333334
2020-09-26,4.5751,0.64,55.66,73.84,2.22,1.61,9,270,2,-1.0,-1.8369701987210297e-16,-0.9979171608653922,-0.06450844944931625,5.5435,6.2323,6.7824,6.526114285714286,6.200289999999999
2020-09-27,3.7661,-0.39,56.66,58.43,2.33,0.0,9,271,2,-1.0,-1.8369701987210297e-16,-0.9988797155850335,-0.04732138832243232,4.5751,5.5435,6.8738,6.210785714285715,6.2466566666666665
2020-09-28,5.5414,0.1,43.43,20.16,2.22,0.0,9,272,2,-1.0,-1.8369701987210297e-16,-0.9995462806873573,-0.03012030484690836,3.7661,4.5751,6.8897,5.7668285714285705,6.24429
2020-09-29,5.7353,0.02,38.33,20.53,2.31,0.0,9,273,2,-1.0,-1.8369701987210297e-16,-0.9999166586547379,-0.012910296075008843,5.5414,3.7661,6.6634,5.574214285714286,6.205426666666667
2020-09-30,6.0986,0.3,35.83,18.26,2.11,0.0,9,274,2,-1.0,-1.8369701987210297e-16,-0.9999907397361901,0.004303538296243821,5.7353,5.5414,6.6977,5.441628571428572,6.168443333333333
2020-10-01,5.5834,0.07,39.68,22.87,2.3,0.0,10,275,3,-0.8660254037844386,0.5000000000000001,-0.9997685019798909,0.021516097436222233,6.0986,5.7353,6.2323,5.3560428571428575,6.168033333333335
2020-10-02,6.295,0.4,38.74,14.53,2.57,0.0,10,276,3,-0.8660254037844386,0.5000000000000001,-0.9992500112396835,0.03872228089217399,5.5834,6.0986,5.5435,5.263342857142857,6.1117799999999995
2020-10-03,6.0029,0.44,41.82,20.35,2.34,0.0,10,277,3,-0.8660254037844386,0.5000000000000001,-0.9984354211555643,0.05591699010060302,6.295,5.5834,4.5751,5.3707,6.08399
2020-10-04,6.2074,-0.23,41.29,19.07,2.21,0.0,10,278,3,-0.8660254037844386,0.5000000000000001,-0.9973249731081555,0.07309512989807776,6.0029,6.295,3.7661,5.5746714285714285,6.082726666666667
2020-10-05,6.2474,-0.02,37.54,14.39,2.23,0.0,10,279,3,-0.8660254037844386,0.5000000000000001,-0.9959189961471792,0.0902516100310407,6.2074,6.0029,5.5414,5.9234285714285715,6.16248
2020-10-06,6.1092,0.45,33.2,14.35,2.56,0.0,10,280,3,-0.8660254037844386,0.5000000000000001,-0.994217906893952,0.10738134666416306,6.2474,6.2074,5.7353,6.024285714285715,6.19335
2020-10-07,6.0386,-0.29,38.01,14.53,2.21,0.0,10,281,3,-0.8660254037844386,0.5000000000000001,-0.9922222094179324,0.12447926388678869,6.1092,6.2474,6.0986,6.0777,6.224383333333334
2020-10-08,5.7118,-0.42,41.06,18.1,2.14,0.0,10,282,3,-0.8660254037844386,0.5000000000000001,-0.989932495087353,0.141540295217043,6.0386,6.1092,5.5834,6.069128571428572,6.241006666666666
2020-10-09,5.8913,-0.52,42.32,15.73,2.38,0.0,10,283,3,-0.8660254037844386,0.5000000000000001,-0.9873494423939864,0.15855938510313475,5.7118,6.0386,6.295,6.087471428571428,6.215566666666667
2020-10-10,5.8248,-0.29,37.04,14.68,2.19,0.0,10,284,3,-0.8660254037844386,0.5000000000000001,-0.9844738167520923,0.17553149042142777,5.8913,5.7118,6.0029,6.0298,6.17471
2020-10-11,5.8111,-0.06,32.74,14.51,2.68,0.0,10,285,3,-0.8660254037844386,0.5000000000000001,-0.9813064702716093,0.19245158197082995,5.8248,5.8913,6.2074,6.004357142857144,6.138373333333334
2020-10-12,5.6537,-0.83,39.6,15.33,2.9,0.0,10,286,3,-0.8660254037844386,0.5000000000000001,-0.9778483415056567,0.20931464596304888,5.8111,5.8248,6.2474,5.947742857142857,6.104756666666666
2020-10-13,5.657,-1.42,50.24,18.36,2.65,0.0,10,287,3,-0.8660254037844386,0.5000000000000001,-0.9741004551724206,0.22611568550828803,5.6537,5.8111,6.1092,5.862928571428571,6.07346
2020-10-14,5.6249,-0.97,50.32,18.77,2.42,0.0,10,288,3,-0.8660254037844386,0.5000000000000001,-0.970063921851507,0.2428497220959358,5.657,5.6537,6.0386,5.798328571428572,6.03273
2020-10-15,5.5975,-0.69,44.19,15.72,2.53,0.0,10,289,3,-0.8660254037844386,0.5000000000000001,-0.965739937654855,0.25951179706979943,5.6249,5.657,5.7118,5.739228571428571,5.985946666666666
2020-10-16,5.7403,-0.54,34.76,13.7,2.1,0.0,10,290,3,-0.8660254037844386,0.5000000000000001,-0.9611297838723007,0.27609697309746883,5.5975,5.6249,5.8913,5.7229,5.969106666666667
2020-10-17,5.4912,-0.21,35.0,15.01,2.37,0.0,10,291,3,-0.8660254037844386,0.5000000000000001,-0.9562348265919058,0.2926003356333479,5.7403,5.5975,5.8248,5.701328571428571,5.936163333333334
2020-10-18,5.5654,-0.82,35.37,12.86,2.52,0.0,10,292,3,-0.8660254037844386,0.5000000000000001,-0.9510565162951536,0.30901699437494723,5.4912,5.7403,5.8111,5.653671428571428,5.923763333333333
2020-10-19,5.3998,-0.71,27.7,18.12,1.18,0.0,10,293,3,-0.8660254037844386,0.5000000000000001,-0.9455963874271428,0.3253420847119795,5.5654,5.4912,5.6537,5.618571428571428,5.88174
2020-10-20,5.4317,-0.86,30.92,13.96,1.6,0.0,10,294,3,-0.8660254037844386,0.5000000000000001,-0.9398560579418953,0.341570769167856,5.3998,5.5654,5.657,5.582300000000001,5.835653333333334
2020-10-21,5.3462,-1.26,44.83,13.62,1.74,0.0,10,295,3,-0.8660254037844386,0.5000000000000001,-0.9338372288229252,0.35769823883312546,5.4317,5.3998,5.6249,5.550114285714286,5.787583333333333
2020-10-22,4.3226,-3.11,54.9,33.81,1.56,0.0,10,296,3,-0.8660254037844386,0.5000000000000001,-0.9275416835791965,0.3737197147904692,5.3462,5.4317,5.5975,5.5103,5.736133333333333
2020-10-23,4.4542,-3.03,47.89,41.5,2.27,0.0,10,297,3,-0.8660254037844386,0.5000000000000001,-0.9209712877166347,0.38963044953078774,4.3226,5.3462,5.7403,5.328171428571428,5.658106666666667
2020-10-24,4.4179,-3.54,47.55,54.12,2.38,0.0,10,298,3,-0.8660254037844386,0.5000000000000001,-0.9141279881853337,0.4054257283599973,4.4542,4.3226,5.4912,5.144442857142857,5.583323333333333
2020-10-25,3.2282,-4.56,48.77,84.25,2.77,0.13,10,299,3,-0.8660254037844386,0.5000000000000001,-0.9070138128026362,0.42110087079608916,4.4179,4.4542,5.5654,4.9911142857142865,5.522843333333333
2020-10-26,3.1829,-5.31,44.14,52.58,1.97,0.09,10,300,3,-0.8660254037844386,0.5000000000000001,-0.8996308696522434,0.4366512319560638,3.2282,4.4179,5.3998,4.657228571428571,5.445666666666666
2020-10-27,4.6625,-3.85,31.43,23.14,1.5,0.0,10,301,3,-0.8660254037844386,0.5000000000000001,-0.8919813464595487,0.45207220393230374,3.1829,3.2282,5.4317,4.340528571428572,5.39926
2020-10-28,4.5427,-3.69,38.6,39.2,2.49,0.0,10,302,3,-0.8660254037844386,0.5000000000000001,-0.8840675099433637,0.46735921715800205,4.6625,3.1829,5.3462,4.230642857142857,5.42914
2020-10-29,3.6737,-5.48,48.09,70.25,2.83,0.02,10,303,3,-0.8660254037844386,0.5000000000000001,-0.8758917051442433,0.48250774176121763,4.5427,4.6625,4.3226,4.115857142857143,5.395849999999999
2020-10-30,4.0094,-6.48,51.56,57.17,2.52,0.05,10,304,3,-0.8660254037844386,0.5000000000000001,-0.8674563547295971,0.4975132889071803,3.6737,4.5427,4.4542,4.023157142857143,5.3271299999999995
2020-10-31,3.6857,-6.04,48.98,67.47,1.99,0.09,10,305,3,-0.8660254037844386,0.5000000000000001,-0.858763958275803,0.5123714121284235,4.0094,3.6737,4.4179,3.9596142857142858,5.25749
2020-11-01,4.1222,-5.51,51.13,57.27,1.77,1.1,11,306,3,-0.5000000000000004,0.8660254037844384,-0.8498170915275277,0.5270777086423724,3.6857,4.0094,3.2282,3.8550142857142857,5.194233333333333
2020-11-02,3.978,-5.29,46.03,37.37,0.97,0.42,11,307,3,-0.5000000000000004,0.8660254037844384,-0.8406184056344783,0.5416278206559811,4.1222,3.6857,3.1829,3.9827285714285714,5.121806666666667
2020-11-03,3.4771,-5.57,47.18,63.2,1.61,1.9,11,308,3,-0.5000000000000004,0.8660254037844384,-0.8311706263658079,0.5560174366570446,3.978,4.1222,4.6625,4.0963142857142865,5.05431
2020-11-04,3.389,-5.44,52.96,55.41,1.85,0.0,11,309,3,-0.5000000000000004,0.8660254037844384,-0.8214765533024145,0.5702422926917867,3.4771,3.978,4.5427,3.9269714285714286,4.9633
2020-11-05,3.2047,-6.43,50.35,69.23,1.06,0.0,11,310,3,-0.5000000000000004,0.8660254037844384,-0.8115390590073611,0.5842981736283683,3.389,3.4771,3.6737,3.7621571428571428,4.8680200000000005
2020-11-06,3.63,-5.8,53.47,47.67,1.85,0.0,11,311,3,-0.5000000000000004,0.8660254037844384,-0.801361088174677,0.5981809144059159,3.2047,3.389,4.0094,3.6951571428571426,4.771203333333333
2020-11-07,4.5768,-5.58,39.4,24.29,0.91,0.0,11,312,3,-0.5000000000000004,0.8660254037844384,-0.7909456567567774,0.6118864012687242,3.63,3.2047,3.6857,3.640957142857143,4.690916666666667
2020-11-08,4.6051,-4.53,28.54,21.58,1.21,0.0,11,313,3,-0.5000000000000004,0.8660254037844384,-0.780295851070776,0.6254105729852457,4.5768,3.63,4.1222,3.7682571428571427,4.653083333333333
2020-11-09,4.2862,-3.82,32.9,43.71,1.52,0.0,11,314,3,-0.5000000000000004,0.8660254037844384,-0.7694148268839381,0.6387494220515268,4.6051,4.5768,3.978,3.8372428571428574,4.6102099999999995
2020-11-10,3.8467,-4.93,44.52,77.18,1.51,0.0,11,315,3,-0.5000000000000004,0.8660254037844384,-0.7583058084785625,0.6518989958787125,4.2862,4.6051,3.4771,3.8812714285714285,4.558923333333333
2020-11-11,3.6648,-4.77,46.6,73.29,1.54,0.04,11,316,3,-0.5000000000000004,0.8660254037844384,-0.7469720876965551,0.6648553979642866,3.8467,4.2862,3.389,3.9340714285714284,4.4934433333333335
2020-11-12,3.9454,-5.61,45.29,44.54,1.68,0.0,11,317,3,-0.5000000000000004,0.8660254037844384,-0.7354170229639858,0.6776147890466887,3.6648,3.8467,3.2047,3.9734714285714285,4.427146666666667
2020-11-13,3.6881,-5.33,38.44,68.16,1.91,0.0,11,318,3,-0.5000000000000004,0.8660254037844384,-0.7236440382959124,0.690173388242972,3.9454,3.6648,3.63,4.079285714285715,4.370093333333333
2020-11-14,2.3155,-5.86,48.23,90.8,2.97,0.08,11,319,3,-0.5000000000000004,0.8660254037844384,-0.711656622281775,0.7025274741691566,3.6881,3.9454,4.5768,4.087585714285715,4.305533333333333
2020-11-15,1.9142,-7.85,54.08,94.27,4.63,4.17,11,320,3,-0.5000000000000004,0.8660254037844384,-0.6994583270516471,0.7146733860429608,2.3155,3.6881,4.6051,3.7645428571428567,4.196133333333333
2020-11-16,2.3165,-12.82,68.82,71.1,2.92,17.37,11,321,3,-0.5000000000000004,0.8660254037844384,-0.6870527672236675,0.7266075247685652,1.9142,2.3155,4.2862,3.380128571428571,4.068596666666667
2020-11-17,2.808,-19.69,75.23,71.28,1.89,2.44,11,322,3,-0.5000000000000004,0.8660254037844384,-0.6744436188329457,0.7383263540031063,2.3165,1.9142,3.8467,3.098742857142857,3.962773333333333
2020-11-18,3.0821,-21.13,83.7,70.63,2.3,0.0,11,323,3,-0.5000000000000004,0.8660254037844384,-0.661634618242279,0.749826401204568,2.808,2.3165,3.6648,2.950357142857143,3.87086
2020-11-19,1.6594,-19.38,83.96,95.3,2.8,0.0,11,324,3,-0.5000000000000004,0.8660254037844384,-0.6486295610349818,0.7611042586607742,3.0821,2.808,3.9454,2.867114285714286,3.793603333333333
2020-11-20,2.7463,-18.75,79.67,63.71,2.29,0.0,11,325,3,-0.5000000000000004,0.8660254037844384,-0.6354323008901775,0.7721565844991641,1.6594,3.0821,3.6881,2.540542857142857,3.66786
2020-11-21,2.1607,-19.84,75.04,74.75,2.39,0.03,11,326,3,-0.5000000000000004,0.8660254037844384,-0.622046748440868,0.7829801036770624,2.7463,1.6594,2.3155,2.4059999999999997,3.581196666666666
2020-11-22,2.1806,-16.78,79.88,83.03,2.38,0.17,11,327,3,-0.5000000000000004,0.8660254037844384,-0.6084768701151264,0.7935716089521472,2.1607,2.7463,1.9142,2.3838857142857144,3.509133333333333
2020-11-23,1.5254,-11.92,85.22,92.49,2.57,7.1,11,328,3,-0.5000000000000004,0.8660254037844384,-0.594726686960764,0.8039279618328208,2.1806,2.1607,2.3165,2.421942857142857,3.4333466666666665
2020-11-24,1.5881,-13.23,89.0,92.23,1.7,4.0,11,329,3,-0.5000000000000004,0.8660254037844384,-0.5808002734538013,0.8140460935082175,1.5254,2.1806,2.808,2.308928571428571,3.33693
2020-11-25,1.5103,-12.92,93.15,84.3,1.3,18.37,11,330,3,-0.5000000000000004,0.8660254037844384,-0.5667017562911184,0.8239230057575536,1.5881,1.5254,3.0821,2.134657142857143,3.28226
2020-11-26,2.2219,-16.15,88.03,51.01,1.21,5.45,11,331,3,-0.5000000000000004,0.8660254037844384,-0.5524353131676203,0.8335557718385695,1.5103,1.5881,1.6594,1.9101142857142859,3.2265066666666664
2020-11-27,3.2364,-23.45,85.82,24.32,1.3,0.01,11,332,3,-0.5000000000000004,0.8660254037844384,-0.5380051715382992,0.8429415373547832,2.2219,1.5103,2.7463,1.9904714285714287,3.1451533333333335
2020-11-28,1.9675,-18.06,91.56,63.28,1.46,0.0,11,333,3,-0.5000000000000004,0.8660254037844384,-0.5234156073655503,0.8520775211013093,3.2364,2.2219,2.1607,2.0604857142857145,3.10161
2020-11-29,1.985,-11.31,90.45,80.91,1.46,0.0,11,334,3,-0.5000000000000004,0.8660254037844384,-0.5086709438521042,0.8609610158889945,1.9675,3.2364,2.1806,2.0328857142857144,3.0447366666666666
2020-11-30,2.9191,-13.0,92.76,53.26,1.44,0.0,11,335,3,-0.5000000000000004,0.8660254037844384,-0.49377555015997737,0.8695893893466109,1.985,1.9675,1.5254,2.0049428571428574,2.9772566666666664
2020-12-01,2.3254,-12.26,93.96,71.05,1.26,0.0,12,336,0,-2.4492935982947064e-16,1.0,-0.4787338401157883,0.8779600847008883,2.9191,1.985,1.5881,2.204042857142857,2.951703333333333
2020-12-02,3.3703,-16.09,92.83,49.31,1.26,0.0,12,337,0,-2.4492935982947064e-16,1.0,-0.4635502709028512,0.8860706215341378,2.3254,2.9191,1.5103,2.3093714285714286,2.89181
2020-12-03,3.6072,-19.75,90.71,41.03,1.39,0.0,12,338,0,-2.4492935982947064e-16,1.0,-0.4482293417404106,0.893918596519257,3.3703,2.3254,2.2219,2.575085714285714,2.871553333333333
2020-12-04,2.2812,-17.89,91.84,83.3,1.85,0.0,12,339,0,-2.4492935982947064e-16,1.0,-0.4327755925504317,0.9015016841318838,3.6072,3.3703,3.2364,2.7729857142857144,2.87589
2020-12-05,2.2027,-13.77,84.54,82.33,2.28,0.0,12,340,0,-2.4492935982947064e-16,1.0,-0.41719360261231697,0.9088176373395028,2.2812,3.6072,1.9675,2.6365285714285713,2.8389633333333335
2020-12-06,1.8835,-14.5,86.15,80.26,2.21,0.0,12,341,0,-2.4492935982947064e-16,1.0,-0.4014879892059737,0.9158642882672868,2.2027,2.2812,1.985,2.670128571428571,2.805563333333333
2020-12-07,1.7674,-16.4,89.72,90.96,2.15,0.13,12,342,0,-2.4492935982947064e-16,1.0,-0.38566340624360745,0.9226395488404875,1.8835,2.2027,2.9191,2.6556285714285717,2.7473466666666666
2020-12-08,1.0886,-12.16,89.27,85.13,2.53,3.57,12,343,0,-2.4492935982947064e-16,1.0,-0.3697245428906732,0.9291414114031743,1.7674,1.8835,2.3254,2.4911,2.6537
2020-12-09,1.2878,-13.82,85.85,95.43,2.45,2.69,12,344,0,-2.4492935982947064e-16,1.0,-0.35367612217637207,0.935367949313148,1.0886,1.7674,3.3703,2.3144142857142858,2.5364833333333334
2020-12-10,1.9874,-13.87,83.82,70.24,2.19,1.11,12,345,0,-2.4492935982947064e-16,1.0,-0.33752289959411347,0.941317317512847,1.2878,1.0886,3.6072,2.0169142857142854,2.436536666666667
2020-12-11,1.7947,-17.58,88.88,74.02,1.76,1.56,12,346,0,-2.4492935982947064e-16,1.0,-0.32126966169236515,0.9469877530760751,1.9874,1.2878,2.2812,1.7855142857142858,2.3745600000000002
2020-12-12,1.5437,-14.74,85.97,75.14,2.4,12.28,12,347,0,-2.4492935982947064e-16,1.0,-0.3049212246562894,0.9523775757303973,1.7947,1.9874,2.2027,1.7160142857142857,2.3122233333333337
2020-12-13,2.6719,-22.9,85.33,54.02,1.99,0.03,12,348,0,-2.4492935982947064e-16,1.0,-0.2884824328806098,0.9574851883550389,1.5437,1.7947,1.8835,1.6218714285714289,2.2321666666666666
2020-12-14,2.7053,-24.24,78.99,63.83,2.46,0.0,12,349,0,-2.4492935982947064e-16,1.0,-0.27195815753410524,0.9623090774541487,2.6719,1.5437,1.7674,1.7345000000000002,2.1982933333333334
2020-12-15,1.4026,-22.04,76.42,77.28,2.46,0.01,12,350,0,-2.4492935982947064e-16,1.0,-0.2553532951161881,0.9668478136052773,2.7053,2.6719,1.0886,1.8684857142857143,2.2112866666666666
2020-12-16,2.6042,-22.78,84.47,59.43,2.71,0.05,12,351,0,-2.4492935982947064e-16,1.0,-0.23867276600594997,0.9711000518829505,1.4026,2.7053,1.2878,1.913342857142857,2.1942333333333335
2020-12-17,3.2743,-26.14,74.69,38.8,1.9,0.0,12,352,0,-2.4492935982947064e-16,1.0,-0.22192151300416674,0.9750645322571945,2.6042,1.4026,1.9874,2.1014,2.2038233333333332
2020-12-18,3.469,-23.48,56.98,35.12,1.19,0.0,12,353,0,-2.4492935982947064e-16,1.0,-0.20510449986861926,0.9787400799669153,3.2743,2.6042,1.7947,2.285242857142857,2.2193666666666667
2020-12-19,3.4054,-24.08,76.58,35.76,1.32,0.0,12,354,0,-2.4492935982947064e-16,1.0,-0.1882267098432439,0.9821256058680006,3.469,3.2743,1.5437,2.5244285714285715,2.2322633333333335
2020-12-20,2.8716,-17.09,78.7,58.04,1.48,0.0,12,355,0,-2.4492935982947064e-16,1.0,-0.1712931441814778,0.9852201067560606,3.4054,3.469,2.6719,2.7903857142857142,2.2904633333333333
2020-12-21,2.7578,-13.82,86.44,60.31,2.23,0.0,12,356,0,-2.4492935982947064e-16,1.0,-0.154308820664281,0.9880226656636976,2.8716,3.4054,2.7053,2.8189142857142855,2.2946400000000002
2020-12-22,3.3794,-22.45,87.23,38.71,1.61,0.0,12,357,0,-2.4492935982947064e-16,1.0,-0.13727877211326517,0.9905324521322227,2.7578,2.8716,1.4026,2.8264142857142858,2.3145433333333334
2020-12-23,3.2383,-24.4,85.25,45.05,1.69,0.0,12,358,0,-2.4492935982947064e-16,1.0,-0.12020804489935275,0.9927487224577402,3.3794,2.7578,2.6042,3.1088142857142858,2.3545033333333336
2020-12-24,2.5418,-23.33,82.98,80.54,1.6,0.0,12,359,0,-2.4492935982947064e-16,1.0,-0.10310169744743544,0.9946708199115211,3.2383,3.3794,3.2743,3.1994,2.4116
2020-12-25,3.1709,-22.53,79.94,52.15,1.47,0.0,12,360,0,-2.4492935982947064e-16,1.0,-0.0859647987374467,0.9962981749346077,2.5418,3.2383,3.469,3.094757142857143,2.44339
2020-12-26,2.9928,-21.4,79.09,46.35,2.11,0.0,12,361,0,-2.4492935982947064e-16,1.0,-0.06880242680232064,0.9976303053065857,3.1709,2.5418,3.4054,3.052171428571429,2.498743333333333
2020-12-27,3.0353,-20.66,58.39,66.55,1.97,1.03,12,362,0,-2.4492935982947064e-16,1.0,-0.05161966722325418,0.9986668162884759,2.9928,3.1709,2.8716,2.9932285714285713,2.52444
2020-12-28,1.7194,-17.88,79.68,82.07,1.61,2.88,12,363,0,-2.4492935982947064e-16,1.0,-0.034421611622745804,0.9994074007397048,3.0353,2.9928,2.7578,3.0166142857142857,2.5177366666666665
2020-12-29,2.5217,-21.84,83.97,51.04,1.42,0.18,12,364,0,-2.4492935982947064e-16,1.0,-0.01721335615583528,0.9998518392091162,1.7194,3.0353,3.3794,2.8682714285714286,2.509466666666667
2020-12-30,3.5165,-27.27,86.39,31.16,1.4,0.01,12,365,0,-2.4492935982947064e-16,1.0,6.432490598706546e-16,1.0,2.5217,1.7194,3.2383,2.745742857142857,2.527356666666667
2020-12-31,3.4274,-25.77,82.25,34.65,1.49,0.0,12,366,0,-2.4492935982947064e-16,1.0,0.017213356155833904,0.9998518392091162,3.5165,2.5217,2.5418,2.785485714285714,2.54727
2021-01-01,2.8054,-20.59,69.93,59.13,1.43,0.0,1,1,0,0.49999999999999994,0.8660254037844387,0.017213356155834685,0.9998518392091162,3.4274,3.5165,3.1709,2.912,2.5840033333333334
2021-01-02,3.3446,-20.91,81.53,50.9,1.33,1.21,1,2,0,0.49999999999999994,0.8660254037844387,0.03442161162274574,0.9994074007397048,2.8054,3.4274,2.9928,2.8597857142857146,2.5651733333333335
2021-01-03,2.5402,-13.06,89.15,72.7,1.22,9.25,1,3,0,0.49999999999999994,0.8660254037844387,0.051619667223253764,0.998666816288476,3.3446,2.8054,3.0353,2.9100428571428574,2.55642
2021-01-04,3.2342,-15.81,88.57,48.09,1.58,0.86,1,4,0,0.49999999999999994,0.8660254037844387,0.06880242680231986,0.9976303053065857,2.5402,3.3446,1.7194,2.8393142857142855,2.565053333333333
2021-01-05,2.5464,-15.24,92.19,89.08,1.51,16.03,1,5,0,0.49999999999999994,0.8660254037844387,0.08596479873744647,0.9962981749346078,3.2342,2.5402,2.5217,3.0557142857142856,2.599436666666667
2021-01-06,1.8744,-15.74,83.18,78.07,2.15,11.69,1,6,0,0.49999999999999994,0.8660254037844387,0.10310169744743485,0.9946708199115211,2.5464,3.2342,3.5165,3.059242857142857,2.6215333333333333
2021-01-07,3.0893,-23.68,76.58,74.07,2.25,0.01,1,7,0,0.49999999999999994,0.8660254037844387,0.1202080448993527,0.9927487224577402,1.8744,2.5464,3.4274,2.8246571428571428,2.6251
2021-01-08,1.6337,-18.19,65.19,76.79,3.13,0.04,1,8,0,0.49999999999999994,0.8660254037844387,0.13727877211326478,0.9905324521322229,3.0893,1.8744,2.8054,2.776357142857143,2.6917899999999997
2021-01-09,3.7502,-19.36,87.92,34.33,2.08,0.54,1,9,0,0.49999999999999994,0.8660254037844387,0.15430882066428117,0.9880226656636976,1.6337,3.0893,3.3446,2.6089714285714285,2.7033199999999997
2021-01-10,3.8364,-22.14,76.83,33.62,1.44,0.01,1,10,0,0.49999999999999994,0.8660254037844387,0.1712931441814776,0.9852201067560606,3.7502,1.6337,2.5402,2.666914285714286,2.76208
2021-01-11,3.9362,-20.68,50.72,29.44,1.54,0.0,1,11,0,0.49999999999999994,0.8660254037844387,0.1882267098432442,0.9821256058680006,3.8364,3.7502,3.2342,2.852085714285714,2.8301366666666667
2021-01-12,3.9442,-22.79,65.33,27.99,1.33,0.0,1,12,0,0.49999999999999994,0.8660254037844387,0.2051044998686192,0.9787400799669153,3.9362,3.8364,2.5464,2.952371428571429,2.9098866666666665
2021-01-13,4.0166,-22.76,77.17,25.95,1.33,0.0,1,13,0,0.49999999999999994,0.8660254037844387,0.2219215130041655,0.9750645322571948,3.9442,3.9362,1.8744,3.1520571428571427,2.952296666666667
2021-01-14,3.7584,-19.81,71.29,58.08,1.26,0.0,1,14,0,0.49999999999999994,0.8660254037844387,0.2386727660059501,0.9711000518829505,4.0166,3.9442,3.0893,3.4580857142857147,2.9960066666666667
2021-01-15,3.6358,-13.65,50.42,53.03,1.0,0.0,1,15,0,0.49999999999999994,0.8660254037844387,0.255353295116187,0.9668478136052775,3.7584,4.0166,1.6337,3.553671428571429,3.0745333333333336
2021-01-16,4.0027,-18.66,74.38,32.62,1.66,0.0,1,16,0,0.49999999999999994,0.8660254037844387,0.2719581575341055,0.9623090774541486,3.6358,3.7584,3.7502,3.8396857142857144,3.10892
2021-01-17,3.4354,-18.18,72.37,61.24,1.53,0.0,1,17,0,0.49999999999999994,0.8660254037844387,0.288482432880609,0.9574851883550393,4.0027,3.6358,3.8364,3.8757571428571427,3.1332
2021-01-18,3.3324,-18.57,83.51,61.91,1.67,0.0,1,18,0,0.49999999999999994,0.8660254037844387,0.30492122465628907,0.9523775757303974,3.4354,4.0027,3.9362,3.8184714285714287,3.13208
2021-01-19,3.7642,-22.95,90.67,51.01,1.54,0.0,1,19,0,0.49999999999999994,0.8660254037844387,0.3212696616923644,0.9469877530760753,3.3324,3.4354,3.9442,3.732214285714286,3.129646666666667
2021-01-20,4.0771,-23.25,87.0,30.79,1.47,0.0,1,20,0,0.49999999999999994,0.8660254037844387,0.3375228995941133,0.9413173175128471,3.7642,3.3324,4.0166,3.7065000000000006,3.1594
2021-01-21,3.3653,-22.53,76.82,60.79,1.78,0.0,1,21,0,0.49999999999999994,0.8660254037844387,0.3536761221763716,0.9353679493131483,4.0771,3.7642,3.7584,3.7151428571428573,3.2033766666666663
2021-01-22,2.6683,-17.13,64.25,88.26,3.16,0.08,1,22,0,0.49999999999999994,0.8660254037844387,0.3697245428906731,0.9291414114031743,3.3653,4.0771,3.6358,3.658985714285714,3.2029066666666663
2021-01-23,1.3236,-14.93,83.44,76.04,3.66,5.82,1,23,0,0.49999999999999994,0.8660254037844387,0.38566340624360707,0.9226395488404876,2.6683,3.3653,4.0027,3.5207714285714284,3.1839066666666667
2021-01-24,3.7692,-15.82,75.68,43.11,0.87,0.61,1,24,0,0.49999999999999994,0.8660254037844387,0.401487989205973,0.9158642882672872,1.3236,2.6683,3.4354,3.1380428571428567,3.1433000000000004
2021-01-25,4.2026,-23.69,85.01,38.76,1.69,0.0,1,25,0,0.49999999999999994,0.8660254037844387,0.4171936026123168,0.9088176373395029,3.7692,1.3236,3.3324,3.1857285714285717,3.1632433333333334
2021-01-26,4.0747,-24.48,83.19,41.32,1.81,0.0,1,26,0,0.49999999999999994,0.8660254037844387,0.4327755925504312,0.901501684131884,4.2026,3.7692,3.7642,3.3100428571428573,3.20357
2021-01-27,4.403,-25.12,78.69,28.81,1.63,0.0,1,27,0,0.49999999999999994,0.8660254037844387,0.4482293417404106,0.893918596519257,4.0747,4.2026,4.0771,3.3544000000000005,3.2382166666666667
2021-01-28,3.7337,-22.84,78.8,51.25,1.52,0.0,1,28,0,0.49999999999999994,0.8660254037844387,0.4635502709028509,0.886070621534138,4.403,4.0747,3.3653,3.4009571428571426,3.32767
2021-01-29,2.8094,-20.5,75.17,49.32,1.32,0.0,1,29,0,0.49999999999999994,0.8660254037844387,0.47873384011578846,0.8779600847008882,3.7337,4.403,2.6683,3.4535857142857145,3.3680700000000003
2021-01-30,4.2617,-21.09,71.47,34.98,1.15,0.0,1,30,0,0.49999999999999994,0.8660254037844387,0.49377555015997715,0.869589389346611,2.8094,3.7337,1.3236,3.4737428571428572,3.3444999999999996
2021-01-31,4.3104,-19.55,77.31,39.53,1.45,0.0,1,31,0,0.49999999999999994,0.8660254037844387,0.5086709438521044,0.8609610158889943,4.2617,2.8094,3.7692,3.8934714285714285,3.37231
2021-02-01,3.8563,-17.54,83.18,53.59,1.72,0.0,2,32,0,0.8660254037844386,0.5000000000000001,0.5234156073655503,0.8520775211013093,4.3104,4.2617,4.2026,3.9707857142857144,3.422476666666667
2021-02-02,4.0147,-21.58,75.46,60.43,1.7,0.0,2,33,0,0.8660254037844386,0.5000000000000001,0.5380051715382996,0.8429415373547828,3.8563,4.3104,4.0747,3.9213142857142853,3.4395333333333338
2021-02-03,3.9547,-18.68,75.3,63.59,1.36,3.62,2,34,0,0.8660254037844386,0.5000000000000001,0.5524353131676196,0.8335557718385699,4.0147,3.8563,4.403,3.912742857142857,3.4886833333333334
2021-02-04,3.39,-17.98,84.04,84.98,1.24,2.28,2,35,0,0.8660254037844386,0.5000000000000001,0.5667017562911176,0.8239230057575542,3.9547,4.0147,3.7337,3.8487,3.5127
2021-02-05,4.3373,-18.06,84.57,62.18,1.0,0.6,2,36,0,0.8660254037844386,0.5000000000000001,0.5808002734538009,0.8140460935082178,3.39,3.9547,2.8094,3.7996000000000003,3.5408199999999996
2021-02-06,4.6944,-22.17,91.44,37.0,1.27,0.0,2,37,0,0.8660254037844386,0.5000000000000001,0.5947266869607634,0.8039279618328213,4.3373,3.39,4.2617,4.017871428571428,3.622916666666667
2021-02-07,4.8154,-17.87,75.74,35.78,1.31,0.0,2,38,0,0.8660254037844386,0.5000000000000001,0.6084768701151261,0.7935716089521474,4.6944,4.3373,4.3104,4.079685714285715,3.6764200000000002
2021-02-08,4.2166,-16.25,81.6,56.88,1.51,0.0,2,39,0,0.8660254037844386,0.5000000000000001,0.6220467484408675,0.7829801036770629,4.8154,4.6944,3.8563,4.151828571428571,3.7824766666666667
2021-02-09,2.9357,-12.16,74.16,82.4,1.86,0.0,2,40,0,0.8660254037844386,0.5000000000000001,0.6354323008901774,0.7721565844991642,4.2166,4.8154,4.0147,4.2033,3.798023333333333
2021-02-10,4.3872,-13.14,84.62,65.08,1.04,0.0,2,41,0,0.8660254037844386,0.5000000000000001,0.6486295610349814,0.7611042586607747,2.9357,4.2166,3.9547,4.049157142857143,3.768
2021-02-11,4.7705,-17.73,82.85,45.97,1.87,0.0,2,42,0,0.8660254037844386,0.5000000000000001,0.6616346182422783,0.7498264012045686,4.3872,2.9357,3.39,4.110942857142858,3.7830333333333335
2021-02-12,4.8475,-17.56,80.25,46.33,1.4,0.0,2,43,0,0.8660254037844386,0.5000000000000001,0.6744436188329455,0.7383263540031065,4.7705,4.3872,4.3373,4.308157142857143,3.810576666666667
2021-02-13,3.8758,-15.56,78.67,65.83,1.68,0.0,2,44,0,0.8660254037844386,0.5000000000000001,0.6870527672236669,0.7266075247685656,4.8475,4.7705,4.6944,4.381042857142858,3.8382733333333334
2021-02-14,4.3932,-15.98,81.2,48.91,1.4,0.0,2,45,0,0.8660254037844386,0.5000000000000001,0.699458327051647,0.7146733860429609,3.8758,4.8475,4.8154,4.2641,3.842186666666666
2021-02-15,5.2274,-19.0,85.31,30.35,1.45,0.0,2,46,0,0.8660254037844386,0.5000000000000001,0.7116566222817746,0.7025274741691571,4.3932,3.8758,4.2166,4.203785714285714,3.867433333333333
2021-02-16,5.0316,-18.51,79.91,32.62,1.2,0.0,2,47,0,0.8660254037844386,0.5000000000000001,0.7236440382959124,0.6901733882429719,5.2274,4.3932,2.9357,4.348185714285714,3.908256666666667
2021-02-17,5.4115,-18.34,71.08,33.9,1.1,0.0,2,48,0,0.8660254037844386,0.5000000000000001,0.7354170229639855,0.6776147890466889,5.0316,5.2274,4.3872,4.6476,3.9614633333333336
2021-02-18,5.4518,-18.37,74.42,37.97,1.17,0.0,2,49,0,0.8660254037844386,0.5000000000000001,0.7469720876965552,0.6648553979642865,5.4115,5.0316,4.7705,4.793928571428572,4.030766666666667
2021-02-19,5.5582,-16.75,77.24,38.89,1.1,0.0,2,50,0,0.8660254037844386,0.5000000000000001,0.7583058084785624,0.6518989958787126,5.4518,5.4115,4.8475,4.891257142857143,4.08702
2021-02-20,3.137,-11.8,80.45,88.55,1.69,0.0,2,51,0,0.8660254037844386,0.5000000000000001,0.7694148268839378,0.6387494220515272,5.5582,5.4518,3.8758,4.992785714285715,4.1363900000000005
2021-02-21,3.7999,-12.5,86.74,86.21,2.07,0.0,2,52,0,0.8660254037844386,0.5000000000000001,0.7802958510707755,0.6254105729852464,3.137,5.5582,4.3932,4.887242857142858,4.12878
2021-02-22,2.6278,-10.75,86.57,82.8,2.66,0.06,2,53,0,0.8660254037844386,0.5000000000000001,0.7909456567567772,0.6118864012687243,3.7999,3.137,5.2274,4.802485714285715,4.1665
2021-02-23,2.6789,-11.59,85.33,89.87,3.0,1.63,2,54,0,0.8660254037844386,0.5000000000000001,0.8013610881746766,0.5981809144059165,2.6278,3.7999,5.0316,4.431114285714286,4.209973333333333
2021-02-24,3.4142,-13.52,84.61,87.75,2.53,0.11,2,55,0,0.8660254037844386,0.5000000000000001,0.8115390590073611,0.5842981736283683,2.6789,2.6278,5.4115,4.095014285714286,4.17363
2021-02-25,2.5934,-11.95,81.12,82.75,3.14,0.17,2,56,0,0.8660254037844386,0.5000000000000001,0.8214765533024142,0.5702422926917871,3.4142,2.6789,5.4518,3.809685714285714,4.14735
2021-02-26,2.2836,-11.53,82.87,91.1,4.02,0.61,2,57,0,0.8660254037844386,0.5000000000000001,0.8311706263658079,0.5560174366570446,2.5934,3.4142,5.5582,3.4013428571428577,4.097973333333334
2021-02-27,2.3866,-10.44,79.72,88.86,4.44,5.15,2,58,0,0.8660254037844386,0.5000000000000001,0.8406184056344782,0.5416278206559814,2.2836,2.5934,3.137,2.9335428571428572,4.027326666666666
2021-02-28,5.5126,-13.0,71.34,43.94,1.45,0.16,2,59,0,0.8660254037844386,0.5000000000000001,0.8498170915275278,0.5270777086423722,2.3866,2.2836,3.7999,2.826342857142857,3.9824233333333336
2021-03-01,5.3458,-17.51,79.17,38.31,1.71,0.01,3,60,1,1.0,6.123233995736766e-17,0.8587639582758029,0.5123714121284237,5.5126,2.3866,2.6278,3.0710142857142855,4.07253
2021-03-02,5.3249,-15.5,77.45,45.4,1.5,0.0,3,61,1,1.0,6.123233995736766e-17,0.8674563547295969,0.49751328890718066,5.3458,5.5126,2.6789,3.4593,4.108666666666667
2021-03-03,5.1094,-13.26,85.42,70.6,2.05,0.0,3,62,1,1.0,6.123233995736766e-17,0.8758917051442429,0.48250774176121847,5.3249,5.3458,3.4142,3.8373,4.142483333333334
2021-03-04,5.1326,-15.4,86.26,58.76,2.05,0.0,3,63,1,1.0,6.123233995736766e-17,0.8840675099433636,0.4673592171580022,5.1094,5.3249,2.5934,4.079471428571429,4.184253333333333
2021-03-05,5.1962,-14.53,84.37,53.31,1.75,0.0,3,64,1,1.0,6.123233995736766e-17,0.8919813464595485,0.45207220393230435,5.1326,5.1094,2.2836,4.442214285714286,4.221516666666667
2021-03-06,4.9243,-11.91,84.79,66.16,1.3,0.01,3,65,1,1.0,6.123233995736766e-17,0.8996308696522433,0.43665123195606403,5.1962,5.1326,2.3866,4.8583,4.2629
2021-03-07,3.1692,-10.54,79.61,91.75,2.76,0.92,3,66,1,1.0,6.123233995736766e-17,0.9070138128026359,0.4211008707960896,4.9243,5.1962,5.5126,5.220828571428571,4.314043333333333
2021-03-08,4.3082,-12.32,85.33,79.6,2.15,2.04,3,67,1,1.0,6.123233995736766e-17,0.9141279881853337,0.40542572835999735,3.1692,4.9243,5.3458,4.886057142857142,4.275106666666667
2021-03-09,4.5422,-15.21,86.83,78.62,2.15,0.07,3,68,1,1.0,6.123233995736766e-17,0.9209712877166346,0.38963044953078796,4.3082,3.1692,5.3249,4.7378285714285715,4.2622333333333335
2021-03-10,3.9329,-14.66,85.19,77.77,2.21,1.93,3,69,1,1.0,6.123233995736766e-17,0.9275416835791966,0.37371971479046906,4.5422,4.3082,5.1094,4.626014285714286,4.253126666666667
2021-03-11,3.3902,-12.56,83.94,90.83,2.35,2.81,3,70,1,1.0,6.123233995736766e-17,0.9338372288229252,0.35769823883312546,3.9329,4.5422,5.1326,4.457942857142857,4.24367
2021-03-12,4.0414,-14.01,87.55,92.7,2.01,1.47,3,71,1,1.0,6.123233995736766e-17,0.9398560579418954,0.3415707691678556,3.3902,3.9329,5.1962,4.209028571428571,4.25882
2021-03-13,4.8816,-12.75,77.53,74.28,1.46,0.04,3,72,1,1.0,6.123233995736766e-17,0.9455963874271426,0.3253420847119801,4.0414,3.3902,4.9243,4.0440571428571435,4.247293333333333
2021-03-14,3.8736,-12.31,78.7,75.18,1.97,0.0,3,73,1,1.0,6.123233995736766e-17,0.9510565162951535,0.30901699437494745,4.8816,4.0414,3.1692,4.037957142857143,4.2509966666666665
2021-03-15,5.9539,-12.85,81.04,63.04,2.03,0.0,3,74,1,1.0,6.123233995736766e-17,0.9562348265919056,0.29260033563334836,3.8736,4.8816,4.3082,4.138585714285714,4.218533333333334
2021-03-16,4.3538,-11.66,84.97,98.09,2.22,0.0,3,75,1,1.0,6.123233995736766e-17,0.9611297838723007,0.27609697309746883,5.9539,3.8736,4.5422,4.373685714285714,4.287803333333334
2021-03-17,4.5002,-10.31,85.16,92.08,2.39,0.14,3,76,1,1.0,6.123233995736766e-17,0.9657399376548549,0.2595117970697999,4.3538,5.9539,3.9329,4.3467714285714285,4.28649
2021-03-18,5.6578,-11.64,76.43,73.6,2.03,0.03,3,77,1,1.0,6.123233995736766e-17,0.9700639218515071,0.2428497220959356,4.5002,4.3538,3.3902,4.427814285714286,4.26225
2021-03-19,6.2158,-13.0,85.29,49.94,1.58,0.0,3,78,1,1.0,6.123233995736766e-17,0.9741004551724205,0.22611568550828828,5.6578,4.5002,4.0414,4.751757142857143,4.283123333333333
2021-03-20,6.4598,-11.51,79.94,43.54,1.27,0.0,3,79,1,1.0,6.123233995736766e-17,0.9778483415056568,0.20931464596304847,6.2158,5.6578,4.8816,5.062385714285715,4.309933333333333
2021-03-21,4.9217,-10.22,79.08,82.29,2.17,0.97,3,80,1,1.0,6.123233995736766e-17,0.9813064702716093,0.19245158197082998,6.4598,6.2158,3.8736,5.287842857142857,4.343533333333334
2021-03-22,3.6679,-8.34,81.03,95.24,1.98,13.49,3,81,1,1.0,6.123233995736766e-17,0.9844738167520922,0.1755314904214282,4.9217,6.4598,5.9539,5.437571428571428,4.322316666666667
2021-03-23,3.6523,-9.98,77.25,85.99,2.78,9.35,3,82,1,1.0,6.123233995736766e-17,0.9873494423939864,0.15855938510313475,3.6679,4.9217,4.3538,5.111,4.340013333333333
2021-03-24,5.2877,-14.29,82.11,81.44,2.38,0.41,3,83,1,1.0,6.123233995736766e-17,0.989932495087353,0.141540295217043,3.6523,3.6679,4.5002,5.010785714285714,4.335093333333333
2021-03-25,6.7726,-11.6,74.68,39.52,1.44,0.02,3,84,1,1.0,6.123233995736766e-17,0.9922222094179323,0.12447926388678915,5.2877,3.6523,5.6578,5.123285714285714,4.423756666666667
2021-03-26,6.7997,-11.0,70.89,37.17,1.07,0.0,3,85,1,1.0,6.123233995736766e-17,0.994217906893952,0.10738134666416309,6.7726,5.2877,6.2158,5.282542857142857,4.5602133333333335
2021-03-27,6.5431,-8.83,79.85,64.56,1.75,0.0,3,86,1,1.0,6.123233995736766e-17,0.995918996147179,0.09025161003104117,6.7997,6.7726,6.4598,5.365957142857143,4.673063333333333
2021-03-28,3.6269,-5.93,88.1,81.39,2.35,0.97,3,87,1,1.0,6.123233995736766e-17,0.9973249731081555,0.07309512989807777,6.5431,6.7997,4.9217,5.377857142857143,4.8047200000000005
2021-03-29,2.4269,-7.02,80.82,73.08,4.81,3.22,3,88,1,1.0,6.123233995736766e-17,0.9984354211555643,0.055916990100603484,3.6269,6.5431,3.6679,5.1928857142857145,4.849496666666667
2021-03-30,3.2616,-9.47,83.5,87.07,3.25,1.14,3,89,1,1.0,6.123233995736766e-17,0.9992500112396835,0.03872228089217446,2.4269,3.6269,3.6523,5.0156,4.850840000000001
2021-03-31,6.8414,-9.96,80.04,63.88,2.98,0.0,3,90,1,1.0,6.123233995736766e-17,0.9997685019798909,0.021516097436222254,3.2616,2.4269,5.2877,4.959785714285714,4.775806666666666
2021-04-01,7.2456,-10.72,77.57,49.34,3.21,0.01,4,91,1,0.8660254037844387,-0.4999999999999998,0.9999907397361901,0.004303538296244289,6.8414,3.2616,6.7726,5.181742857142857,4.82566
2021-04-02,4.139,-13.32,73.36,86.18,3.08,0.09,4,92,1,0.8660254037844387,-0.4999999999999998,0.9999166586547379,-0.01291029607500882,7.2456,6.8414,6.7997,5.249314285714285,4.889683333333334
2021-04-03,7.4105,-11.62,57.1,46.65,1.78,0.0,4,93,1,0.8660254037844387,-0.4999999999999998,0.9995462806873573,-0.030120304846908114,4.139,7.2456,6.5431,4.8692142857142855,4.857336666666667
2021-04-04,5.9105,-9.73,74.28,66.18,1.5,0.25,4,94,1,0.8660254037844387,-0.4999999999999998,0.9988797155850336,-0.04732138832243185,7.4105,4.139,3.6269,4.993128571428572,4.9332666666666665
2021-04-05,3.6658,-6.97,84.63,80.79,2.59,1.47,4,95,1,0.8660254037844387,-0.4999999999999998,0.9979171608653922,-0.06450844944931623,5.9105,7.4105,2.4269,5.319357142857143,4.957076666666667
2021-04-06,3.3026,-7.08,70.9,72.97,2.58,10.73,4,96,1,0.8660254037844387,-0.4999999999999998,0.9966589017541702,-0.08167639533042241,3.6658,5.9105,3.2616,5.4963428571428565,4.915126666666667
2021-04-07,5.49,-8.45,71.52,87.38,3.47,6.02,4,97,1,0.8660254037844387,-0.4999999999999998,0.9951053111006976,-0.09882013873287143,3.3026,3.6658,6.8414,5.5022,4.919573333333333
2021-04-08,4.6745,-11.76,78.34,81.79,2.78,0.04,4,98,1,0.8660254037844387,-0.4999999999999998,0.9932568492674143,-0.11593459959550041,5.49,3.3026,7.2456,5.309142857142858,4.958966666666667
2021-04-09,5.3736,-10.5,71.49,80.59,2.24,0.0,4,99,1,0.8660254037844387,-0.4999999999999998,0.9911140639934547,-0.1330147065341959,4.6745,5.49,4.139,4.941842857142857,4.963376666666666
2021-04-10,6.451,-9.71,71.83,55.35,1.81,0.0,4,100,1,0.8660254037844387,-0.4999999999999998,0.9886775902323405,-0.1500553983446526,5.3736,4.6745,7.4105,5.118214285714286,5.0114
2021-04-11,5.9647,-7.54,76.25,67.61,2.57,0.2,4,101,1,0.8660254037844387,-0.4999999999999998,0.9859481499638304,-0.16705162550211924,6.451,5.3736,5.9105,4.981142857142857,5.113426666666666
2021-04-12,5.2795,-5.76,75.98,78.46,2.0,0.08,4,102,1,0.8660254037844387,-0.4999999999999998,0.9829265519799822,-0.18399835165768005,5.9647,6.451,3.6658,4.988885714285714,5.177536666666667
2021-04-13,5.8709,-4.94,67.24,82.7,1.51,0.0,4,103,1,0.8660254037844387,-0.4999999999999998,0.9796136916454901,-0.20089055513063506,5.2795,5.9647,3.3026,5.219414285714286,5.190799999999999
2021-04-14,5.4535,-5.01,69.25,91.72,1.74,0.32,4,104,1,0.8660254037844387,-0.4999999999999998,0.9760105506323683,-0.21772323039653177,5.8709,5.2795,5.49,5.586314285714287,5.2573766666666675
2021-04-15,5.203,-5.42,71.37,93.97,1.79,0.58,4,105,1,0.8660254037844387,-0.4999999999999998,0.9721181966290613,-0.23449138957040985,5.4535,5.8709,4.6745,5.5811,5.240696666666667
2021-04-16,5.0854,-5.53,72.21,89.73,1.76,3.58,4,106,1,0.8660254037844387,-0.4999999999999998,0.9679377830240642,-0.25119006388481935,5.203,5.4535,5.3736,5.656599999999999,5.269003333333333
2021-04-17,4.5866,-4.72,82.4,88.09,1.51,15.48,4,107,1,0.8660254037844387,-0.4999999999999998,0.9634705485641488,-0.2678143051621742,5.0854,5.203,6.451,5.615428571428572,5.28851
2021-04-18,4.2101,-7.16,76.48,96.07,2.66,0.96,4,108,1,0.8660254037844387,-0.4999999999999998,0.9587178169872964,-0.2843591872810034,4.5866,5.0854,5.9647,5.349085714285715,5.2528033333333335
2021-04-19,7.4081,-7.14,68.43,66.65,2.24,0.26,4,109,1,0.8660254037844387,-0.4999999999999998,0.9536809966304457,-0.30081980763566735,4.2101,4.5866,5.2795,5.098428571428571,5.185946666666667
2021-04-20,5.2814,-7.04,64.58,86.24,1.52,4.31,4,110,1,0.8660254037844387,-0.4999999999999998,0.9483615800121715,-0.3171912885891061,7.4081,4.2101,5.8709,5.402514285714285,5.217556666666667
2021-04-21,2.6626,-5.68,81.82,90.58,2.42,21.57,4,111,1,0.8660254037844387,-0.4999999999999998,0.9427611433904207,-0.3334687789181868,5.2814,7.4081,5.4535,5.3183,5.229546666666666
2021-04-22,4.6152,-7.91,86.69,77.98,2.49,15.35,4,112,1,0.8660254037844387,-0.4999999999999998,0.9368813462954315,-0.3496474552512284,2.6626,5.2814,5.203,4.919600000000001,5.196036666666666
2021-04-23,3.3689,-9.67,77.8,90.31,1.18,6.75,4,113,1,0.8660254037844387,-0.4999999999999998,0.9307239310379795,-0.36572252349726897,4.6152,2.6626,5.0854,4.835628571428571,5.228133333333333
2021-04-24,8.8416,-10.74,64.75,27.2,1.28,0.09,4,114,1,0.8660254037844387,-0.4999999999999998,0.9242907221930933,-0.3816892202666588,3.3689,4.6152,4.5866,4.590414285714286,5.164173333333333
2021-04-25,8.4259,-8.8,55.85,25.71,1.32,0.0,4,115,1,0.8660254037844387,-0.4999999999999998,0.9175836260593937,-0.39754281428255595,8.8416,3.3689,4.2101,5.198271428571429,5.233140000000001
2021-04-26,8.0918,-5.88,53.13,39.69,1.27,0.24,4,116,1,0.8660254037844387,-0.4999999999999998,0.9106046300942162,-0.41327860778290415,8.4259,8.8416,7.4081,5.800528571428571,5.287346666666667
2021-04-27,8.3422,-3.66,45.89,33.86,1.13,0.14,4,117,1,0.8660254037844387,-0.4999999999999998,0.9033558023246845,-0.4288919379124835,8.0918,8.4259,5.2814,5.8982,5.33897
2021-04-28,7.715,-2.31,42.18,42.11,0.99,0.0,4,118,1,0.8660254037844387,-0.4999999999999998,0.895839290734909,-0.44437817810461316,8.3422,8.0918,2.6626,6.335457142857143,5.496146666666666
2021-04-29,7.0831,-3.41,65.09,60.43,1.12,0.0,4,119,1,0.8660254037844387,-0.4999999999999998,0.8880573226294932,-0.45973273945210397,7.715,8.3422,4.6152,7.057228571428571,5.672416666666666
2021-04-30,7.9438,-2.98,67.67,54.54,1.39,0.0,4,120,1,0.8660254037844387,-0.4999999999999998,0.8800122039735357,-0.47495107206704995,7.0831,7.715,3.3689,7.4097857142857135,5.7998
2021-05-01,8.0441,-1.97,60.01,32.67,0.93,0.0,5,121,1,0.49999999999999994,-0.8660254037844387,0.8717063187093218,-0.4900286664290592,7.9438,7.0831,8.8416,8.063342857142857,5.836546666666666
2021-05-02,7.8077,-1.28,58.79,38.26,0.94,0.01,5,122,1,0.49999999999999994,-0.8660254037844387,0.8631421280499114,-0.5049610547215204,8.0441,7.9438,8.4259,7.949414285714285,5.8631633333333335
2021-05-03,7.9858,-0.1,60.48,40.14,0.98,0.16,5,123,1,0.49999999999999994,-0.8660254037844387,0.854322169749827,-0.5197438121555155,7.8077,8.0441,8.0918,7.8610999999999995,5.985453333333333
2021-05-04,6.2114,0.2,64.72,85.91,1.44,3.72,5,124,1,0.49999999999999994,-0.8660254037844387,0.8452490573530633,-0.5343725582809786,7.9858,7.8077,8.3422,7.845957142857143,6.004630000000001
2021-05-05,5.2882,-1.33,77.54,92.78,1.64,2.12,5,125,1,0.49999999999999994,-0.8660254037844387,0.8359254794186372,-0.548842958284719,6.2114,7.9858,7.715,7.541557142857143,6.01466
2021-05-06,6.7248,-1.37,69.9,69.12,1.72,0.5,5,126,1,0.49999999999999994,-0.8660254037844387,0.8263541987239096,-0.5631507242749186,5.2882,6.2114,7.0831,7.194871428571429,6.06874
2021-05-07,4.8509,-0.69,76.38,93.65,1.5,1.37,5,127,1,0.49999999999999994,-0.8660254037844387,0.8165380514459161,-0.5772916165517272,6.7248,5.2882,7.9438,7.143685714285715,6.182813333333333
2021-05-08,5.5234,-0.51,74.04,96.27,1.98,0.24,5,128,1,0.49999999999999994,-0.8660254037844387,0.8064799463209448,-0.5912614448635781,4.8509,6.7248,8.0441,6.701842857142857,6.161510000000001
2021-05-09,4.8974,-0.57,66.78,78.38,1.21,0.51,5,129,1,0.49999999999999994,-0.8660254037844387,0.7961828637826158,-0.6050560696488488,5.5234,4.8509,7.8077,6.341742857142857,6.189806666666667
2021-05-10,6.7649,1.86,51.47,60.69,1.06,0.89,5,130,1,0.49999999999999994,-0.8660254037844387,0.7856498550787147,-0.6186714032625031,4.8974,5.5234,7.9858,5.925985714285715,6.173933333333333
2021-05-11,5.8291,0.73,69.28,90.54,1.44,1.4,5,131,1,0.49999999999999994,-0.8660254037844387,0.7748840413670407,-0.6321034111873487,6.7649,4.8974,6.2114,5.751571428571428,6.184396666666667
2021-05-12,6.6094,-0.76,76.51,93.0,2.47,7.31,5,132,1,0.49999999999999994,-0.8660254037844387,0.7638886127905428,-0.6453481132295501,5.8291,6.7649,5.2882,5.696957142857143,6.179876666666667
2021-05-13,4.1378,-2.58,72.89,89.29,2.64,3.83,5,133,1,0.49999999999999994,-0.8660254037844387,0.7526668275320085,-0.6584015846980488,6.6094,5.8291,6.7248,5.8857,6.224206666666666
2021-05-14,4.9949,-2.96,69.99,84.23,2.48,0.8,5,134,1,0.49999999999999994,-0.8660254037844387,0.7412220108485958,-0.6712599575675313,4.1378,6.6094,4.8509,5.516128571428572,6.166436666666667
2021-05-15,6.3732,-3.44,63.96,89.14,3.23,0.13,5,135,1,0.49999999999999994,-0.8660254037844387,0.7295575540864875,-0.6839194216246106,4.9949,4.1378,5.5234,5.536700000000001,6.15115
2021-05-16,6.3516,-2.25,71.71,90.13,2.51,0.13,5,136,1,0.49999999999999994,-0.8660254037844387,0.717676913675962,-0.6963762255968722,6.3732,4.9949,4.8974,5.658099999999999,6.190156666666667
2021-05-17,5.5286,-0.28,65.99,86.53,2.44,0.02,5,137,1,0.49999999999999994,-0.8660254037844387,0.705583610107178,-0.7086266782644596,6.3516,6.3732,6.7649,5.865842857142858,6.232363333333334
2021-05-18,6.3526,1.1,61.64,47.3,1.95,0.14,5,138,1,0.49999999999999994,-0.8660254037844387,0.6932812268869777,-0.7206671495538609,5.5286,6.3516,5.8291,5.689228571428572,6.263763333333333
2021-05-19,5.7758,1.48,63.96,86.79,2.27,1.14,5,139,1,0.49999999999999994,-0.8660254037844387,0.6807734094770161,-0.7324940716135789,6.3526,5.5286,6.6094,5.764014285714286,6.335179999999999
2021-05-20,6.5779,1.16,67.64,88.25,2.12,2.09,5,140,1,0.49999999999999994,-0.8660254037844387,0.6680638642135335,-0.7441039398713607,5.7758,6.3526,4.1378,5.644928571428571,6.28077
2021-05-21,5.651,-0.52,67.16,85.09,2.46,2.6,5,141,1,0.49999999999999994,-0.8660254037844387,0.6551563572090853,-0.7554933140726803,6.5779,5.7758,4.9949,5.993514285714285,6.323986666666667
2021-05-22,5.9045,-0.2,62.42,68.35,2.16,0.07,5,142,1,0.49999999999999994,-0.8660254037844387,0.6420547132365637,-0.766658819300159,5.651,6.5779,6.3732,6.087242857142857,6.4235999999999995
2021-05-23,5.7216,1.27,51.32,59.29,1.97,0.27,5,143,1,0.49999999999999994,-0.8660254037844387,0.6287628145958344,-0.7775971469736269,5.9045,5.651,6.3516,6.0202857142857145,6.466576666666667
2021-05-24,5.7298,-0.56,62.83,76.96,2.34,3.64,5,144,1,0.49999999999999994,-0.8660254037844387,0.6152845999633276,-0.7883050558305255,5.7216,5.9045,5.5286,5.930285714285714,6.545
2021-05-25,5.5733,0.05,55.83,70.2,2.03,0.0,5,145,1,0.49999999999999994,-0.8660254037844387,0.6016240632249226,-0.7987793728863649,5.7298,5.7216,6.3526,5.959028571428571,6.441273333333333
2021-05-26,5.9054,0.54,59.19,70.29,2.16,0.0,5,146,1,0.49999999999999994,-0.8660254037844387,0.5877852522924732,-0.8090169943749473,5.5733,5.7298,5.7758,5.847699999999999,6.346186666666666
2021-05-27,8.069,2.81,46.93,30.35,2.06,0.0,5,147,1,0.49999999999999994,-0.8660254037844387,0.5737722679043246,-0.8190148866680801,5.9054,5.5733,6.5779,5.866214285714285,6.2733066666666675
2021-05-28,8.327,4.5,50.39,24.42,1.44,0.0,5,148,1,0.49999999999999994,-0.8660254037844387,0.5595892624101765,-0.8287700871745038,8.069,5.9054,5.651,6.079228571428572,6.2642
2021-05-29,8.0088,3.78,58.13,42.65,2.01,0.58,5,149,1,0.49999999999999994,-0.8660254037844387,0.545240438540651,-0.8382797052177744,8.327,8.069,5.9045,6.461514285714285,6.2846
2021-05-30,6.3298,3.35,65.06,61.89,1.8,7.32,5,150,1,0.49999999999999994,-0.8660254037844387,0.5307300481619334,-0.8475409228928311,8.0088,8.327,5.7216,6.762128571428571,6.315456666666667
2021-05-31,6.5371,2.48,66.68,85.07,2.26,1.4,5,151,1,0.49999999999999994,-0.8660254037844387,0.5160623910158528,-0.8565509959010036,6.3298,8.0088,5.7298,6.8490142857142855,6.261656666666667
2021-06-01,3.6574,1.89,72.92,83.91,2.13,1.99,6,152,2,1.2246467991473532e-16,-1.0,0.5012418134457758,-0.865307254363206,6.5371,6.3298,5.5733,6.964342857142857,6.211423333333333
2021-06-02,5.9868,2.59,64.48,74.58,1.69,0.39,6,153,2,1.2246467991473532e-16,-1.0,0.48627270710868997,-0.8738071036110808,3.6574,6.5371,5.9054,6.690642857142858,6.07308
2021-06-03,5.8786,3.31,62.56,87.32,2.0,1.32,6,154,2,1.2246467991473532e-16,-1.0,0.4711595076738638,-0.8820480249558537,5.9868,3.6574,8.069,6.702271428571429,6.006446666666666
2021-06-04,3.9101,3.15,65.1,79.56,2.18,0.45,6,155,2,1.2246467991473532e-16,-1.0,0.4559066935084588,-0.8900275764346767,5.8786,5.9868,8.327,6.3893571428571425,5.995353333333333
2021-06-05,6.6418,3.39,50.3,66.82,1.8,0.68,6,156,2,1.2246467991473532e-16,-1.0,0.440518784350495,-0.8977433935342337,3.9101,5.8786,8.0088,5.7583714285714285,5.949416666666667
2021-06-06,9.1932,4.67,40.6,16.57,1.44,0.44,6,157,2,1.2246467991473532e-16,-1.0,0.42500033996955416,-0.9051931898913974,6.6418,3.9101,6.3298,5.563085714285714,5.94665
2021-06-07,8.699,6.03,34.04,20.51,1.9,0.59,6,158,2,1.2246467991473532e-16,-1.0,0.4093559588156213,-0.9123747579707273,9.1932,6.6418,6.5371,5.972142857142857,6.0913933333333325
2021-06-08,8.9141,7.98,35.53,16.26,1.4,0.0,6,159,2,1.2246467991473532e-16,-1.0,0.39359027665646673,-0.9192859697186104,8.699,9.1932,3.6574,6.2809857142857135,6.1972466666666675
2021-06-09,8.9472,8.36,51.56,16.93,1.83,0.0,6,160,2,1.2246467991473532e-16,-1.0,0.3777079652039649,-0.9259247771938498,8.9141,8.699,5.9868,7.031942857142856,6.331136666666667
2021-06-10,8.7077,7.16,60.24,21.23,2.23,0.31,6,161,2,1.2246467991473532e-16,-1.0,0.36171373072976765,-0.9322892131745133,8.9472,8.9141,5.8786,7.454857142857143,6.40388
2021-06-11,7.4234,5.89,59.93,59.03,2.42,4.28,6,162,2,1.2246467991473532e-16,-1.0,0.3456123126707335,-0.9383773917408641,8.7077,8.9472,3.9101,7.859014285714286,6.499833333333333
2021-06-12,7.6822,5.46,59.48,43.98,2.26,1.22,6,163,2,1.2246467991473532e-16,-1.0,0.3294084822245304,-0.9441875088341993,7.4234,8.7077,6.6418,8.360914285714285,6.526966666666667
2021-06-13,6.9746,3.56,63.29,63.12,2.23,3.97,6,164,2,1.2246467991473532e-16,-1.0,0.3131070409358269,-0.9497178427914316,7.6822,7.4234,9.1932,8.509542857142858,6.645113333333333
2021-06-14,6.6211,3.11,66.77,84.29,2.28,2.91,6,165,2,1.2246467991473532e-16,-1.0,0.29671281927349075,-0.9549667548552551,6.9746,7.6822,8.699,8.1926,6.711103333333333
2021-06-15,6.9775,3.52,60.37,81.84,2.07,2.14,6,166,2,1.2246467991473532e-16,-1.0,0.28023067519921585,-0.9599326896597447,6.6211,6.9746,8.9141,7.895757142857144,6.719366666666667
2021-06-16,5.1149,2.81,69.94,87.73,2.21,5.13,6,167,2,1.2246467991473532e-16,-1.0,0.26366549272800704,-0.9646141756912435,6.9775,6.6211,8.9472,7.6191,6.7402299999999995
2021-06-17,6.4159,4.06,65.11,78.53,2.86,0.48,6,168,2,1.2246467991473532e-16,-1.0,0.24702218048093552,-0.9690098257244062,5.1149,6.9775,8.7077,7.071628571428572,6.726439999999999
2021-06-18,5.0122,3.55,65.46,88.76,2.42,2.98,6,169,2,1.2246467991473532e-16,-1.0,0.23030567023061221,-0.9731183372332619,6.4159,5.1149,7.4234,6.744228571428572,6.728549999999999
2021-06-19,6.1409,4.71,58.59,84.45,2.14,0.27,6,170,2,1.2246467991473532e-16,-1.0,0.21352091543979612,-0.9769384927771817,5.0122,6.4159,7.6822,6.3997714285714284,6.703096666666666
2021-06-20,6.4202,4.86,63.8,87.52,2.29,0.11,6,171,2,1.2246467991473532e-16,-1.0,0.19667288979357647,-0.980469160361632,6.1409,5.0122,6.9746,6.179585714285714,6.68853
2021-06-21,5.8426,4.96,61.55,95.94,2.6,0.0,6,172,2,1.2246467991473532e-16,-1.0,0.1797665857255624,-0.9837092937736097,6.4202,6.1409,6.6211,6.100385714285714,6.71417
2021-06-22,5.9525,4.29,55.43,90.05,2.5,0.0,6,173,2,1.2246467991473532e-16,-1.0,0.16280701293851715,-0.986657932891657,5.8426,6.4202,6.9775,5.989171428571429,6.712106666666667
2021-06-23,6.533,3.48,64.4,80.45,2.33,0.15,6,174,2,1.2246467991473532e-16,-1.0,0.1457991969198751,-0.9893142039703663,5.9525,5.8426,5.1149,5.842742857142857,6.719803333333333
2021-06-24,6.497,3.36,60.21,77.12,2.05,0.49,6,175,2,1.2246467991473532e-16,-1.0,0.12874817745258132,-0.99167731989929,6.533,5.9525,6.4159,6.045328571428571,6.746576666666667
2021-06-25,6.3024,4.07,58.91,77.69,1.91,0.07,6,176,2,1.2246467991473532e-16,-1.0,0.11165900712169512,-0.993746580436178,6.497,6.533,5.0122,6.056914285714285,6.7773666666666665
2021-06-26,6.2345,4.54,61.73,85.21,2.1,0.31,6,177,2,1.2246467991473532e-16,-1.0,0.09453674981719912,-0.9955213724144752,6.3024,6.497,6.1409,6.241228571428571,6.7905999999999995
2021-06-27,7.3428,6.41,48.49,69.08,2.19,0.0,6,178,2,1.2246467991473532e-16,-1.0,0.07738647923346301,-0.9970011699250151,6.2345,6.3024,6.4202,6.254600000000001,6.72945
2021-06-28,7.3128,7.28,49.76,59.82,1.95,0.0,6,179,2,1.2246467991473532e-16,-1.0,0.06021327736579302,-0.9981855344718586,7.3428,6.2345,5.8426,6.3864,6.696643333333333
2021-06-29,8.55,8.07,52.85,38.98,1.64,0.0,6,180,2,1.2246467991473532e-16,-1.0,0.04302223300453059,-0.99907411510223,7.3128,7.3428,5.9525,6.596428571428571,6.673443333333333
2021-06-30,8.7929,8.57,57.84,19.38,2.16,0.01,6,181,2,1.2246467991473532e-16,-1.0,0.02581844022713308,-0.9996666485105112,8.55,7.3128,6.533,6.967499999999999,6.74745
2021-07-01,6.7114,7.34,61.39,84.36,2.21,0.1,7,182,2,-0.4999999999999997,-0.8660254037844388,0.008606996888688698,-0.9999629591162655,8.7929,8.55,6.497,7.290342857142858,6.822643333333334
2021-07-02,4.4287,6.22,65.32,89.71,2.45,0.43,7,183,2,-0.4999999999999997,-0.8660254037844388,-0.008606996888688009,-0.9999629591162655,6.7114,8.7929,6.3024,7.320971428571428,6.9244433333333335
2021-07-03,4.5521,6.01,61.54,82.8,2.35,0.48,7,184,2,-0.4999999999999997,-0.8660254037844388,-0.02581844022713239,-0.9996666485105112,4.4287,6.7114,6.2345,7.053300000000001,6.872506666666666
2021-07-04,6.9173,6.61,62.04,71.61,2.24,1.93,7,185,2,-0.4999999999999997,-0.8660254037844388,-0.04302223300453034,-0.99907411510223,4.5521,4.4287,7.3428,6.812957142857143,6.828289999999999
2021-07-05,6.7572,7.37,63.3,59.88,1.61,1.28,7,186,2,-0.4999999999999997,-0.8660254037844388,-0.060213277365792774,-0.9981855344718586,6.9173,4.5521,7.3128,6.75217142857143,6.928529999999999
2021-07-06,7.1326,8.23,60.43,71.33,1.82,0.0,7,187,2,-0.4999999999999997,-0.8660254037844388,-0.07738647923346322,-0.9970011699250151,6.7572,6.9173,8.55,6.6728000000000005,6.932376666666666
2021-07-07,6.7745,8.34,55.73,77.84,2.17,0.01,7,188,2,-0.4999999999999997,-0.8660254037844388,-0.09453674981719933,-0.9955213724144752,7.1326,6.7572,8.7929,6.470314285714285,6.863690000000001
2021-07-08,7.1093,9.24,51.59,63.72,2.05,0.0,7,189,2,-0.4999999999999997,-0.8660254037844388,-0.11165900712169444,-0.9937465804361781,6.7745,7.1326,6.7114,6.181971428571429,6.7995399999999995
2021-07-09,8.9066,9.88,38.7,20.75,1.96,0.4,7,190,2,-0.4999999999999997,-0.8660254037844388,-0.12874817745258066,-0.99167731989929,7.1093,6.7745,4.4287,6.238814285714286,6.73938
2021-07-10,8.7689,11.83,35.71,22.86,1.74,1.13,7,191,2,-0.4999999999999997,-0.8660254037844388,-0.14579919691987442,-0.9893142039703664,8.9066,7.1093,4.5521,6.878514285714284,6.738026666666666
2021-07-11,8.6131,11.62,43.9,16.03,1.82,0.75,7,192,2,-0.4999999999999997,-0.8660254037844388,-0.16280701293851646,-0.9866579328916572,8.7689,8.9066,6.9173,7.480914285714285,6.740066666666666
2021-07-12,3.7224,9.35,64.86,77.53,2.08,13.19,7,193,2,-0.4999999999999997,-0.8660254037844388,-0.17976658572556214,-0.9837092937736098,8.6131,8.7689,6.7572,7.723171428571429,6.779723333333333
2021-07-13,5.7101,7.74,62.38,86.13,2.26,2.76,7,194,2,-0.4999999999999997,-0.8660254037844388,-0.19667288979357622,-0.9804691603616321,3.7224,8.6131,7.1326,7.289628571428572,6.647729999999999
2021-07-14,5.1038,7.94,61.36,82.31,2.83,1.23,7,195,2,-0.4999999999999997,-0.8660254037844388,-0.2135209154397959,-0.9769384927771817,5.7101,3.7224,6.7745,7.0864142857142856,6.60558
2021-07-15,7.4496,9.63,53.29,62.75,1.74,0.04,7,196,2,-0.4999999999999997,-0.8660254037844388,-0.23030567023061196,-0.973118337233262,5.1038,5.7101,7.1093,6.8477428571428565,6.5550033333333335
2021-07-16,8.2517,10.77,51.04,19.98,1.62,0.0,7,197,2,-0.4999999999999997,-0.8660254037844388,-0.24702218048093527,-0.9690098257244063,7.4496,5.1038,8.9066,6.896357142857143,6.570740000000001
2021-07-17,8.6503,12.54,42.96,16.48,1.73,0.01,7,198,2,-0.4999999999999997,-0.8660254037844388,-0.2636654927280072,-0.9646141756912435,8.2517,7.4496,8.7689,6.8028,6.675300000000001
2021-07-18,8.7571,13.1,41.67,32.92,1.73,0.26,7,199,2,-0.4999999999999997,-0.8660254037844388,-0.2802306751992161,-0.9599326896597445,8.6503,8.2517,8.6131,6.785857142857142,6.74978
2021-07-19,3.378,12.26,56.96,86.08,2.24,3.54,7,200,2,-0.4999999999999997,-0.8660254037844388,-0.2967128192734901,-0.9549667548552553,8.7571,8.6503,3.7224,6.806428571428571,6.8746100000000006
2021-07-20,4.3037,9.12,65.21,82.12,2.5,5.6,7,201,2,-0.4999999999999997,-0.8660254037844388,-0.3131070409358267,-0.9497178427914317,3.378,8.7571,5.7101,6.757228571428571,6.782513333333332
2021-07-21,4.7244,9.48,61.8,79.07,2.39,1.72,7,202,2,-0.4999999999999997,-0.8660254037844388,-0.3294084822245302,-0.9441875088341994,4.3037,3.378,5.1038,6.5563142857142855,6.711963333333333
2021-07-22,6.0228,9.23,61.31,85.99,2.27,0.23,7,203,2,-0.4999999999999997,-0.8660254037844388,-0.3456123126707333,-0.9383773917408642,4.7244,4.3037,7.4496,6.502114285714286,6.674689999999999
2021-07-23,5.6669,10.21,62.73,74.45,1.96,0.89,7,204,2,-0.4999999999999997,-0.8660254037844388,-0.3617137307297674,-0.9322892131745134,6.0228,4.7244,8.2517,6.298285714285714,6.677033333333333
2021-07-24,8.1593,13.43,54.29,42.0,1.95,0.85,7,205,2,-0.4999999999999997,-0.8660254037844388,-0.37770796520396466,-0.9259247771938499,5.6669,6.0228,8.6503,5.92902857142857,6.648163333333333
2021-07-25,8.0309,13.61,59.46,47.09,1.44,3.65,7,206,2,-0.4999999999999997,-0.8660254037844388,-0.39359027665646645,-0.9192859697186105,8.1593,5.6669,8.7571,5.858885714285714,6.703573333333334
2021-07-26,7.8622,15.26,50.24,58.19,1.95,1.88,7,207,2,-0.4999999999999997,-0.8660254037844388,-0.4093559588156211,-0.9123747579707274,8.0309,8.1593,3.378,5.755142857142857,6.76119
2021-07-27,7.0663,14.04,49.42,76.22,1.78,3.94,7,208,2,-0.4999999999999997,-0.8660254037844388,-0.42500033996955394,-0.9051931898913975,7.8622,8.0309,4.3037,6.395742857142857,6.815446666666667
2021-07-28,5.8601,12.95,52.75,91.02,1.42,1.45,7,209,2,-0.4999999999999997,-0.8660254037844388,-0.4405187843504952,-0.8977433935342336,7.0663,7.8622,4.7244,6.7904,6.806229999999999
2021-07-29,5.1814,10.44,65.16,83.8,1.42,4.36,7,210,2,-0.4999999999999997,-0.8660254037844388,-0.455906693508459,-0.8900275764346766,5.8601,7.0663,6.0228,6.952642857142857,6.757806666666667
2021-07-30,5.3844,9.91,65.13,94.05,1.89,2.56,7,211,2,-0.4999999999999997,-0.8660254037844388,-0.47115950767386394,-0.8820480249558535,5.1814,5.8601,5.6669,6.8324428571428575,6.64552
2021-07-31,6.2789,10.99,62.89,80.17,1.75,0.58,7,212,2,-0.4999999999999997,-0.8660254037844388,-0.4862727071086902,-0.8738071036110807,5.3844,5.1814,8.1593,6.792085714285714,6.531903333333333
2021-08-01,4.4465,11.01,60.76,82.91,1.93,0.08,8,213,2,-0.8660254037844384,-0.5000000000000004,-0.5012418134457756,-0.8653072543632061,6.2789,5.3844,8.0309,6.523457142857143,6.517486666666667
2021-08-02,6.1226,10.25,56.28,78.42,2.14,0.07,8,214,2,-0.8660254037844384,-0.5000000000000004,-0.5160623910158526,-0.8565509959010037,4.4465,6.2789,7.8622,6.0114,6.51808
2021-08-03,5.243,9.6,62.77,84.87,1.63,0.79,8,215,2,-0.8660254037844384,-0.5000000000000004,-0.5307300481619331,-0.8475409228928312,6.1226,4.4465,7.0663,5.762885714285714,6.57043
2021-08-04,5.3491,9.18,65.87,90.37,1.9,1.31,8,216,2,-0.8660254037844384,-0.5000000000000004,-0.5452404385406507,-0.8382797052177745,5.243,6.1226,5.8601,5.502414285714286,6.51462
2021-08-05,5.1499,9.41,60.62,91.97,2.07,1.95,8,217,2,-0.8660254037844384,-0.5000000000000004,-0.5595892624101763,-0.828770087174504,5.3491,5.243,5.1814,5.4294142857142855,6.467683333333334
2021-08-06,4.2576,8.74,56.78,88.1,1.98,0.35,8,218,2,-0.8660254037844384,-0.5000000000000004,-0.5737722679043243,-0.8190148866680802,5.1499,5.3491,5.3844,5.424914285714286,6.4015933333333335
2021-08-07,6.4591,9.68,53.82,74.13,2.01,0.08,8,219,2,-0.8660254037844384,-0.5000000000000004,-0.5877852522924734,-0.8090169943749472,4.2576,5.1499,6.2789,5.263942857142857,6.3176966666666665
2021-08-08,5.4468,9.51,58.1,92.07,2.05,1.38,8,220,2,-0.8660254037844384,-0.5000000000000004,-0.6016240632249227,-0.7987793728863648,6.4591,4.2576,4.4465,5.2896857142857145,6.296023333333334
2021-08-09,5.1494,8.99,55.66,80.46,2.29,1.63,8,221,2,-0.8660254037844384,-0.5000000000000004,-0.6152845999633277,-0.7883050558305253,5.4468,6.4591,6.1226,5.432585714285715,6.180696666666667
2021-08-10,5.6393,8.59,60.78,78.1,1.65,3.94,8,222,2,-0.8660254037844384,-0.5000000000000004,-0.6287628145958345,-0.7775971469736268,5.1494,5.4468,5.243,5.293557142857144,6.060046666666667
2021-08-11,6.0677,9.57,52.2,67.99,1.56,1.28,8,223,2,-0.8660254037844384,-0.5000000000000004,-0.6420547132365636,-0.7666588193001592,5.6393,5.1494,5.3491,5.350171428571429,5.960920000000001
2021-08-12,6.4505,10.07,51.07,59.56,1.85,0.29,8,224,2,-0.8660254037844384,-0.5000000000000004,-0.655156357209085,-0.7554933140726804,6.0677,5.6393,5.1499,5.4528285714285705,6.0390966666666674
2021-08-13,6.4008,9.31,60.95,63.84,2.2,0.25,8,225,2,-0.8660254037844384,-0.5000000000000004,-0.6680638642135333,-0.7441039398713608,6.4505,6.0677,4.2576,5.638628571428572,6.063776666666667
2021-08-14,4.951,7.7,60.23,95.41,2.74,0.82,8,226,2,-0.8660254037844384,-0.5000000000000004,-0.6807734094770159,-0.7324940716135792,6.4008,6.4505,6.4591,5.9448,6.10701
2021-08-15,5.6081,5.2,57.49,81.88,2.63,1.57,8,227,2,-0.8660254037844384,-0.5000000000000004,-0.6932812268869771,-0.7206671495538615,4.951,6.4008,5.4468,5.729357142857142,6.023723333333333
2021-08-16,7.6498,5.57,46.0,24.62,2.15,0.09,8,228,2,-0.8660254037844384,-0.5000000000000004,-0.7055836101071774,-0.70862667826446,5.6081,4.951,5.1494,5.7524,5.935603333333333
2021-08-17,7.6906,7.24,42.69,26.92,1.58,0.0,8,229,2,-0.8660254037844384,-0.5000000000000004,-0.7176769136759615,-0.6963762255968726,7.6498,5.6081,5.6393,6.1096,5.902253333333333
2021-08-18,7.8355,8.78,41.94,20.91,1.66,0.0,8,230,2,-0.8660254037844384,-0.5000000000000004,-0.7295575540864876,-0.6839194216246104,7.6906,7.6498,6.0677,6.402642857142857,5.866703333333334
2021-08-19,6.8786,8.55,55.95,40.26,2.0,0.3,8,231,2,-0.8660254037844384,-0.5000000000000004,-0.7412220108485957,-0.6712599575675315,7.8355,7.6906,6.4505,6.655185714285714,6.015286666666667
2021-08-20,4.4383,8.69,59.23,86.91,2.1,1.2,8,232,2,-0.8660254037844384,-0.5000000000000004,-0.7526668275320083,-0.6584015846980489,6.8786,7.8355,6.4008,6.716342857142856,6.101116666666666
2021-08-21,3.9197,8.72,64.54,95.92,1.94,2.06,8,233,2,-0.8660254037844384,-0.5000000000000004,-0.7638886127905429,-0.64534811322955,4.4383,6.8786,4.951,6.435985714285715,6.091580000000001
2021-08-22,4.1122,10.0,62.92,91.24,1.8,0.68,8,234,2,-0.8660254037844384,-0.5000000000000004,-0.7748840413670406,-0.6321034111873488,3.9197,4.4383,5.6081,6.288657142857143,6.021476666666667
2021-08-23,5.2106,10.78,55.08,68.2,1.77,1.07,8,235,2,-0.8660254037844384,-0.5000000000000004,-0.7856498550787144,-0.6186714032625032,4.1122,3.9197,7.6498,6.0749571428571425,5.969653333333333
2021-08-24,7.5907,10.77,54.18,15.43,2.04,0.16,8,236,2,-0.8660254037844384,-0.5000000000000004,-0.7961828637826154,-0.6050560696488494,5.2106,4.1122,7.6906,5.726500000000001,5.871363333333333
2021-08-25,7.8847,10.47,54.78,13.64,2.04,0.72,8,237,2,-0.8660254037844384,-0.5000000000000004,-0.8064799463209447,-0.5912614448635782,7.5907,5.2106,7.8355,5.712228571428571,5.8566899999999995
2021-08-26,7.9301,10.11,53.51,12.8,2.07,0.4,8,238,2,-0.8660254037844384,-0.5000000000000004,-0.8165380514459157,-0.5772916165517278,7.8847,7.5907,6.8786,5.719257142857144,5.8574399999999995
2021-08-27,7.607,9.48,56.5,21.11,2.71,0.24,8,239,2,-0.8660254037844384,-0.5000000000000004,-0.8263541987239094,-0.5631507242749187,7.9301,7.8847,4.4383,5.869471428571429,5.886233333333334
2021-08-28,4.4045,7.35,60.4,90.35,2.79,0.88,8,240,2,-0.8660254037844384,-0.5000000000000004,-0.8359254794186365,-0.5488429582847199,7.607,7.9301,3.9197,6.322142857142857,5.944463333333333
2021-08-29,5.2202,5.88,57.35,82.62,2.63,0.48,8,241,2,-0.8660254037844384,-0.5000000000000004,-0.8452490573530634,-0.5343725582809785,4.4045,7.607,4.1122,6.391399999999999,5.918566666666666
2021-08-30,5.9527,5.48,54.11,47.9,1.84,0.5,8,242,2,-0.8660254037844384,-0.5000000000000004,-0.8543221697498269,-0.5197438121555157,5.2202,4.4045,5.2106,6.549685714285715,5.913093333333333
2021-08-31,4.5269,6.25,56.42,82.27,2.29,0.45,8,243,2,-0.8660254037844384,-0.5000000000000004,-0.8631421280499115,-0.5049610547215202,5.9527,5.2202,7.5907,6.6557,5.90222
2021-09-01,5.028,5.6,57.2,82.92,2.52,0.18,9,244,2,-1.0,-1.8369701987210297e-16,-0.8717063187093217,-0.4900286664290594,4.5269,5.9527,7.8847,6.218014285714285,5.9049
2021-09-02,5.9155,6.41,51.08,54.3,1.87,0.14,9,245,2,-1.0,-1.8369701987210297e-16,-0.8800122039735356,-0.4749510720670502,5.028,4.5269,7.9301,5.809914285714286,5.868413333333334
2021-09-03,6.7375,6.54,56.67,68.69,2.04,1.1,9,246,2,-1.0,-1.8369701987210297e-16,-0.888057322629493,-0.4597327394521046,5.9155,5.028,7.607,5.522114285714286,5.890829999999999
2021-09-04,5.9198,7.98,50.44,58.83,1.61,0.04,9,247,2,-1.0,-1.8369701987210297e-16,-0.8958392907349089,-0.4443781781046134,6.7375,5.9155,4.4045,5.3979,5.93711
2021-09-05,7.3471,8.74,38.9,23.55,1.55,0.73,9,248,2,-1.0,-1.8369701987210297e-16,-0.9033558023246842,-0.4288919379124841,5.9198,6.7375,5.2202,5.614371428571429,5.962773333333333
2021-09-06,7.5144,10.09,43.24,12.73,1.55,0.13,9,249,2,-1.0,-1.8369701987210297e-16,-0.9106046300942162,-0.41327860778290443,7.3471,5.9198,5.9527,5.918214285714285,6.065756666666667
2021-09-07,6.8462,10.07,47.37,21.96,1.58,0.14,9,250,2,-1.0,-1.8369701987210297e-16,-0.9175836260593934,-0.3975428142825566,7.5144,7.3471,4.5269,6.1413142857142855,6.100933333333333
2021-09-08,6.2254,9.78,44.29,73.6,1.24,3.0,9,251,2,-1.0,-1.8369701987210297e-16,-0.9242907221930934,-0.3816892202666586,6.8462,7.5144,5.028,6.472642857142858,6.1475800000000005
2021-09-09,3.5038,9.11,49.75,89.45,1.38,3.16,9,252,2,-1.0,-1.8369701987210297e-16,-0.9307239310379793,-0.3657225234972692,6.2254,6.8462,5.9155,6.6437,6.183446666666667
2021-09-10,4.1645,7.04,67.33,95.05,1.68,2.22,9,253,2,-1.0,-1.8369701987210297e-16,-0.9368813462954315,-0.34964745525122826,3.5038,6.2254,6.7375,6.299171428571428,6.112263333333333
2021-09-11,3.6706,6.86,66.46,94.9,2.46,3.86,9,254,2,-1.0,-1.8369701987210297e-16,-0.9427611433904206,-0.33346877891818705,4.1645,3.5038,5.9198,5.9316,6.048823333333334
2021-09-12,3.4759,5.57,67.71,80.07,2.06,7.52,9,255,2,-1.0,-1.8369701987210297e-16,-0.9483615800121716,-0.31719128858910595,3.6706,4.1645,7.3471,5.610285714285714,5.95616
2021-09-13,5.905,4.94,57.3,40.62,1.74,2.49,9,256,2,-1.0,-1.8369701987210297e-16,-0.9536809966304455,-0.300819807635668,3.4759,3.6706,7.5144,5.057257142857142,5.858663333333334
2021-09-14,6.4054,6.3,48.42,17.53,1.48,0.33,9,257,2,-1.0,-1.8369701987210297e-16,-0.9587178169872964,-0.2843591872810036,5.905,3.4759,6.8462,4.827342857142858,5.890463333333334
2021-09-15,5.915,7.0,42.08,37.6,1.39,0.07,9,258,2,-1.0,-1.8369701987210297e-16,-0.9634705485641486,-0.26781430516217486,6.4054,5.905,6.2254,4.764371428571429,5.91704
2021-09-16,7.0589,7.41,33.33,15.96,1.56,1.07,9,259,2,-1.0,-1.8369701987210297e-16,-0.9679377830240642,-0.25119006388481957,5.915,6.4054,3.5038,4.720028571428571,5.859213333333333
2021-09-17,7.0903,7.92,23.3,16.19,1.26,1.6,9,260,2,-1.0,-1.8369701987210297e-16,-0.9721181966290612,-0.23449138957041052,7.0589,5.915,4.1645,5.2279,5.838156666666666
2021-09-18,6.919,8.93,25.68,18.21,1.4,0.0,9,261,2,-1.0,-1.8369701987210297e-16,-0.9760105506323682,-0.21772323039653224,7.0903,7.0589,3.6706,5.645871428571428,5.813316666666666
2021-09-19,6.9108,9.05,44.26,14.59,1.65,0.02,9,262,2,-1.0,-1.8369701987210297e-16,-0.9796136916454901,-0.20089055513063528,6.919,7.0903,3.4759,6.109928571428571,5.814663333333334
2021-09-20,5.8128,7.15,58.78,53.45,1.81,3.26,9,263,2,-1.0,-1.8369701987210297e-16,-0.9829265519799822,-0.18399835165767986,6.9108,6.919,5.905,6.600628571428572,5.89708
2021-09-21,4.8101,6.01,58.28,69.49,1.98,1.29,9,264,2,-1.0,-1.8369701987210297e-16,-0.9859481499638303,-0.1670516255021195,5.8128,6.9108,6.4054,6.587457142857143,5.960183333333334
2021-09-22,4.9754,4.6,60.53,63.53,2.13,0.81,9,265,2,-1.0,-1.8369701987210297e-16,-0.9886775902323404,-0.15005539834465262,4.8101,5.8128,5.915,6.359557142857143,5.983446666666667
2021-09-23,3.6487,4.16,60.94,88.55,1.99,1.56,9,266,2,-1.0,-1.8369701987210297e-16,-0.9911140639934546,-0.13301470653419636,4.9754,4.8101,7.0589,6.225328571428571,5.975606666666667
2021-09-24,4.7887,4.19,52.35,55.08,1.71,1.49,9,267,2,-1.0,-1.8369701987210297e-16,-0.9932568492674143,-0.11593459959550066,3.6487,4.9754,7.0903,5.738157142857143,5.8442066666666665
2021-09-25,5.1343,5.0,44.4,46.49,1.13,0.0,9,268,2,-1.0,-1.8369701987210297e-16,-0.9951053111006974,-0.09882013873287211,4.7887,3.6487,6.919,5.409357142857144,5.741006666666666
2021-09-26,6.659,5.72,31.22,20.44,1.44,0.05,9,269,2,-1.0,-1.8369701987210297e-16,-0.99665890175417,-0.08167639533042288,5.1343,4.7887,6.9108,5.1544,5.647813333333333
2021-09-27,6.4392,6.22,28.97,18.44,1.45,0.37,9,270,2,-1.0,-1.8369701987210297e-16,-0.9979171608653922,-0.06450844944931625,6.659,5.1343,5.8128,5.118428571428572,5.6162133333333335
2021-09-28,5.8795,6.28,48.07,25.05,1.57,0.47,9,271,2,-1.0,-1.8369701987210297e-16,-0.9988797155850335,-0.04732138832243232,6.4392,6.659,4.8101,5.207914285714286,5.6840366666666675
2021-09-29,6.4224,7.03,41.14,14.77,1.19,0.02,9,272,2,-1.0,-1.8369701987210297e-16,-0.9995462806873573,-0.03012030484690836,5.8795,6.4392,4.9754,5.360685714285714,5.706013333333333
2021-09-30,6.3132,7.1,53.32,12.94,1.41,0.63,9,273,2,-1.0,-1.8369701987210297e-16,-0.9999166586547379,-0.012910296075008843,6.4224,5.8795,3.6487,5.567399999999999,5.7216700000000005
2021-10-01,4.8794,5.83,62.57,47.23,1.82,1.11,10,274,3,-0.8660254037844386,0.5000000000000001,-0.9999907397361901,0.004303538296243821,6.3132,6.4224,4.7887,5.948042857142857,5.781213333333333
2021-10-02,4.445,3.69,65.6,67.71,2.52,3.24,10,275,3,-0.8660254037844386,0.5000000000000001,-0.9997685019798909,0.021516097436222233,4.8794,6.3132,5.1343,5.961,5.77626
2021-10-03,5.1348,2.55,62.85,57.97,2.19,1.03,10,276,3,-0.8660254037844386,0.5000000000000001,-0.9992500112396835,0.03872228089217399,4.445,4.8794,6.659,5.862528571428571,5.727243333333333
2021-10-04,4.5552,1.14,63.65,68.16,2.3,0.99,10,277,3,-0.8660254037844386,0.5000000000000001,-0.9984354211555643,0.05591699010060302,5.1348,4.445,6.4392,5.644785714285715,5.673820000000001
2021-10-05,5.0486,0.82,55.72,46.4,2.12,0.03,10,278,3,-0.8660254037844386,0.5000000000000001,-0.9973249731081555,0.07309512989807776,4.5552,5.1348,5.8795,5.375642857142857,5.628333333333333
2021-10-06,5.441,1.81,41.14,20.7,1.57,0.0,10,279,3,-0.8660254037844386,0.5000000000000001,-0.9959189961471792,0.0902516100310407,5.0486,4.5552,6.4224,5.256942857142858,5.551716666666667
2021-10-07,5.675,2.32,31.6,17.5,2.52,0.0,10,280,3,-0.8660254037844386,0.5000000000000001,-0.994217906893952,0.10738134666416306,5.441,5.0486,6.3132,5.1167428571428575,5.4826033333333335
2021-10-08,5.5526,1.15,36.79,18.62,2.31,0.0,10,281,3,-0.8660254037844386,0.5000000000000001,-0.9922222094179324,0.12447926388678869,5.675,5.441,4.8794,5.025571428571429,5.443563333333333
2021-10-09,5.2817,0.07,42.58,26.62,1.47,0.0,10,282,3,-0.8660254037844386,0.5000000000000001,-0.989932495087353,0.141540295217043,5.5526,5.675,4.445,5.121742857142857,5.421136666666667
2021-10-10,5.1818,-0.75,44.76,53.53,2.79,0.38,10,283,3,-0.8660254037844386,0.5000000000000001,-0.9873494423939864,0.15855938510313475,5.2817,5.5526,5.1348,5.241271428571429,5.4804
2021-10-11,3.9936,-2.14,52.08,61.09,3.0,1.82,10,284,3,-0.8660254037844386,0.5000000000000001,-0.9844738167520923,0.17553149042142777,5.1818,5.2817,4.5552,5.247985714285714,5.514309999999999
2021-10-12,4.7465,-1.5,44.58,41.93,2.0,0.18,10,285,3,-0.8660254037844386,0.5000000000000001,-0.9813064702716093,0.19245158197082995,3.9936,5.1818,5.0486,5.167757142857143,5.525076666666667
2021-10-13,4.5857,-0.9,40.31,49.21,1.78,0.0,10,286,3,-0.8660254037844386,0.5000000000000001,-0.9778483415056567,0.20931464596304888,4.7465,3.9936,5.441,5.1246,5.56743
2021-10-14,5.2099,-0.38,40.33,29.16,1.9,0.0,10,287,3,-0.8660254037844386,0.5000000000000001,-0.9741004551724206,0.22611568550828803,4.5857,4.7465,5.675,5.002414285714286,5.523453333333333
2021-10-15,5.2277,0.6,31.17,21.38,1.85,0.0,10,288,3,-0.8660254037844386,0.5000000000000001,-0.970063921851507,0.2428497220959358,5.2099,4.5857,5.5526,4.9359714285714285,5.483603333333334
2021-10-16,5.0273,0.6,32.47,22.29,2.15,0.0,10,289,3,-0.8660254037844386,0.5000000000000001,-0.965739937654855,0.25951179706979943,5.2277,5.2099,5.2817,4.889557142857143,5.460693333333334
2021-10-17,3.8081,0.0,58.06,65.38,1.34,4.7,10,290,3,-0.8660254037844386,0.5000000000000001,-0.9611297838723007,0.27609697309746883,5.0273,5.2277,5.1818,4.853214285714286,5.392973333333333
2021-10-18,1.1909,-2.55,79.5,87.88,1.53,11.69,10,291,3,-0.8660254037844386,0.5000000000000001,-0.9562348265919058,0.2926003356333479,3.8081,5.0273,3.9936,4.6569714285714285,5.283566666666667
2021-10-19,4.2626,-4.56,60.73,28.2,1.73,0.02,10,292,3,-0.8660254037844386,0.5000000000000001,-0.9510565162951536,0.30901699437494723,1.1909,3.8081,4.7465,4.256585714285714,5.09263
2021-10-20,4.4971,-3.98,56.55,22.51,2.23,0.33,10,293,3,-0.8660254037844386,0.5000000000000001,-0.9455963874271428,0.3253420847119795,4.2626,1.1909,4.5857,4.187457142857143,5.004356666666666
2021-10-21,4.4633,-3.34,54.17,34.38,2.1,0.0,10,294,3,-0.8660254037844386,0.5000000000000001,-0.9398560579418953,0.341570769167856,4.4971,4.2626,5.2099,4.1748,4.9605
2021-10-22,3.618,-4.22,55.34,73.56,3.5,1.86,10,295,3,-0.8660254037844386,0.5000000000000001,-0.9338372288229252,0.35769823883312546,4.4633,4.4971,5.2277,4.068142857142857,4.948940000000001
2021-10-23,1.1239,-5.0,61.6,97.89,4.22,10.79,10,296,3,-0.8660254037844386,0.5000000000000001,-0.9275416835791965,0.3737197147904692,3.618,4.4633,5.0273,3.8381857142857143,4.903693333333334
2021-10-24,1.7966,-7.08,64.64,91.81,1.8,11.5,10,297,3,-0.8660254037844386,0.5000000000000001,-0.9209712877166347,0.38963044953078774,1.1239,3.618,3.8081,3.2805571428571434,4.819533333333334
2021-10-25,2.5406,-10.72,76.35,61.62,1.56,1.29,10,298,3,-0.8660254037844386,0.5000000000000001,-0.9141279881853337,0.4054257283599973,1.7966,1.1239,1.1909,2.9932000000000003,4.719796666666667
2021-10-26,3.7207,-12.86,70.19,46.9,1.47,0.24,10,299,3,-0.8660254037844386,0.5000000000000001,-0.9070138128026362,0.42110087079608916,2.5406,1.7966,4.2626,3.1860142857142857,4.6333400000000005
2021-10-27,3.162,-10.36,71.34,37.54,1.07,2.28,10,300,3,-0.8660254037844386,0.5000000000000001,-0.8996308696522434,0.4366512319560638,3.7207,2.5406,4.4971,3.1085999999999996,4.535396666666666
2021-10-28,4.0397,-11.97,68.88,27.04,1.56,0.0,10,301,3,-0.8660254037844386,0.5000000000000001,-0.8919813464595487,0.45207220393230374,3.162,3.7207,4.4633,2.9178714285714284,4.4261566666666665
2021-10-29,3.757,-10.88,71.4,33.11,1.96,0.0,10,302,3,-0.8660254037844386,0.5000000000000001,-0.8840675099433637,0.46735921715800205,4.0397,3.162,3.618,2.857357142857143,4.3648299999999995
2021-10-30,3.6914,-10.14,67.37,35.92,1.58,0.0,10,303,3,-0.8660254037844386,0.5000000000000001,-0.8758917051442433,0.48250774176121763,3.757,4.0397,1.1239,2.8772142857142855,4.2759833333333335
2021-10-31,3.6259,-8.24,53.59,59.07,0.93,0.0,10,304,3,-0.8660254037844386,0.5000000000000001,-0.8674563547295971,0.4975132889071803,3.6914,3.757,1.7966,3.2439999999999998,4.1885900000000005
2021-11-01,3.5527,-8.65,57.58,74.76,2.07,0.31,11,305,3,-0.5000000000000004,0.8660254037844384,-0.858763958275803,0.5123714121284235,3.6259,3.6914,2.5406,3.5053285714285716,4.1468066666666665
2021-11-02,3.187,-8.88,68.22,84.77,1.86,0.24,11,306,3,-0.5000000000000004,0.8660254037844384,-0.8498170915275277,0.5270777086423724,3.5527,3.6259,3.7207,3.6499142857142854,4.117063333333333
2021-11-03,3.5945,-8.87,65.02,64.07,2.02,0.11,11,307,3,-0.5000000000000004,0.8660254037844384,-0.8406184056344783,0.5416278206559811,3.187,3.5527,3.162,3.5736714285714286,4.052136666666667
2021-11-04,3.8239,-10.55,70.13,55.02,2.36,0.0,11,308,3,-0.5000000000000004,0.8660254037844384,-0.8311706263658079,0.5560174366570446,3.5945,3.187,4.0397,3.6354571428571427,4.020113333333333
2021-11-05,2.1869,-9.65,76.54,85.17,2.74,0.1,11,309,3,-0.5000000000000004,0.8660254037844384,-0.8214765533024145,0.5702422926917867,3.8239,3.5945,3.757,3.604628571428571,3.97929
2021-11-06,4.3212,-9.8,58.63,25.87,1.59,0.01,11,310,3,-0.5000000000000004,0.8660254037844384,-0.8115390590073611,0.5842981736283683,2.1869,3.8239,3.6914,3.3803285714285716,3.87082
2021-11-07,4.6102,-8.9,50.93,25.08,1.65,0.0,11,311,3,-0.5000000000000004,0.8660254037844384,-0.801361088174677,0.5981809144059159,4.3212,2.1869,3.6259,3.4702999999999995,3.8256933333333336
2021-11-08,4.4674,-7.82,50.09,28.57,1.14,0.0,11,312,3,-0.5000000000000004,0.8660254037844384,-0.7909456567567774,0.6118864012687242,4.6102,4.3212,3.5527,3.6109142857142857,3.79428
2021-11-09,4.3238,-6.94,39.77,36.58,1.61,0.0,11,313,3,-0.5000000000000004,0.8660254037844384,-0.780295851070776,0.6254105729852457,4.4674,4.6102,3.187,3.7415857142857143,3.7671366666666666
2021-11-10,4.3538,-7.81,40.48,31.69,2.22,0.0,11,314,3,-0.5000000000000004,0.8660254037844384,-0.7694148268839381,0.6387494220515268,4.3238,4.4674,3.5945,3.903985714285714,3.7385366666666666
2021-11-11,4.4698,-8.0,37.02,27.17,2.06,0.0,11,315,3,-0.5000000000000004,0.8660254037844384,-0.7583058084785625,0.6518989958787125,4.3538,4.3238,3.8239,4.0124571428571425,3.750543333333333
2021-11-12,4.2374,-7.93,38.09,30.93,2.12,0.0,11,316,3,-0.5000000000000004,0.8660254037844384,-0.7469720876965551,0.6648553979642866,4.4698,4.3538,2.1869,4.104728571428572,3.74132
2021-11-13,4.459,-7.47,36.39,27.1,1.76,0.0,11,317,3,-0.5000000000000004,0.8660254037844384,-0.7354170229639858,0.6776147890466887,4.2374,4.4698,4.3212,4.397657142857143,3.7297099999999994
2021-11-14,3.485,-8.72,43.04,52.25,3.04,0.0,11,318,3,-0.5000000000000004,0.8660254037844384,-0.7236440382959124,0.690173388242972,4.459,4.2374,4.6102,4.417342857142858,3.70468
2021-11-15,4.0661,-9.85,47.16,32.78,1.65,0.0,11,319,3,-0.5000000000000004,0.8660254037844384,-0.711656622281775,0.7025274741691566,3.485,4.459,4.4674,4.2566,3.64659
2021-11-16,4.205,-8.01,34.6,39.88,1.33,0.0,11,320,3,-0.5000000000000004,0.8660254037844384,-0.6994583270516471,0.7146733860429608,4.0661,3.485,4.3238,4.1992714285714285,3.61455
2021-11-17,3.9211,-7.98,39.71,56.95,2.93,0.0,11,321,3,-0.5000000000000004,0.8660254037844384,-0.6870527672236675,0.7266075247685652,4.205,4.0661,4.3538,4.1823,3.62778
2021-11-18,2.1847,-7.46,42.51,88.82,3.08,0.0,11,322,3,-0.5000000000000004,0.8660254037844384,-0.6744436188329457,0.7383263540031063,3.9211,4.205,4.4698,4.1204857142857145,3.7187866666666665
2021-11-19,3.9298,-7.64,38.6,36.88,2.09,0.0,11,323,3,-0.5000000000000004,0.8660254037844384,-0.661634618242279,0.749826401204568,2.1847,3.9211,4.2374,3.794042857142857,3.6495233333333332
2021-11-20,4.0008,-7.85,44.58,31.91,1.98,0.0,11,324,3,-0.5000000000000004,0.8660254037844384,-0.6486295610349818,0.7611042586607742,3.9298,2.1847,4.459,3.7500999999999998,3.6306133333333337
2021-11-21,3.8551,-8.56,52.89,41.19,1.53,0.0,11,325,3,-0.5000000000000004,0.8660254037844384,-0.6354323008901775,0.7721565844991641,4.0008,3.9298,3.485,3.684642857142857,3.615196666666667
2021-11-22,4.0865,-8.63,43.82,29.44,1.19,0.0,11,326,3,-0.5000000000000004,0.8660254037844384,-0.622046748440868,0.7829801036770624,3.8551,4.0008,4.0661,3.7375142857142856,3.6231
2021-11-23,3.9998,-8.42,36.31,46.17,1.35,0.0,11,327,3,-0.5000000000000004,0.8660254037844384,-0.6084768701151264,0.7935716089521472,4.0865,3.8551,4.205,3.740428571428571,3.7218533333333332
2021-11-24,3.0098,-7.47,45.3,72.78,2.25,0.0,11,328,3,-0.5000000000000004,0.8660254037844384,-0.594726686960764,0.8039279618328208,3.9998,4.0865,3.9211,3.711114285714286,3.7952933333333334
2021-11-25,3.1102,-8.62,58.46,62.2,1.27,0.0,11,329,3,-0.5000000000000004,0.8660254037844384,-0.5808002734538013,0.8140460935082175,3.0098,3.9998,2.1847,3.5809285714285712,3.8109333333333333
2021-11-26,3.7387,-8.48,44.92,49.7,1.0,0.0,11,330,3,-0.5000000000000004,0.8660254037844384,-0.5667017562911184,0.8239230057575536,3.1102,3.0098,3.9298,3.713142857142857,3.7905833333333327
2021-11-27,2.3189,-8.63,45.04,76.17,2.33,0.0,11,331,3,-0.5000000000000004,0.8660254037844384,-0.5524353131676203,0.8335557718385695,3.7387,3.1102,4.0008,3.6858428571428568,3.809806666666667
2021-11-28,3.3646,-9.69,53.71,44.33,1.75,0.0,11,332,3,-0.5000000000000004,0.8660254037844384,-0.5380051715382992,0.8429415373547832,2.3189,3.7387,3.8551,3.445571428571429,3.7524466666666667
2021-11-29,3.6888,-10.22,50.24,46.0,2.15,0.0,11,333,3,-0.5000000000000004,0.8660254037844384,-0.5234156073655503,0.8520775211013093,3.3646,2.3189,4.0865,3.3754999999999997,3.7393666666666667
2021-11-30,3.45,-8.24,41.17,46.3,1.83,0.0,11,334,3,-0.5000000000000004,0.8660254037844384,-0.5086709438521042,0.8609610158889945,3.6888,3.3646,3.9998,3.3186857142857145,3.73928
2021-12-01,3.5122,-8.63,40.22,57.09,2.25,0.0,12,335,0,-2.4492935982947064e-16,1.0,-0.49377555015997737,0.8695893893466109,3.45,3.6888,3.0098,3.240142857142857,3.7334166666666664
2021-12-02,2.335,-7.87,61.14,84.41,1.19,2.1,12,336,0,-2.4492935982947064e-16,1.0,-0.4787338401157883,0.8779600847008883,3.5122,3.45,3.1102,3.3119142857142854,3.7320666666666664
2021-12-03,2.7835,-7.84,65.75,65.58,0.9,1.5,12,337,0,-2.4492935982947064e-16,1.0,-0.4635502709028512,0.8860706215341378,2.335,3.5122,3.7387,3.2011714285714286,3.7036666666666664
2021-12-04,3.4286,-7.98,61.49,31.45,1.52,0.04,12,338,0,-2.4492935982947064e-16,1.0,-0.4482293417404106,0.893918596519257,2.7835,2.335,2.3189,3.064714285714286,3.6766333333333336
2021-12-05,2.2987,-9.6,72.82,75.65,1.86,6.53,12,339,0,-2.4492935982947064e-16,1.0,-0.4327755925504317,0.9015016841318838,3.4286,2.7835,3.3646,3.223242857142857,3.6634566666666664
2021-12-06,2.531,-12.45,67.77,55.79,1.55,7.48,12,340,0,-2.4492935982947064e-16,1.0,-0.41719360261231697,0.9088176373395028,2.2987,3.4286,3.6888,3.0709714285714287,3.6671833333333335
2021-12-07,3.2042,-15.45,57.83,49.09,1.22,0.01,12,341,0,-2.4492935982947064e-16,1.0,-0.4014879892059737,0.9158642882672868,2.531,2.2987,3.45,2.9055714285714282,3.6075099999999996
2021-12-08,2.0556,-13.13,67.64,85.26,1.84,0.0,12,342,0,-2.4492935982947064e-16,1.0,-0.38566340624360745,0.9226395488404875,3.2042,2.531,3.5122,2.8704571428571426,3.560643333333333
2021-12-09,2.1986,-15.6,78.31,61.93,2.15,0.0,12,343,0,-2.4492935982947064e-16,1.0,-0.3697245428906732,0.9291414114031743,2.0556,3.2042,2.335,2.662371428571429,3.48025
2021-12-10,3.3943,-15.71,65.46,30.25,0.96,0.0,12,344,0,-2.4492935982947064e-16,1.0,-0.35367612217637207,0.935367949313148,2.1986,2.0556,2.7835,2.6428857142857143,3.40941
2021-12-11,3.4356,-16.98,55.83,29.19,1.46,0.0,12,345,0,-2.4492935982947064e-16,1.0,-0.33752289959411347,0.941317317512847,3.3943,2.1986,3.4286,2.7301428571428574,3.3774266666666666
2021-12-12,2.9395,-15.66,61.36,62.08,1.92,0.0,12,346,0,-2.4492935982947064e-16,1.0,-0.32126966169236515,0.9469877530760751,3.4356,3.3943,2.2987,2.7311428571428573,3.3429533333333334
2021-12-13,2.5793,-16.42,70.5,75.44,2.14,0.0,12,347,0,-2.4492935982947064e-16,1.0,-0.3049212246562894,0.9523775757303973,2.9395,3.4356,2.531,2.8226857142857145,3.29969
2021-12-14,1.4798,-16.56,67.36,86.69,2.28,0.0,12,348,0,-2.4492935982947064e-16,1.0,-0.2884824328806098,0.9574851883550389,2.5793,2.9395,3.2042,2.829585714285714,3.2370333333333337
2021-12-15,2.7941,-19.59,65.03,50.85,1.9,0.0,12,349,0,-2.4492935982947064e-16,1.0,-0.27195815753410524,0.9623090774541487,1.4798,2.5793,2.0556,2.583242857142857,3.170193333333333
2021-12-16,2.4826,-19.46,62.2,70.98,1.73,0.0,12,350,0,-2.4492935982947064e-16,1.0,-0.2553532951161881,0.9668478136052773,2.7941,1.4798,2.1986,2.688742857142857,3.1277933333333334
2021-12-17,2.3436,-17.32,55.53,79.44,0.77,0.2,12,351,0,-2.4492935982947064e-16,1.0,-0.23867276600594997,0.9711000518829505,2.4826,2.7941,3.3943,2.7293142857142856,3.07038
2021-12-18,3.2429,-18.32,46.83,33.4,1.58,0.05,12,352,0,-2.4492935982947064e-16,1.0,-0.22192151300416674,0.9750645322571945,2.3436,2.4826,3.4356,2.579214285714286,3.017796666666667
2021-12-19,3.3866,-18.15,48.59,41.84,1.2,0.0,12,353,0,-2.4492935982947064e-16,1.0,-0.20510449986861926,0.9787400799669153,3.2429,2.3436,2.9395,2.551685714285714,3.05307
2021-12-20,3.1243,-14.76,51.39,57.84,1.45,0.0,12,354,0,-2.4492935982947064e-16,1.0,-0.1882267098432439,0.9821256058680006,3.3866,3.2429,2.5793,2.615557142857143,3.0349633333333332
2021-12-21,2.6129,-13.64,69.3,59.75,1.74,0.0,12,355,0,-2.4492935982947064e-16,1.0,-0.1712931441814778,0.9852201067560606,3.1243,3.3866,1.4798,2.6934142857142858,3.0057466666666666
2021-12-22,3.0895,-14.14,66.15,53.43,1.11,0.0,12,356,0,-2.4492935982947064e-16,1.0,-0.154308820664281,0.9880226656636976,2.6129,3.1243,2.7941,2.855285714285714,2.96434
2021-12-23,2.3033,-13.96,76.01,66.25,1.54,0.11,12,357,0,-2.4492935982947064e-16,1.0,-0.13727877211326517,0.9905324521322227,3.0895,2.6129,2.4826,2.897485714285714,2.9311066666666665
2021-12-24,2.6453,-13.14,66.1,63.83,1.23,0.03,12,358,0,-2.4492935982947064e-16,1.0,-0.12020804489935275,0.9927487224577402,2.3033,3.0895,2.3436,2.8718714285714286,2.8745566666666664
2021-12-25,2.2601,-14.87,66.67,66.26,1.65,0.0,12,359,0,-2.4492935982947064e-16,1.0,-0.10310169744743544,0.9946708199115211,2.6453,2.3033,3.2429,2.914971428571428,2.8624066666666663
2021-12-26,1.8588,-14.19,70.21,89.46,2.24,1.3,12,360,0,-2.4492935982947064e-16,1.0,-0.0859647987374467,0.9962981749346077,2.2601,2.6453,3.3866,2.7745714285714285,2.83407
2021-12-27,2.1965,-15.99,57.47,75.87,2.02,0.48,12,361,0,-2.4492935982947064e-16,1.0,-0.06880242680232064,0.9976303053065857,1.8588,2.2601,3.1243,2.5563142857142855,2.7714066666666666
2021-12-28,3.1982,-18.22,63.43,39.47,1.87,0.0,12,362,0,-2.4492935982947064e-16,1.0,-0.05161966722325418,0.9986668162884759,2.1965,1.8588,2.6129,2.4237714285714285,2.767326666666667
2021-12-29,2.9364,-18.28,60.55,39.38,1.07,0.0,12,363,0,-2.4492935982947064e-16,1.0,-0.034421611622745804,0.9994074007397048,3.1982,2.1965,3.0895,2.5073857142857143,2.7617800000000003
2021-12-30,3.1025,-18.83,52.42,35.73,0.93,0.0,12,364,0,-2.4492935982947064e-16,1.0,-0.01721335615583528,0.9998518392091162,2.9364,3.1982,2.3033,2.4855142857142853,2.7367
2021-12-31,3.0026,-16.79,61.0,66.65,1.32,0.0,12,365,0,-2.4492935982947064e-16,1.0,6.432490598706546e-16,1.0,3.1025,2.9364,2.6453,2.5996857142857146,2.7251166666666666
2022-01-01,2.737,-15.96,77.2,76.34,1.71,0.0,1,1,0,0.49999999999999994,0.8660254037844387,0.017213356155834685,0.9998518392091162,3.0026,3.1025,2.2601,2.6507285714285715,2.70813
2022-01-02,1.5144,-14.1,77.56,93.66,2.28,0.01,1,2,0,0.49999999999999994,0.8660254037844387,0.03442161162274574,0.9994074007397048,2.737,3.0026,1.8588,2.718857142857143,2.72153
2022-01-03,2.4466,-14.28,76.49,92.19,1.42,1.08,1,3,0,0.49999999999999994,0.8660254037844387,0.051619667223253764,0.998666816288476,1.5144,2.737,2.1965,2.669657142857143,2.679226666666666
2022-01-04,1.1326,-12.45,83.86,94.33,2.13,10.43,1,4,0,0.49999999999999994,0.8660254037844387,0.06880242680231986,0.9976303053065857,2.4466,1.5144,3.1982,2.7053857142857143,2.6464933333333334
2022-01-05,1.0114,-11.7,88.3,91.75,1.33,19.12,1,5,0,0.49999999999999994,0.8660254037844387,0.08596479873744647,0.9962981749346078,1.1326,2.4466,2.9364,2.4103,2.607623333333333
2022-01-06,1.8439,-13.67,82.44,80.32,1.22,0.83,1,6,0,0.49999999999999994,0.8660254037844387,0.10310169744743485,0.9946708199115211,1.0114,1.1326,3.1025,2.1353,2.55697
2022-01-07,2.3338,-20.15,84.41,81.08,2.69,3.84,1,7,0,0.49999999999999994,0.8660254037844387,0.1202080448993527,0.9927487224577402,1.8439,1.0114,3.0026,1.9555000000000002,2.5116266666666665
2022-01-08,1.4779,-16.0,76.89,96.83,2.85,11.14,1,8,0,0.49999999999999994,0.8660254037844387,0.13727877211326478,0.9905324521322229,2.3338,1.8439,2.737,1.8599571428571429,2.5209
2022-01-09,1.53,-15.99,71.35,95.23,2.13,12.39,1,9,0,0.49999999999999994,0.8660254037844387,0.15430882066428117,0.9880226656636976,1.4779,2.3338,1.5144,1.6800857142857144,2.4968766666666666
2022-01-10,0.8669,-16.37,77.29,94.66,1.67,1.44,1,10,0,0.49999999999999994,0.8660254037844387,0.1712931441814776,0.9852201067560606,1.53,1.4779,2.4466,1.6823142857142857,2.4347333333333334
2022-01-11,3.4843,-23.36,74.84,42.67,1.27,0.02,1,11,0,0.49999999999999994,0.8660254037844387,0.1882267098432442,0.9821256058680006,0.8669,1.53,1.1326,1.4566428571428571,2.34911
2022-01-12,3.6187,-26.2,86.4,42.3,1.27,0.0,1,12,0,0.49999999999999994,0.8660254037844387,0.2051044998686192,0.9787400799669153,3.4843,0.8669,1.0114,1.7926,2.36727
2022-01-13,2.7737,-23.04,91.61,76.07,1.36,0.0,1,13,0,0.49999999999999994,0.8660254037844387,0.2219215130041655,0.9750645322571948,3.6187,3.4843,1.8439,2.1650714285714288,2.4019166666666667
2022-01-14,2.929,-25.24,92.11,60.47,1.58,0.0,1,14,0,0.49999999999999994,0.8660254037844387,0.2386727660059501,0.9711000518829505,2.7737,3.6187,2.3338,2.2979,2.445046666666667
2022-01-15,3.5376,-26.89,91.45,55.06,1.38,0.0,1,15,0,0.49999999999999994,0.8660254037844387,0.255353295116187,0.9668478136052775,2.929,2.7737,1.4779,2.3829285714285713,2.449543333333333
2022-01-16,2.9333,-19.14,87.68,70.85,1.32,0.0,1,16,0,0.49999999999999994,0.8660254037844387,0.2719581575341055,0.9623090774541486,3.5376,2.929,1.53,2.677171428571428,2.4847099999999998
2022-01-17,2.1398,-17.17,91.8,72.48,1.14,0.0,1,17,0,0.49999999999999994,0.8660254037844387,0.288482432880609,0.9574851883550393,2.9333,3.5376,0.8669,2.877642857142857,2.504366666666667
2022-01-18,3.3516,-15.92,90.13,64.6,1.52,0.0,1,18,0,0.49999999999999994,0.8660254037844387,0.30492122465628907,0.9523775757303974,2.1398,2.9333,3.4843,3.059485714285714,2.467596666666666
2022-01-19,2.7247,-17.85,88.25,74.85,1.63,1.17,1,19,0,0.49999999999999994,0.8660254037844387,0.3212696616923644,0.9469877530760753,3.3516,2.1398,3.6187,3.0405285714285712,2.46643
2022-01-20,3.1392,-16.73,81.51,65.57,1.35,0.75,1,20,0,0.49999999999999994,0.8660254037844387,0.3375228995941133,0.9413173175128471,2.7247,3.3516,2.7737,2.9128142857142856,2.45311
2022-01-21,3.8822,-21.12,88.85,48.08,1.76,2.24,1,21,0,0.49999999999999994,0.8660254037844387,0.3536761221763716,0.9353679493131483,3.1392,2.7247,2.929,2.965028571428572,2.4706533333333334
2022-01-22,3.545,-17.55,77.85,66.92,1.41,4.57,1,22,0,0.49999999999999994,0.8660254037844387,0.3697245428906731,0.9291414114031743,3.8822,3.1392,3.5376,3.1011999999999995,2.4970766666666666
2022-01-23,1.387,-15.47,84.91,88.58,1.11,7.55,1,23,0,0.49999999999999994,0.8660254037844387,0.38566340624360707,0.9226395488404876,3.545,3.8822,2.9333,3.1022571428571433,2.5384666666666664
2022-01-24,2.3839,-16.0,84.5,72.12,1.33,2.63,1,24,0,0.49999999999999994,0.8660254037844387,0.401487989205973,0.9158642882672872,1.387,3.545,2.1398,2.881357142857143,2.4965233333333336
2022-01-25,3.3852,-21.41,83.81,53.77,1.35,0.44,1,25,0,0.49999999999999994,0.8660254037844387,0.4171936026123168,0.9088176373395029,2.3839,1.387,3.3516,2.916228571428572,2.50065
2022-01-26,2.7216,-20.96,85.08,50.88,1.76,0.69,1,26,0,0.49999999999999994,0.8660254037844387,0.4327755925504312,0.901501684131884,3.3852,2.3839,2.7247,2.9210285714285718,2.5515299999999996
2022-01-27,4.1366,-23.47,77.91,32.08,1.23,0.02,1,27,0,0.49999999999999994,0.8660254037844387,0.4482293417404106,0.893918596519257,2.7216,3.3852,3.1392,2.9205857142857146,2.569033333333333
2022-01-28,4.2535,-21.08,80.65,38.12,1.57,0.0,1,28,0,0.49999999999999994,0.8660254037844387,0.4635502709028509,0.886070621534138,4.1366,2.7216,3.8822,3.0630714285714284,2.6003133333333333
2022-01-29,2.9758,-17.05,85.55,60.6,2.45,0.0,1,29,0,0.49999999999999994,0.8660254037844387,0.47873384011578846,0.8779600847008882,4.2535,4.1366,3.545,3.116114285714286,2.644216666666667
2022-01-30,2.2505,-20.49,82.62,73.92,2.01,0.0,1,30,0,0.49999999999999994,0.8660254037844387,0.49377555015997715,0.869589389346611,2.9758,4.2535,1.387,3.0348,2.6399933333333334
2022-01-31,2.334,-15.9,82.36,80.55,2.23,0.0,1,31,0,0.49999999999999994,0.8660254037844387,0.5086709438521044,0.8609610158889943,2.2505,2.9758,2.3839,3.1581571428571427,2.614923333333333
2022-02-01,4.0219,-18.37,78.04,33.73,1.75,0.0,2,32,0,0.8660254037844386,0.5000000000000001,0.5234156073655503,0.8520775211013093,2.334,2.2505,3.3852,3.1510285714285713,2.60149
2022-02-02,2.0527,-15.93,79.12,79.45,1.94,3.77,2,33,0,0.8660254037844386,0.5000000000000001,0.5380051715382996,0.8429415373547828,4.0219,2.334,2.7216,3.2419857142857142,2.6850733333333334
2022-02-03,1.7417,-14.32,89.17,97.54,1.36,6.41,2,34,0,0.8660254037844386,0.5000000000000001,0.5524353131676196,0.8335557718385699,2.0527,4.0219,4.1366,3.1464285714285714,2.671943333333333
2022-02-04,2.7929,-17.27,86.66,77.64,1.71,3.41,2,35,0,0.8660254037844386,0.5000000000000001,0.5667017562911176,0.8239230057575542,1.7417,2.0527,4.2535,2.8043,2.692246666666667
2022-02-05,4.6428,-20.77,73.55,37.63,1.26,0.05,2,36,0,0.8660254037844386,0.5000000000000001,0.5808002734538009,0.8140460935082178,2.7929,1.7417,2.9758,2.595642857142857,2.75163
2022-02-06,1.7736,-14.95,77.41,88.03,2.51,0.02,2,37,0,0.8660254037844386,0.5000000000000001,0.5947266869607634,0.8039279618328213,4.6428,2.7929,2.2505,2.8337857142857144,2.844926666666667
2022-02-07,2.665,-14.5,78.1,76.28,2.19,0.02,2,38,0,0.8660254037844386,0.5000000000000001,0.6084768701151261,0.7935716089521474,1.7736,4.6428,2.334,2.765657142857143,2.8262533333333333
2022-02-08,4.5365,-19.56,81.7,54.26,2.03,0.06,2,39,0,0.8660254037844386,0.5000000000000001,0.6220467484408675,0.7829801036770629,2.665,1.7736,4.0219,2.812942857142857,2.865823333333333
2022-02-09,2.6088,-17.82,75.68,82.64,2.2,0.05,2,40,0,0.8660254037844386,0.5000000000000001,0.6354323008901774,0.7721565844991642,4.5365,2.665,2.0527,2.886457142857143,2.96604
2022-02-10,3.2784,-22.75,88.65,64.41,2.08,0.0,2,41,0,0.8660254037844386,0.5000000000000001,0.6486295610349814,0.7611042586607747,2.6088,4.5365,1.7417,2.9659,3.0241033333333336
2022-02-11,4.825,-21.87,79.13,32.65,1.44,0.0,2,42,0,0.8660254037844386,0.5000000000000001,0.6616346182422783,0.7498264012045686,3.2784,2.6088,2.7929,3.1854285714285715,3.01724
2022-02-12,4.6118,-19.61,79.06,50.28,1.84,0.0,2,43,0,0.8660254037844386,0.5000000000000001,0.6744436188329455,0.7383263540031065,4.825,3.2784,4.6428,3.4757285714285717,3.0574500000000002
2022-02-13,2.867,-17.65,80.48,73.68,2.1,0.0,2,44,0,0.8660254037844386,0.5000000000000001,0.6870527672236669,0.7266075247685656,4.6118,4.825,1.7736,3.4713,3.11872
2022-02-14,3.5676,-15.85,84.81,69.91,1.74,0.0,2,45,0,0.8660254037844386,0.5000000000000001,0.699458327051647,0.7146733860429609,2.867,4.6118,2.665,3.6275000000000004,3.1166533333333333
2022-02-15,3.2318,-16.67,86.42,69.89,2.07,0.0,2,46,0,0.8660254037844386,0.5000000000000001,0.7116566222817746,0.7025274741691571,3.5676,2.867,4.5365,3.756442857142857,3.1176533333333336
2022-02-16,3.9845,-18.57,85.9,59.34,2.19,0.0,2,47,0,0.8660254037844386,0.5000000000000001,0.7236440382959124,0.6901733882429719,3.2318,3.5676,2.6088,3.5700571428571424,3.1276033333333335
2022-02-17,4.5809,-19.25,82.59,51.48,2.11,0.0,2,48,0,0.8660254037844386,0.5000000000000001,0.7354170229639855,0.6776147890466889,3.9845,3.2318,3.2784,3.766585714285714,3.1890933333333336
2022-02-18,3.7409,-19.7,81.29,72.24,1.62,0.0,2,49,0,0.8660254037844386,0.5000000000000001,0.7469720876965552,0.6648553979642865,4.5809,3.9845,4.825,3.9526571428571424,3.23007
2022-02-19,4.3673,-18.51,83.1,66.7,1.47,0.14,2,50,0,0.8660254037844386,0.5000000000000001,0.7583058084785624,0.6518989958787126,3.7409,4.5809,4.6118,3.797785714285714,3.263943333333333
2022-02-20,4.9776,-16.5,71.93,38.55,1.46,0.16,2,51,0,0.8660254037844386,0.5000000000000001,0.7694148268839378,0.6387494220515272,4.3673,3.7409,2.867,3.762857142857143,3.30488
2022-02-21,5.7156,-19.7,66.94,24.82,1.39,0.0,2,52,0,0.8660254037844386,0.5000000000000001,0.7802958510707755,0.6254105729852464,4.9776,4.3673,3.5676,4.0643714285714285,3.3413933333333334
2022-02-22,2.6899,-12.66,79.74,78.42,2.1,4.87,2,53,0,0.8660254037844386,0.5000000000000001,0.7909456567567772,0.6118864012687243,5.7156,4.9776,3.2318,4.3712285714285715,3.413746666666667
2022-02-23,2.6412,-10.54,80.69,89.93,2.0,10.78,2,54,0,0.8660254037844386,0.5000000000000001,0.8013610881746766,0.5981809144059165,2.6899,5.7156,3.9845,4.293814285714286,3.457176666666667
2022-02-24,2.7312,-12.29,84.77,92.22,1.45,3.92,2,55,0,0.8660254037844386,0.5000000000000001,0.8115390590073611,0.5842981736283683,2.6412,2.6899,4.5809,4.101914285714286,3.4657533333333332
2022-02-25,3.6048,-15.09,78.61,82.89,1.69,3.03,2,56,0,0.8660254037844386,0.5000000000000001,0.8214765533024142,0.5702422926917871,2.7312,2.6412,3.7409,3.837671428571429,3.4439533333333334
2022-02-26,2.4991,-16.3,85.01,78.87,2.39,4.38,2,57,0,0.8660254037844386,0.5000000000000001,0.8311706263658079,0.5560174366570446,3.6048,2.7312,4.3673,3.818228571428572,3.473393333333333
2022-02-27,5.3047,-18.01,82.2,38.23,1.25,0.19,2,58,0,0.8660254037844386,0.5000000000000001,0.8406184056344782,0.5416278206559814,2.4991,3.6048,4.9776,3.551342857142857,3.41881
2022-02-28,4.8962,-18.5,73.65,48.49,1.48,0.0,2,59,0,0.8660254037844386,0.5000000000000001,0.8498170915275278,0.5270777086423722,5.3047,2.4991,5.7156,3.5980714285714286,3.45385
2022-03-01,4.1138,-13.33,80.2,76.26,2.1,0.13,3,60,1,1.0,6.123233995736766e-17,0.8587639582758029,0.5123714121284237,4.8962,5.3047,2.6899,3.4810142857142856,3.517863333333333
2022-03-02,4.3332,-16.26,84.48,75.16,1.59,0.01,3,61,1,1.0,6.123233995736766e-17,0.8674563547295969,0.49751328890718066,4.1138,4.8962,2.6412,3.6844285714285716,3.5799733333333332
2022-03-03,2.6887,-13.08,87.99,91.64,1.71,4.09,3,62,1,1.0,6.123233995736766e-17,0.8758917051442429,0.48250774176121847,4.3332,4.1138,2.7312,3.926142857142857,3.6466133333333333
2022-03-04,4.5974,-14.08,86.08,57.17,2.06,1.78,3,63,1,1.0,6.123233995736766e-17,0.8840675099433636,0.4673592171580022,2.6887,4.3332,3.6048,3.9200714285714287,3.602173333333333
2022-03-05,5.7864,-15.8,80.33,45.08,1.4,0.0,3,64,1,1.0,6.123233995736766e-17,0.8919813464595485,0.45207220393230435,4.5974,2.6887,2.4991,4.061871428571428,3.686996666666667
2022-03-06,3.0778,-12.37,83.83,87.74,2.35,0.0,3,65,1,1.0,6.123233995736766e-17,0.8996308696522433,0.43665123195606403,5.7864,4.5974,5.3047,4.531485714285714,3.82182
2022-03-07,2.5742,-11.54,77.78,94.21,2.65,0.04,3,66,1,1.0,6.123233995736766e-17,0.9070138128026359,0.4211008707960896,3.0778,5.7864,4.8962,4.213357142857143,3.8313166666666665
2022-03-08,6.017,-14.38,81.81,53.27,1.44,0.01,3,67,1,1.0,6.123233995736766e-17,0.9141279881853337,0.40542572835999735,2.5742,3.0778,4.1138,3.8816428571428574,3.7623633333333335
2022-03-09,5.4624,-14.76,73.31,59.88,1.93,0.0,3,68,1,1.0,6.123233995736766e-17,0.9209712877166346,0.38963044953078796,6.017,2.5742,4.3332,4.153528571428572,3.90381
2022-03-10,6.2047,-13.17,67.16,39.39,1.37,0.0,3,69,1,1.0,6.123233995736766e-17,0.9275416835791966,0.37371971479046906,5.4624,6.017,2.6887,4.314842857142858,3.997056666666667
2022-03-11,6.5119,-12.22,76.18,31.24,1.19,0.0,3,70,1,1.0,6.123233995736766e-17,0.9338372288229252,0.35769823883312546,6.2047,5.4624,4.5974,4.817128571428571,4.052663333333333
2022-03-12,4.8432,-10.72,77.27,71.51,1.31,0.0,3,71,1,1.0,6.123233995736766e-17,0.9398560579418954,0.3415707691678556,6.5119,6.2047,5.7864,5.090628571428572,4.182766666666667
2022-03-13,6.5196,-8.02,76.1,39.82,0.97,0.0,3,72,1,1.0,6.123233995736766e-17,0.9455963874271426,0.3253420847119801,4.8432,6.5119,3.0778,4.9558857142857144,4.2349266666666665
2022-03-14,5.9746,-9.04,77.98,56.82,1.25,0.0,3,73,1,1.0,6.123233995736766e-17,0.9510565162951535,0.30901699437494745,6.5196,4.8432,2.5742,5.447571428571429,4.291413333333334
2022-03-15,5.5728,-7.72,85.5,59.0,1.43,0.0,3,74,1,1.0,6.123233995736766e-17,0.9562348265919056,0.29260033563334836,5.9746,6.5196,6.017,5.933342857142857,4.33684
2022-03-16,6.8532,-8.28,72.91,24.85,1.1,0.0,3,75,1,1.0,6.123233995736766e-17,0.9611297838723007,0.27609697309746883,5.5728,5.9746,5.4624,5.869885714285714,4.427033333333333
2022-03-17,6.8558,-7.31,53.55,31.62,0.82,0.0,3,76,1,1.0,6.123233995736766e-17,0.9657399376548549,0.2595117970697999,6.8532,5.5728,6.2047,6.0685714285714285,4.536553333333333
2022-03-18,6.7018,-7.33,68.91,35.99,1.6,0.0,3,77,1,1.0,6.123233995736766e-17,0.9700639218515071,0.2428497220959356,6.8558,6.8532,6.5119,6.161585714285715,4.657353333333334
2022-03-19,5.7228,-7.62,73.11,74.37,2.31,0.06,3,78,1,1.0,6.123233995736766e-17,0.9741004551724205,0.22611568550828828,6.7018,6.8558,4.8432,6.188714285714285,4.74793
2022-03-20,5.2226,-7.56,78.76,74.19,2.7,0.07,3,79,1,1.0,6.123233995736766e-17,0.9778483415056568,0.20931464596304847,5.7228,6.7018,6.5196,6.3143714285714285,4.785993333333334
2022-03-21,5.8831,-6.72,68.32,61.98,1.7,0.0,3,80,1,1.0,6.123233995736766e-17,0.9813064702716093,0.19245158197082998,5.2226,5.7228,5.9746,6.129085714285714,4.835383333333334
2022-03-22,7.2048,-6.38,54.88,26.8,1.8,0.0,3,81,1,1.0,6.123233995736766e-17,0.9844738167520922,0.1755314904214282,5.8831,5.2226,5.5728,6.116014285714286,4.885909999999999
2022-03-23,6.7678,-7.22,61.22,50.59,2.6,0.01,3,82,1,1.0,6.123233995736766e-17,0.9873494423939864,0.15855938510313475,7.2048,5.8831,6.8532,6.349157142857143,4.96015
2022-03-24,4.3054,-7.08,75.58,80.46,2.36,0.04,3,83,1,1.0,6.123233995736766e-17,0.989932495087353,0.141540295217043,6.7678,7.2048,6.8558,6.336957142857143,4.995223333333333
2022-03-25,5.8968,-7.11,70.55,52.03,2.04,0.0,3,84,1,1.0,6.123233995736766e-17,0.9922222094179323,0.12447926388678915,4.3054,6.7678,6.7018,5.972614285714285,5.049073333333334
2022-03-26,7.5312,-6.66,57.0,26.18,1.29,0.0,3,85,1,1.0,6.123233995736766e-17,0.994217906893952,0.10738134666416309,5.8968,4.3054,5.7228,5.857614285714285,5.157593333333334
2022-03-27,7.409,-5.93,65.17,28.04,2.61,0.0,3,86,1,1.0,6.123233995736766e-17,0.995918996147179,0.09025161003104117,7.5312,5.8968,5.2226,6.115957142857143,5.317593333333334
2022-03-28,6.8114,-4.39,69.19,52.05,3.0,0.0,3,87,1,1.0,6.123233995736766e-17,0.9973249731081555,0.07309512989807777,7.409,7.5312,5.8831,6.4283,5.4444
2022-03-29,7.267,-3.95,54.53,30.8,3.55,0.0,3,88,1,1.0,6.123233995736766e-17,0.9984354211555643,0.055916990100603484,6.8114,7.409,7.2048,6.5609142857142855,5.588143333333333
2022-03-30,7.1782,-4.14,53.54,40.27,2.75,0.08,3,89,1,1.0,6.123233995736766e-17,0.9992500112396835,0.03872228089217446,7.267,6.8114,6.7678,6.569800000000001,5.653553333333333
2022-03-31,7.487,-3.72,55.44,33.59,2.46,0.0,3,90,1,1.0,6.123233995736766e-17,0.9997685019798909,0.021516097436222254,7.1782,7.267,4.3054,6.628428571428572,5.72962
2022-04-01,7.8641,-1.19,47.98,27.85,1.74,0.0,4,91,1,0.8660254037844387,-0.4999999999999998,0.9999907397361901,0.004303538296244289,7.487,7.1782,5.8968,7.082942857142858,5.84206
2022-04-02,7.609,-1.98,54.72,48.3,3.45,0.0,4,92,1,0.8660254037844387,-0.4999999999999998,0.9999166586547379,-0.01291029607500882,7.8641,7.487,7.5312,7.3639857142857155,5.959756666666666
2022-04-03,6.5018,-3.8,56.57,74.47,2.54,0.0,4,93,1,0.8660254037844387,-0.4999999999999998,0.9995462806873573,-0.030120304846908114,7.609,7.8641,7.409,7.375099999999999,6.123766666666667
2022-04-04,7.621,-1.97,55.39,41.98,2.1,0.0,4,94,1,0.8660254037844387,-0.4999999999999998,0.9988797155850336,-0.04732138832243185,6.5018,7.609,6.8114,7.2455,6.187246666666667
2022-04-05,7.883,-0.64,51.31,35.24,1.9,0.0,4,95,1,0.8660254037844387,-0.4999999999999998,0.9979171608653922,-0.06450844944931623,7.621,6.5018,7.267,7.361157142857143,6.2484
2022-04-06,7.7306,-0.27,49.34,29.99,1.95,0.0,4,96,1,0.8660254037844387,-0.4999999999999998,0.9966589017541702,-0.08167639533042241,7.883,7.621,7.1782,7.449157142857142,6.408573333333333
2022-04-07,7.7866,-0.58,52.81,28.55,1.33,0.0,4,97,1,0.8660254037844387,-0.4999999999999998,0.9951053111006976,-0.09882013873287143,7.7306,7.883,7.487,7.528071428571429,6.580453333333334
2022-04-08,7.8574,-0.03,50.39,27.05,1.49,0.0,4,98,1,0.8660254037844387,-0.4999999999999998,0.9932568492674143,-0.11593459959550041,7.7866,7.7306,7.8641,7.5708714285714285,6.63944
2022-04-09,6.6828,-1.23,61.31,65.86,2.28,0.0,4,99,1,0.8660254037844387,-0.4999999999999998,0.9911140639934547,-0.1330147065341959,7.8574,7.7866,7.609,7.569914285714285,6.719273333333334
2022-04-10,7.621,0.05,53.55,50.78,1.36,0.0,4,100,1,0.8660254037844387,-0.4999999999999998,0.9886775902323405,-0.1500553983446526,6.6828,7.8574,6.5018,7.437599999999999,6.7352099999999995
2022-04-11,7.7813,1.3,48.63,55.72,1.65,0.0,4,101,1,0.8660254037844387,-0.4999999999999998,0.9859481499638304,-0.16705162550211924,7.621,6.6828,7.621,7.597485714285715,6.7721800000000005
2022-04-12,5.8663,0.59,54.27,98.67,2.35,0.16,4,102,1,0.8660254037844387,-0.4999999999999998,0.9829265519799822,-0.18399835165768005,7.7813,7.621,7.883,7.620385714285715,6.870116666666666
2022-04-13,6.612,-0.69,65.63,97.39,2.21,3.8,4,103,1,0.8660254037844387,-0.4999999999999998,0.9796136916454901,-0.20089055513063506,5.8663,7.7813,7.7306,7.332285714285713,6.848339999999999
2022-04-14,6.1663,-2.55,68.3,82.5,2.31,1.61,4,104,1,0.8660254037844387,-0.4999999999999998,0.9760105506323683,-0.21772323039653177,6.612,5.8663,7.7866,7.172485714285714,6.869586666666667
2022-04-15,6.066,-3.11,72.71,91.08,1.26,0.03,4,105,1,0.8660254037844387,-0.4999999999999998,0.9721181966290613,-0.23449138957040985,6.1663,6.612,7.8574,6.941014285714286,6.8893699999999995
2022-04-16,7.2005,-2.08,46.22,70.13,1.74,0.01,4,106,1,0.8660254037844387,-0.4999999999999998,0.9679377830240642,-0.25119006388481935,6.066,6.1663,6.6828,6.6851,6.86313
2022-04-17,8.1974,-0.67,33.35,40.37,1.4,0.0,4,107,1,0.8660254037844387,-0.4999999999999998,0.9634705485641488,-0.2678143051621742,7.2005,6.066,7.621,6.759057142857143,6.874619999999999
2022-04-18,7.9248,1.11,38.56,42.01,1.29,0.0,4,108,1,0.8660254037844387,-0.4999999999999998,0.9587178169872964,-0.2843591872810034,8.1974,7.2005,7.7813,6.8414,6.924473333333333
2022-04-19,7.7491,-0.09,59.88,57.83,1.28,0.13,4,109,1,0.8660254037844387,-0.4999999999999998,0.9536809966304457,-0.30081980763566735,7.9248,8.1974,5.8663,6.8618999999999994,6.997873333333333
2022-04-20,7.1741,-0.2,57.1,81.42,2.15,0.16,4,110,1,0.8660254037844387,-0.4999999999999998,0.9483615800121715,-0.3171912885891061,7.7491,7.9248,6.612,7.13087142857143,7.082089999999999
2022-04-21,6.5609,-1.75,54.95,94.63,2.41,2.04,4,111,1,0.8660254037844387,-0.4999999999999998,0.9427611433904207,-0.3334687789181868,7.1741,7.7491,6.1663,7.211171428571428,7.125123333333334
2022-04-22,6.6998,-1.59,59.3,84.96,2.1,1.08,4,112,1,0.8660254037844387,-0.4999999999999998,0.9368813462954315,-0.3496474552512284,6.5609,7.1741,6.066,7.267542857142858,7.1036600000000005
2022-04-23,6.1414,-2.49,55.33,72.2,2.36,0.02,4,113,1,0.8660254037844387,-0.4999999999999998,0.9307239310379795,-0.36572252349726897,6.6998,6.5609,7.2005,7.358085714285714,7.101393333333334
2022-04-24,8.1108,-0.76,49.2,62.19,1.62,0.0,4,114,1,0.8660254037844387,-0.4999999999999998,0.9242907221930933,-0.3816892202666588,6.1414,6.6998,8.1974,7.206785714285715,7.162593333333333
2022-04-25,6.7728,-1.02,58.9,88.1,2.22,0.11,4,115,1,0.8660254037844387,-0.4999999999999998,0.9175836260593937,-0.39754281428255595,8.1108,6.1414,7.9248,7.194414285714286,7.236393333333334
2022-04-26,7.6896,-0.35,53.62,66.76,2.3,0.1,4,116,1,0.8660254037844387,-0.4999999999999998,0.9106046300942162,-0.41327860778290415,6.7728,8.1108,7.7491,7.0298428571428575,7.211113333333333
2022-04-27,8.298,1.88,47.44,36.26,2.26,0.0,4,117,1,0.8660254037844387,-0.4999999999999998,0.9033558023246845,-0.4288919379124835,7.6896,6.7728,7.1741,7.021342857142857,7.220466666666667
2022-04-28,7.3814,0.49,61.33,83.51,2.6,1.16,4,118,1,0.8660254037844387,-0.4999999999999998,0.895839290734909,-0.44437817810461316,8.298,7.6896,6.5609,7.181900000000001,7.270020000000001
2022-04-29,6.9158,0.16,68.85,84.28,1.42,0.69,4,119,1,0.8660254037844387,-0.4999999999999998,0.8880573226294932,-0.45973273945210397,7.3814,8.298,6.6998,7.299114285714286,7.273833333333333
2022-04-30,7.3927,1.13,67.09,59.12,1.58,0.02,4,120,1,0.8660254037844387,-0.4999999999999998,0.8800122039735357,-0.47495107206704995,6.9158,7.3814,6.1414,7.329971428571429,7.265086666666667
2022-05-01,6.9787,2.1,56.82,64.91,2.38,0.01,5,121,1,0.49999999999999994,-0.8660254037844387,0.8717063187093218,-0.4900286664290592,7.3927,6.9158,8.1108,7.508728571428571,7.261943333333334
2022-05-02,8.2303,3.79,37.29,46.06,1.51,0.0,5,122,1,0.49999999999999994,-0.8660254037844387,0.8631421280499114,-0.5049610547215204,6.9787,7.3927,6.7728,7.347,7.23243
2022-05-03,7.0354,3.24,53.22,81.76,2.08,2.9,5,123,1,0.49999999999999994,-0.8660254037844387,0.854322169749827,-0.5197438121555155,8.2303,6.9787,7.6896,7.555214285714285,7.25314
2022-05-04,7.7462,1.18,56.4,75.97,1.85,2.12,5,124,1,0.49999999999999994,-0.8660254037844387,0.8452490573530633,-0.5343725582809786,7.0354,8.2303,8.298,7.4617571428571425,7.270926666666667
2022-05-05,7.6884,0.91,51.56,66.32,2.07,0.84,5,125,1,0.49999999999999994,-0.8660254037844387,0.8359254794186372,-0.548842958284719,7.7462,7.0354,7.3814,7.382928571428571,7.2751
2022-05-06,7.6188,0.93,60.97,47.41,1.52,0.11,5,126,1,0.49999999999999994,-0.8660254037844387,0.8263541987239096,-0.5631507242749186,7.6884,7.7462,6.9158,7.426785714285714,7.268613333333334
2022-05-07,6.5035,2.02,62.47,83.84,2.31,0.14,5,127,1,0.49999999999999994,-0.8660254037844387,0.8165380514459161,-0.5772916165517272,7.6188,7.6884,7.3927,7.527214285714286,7.2648866666666665
2022-05-08,7.4887,2.85,53.78,70.2,1.9,0.08,5,128,1,0.49999999999999994,-0.8660254037844387,0.8064799463209448,-0.5912614448635781,6.5035,7.6188,6.9787,7.400185714285714,7.2221166666666665
2022-05-09,7.1798,2.89,47.91,62.76,2.0,0.66,5,129,1,0.49999999999999994,-0.8660254037844387,0.7961828637826158,-0.6050560696488488,7.4887,6.5035,8.2303,7.473042857142857,7.209826666666666
2022-05-10,7.2391,3.29,46.48,39.61,1.66,0.0,5,130,1,0.49999999999999994,-0.8660254037844387,0.7856498550787147,-0.6186714032625031,7.1798,7.4887,7.0354,7.322971428571428,7.226393333333333
2022-05-11,7.7251,4.0,54.0,50.9,1.97,0.01,5,131,1,0.49999999999999994,-0.8660254037844387,0.7748840413670407,-0.6321034111873487,7.2391,7.1798,7.7462,7.352071428571429,7.213663333333333
2022-05-12,7.5869,4.1,57.58,68.11,2.66,0.24,5,132,1,0.49999999999999994,-0.8660254037844387,0.7638886127905428,-0.6453481132295501,7.7251,7.2391,7.6884,7.349057142857142,7.21179
2022-05-13,7.5252,2.95,54.85,62.88,2.64,0.3,5,133,1,0.49999999999999994,-0.8660254037844387,0.7526668275320085,-0.6584015846980488,7.5869,7.7251,7.6188,7.334557142857142,7.269143333333334
2022-05-14,8.8102,3.73,40.92,26.47,1.87,0.0,5,134,1,0.49999999999999994,-0.8660254037844387,0.7412220108485958,-0.6712599575675313,7.5252,7.5869,6.5035,7.321185714285714,7.299583333333333
2022-05-15,7.5994,3.56,45.17,50.01,2.4,0.01,5,135,1,0.49999999999999994,-0.8660254037844387,0.7295575540864875,-0.6839194216246106,8.8102,7.5252,7.4887,7.650714285714285,7.387713333333334
2022-05-16,4.4712,1.68,62.3,79.49,2.11,0.68,5,136,1,0.49999999999999994,-0.8660254037844387,0.717676913675962,-0.6963762255968722,7.5994,8.8102,7.1798,7.666528571428572,7.438826666666667
2022-05-17,5.3834,1.2,66.58,65.51,1.96,0.28,5,137,1,0.49999999999999994,-0.8660254037844387,0.705583610107178,-0.7086266782644596,4.4712,7.5994,7.2391,7.279585714285715,7.347849999999999
2022-05-18,6.5498,2.13,54.25,71.59,2.14,0.0,5,138,1,0.49999999999999994,-0.8660254037844387,0.6932812268869777,-0.7206671495538609,5.3834,4.4712,7.7251,7.014485714285714,7.25405
2022-05-19,6.5666,2.76,50.43,74.44,1.82,0.63,5,139,1,0.49999999999999994,-0.8660254037844387,0.6807734094770161,-0.7324940716135789,6.5498,5.3834,7.5869,6.846585714285715,7.208216666666667
2022-05-20,6.8417,1.98,55.57,79.97,2.43,2.61,5,140,1,0.49999999999999994,-0.8660254037844387,0.6680638642135335,-0.7441039398713607,6.5666,6.5498,7.5252,6.7008285714285725,7.168800000000001
2022-05-21,6.5983,0.32,56.11,68.42,2.05,0.39,5,141,1,0.49999999999999994,-0.8660254037844387,0.6551563572090853,-0.7554933140726803,6.8417,6.5666,8.8102,6.603185714285714,7.15772
2022-05-22,5.2903,1.15,56.31,70.74,2.33,0.57,5,142,1,0.49999999999999994,-0.8660254037844387,0.6420547132365637,-0.766658819300159,6.5983,6.8417,7.5994,6.2871999999999995,7.158966666666667
2022-05-23,5.2728,0.71,52.02,85.99,1.79,2.59,5,143,1,0.49999999999999994,-0.8660254037844387,0.6287628145958344,-0.7775971469736269,5.2903,6.5983,4.4712,5.9573285714285715,7.111983333333333
2022-05-24,5.4787,-0.01,60.99,95.82,1.35,3.72,5,144,1,0.49999999999999994,-0.8660254037844387,0.6152845999633276,-0.7883050558305255,5.2728,5.2903,5.3834,6.071842857142856,7.08303
2022-05-25,6.0043,2.13,58.42,72.06,1.73,0.49,5,145,1,0.49999999999999994,-0.8660254037844387,0.6016240632249226,-0.7987793728863649,5.4787,5.2728,6.5498,6.085457142857144,6.995293333333334
2022-05-26,6.2054,4.97,44.39,56.82,1.6,0.21,5,146,1,0.49999999999999994,-0.8660254037844387,0.5877852522924732,-0.8090169943749473,6.0043,5.4787,6.5666,6.007528571428572,6.969676666666667
2022-05-27,7.3838,5.42,43.65,71.74,1.98,0.55,5,147,1,0.49999999999999994,-0.8660254037844387,0.5737722679043246,-0.8190148866680801,6.2054,6.0043,6.8417,5.955928571428571,6.920203333333333
2022-05-28,7.4563,5.06,47.64,64.94,2.21,0.89,5,148,1,0.49999999999999994,-0.8660254037844387,0.5595892624101765,-0.8287700871745038,7.3838,6.2054,6.5983,6.033371428571429,6.88973
2022-05-29,7.429,4.2,49.08,64.79,2.45,0.31,5,149,1,0.49999999999999994,-0.8660254037844387,0.545240438540651,-0.8382797052177744,7.4563,7.3838,5.2903,6.155942857142857,6.892226666666668
2022-05-30,6.7202,2.93,59.94,91.14,2.51,1.53,5,150,1,0.49999999999999994,-0.8660254037844387,0.5307300481619334,-0.8475409228928311,7.429,7.4563,5.2728,6.4614714285714285,6.9093333333333335
2022-05-31,7.1578,3.11,52.36,73.81,2.58,0.3,5,151,1,0.49999999999999994,-0.8660254037844387,0.5160623910158528,-0.8565509959010036,6.7202,7.429,5.4787,6.668242857142857,6.886916666666667
2022-06-01,6.3077,2.67,57.72,73.64,2.87,0.05,6,152,2,1.2246467991473532e-16,-1.0,0.5012418134457758,-0.865307254363206,7.1578,6.7202,6.0043,6.908114285714285,6.892886666666667
2022-06-02,6.9384,2.48,54.94,75.1,2.57,0.0,6,153,2,1.2246467991473532e-16,-1.0,0.48627270710868997,-0.8738071036110808,6.3077,7.1578,6.2054,6.951457142857143,6.8288
2022-06-03,7.3543,3.3,54.41,73.75,2.16,0.0,6,154,2,1.2246467991473532e-16,-1.0,0.4711595076738638,-0.8820480249558537,6.9384,6.3077,7.3838,7.056171428571429,6.825566666666666
2022-06-04,7.1875,3.82,60.26,80.75,2.49,0.0,6,155,2,1.2246467991473532e-16,-1.0,0.4559066935084588,-0.8900275764346767,7.3543,6.9384,7.4563,7.051957142857143,6.812503333333334
2022-06-05,7.4537,4.43,56.27,64.82,2.4,0.0,6,156,2,1.2246467991473532e-16,-1.0,0.440518784350495,-0.8977433935342337,7.1875,7.3543,7.429,7.0135571428571435,6.7958066666666666
2022-06-06,8.1036,5.36,55.59,60.39,2.38,0.0,6,157,2,1.2246467991473532e-16,-1.0,0.42500033996955416,-0.9051931898913974,7.4537,7.1875,6.7202,7.017085714285714,6.790303333333333
2022-06-07,7.3462,5.5,52.37,60.67,2.2,0.0,6,158,2,1.2246467991473532e-16,-1.0,0.4093559588156213,-0.9123747579707273,8.1036,7.4537,7.1578,7.214714285714286,6.84364
2022-06-08,6.7284,4.9,56.75,79.84,2.05,0.0,6,159,2,1.2246467991473532e-16,-1.0,0.39359027665646673,-0.9192859697186104,7.3462,8.1036,6.3077,7.2416285714285715,6.838890000000001
2022-06-09,4.8756,3.67,64.73,84.05,2.6,0.25,6,160,2,1.2246467991473532e-16,-1.0,0.3777079652039649,-0.9259247771938498,6.7284,7.3462,6.9384,7.301728571428571,6.8238433333333335
2022-06-10,6.1764,4.59,52.22,72.37,2.39,0.25,6,161,2,1.2246467991473532e-16,-1.0,0.36171373072976765,-0.9322892131745133,4.8756,6.7284,7.3543,7.007042857142857,6.74506
2022-06-11,6.7973,4.43,49.6,69.92,2.15,0.21,6,162,2,1.2246467991473532e-16,-1.0,0.3456123126707335,-0.9383773917408641,6.1764,4.8756,7.1875,6.838771428571428,6.693436666666667
2022-06-12,6.649,4.85,52.53,74.32,2.39,0.01,6,163,2,1.2246467991473532e-16,-1.0,0.3294084822245304,-0.9441875088341993,6.7973,6.1764,7.4537,6.783028571428572,6.667116666666667
2022-06-13,7.4309,5.13,49.34,83.02,1.92,0.01,6,164,2,1.2246467991473532e-16,-1.0,0.3131070409358269,-0.9497178427914316,6.649,6.7973,8.1036,6.668071428571428,6.637910000000001
2022-06-14,7.9519,6.4,44.58,39.18,2.07,0.0,6,165,2,1.2246467991473532e-16,-1.0,0.29671281927349075,-0.9549667548552551,7.4309,6.649,7.3462,6.571971428571429,6.591933333333333
2022-06-15,7.211,7.37,39.67,46.33,2.01,0.22,6,166,2,1.2246467991473532e-16,-1.0,0.28023067519921585,-0.9599326896597447,7.9519,7.4309,6.7284,6.658500000000001,6.603683333333334
2022-06-16,6.6763,5.35,56.94,84.34,2.51,2.28,6,167,2,1.2246467991473532e-16,-1.0,0.26366549272800704,-0.9646141756912435,7.211,7.9519,4.8756,6.727442857142857,6.69501
2022-06-17,5.2951,4.82,64.94,89.74,2.34,3.06,6,168,2,1.2246467991473532e-16,-1.0,0.24702218048093552,-0.9690098257244062,6.6763,7.211,6.1764,6.984685714285715,6.738106666666666
2022-06-18,6.1231,4.04,60.9,73.11,2.59,4.02,6,169,2,1.2246467991473532e-16,-1.0,0.23030567023061221,-0.9731183372332619,5.2951,6.6763,6.7973,6.858785714285715,6.6962833333333345
2022-06-19,5.113,1.75,71.91,85.12,2.39,3.95,6,170,2,1.2246467991473532e-16,-1.0,0.21352091543979612,-0.9769384927771817,6.1231,5.2951,6.649,6.76247142857143,6.6815
2022-06-20,5.4816,2.22,63.83,90.91,2.16,0.42,6,171,2,1.2246467991473532e-16,-1.0,0.19667288979357647,-0.980469160361632,5.113,6.1231,7.4309,6.543042857142858,6.623876666666666
2022-06-21,5.5411,3.81,52.87,92.45,2.51,10.91,6,172,2,1.2246467991473532e-16,-1.0,0.1797665857255624,-0.9837092937736097,5.4816,5.113,7.9519,6.264571428571429,6.586653333333333
2022-06-22,5.9501,4.06,52.0,96.35,2.07,1.67,6,173,2,1.2246467991473532e-16,-1.0,0.16280701293851715,-0.986657932891657,5.5411,5.4816,7.211,5.920171428571429,6.595013333333332
2022-06-23,6.5772,4.98,44.47,85.43,2.05,0.04,6,174,2,1.2246467991473532e-16,-1.0,0.1457991969198751,-0.9893142039703663,5.9501,5.5411,6.6763,5.740042857142858,6.617590000000001
2022-06-24,6.9852,6.36,38.23,33.49,1.79,0.0,6,175,2,1.2246467991473532e-16,-1.0,0.12874817745258132,-0.99167731989929,6.5772,5.9501,5.2951,5.725885714285714,6.654206666666667
2022-06-25,7.7376,8.89,32.02,21.18,1.59,0.0,6,176,2,1.2246467991473532e-16,-1.0,0.11165900712169512,-0.993746580436178,6.9852,6.5772,6.1231,5.967328571428571,6.686903333333333
2022-06-26,8.6311,9.85,43.82,25.2,1.86,0.0,6,177,2,1.2246467991473532e-16,-1.0,0.09453674981719912,-0.9955213724144752,7.7376,6.9852,5.113,6.197971428571428,6.7379766666666665
2022-06-27,8.6028,10.82,49.62,23.32,1.93,0.0,6,178,2,1.2246467991473532e-16,-1.0,0.07738647923346301,-0.9970011699250151,8.6311,7.7376,5.4816,6.700557142857143,6.779553333333333
2022-06-28,8.8522,12.08,45.57,18.84,1.88,0.09,6,179,2,1.2246467991473532e-16,-1.0,0.06021327736579302,-0.9981855344718586,8.6028,8.6311,5.5411,7.1464428571428575,6.817769999999999
2022-06-29,8.5272,11.93,37.95,20.39,1.76,2.02,6,180,2,1.2246467991473532e-16,-1.0,0.04302223300453059,-0.99907411510223,8.8522,8.6028,5.9501,7.619457142857143,6.86521
2022-06-30,8.6093,12.79,40.13,18.81,1.78,3.14,6,181,2,1.2246467991473532e-16,-1.0,0.02581844022713308,-0.9996666485105112,8.5272,8.8522,6.5772,7.987614285714286,6.925443333333334
2022-07-01,8.7211,13.83,33.7,16.77,2.05,0.43,7,182,2,-0.4999999999999997,-0.8660254037844388,0.008606996888688698,-0.9999629591162655,8.6093,8.5272,6.9852,8.277914285714287,6.973826666666667
2022-07-02,8.6518,13.84,32.17,15.68,1.96,0.27,7,183,2,-0.4999999999999997,-0.8660254037844388,-0.008606996888688009,-0.9999629591162655,8.7211,8.6093,7.7376,8.525899999999998,7.054273333333333
2022-07-03,8.4511,13.63,38.44,16.56,1.79,3.06,7,184,2,-0.4999999999999997,-0.8660254037844388,-0.02581844022713239,-0.9996666485105112,8.6518,8.7211,8.6311,8.6565,7.111386666666666
2022-07-04,7.7892,13.94,45.23,33.78,1.32,0.7,7,185,2,-0.4999999999999997,-0.8660254037844388,-0.04302223300453034,-0.99907411510223,8.4511,8.6518,8.6028,8.630785714285715,7.147946666666667
2022-07-05,5.1211,10.25,66.75,79.55,2.03,6.61,7,186,2,-0.4999999999999997,-0.8660254037844388,-0.060213277365792774,-0.9981855344718586,7.7892,8.4511,8.8522,8.514557142857143,7.168003333333333
2022-07-06,4.9555,10.92,66.27,81.6,1.57,0.51,7,187,2,-0.4999999999999997,-0.8660254037844388,-0.07738647923346322,-0.9970011699250151,5.1211,7.7892,8.5272,7.981542857142857,7.09025
2022-07-07,5.328,11.59,63.49,95.91,2.19,0.74,7,188,2,-0.4999999999999997,-0.8660254037844388,-0.09453674981719933,-0.9955213724144752,4.9555,5.1211,8.6093,7.4713,6.985313333333334
2022-07-08,7.003,11.53,63.44,88.6,2.38,0.19,7,189,2,-0.4999999999999997,-0.8660254037844388,-0.11165900712169444,-0.9937465804361781,5.328,4.9555,8.7211,7.002542857142857,6.91804
2022-07-09,4.2871,10.55,63.99,88.02,2.49,2.47,7,190,2,-0.4999999999999997,-0.8660254037844388,-0.12874817745258066,-0.99167731989929,7.003,5.328,8.6518,6.7571,6.927193333333333
2022-07-10,5.4125,11.22,62.42,84.23,2.41,5.2,7,191,2,-0.4999999999999997,-0.8660254037844388,-0.14579919691987442,-0.9893142039703664,4.2871,7.003,8.4511,6.133571428571429,6.907576666666667
2022-07-11,5.616,10.98,55.34,70.89,2.74,2.26,7,192,2,-0.4999999999999997,-0.8660254037844388,-0.16280701293851646,-0.9866579328916572,5.4125,4.2871,7.7892,5.699485714285714,6.882113333333334
2022-07-12,8.1612,11.2,55.37,54.14,2.7,0.18,7,193,2,-0.4999999999999997,-0.8660254037844388,-0.17976658572556214,-0.9837092937736098,5.616,5.4125,5.1211,5.389028571428571,6.842736666666666
2022-07-13,5.5378,9.9,55.77,76.83,2.71,3.58,7,194,2,-0.4999999999999997,-0.8660254037844388,-0.19667288979357622,-0.9804691603616321,8.1612,5.616,4.9555,5.823328571428571,6.893143333333333
2022-07-14,5.4742,9.89,59.0,85.14,2.54,5.82,7,195,2,-0.4999999999999997,-0.8660254037844388,-0.2135209154397959,-0.9769384927771817,5.5378,8.1612,5.328,5.906514285714286,6.8300399999999994
2022-07-15,5.0174,8.85,64.15,71.46,2.16,4.1,7,196,2,-0.4999999999999997,-0.8660254037844388,-0.23030567023061196,-0.973118337233262,5.4742,5.5378,7.003,5.9274,6.74745
2022-07-16,4.3075,8.55,64.34,89.85,2.37,3.42,7,197,2,-0.4999999999999997,-0.8660254037844388,-0.24702218048093527,-0.9690098257244063,5.0174,5.4742,4.2871,5.643742857142857,6.67433
2022-07-17,5.5126,9.52,60.59,85.69,1.59,0.41,7,198,2,-0.4999999999999997,-0.8660254037844388,-0.2636654927280072,-0.9646141756912435,4.3075,5.0174,5.4125,5.646657142857143,6.595370000000001
2022-07-18,8.7989,10.14,58.04,29.3,1.09,0.0,7,199,2,-0.4999999999999997,-0.8660254037844388,-0.2802306751992161,-0.9599326896597445,5.5126,4.3075,5.616,5.660957142857143,6.60262
2022-07-19,8.8627,12.21,52.27,16.28,1.74,2.84,7,200,2,-0.4999999999999997,-0.8660254037844388,-0.2967128192734901,-0.9549667548552553,8.7989,5.5126,8.1612,6.115657142857143,6.691813333333333
2022-07-20,8.0952,11.28,38.29,26.82,2.11,1.07,7,201,2,-0.4999999999999997,-0.8660254037844388,-0.3131070409358267,-0.9497178427914317,8.8627,8.7989,5.5378,6.215871428571428,6.8168033333333335
2022-07-21,8.2229,9.53,35.99,54.63,1.57,0.06,7,202,2,-0.4999999999999997,-0.8660254037844388,-0.3294084822245302,-0.9441875088341994,8.0952,8.8627,5.4742,6.581214285714286,6.903923333333334
2022-07-22,7.9044,12.61,37.7,71.46,1.28,1.34,7,203,2,-0.4999999999999997,-0.8660254037844388,-0.3456123126707333,-0.9383773917408642,8.2229,8.0952,5.0174,6.973885714285714,6.993316666666668
2022-07-23,7.9246,12.14,44.6,45.54,1.54,2.84,7,204,2,-0.4999999999999997,-0.8660254037844388,-0.3617137307297674,-0.9322892131745134,7.9044,8.2229,4.3075,7.386314285714286,7.058459999999999
2022-07-24,7.9603,10.6,65.78,48.3,1.38,1.35,7,205,2,-0.4999999999999997,-0.8660254037844388,-0.37770796520396466,-0.9259247771938499,7.9246,7.9044,5.5126,7.903042857142856,7.103373333333333
2022-07-25,5.5865,11.96,60.55,91.66,2.06,1.55,7,206,2,-0.4999999999999997,-0.8660254037844388,-0.39359027665646645,-0.9192859697186105,7.9603,7.9246,8.7989,8.252714285714285,7.135876666666666
2022-07-26,4.7681,12.66,56.31,93.01,1.34,4.61,7,207,2,-0.4999999999999997,-0.8660254037844388,-0.4093559588156211,-0.9123747579707274,5.5865,7.9603,8.8627,7.7938,7.064173333333334
2022-07-27,6.0065,12.54,52.63,84.51,1.27,3.9,7,208,2,-0.4999999999999997,-0.8660254037844388,-0.42500033996955394,-0.9051931898913975,4.7681,5.5865,8.0952,7.208857142857142,6.935406666666666
2022-07-28,3.9905,9.99,64.76,75.75,1.4,5.6,7,209,2,-0.4999999999999997,-0.8660254037844388,-0.4405187843504952,-0.8977433935342336,6.0065,4.7681,8.2229,6.910471428571428,6.848863333333333
2022-07-29,4.5614,7.73,75.21,84.18,1.44,9.17,7,210,2,-0.4999999999999997,-0.8660254037844388,-0.455906693508459,-0.8900275764346766,3.9905,6.0065,7.9044,6.305842857142857,6.686806666666667
2022-07-30,6.763,8.02,73.28,74.71,1.59,5.95,7,211,2,-0.4999999999999997,-0.8660254037844388,-0.47115950767386394,-0.8820480249558535,4.5614,3.9905,7.9246,5.828271428571428,6.554613333333333
2022-07-31,4.9382,7.49,70.28,83.53,2.16,5.17,7,212,2,-0.4999999999999997,-0.8660254037844388,-0.4862727071086902,-0.8738071036110807,6.763,4.5614,7.9603,5.662328571428572,6.49307
2022-08-01,3.1639,7.44,62.34,72.45,2.09,0.6,8,213,2,-0.8660254037844384,-0.5000000000000004,-0.5012418134457756,-0.8653072543632061,4.9382,6.763,5.5865,5.2306,6.366973333333333
2022-08-02,7.8132,8.63,52.98,32.62,2.04,0.0,8,214,2,-0.8660254037844384,-0.5000000000000004,-0.5160623910158526,-0.8565509959010037,3.1639,4.9382,4.7681,4.884514285714286,6.184043333333333
2022-08-03,8.3172,9.82,51.43,26.83,2.07,0.0,8,215,2,-0.8660254037844384,-0.5000000000000004,-0.5307300481619331,-0.8475409228928312,7.8132,3.1639,6.0065,5.319528571428571,6.16278
2022-08-04,5.8003,10.28,55.35,82.43,1.73,4.72,8,216,2,-0.8660254037844384,-0.5000000000000004,-0.5452404385406507,-0.8382797052177745,8.3172,7.8132,3.9905,5.649628571428571,6.18038
2022-08-05,3.1001,10.34,61.67,89.14,1.72,3.03,8,217,2,-0.8660254037844384,-0.5000000000000004,-0.5595892624101763,-0.828770087174504,5.8003,8.3172,4.5614,5.908171428571429,6.2030199999999995
2022-08-06,4.038,10.58,63.89,80.4,1.72,4.25,8,218,2,-0.8660254037844384,-0.5000000000000004,-0.5737722679043243,-0.8190148866680802,3.1001,5.8003,6.763,5.699414285714285,6.141173333333333
2022-08-07,5.6119,11.36,61.33,72.93,1.76,1.71,8,219,2,-0.8660254037844384,-0.5000000000000004,-0.5877852522924734,-0.8090169943749472,4.038,3.1001,4.9382,5.310128571428571,6.098173333333333
2022-08-08,4.0421,9.88,69.66,68.67,1.84,2.08,8,220,2,-0.8660254037844384,-0.5000000000000004,-0.6016240632249227,-0.7987793728863648,5.6119,4.038,3.1639,5.406371428571428,6.051803333333334
2022-08-09,5.1794,10.95,64.65,79.37,1.88,0.6,8,221,2,-0.8660254037844384,-0.5000000000000004,-0.6152845999633277,-0.7883050558305253,4.0421,5.6119,7.8132,5.531828571428571,6.043636666666667
2022-08-10,5.7778,11.93,60.43,75.98,1.61,2.91,8,222,2,-0.8660254037844384,-0.5000000000000004,-0.6287628145958345,-0.7775971469736268,5.1794,4.0421,8.3172,5.155571428571428,6.035866666666666
2022-08-11,6.852,10.41,66.0,75.02,2.29,2.06,8,223,2,-0.8660254037844384,-0.5000000000000004,-0.6420547132365636,-0.7666588193001592,5.7778,5.1794,5.8003,4.7928,6.04126
2022-08-12,3.9931,10.14,69.63,98.9,2.01,0.58,8,224,2,-0.8660254037844384,-0.5000000000000004,-0.655156357209085,-0.7554933140726804,6.852,5.7778,3.1001,4.943042857142857,5.9976199999999995
2022-08-13,6.397,11.23,64.56,75.85,1.51,0.01,8,225,2,-0.8660254037844384,-0.5000000000000004,-0.6680638642135333,-0.7441039398713608,3.9931,6.852,4.038,5.070614285714285,5.946129999999999
2022-08-14,7.1976,10.84,63.13,60.26,1.39,3.75,8,226,2,-0.8660254037844384,-0.5000000000000004,-0.6807734094770159,-0.7324940716135792,6.397,3.9931,5.6119,5.407614285714287,5.97689
2022-08-15,4.7201,10.32,63.48,96.39,1.93,4.81,8,227,2,-0.8660254037844384,-0.5000000000000004,-0.6932812268869771,-0.7206671495538615,7.1976,6.397,4.0421,5.634142857142857,6.049563333333333
2022-08-16,4.3423,9.64,67.22,98.02,2.34,1.97,8,228,2,-0.8660254037844384,-0.5000000000000004,-0.7055836101071774,-0.70862667826446,4.7201,7.1976,5.1794,5.731,6.063316666666666
2022-08-17,4.975,10.24,60.83,83.69,1.99,1.24,8,229,2,-0.8660254037844384,-0.5000000000000004,-0.7176769136759615,-0.6963762255968726,4.3423,4.7201,5.7778,5.611414285714285,6.024306666666666
2022-08-18,6.4987,10.35,60.12,45.53,1.57,4.27,8,230,2,-0.8660254037844384,-0.5000000000000004,-0.7295575540864876,-0.6839194216246104,4.975,4.3423,6.852,5.496728571428571,5.896843333333333
2022-08-19,7.6303,10.81,52.15,27.04,1.66,7.47,8,231,2,-0.8660254037844384,-0.5000000000000004,-0.7412220108485957,-0.6712599575675315,6.4987,4.975,3.9931,5.446257142857143,5.818043333333334
2022-08-20,6.6245,9.6,58.14,76.19,1.83,5.31,8,232,2,-0.8660254037844384,-0.5000000000000004,-0.7526668275320083,-0.6584015846980489,7.6303,6.4987,6.397,5.965857142857144,5.802546666666667
2022-08-21,7.0922,9.0,61.58,51.72,2.06,1.52,8,233,2,-0.8660254037844384,-0.5000000000000004,-0.7638886127905429,-0.64534811322955,6.6245,7.6303,7.1976,5.998357142857143,5.749266666666666
2022-08-22,7.2996,9.42,55.09,34.52,1.95,0.01,8,234,2,-0.8660254037844384,-0.5000000000000004,-0.7748840413670406,-0.6321034111873488,7.0922,6.6245,4.7201,5.9833,5.722193333333334
2022-08-23,6.3101,9.1,60.94,54.01,1.81,4.56,8,235,2,-0.8660254037844384,-0.5000000000000004,-0.7856498550787144,-0.6186714032625032,7.2996,7.0922,4.3423,6.3518,5.70136
2022-08-24,5.2411,7.21,72.31,88.21,1.34,1.25,8,236,2,-0.8660254037844384,-0.5000000000000004,-0.7961828637826154,-0.6050560696488494,6.3101,7.2996,4.975,6.6329142857142855,5.646353333333333
2022-08-25,4.9922,8.96,67.01,86.19,2.18,2.18,8,237,2,-0.8660254037844384,-0.5000000000000004,-0.8064799463209447,-0.5912614448635782,5.2411,6.3101,6.4987,6.670928571428571,5.63484
2022-08-26,5.5826,9.61,60.98,65.24,2.27,0.17,8,238,2,-0.8660254037844384,-0.5000000000000004,-0.8165380514459157,-0.5772916165517278,4.9922,5.2411,7.6303,6.4557142857142855,5.64231
2022-08-27,5.4305,9.32,56.72,55.56,2.14,0.49,8,239,2,-0.8660254037844384,-0.5000000000000004,-0.8263541987239094,-0.5631507242749187,5.5826,4.9922,6.6245,6.163185714285715,5.62818
2022-08-28,5.6242,9.06,57.15,54.85,2.35,0.14,8,240,2,-0.8660254037844384,-0.5000000000000004,-0.8359254794186365,-0.5488429582847199,5.4305,5.5826,7.0922,5.992614285714285,5.6761800000000004
2022-08-29,6.4915,8.1,58.03,57.6,2.21,1.42,8,241,2,-0.8660254037844384,-0.5000000000000004,-0.8452490573530634,-0.5343725582809785,5.6242,5.4305,7.2996,5.7829,5.711606666666667
2022-08-30,7.2031,7.95,58.67,53.42,2.05,0.13,8,242,2,-0.8660254037844384,-0.5000000000000004,-0.8543221697498269,-0.5197438121555157,6.4915,5.6242,6.3101,5.667457142857144,5.702556666666667
2022-08-31,7.457,8.04,56.68,35.19,2.02,0.08,8,243,2,-0.8660254037844384,-0.5000000000000004,-0.8631421280499115,-0.5049610547215202,7.2031,6.4915,5.2411,5.795028571428572,5.778053333333333
2022-09-01,7.3601,7.72,57.49,30.78,2.22,2.12,9,244,2,-1.0,-1.8369701987210297e-16,-0.8717063187093217,-0.4900286664290594,7.457,7.2031,4.9922,6.111585714285715,5.921156666666667
2022-09-02,5.9513,8.09,60.5,49.73,1.74,1.32,9,245,2,-1.0,-1.8369701987210297e-16,-0.8800122039735356,-0.4749510720670502,7.3601,7.457,5.5826,6.449857142857143,5.906053333333333
2022-09-03,6.4987,8.36,49.41,48.47,1.57,1.14,9,246,2,-1.0,-1.8369701987210297e-16,-0.888057322629493,-0.4597327394521046,5.9513,7.3601,5.4305,6.502528571428571,5.82719
2022-09-04,6.0686,6.96,47.68,46.34,1.66,3.5,9,247,2,-1.0,-1.8369701987210297e-16,-0.8958392907349089,-0.4443781781046134,6.4987,5.9513,5.6242,6.6551285714285715,5.85047
2022-09-05,5.9237,7.33,49.59,72.26,1.4,1.1,9,248,2,-1.0,-1.8369701987210297e-16,-0.9033558023246842,-0.4288919379124841,6.0686,6.4987,6.4915,6.7186142857142865,5.94942
2022-09-06,5.8927,7.7,42.45,45.26,1.76,0.0,9,249,2,-1.0,-1.8369701987210297e-16,-0.9106046300942162,-0.41327860778290443,5.9237,6.0686,7.2031,6.6375,6.012276666666667
2022-09-07,4.8986,8.13,42.61,44.38,1.14,0.0,9,250,2,-1.0,-1.8369701987210297e-16,-0.9175836260593934,-0.3975428142825566,5.8927,5.9237,7.457,6.4502999999999995,6.021636666666667
2022-09-08,5.2574,8.05,56.3,50.12,1.19,0.0,9,251,2,-1.0,-1.8369701987210297e-16,-0.9242907221930934,-0.3816892202666586,4.8986,5.8927,7.3601,6.084814285714286,6.050186666666666
2022-09-09,5.6957,8.9,53.85,40.19,1.62,0.02,9,252,2,-1.0,-1.8369701987210297e-16,-0.9307239310379793,-0.3657225234972692,5.2574,4.8986,5.9513,5.784428571428571,6.052786666666666
2022-09-10,4.9529,8.25,56.93,59.67,1.53,0.99,9,253,2,-1.0,-1.8369701987210297e-16,-0.9368813462954315,-0.34964745525122826,5.6957,5.2574,6.4987,5.747914285714286,6.05005
2022-09-11,5.1854,6.83,60.99,66.32,2.16,0.99,9,254,2,-1.0,-1.8369701987210297e-16,-0.9427611433904206,-0.33346877891818705,4.9529,5.6957,6.0686,5.527085714285714,5.986746666666667
2022-09-12,5.7216,5.82,54.2,44.54,1.89,0.01,9,255,2,-1.0,-1.8369701987210297e-16,-0.9483615800121716,-0.31719128858910595,5.1854,4.9529,5.9237,5.400914285714285,6.02649
2022-09-13,6.5309,6.17,49.43,30.25,1.73,0.0,9,256,2,-1.0,-1.8369701987210297e-16,-0.9536809966304455,-0.300819807635668,5.7216,5.1854,5.8927,5.372042857142858,6.003976666666667
2022-09-14,5.0285,6.46,50.52,70.27,2.06,0.06,9,257,2,-1.0,-1.8369701987210297e-16,-0.9587178169872964,-0.2843591872810036,6.5309,5.7216,4.8986,5.463214285714286,5.981753333333333
2022-09-15,6.4963,6.12,50.61,34.84,1.6,0.78,9,258,2,-1.0,-1.8369701987210297e-16,-0.9634705485641486,-0.26781430516217486,5.0285,6.5309,5.2574,5.481771428571428,5.9920333333333335
2022-09-16,6.307,6.41,50.36,35.56,1.77,0.19,9,259,2,-1.0,-1.8369701987210297e-16,-0.9679377830240642,-0.25119006388481957,6.4963,5.0285,5.6957,5.658757142857143,6.063833333333333
2022-09-17,4.517,5.61,55.88,59.49,2.26,1.11,9,260,2,-1.0,-1.8369701987210297e-16,-0.9721181966290612,-0.23449138957041052,6.307,6.4963,4.9529,5.746085714285714,6.108233333333334
2022-09-18,6.7706,5.23,46.16,19.29,1.51,0.16,9,261,2,-1.0,-1.8369701987210297e-16,-0.9760105506323682,-0.21772323039653224,4.517,6.307,5.1854,5.683814285714285,6.042176666666666
2022-09-19,6.8731,6.04,37.14,13.47,1.54,0.0,9,262,2,-1.0,-1.8369701987210297e-16,-0.9796136916454901,-0.20089055513063528,6.7706,4.517,5.7216,5.910271428571428,6.01352
2022-09-20,5.2644,5.39,54.57,52.96,1.38,2.94,9,263,2,-1.0,-1.8369701987210297e-16,-0.9829265519799822,-0.18399835165767986,6.8731,6.7706,6.5309,6.074771428571429,6.0218066666666665
2022-09-21,3.0732,5.13,67.43,63.26,2.0,6.32,9,264,2,-1.0,-1.8369701987210297e-16,-0.9859481499638303,-0.1670516255021195,5.2644,6.8731,5.0285,5.893842857142857,5.9608799999999995
2022-09-22,5.0875,5.11,61.26,46.2,1.75,0.6,9,265,2,-1.0,-1.8369701987210297e-16,-0.9886775902323404,-0.15005539834465262,3.0732,5.2644,6.4963,5.614514285714286,5.819999999999999
2022-09-23,6.0912,5.18,54.92,32.26,1.75,1.24,9,266,2,-1.0,-1.8369701987210297e-16,-0.9911140639934546,-0.13301470653419636,5.0875,3.0732,6.307,5.413257142857143,5.779246666666667
2022-09-24,3.4613,5.12,63.69,87.78,1.69,4.05,9,267,2,-1.0,-1.8369701987210297e-16,-0.9932568492674143,-0.11593459959550066,6.0912,5.0875,4.517,5.382428571428571,5.807583333333333
2022-09-25,1.2818,3.3,78.69,53.6,2.58,11.61,9,268,2,-1.0,-1.8369701987210297e-16,-0.9951053111006974,-0.09882013873287211,3.4613,6.0912,6.7706,5.2316142857142856,5.756553333333333
2022-09-26,4.2082,3.49,61.34,41.08,1.46,0.24,9,269,2,-1.0,-1.8369701987210297e-16,-0.99665890175417,-0.08167639533042288,1.2818,3.4613,6.8731,4.4475,5.613193333333332
2022-09-27,5.4115,4.26,39.19,45.76,1.48,0.0,9,270,2,-1.0,-1.8369701987210297e-16,-0.9979171608653922,-0.06450844944931625,4.2082,1.2818,5.2644,4.0668,5.57245
2022-09-28,4.2487,3.81,54.9,57.5,1.73,1.58,9,271,2,-1.0,-1.8369701987210297e-16,-0.9988797155850335,-0.04732138832243232,5.4115,4.2082,3.0732,4.087814285714286,5.565359999999999
2022-09-29,3.0086,3.08,56.2,65.07,1.7,0.13,9,272,2,-1.0,-1.8369701987210297e-16,-0.9995462806873573,-0.03012030484690836,4.2487,5.4115,5.0875,4.255742857142858,5.4906
2022-09-30,4.8348,3.68,46.09,34.79,1.45,0.0,9,273,2,-1.0,-1.8369701987210297e-16,-0.9999166586547379,-0.012910296075008843,3.0086,4.2487,6.0912,3.9587571428571424,5.350783333333334
2022-10-01,4.368,2.97,55.3,67.15,2.21,0.21,10,274,3,-0.8660254037844386,0.5000000000000001,-0.9999907397361901,0.004303538296243821,4.8348,3.0086,3.4613,3.779271428571429,5.263376666666667
2022-10-02,4.7998,1.57,52.53,49.78,2.01,0.02,10,275,3,-0.8660254037844386,0.5000000000000001,-0.9997685019798909,0.021516097436222233,4.368,4.8348,1.2818,3.9088000000000003,5.16364
2022-10-03,4.4484,1.28,47.58,36.57,1.99,0.0,10,276,3,-0.8660254037844386,0.5000000000000001,-0.9992500112396835,0.03872228089217399,4.7998,4.368,4.2082,4.411371428571429,5.125256666666667
2022-10-04,4.6358,0.75,47.16,43.49,2.31,0.0,10,277,3,-0.8660254037844386,0.5000000000000001,-0.9984354211555643,0.05591699010060302,4.4484,4.7998,5.4115,4.445685714285714,5.056913333333333
2022-10-05,5.2363,1.04,46.17,32.41,2.13,0.0,10,278,3,-0.8660254037844386,0.5000000000000001,-0.9973249731081555,0.07309512989807776,4.6358,4.4484,4.2487,4.33487142857143,5.009153333333334
2022-10-06,5.4506,0.29,47.91,27.15,2.36,0.0,10,279,3,-0.8660254037844386,0.5000000000000001,-0.9959189961471792,0.0902516100310407,5.2363,4.6358,3.0086,4.475957142857142,4.9862400000000004
2022-10-07,5.6767,-0.12,43.33,30.85,2.32,0.0,10,280,3,-0.8660254037844386,0.5000000000000001,-0.994217906893952,0.10738134666416306,5.4506,5.2363,4.8348,4.824814285714287,4.971503333333333
2022-10-08,5.6287,0.49,40.07,23.74,1.85,0.0,10,281,3,-0.8660254037844386,0.5000000000000001,-0.9922222094179324,0.12447926388678869,5.6767,5.4506,4.368,4.945085714285715,4.99744
2022-10-09,5.2109,1.44,38.88,25.93,1.59,0.34,10,282,3,-0.8660254037844386,0.5000000000000001,-0.989932495087353,0.141540295217043,5.6287,5.6767,4.7998,5.125185714285714,5.009816666666667
2022-10-10,3.2856,-0.41,61.54,68.25,1.99,12.51,10,283,3,-0.8660254037844386,0.5000000000000001,-0.9873494423939864,0.15855938510313475,5.2109,5.6287,4.4484,5.183914285714286,4.993656666666666
2022-10-11,3.6221,-3.67,63.69,68.04,1.64,4.17,10,284,3,-0.8660254037844386,0.5000000000000001,-0.9844738167520923,0.17553149042142777,3.2856,5.2109,4.6358,5.0178,4.93808
2022-10-12,3.545,-3.49,62.48,76.94,1.49,5.4,10,285,3,-0.8660254037844386,0.5000000000000001,-0.9813064702716093,0.19245158197082995,3.6221,3.2856,5.2363,4.872985714285714,4.88597
2022-10-13,3.0149,-3.61,68.47,68.2,1.59,0.2,10,286,3,-0.8660254037844386,0.5000000000000001,-0.9778483415056567,0.20931464596304888,3.545,3.6221,5.4506,4.631371428571428,4.813416666666666
2022-10-14,3.6206,-2.83,55.32,38.29,0.77,0.0,10,287,3,-0.8660254037844386,0.5000000000000001,-0.9741004551724206,0.22611568550828803,3.0149,3.545,5.6767,4.283414285714286,4.696216666666667
2022-10-15,4.1441,-1.41,34.18,37.82,0.96,0.0,10,288,3,-0.8660254037844386,0.5000000000000001,-0.970063921851507,0.2428497220959358,3.6206,3.0149,5.6287,3.9896857142857143,4.649286666666667
2022-10-16,3.5546,-1.25,31.38,36.65,1.36,0.0,10,289,3,-0.8660254037844386,0.5000000000000001,-0.965739937654855,0.25951179706979943,4.1441,3.6206,5.2109,3.7776,4.570880000000001
2022-10-17,4.1506,-1.47,41.01,60.84,1.6,0.0,10,290,3,-0.8660254037844386,0.5000000000000001,-0.9611297838723007,0.27609697309746883,3.5546,4.1441,3.2856,3.540985714285714,4.479133333333333
2022-10-18,2.2406,-3.15,62.66,97.52,2.06,0.04,10,291,3,-0.8660254037844386,0.5000000000000001,-0.9562348265919058,0.2926003356333479,4.1506,3.5546,3.6221,3.6645571428571424,4.46692
2022-10-19,2.7862,-3.45,58.2,80.5,2.14,0.57,10,292,3,-0.8660254037844386,0.5000000000000001,-0.9510565162951536,0.30901699437494723,2.2406,4.1506,3.545,3.4671999999999996,4.31592
2022-10-20,2.7278,-5.65,62.15,88.91,2.08,2.85,10,293,3,-0.8660254037844386,0.5000000000000001,-0.9455963874271428,0.3253420847119795,2.7862,2.2406,3.0149,3.3587999999999996,4.17969
2022-10-21,2.2094,-7.03,62.41,66.85,1.58,3.15,10,294,3,-0.8660254037844386,0.5000000000000001,-0.9398560579418953,0.341570769167856,2.7278,2.7862,3.6206,3.3177857142857143,4.095136666666667
2022-10-22,4.4551,-5.23,48.95,22.28,1.03,0.0,10,295,3,-0.8660254037844386,0.5000000000000001,-0.9338372288229252,0.35769823883312546,2.2094,2.7278,4.1441,3.116185714285714,4.066343333333333
2022-10-23,5.0081,-4.04,35.98,16.1,1.14,0.0,10,296,3,-0.8660254037844386,0.5000000000000001,-0.9275416835791965,0.3737197147904692,4.4551,2.2094,3.5546,3.1606142857142854,4.045263333333334
2022-10-24,4.7134,-3.42,39.22,24.45,1.22,0.0,10,297,3,-0.8660254037844386,0.5000000000000001,-0.9209712877166347,0.38963044953078774,5.0081,4.4551,4.1506,3.368257142857143,4.00916
2022-10-25,3.7582,-3.63,49.31,41.76,1.86,0.0,10,298,3,-0.8660254037844386,0.5000000000000001,-0.9141279881853337,0.4054257283599973,4.7134,5.0081,2.2406,3.448657142857143,4.050896666666667
2022-10-26,4.387,-3.97,52.99,34.87,1.99,0.0,10,299,3,-0.8660254037844386,0.5000000000000001,-0.9070138128026362,0.42110087079608916,3.7582,4.7134,2.7862,3.665457142857143,4.133443333333334
2022-10-27,3.7243,-4.45,51.55,51.6,2.64,0.0,10,300,3,-0.8660254037844386,0.5000000000000001,-0.8996308696522434,0.4366512319560638,4.387,3.7582,2.7278,3.894142857142857,4.139403333333333
2022-10-28,4.8274,-3.78,36.87,24.73,1.48,0.0,10,301,3,-0.8660254037844386,0.5000000000000001,-0.8919813464595487,0.45207220393230374,3.7243,4.387,2.2094,4.036499999999999,4.083163333333333
2022-10-29,4.6805,-3.21,40.44,26.5,0.98,0.0,10,302,3,-0.8660254037844386,0.5000000000000001,-0.8840675099433637,0.46735921715800205,4.8274,3.7243,4.4551,4.4105,4.102453333333333
2022-10-30,4.4906,-2.56,36.02,31.38,1.28,0.0,10,303,3,-0.8660254037844386,0.5000000000000001,-0.8758917051442433,0.48250774176121763,4.6805,4.8274,5.0081,4.4427,4.158183333333333
2022-10-31,3.283,-3.44,55.67,71.22,2.23,0.02,10,304,3,-0.8660254037844386,0.5000000000000001,-0.8674563547295971,0.4975132889071803,4.4906,4.6805,4.7134,4.368771428571429,4.14671
2022-11-01,1.9529,-4.46,59.14,93.98,1.92,0.1,11,305,3,-0.5000000000000004,0.8660254037844384,-0.858763958275803,0.5123714121284235,3.283,4.4906,3.7582,4.164428571428571,4.110543333333333
2022-11-02,3.6749,-3.62,56.25,62.76,1.09,0.0,11,306,3,-0.5000000000000004,0.8660254037844384,-0.8498170915275277,0.5270777086423724,1.9529,3.283,4.387,3.9065285714285714,4.015646666666666
2022-11-03,4.3001,-2.88,47.74,48.42,1.6,0.0,11,307,3,-0.5000000000000004,0.8660254037844384,-0.8406184056344783,0.5416278206559811,3.6749,1.9529,3.7243,3.8048,3.9898633333333335
2022-11-04,4.283,-2.48,49.23,68.87,1.51,0.0,11,308,3,-0.5000000000000004,0.8660254037844384,-0.8311706263658079,0.5560174366570446,4.3001,3.6749,4.8274,3.887057142857143,3.9786733333333335
2022-11-05,3.3595,-4.66,60.99,88.61,1.95,0.93,11,309,3,-0.5000000000000004,0.8660254037844384,-0.8214765533024145,0.5702422926917867,4.283,4.3001,4.6805,3.809285714285714,3.946896666666667
2022-11-06,2.5418,-5.78,65.4,93.55,2.34,5.36,11,310,3,-0.5000000000000004,0.8660254037844384,-0.8115390590073611,0.5842981736283683,3.3595,4.283,4.4906,3.620571428571428,3.877193333333333
2022-11-07,2.4079,-6.68,66.27,78.65,2.47,3.25,11,311,3,-0.5000000000000004,0.8660254037844384,-0.801361088174677,0.5981809144059159,2.5418,3.3595,3.283,3.342171428571429,3.7726966666666666
2022-11-08,4.3934,-8.41,65.68,40.38,1.84,0.06,11,312,3,-0.5000000000000004,0.8660254037844384,-0.7909456567567774,0.6118864012687242,2.4079,2.5418,1.9529,3.217157142857143,3.6653366666666667
2022-11-09,1.9099,-8.84,71.2,92.91,2.52,5.47,11,313,3,-0.5000000000000004,0.8660254037844384,-0.780295851070776,0.6254105729852457,4.3934,2.4079,3.6749,3.5658,3.6380866666666667
2022-11-10,3.0482,-10.51,66.97,69.83,1.88,1.23,11,314,3,-0.5000000000000004,0.8660254037844384,-0.7694148268839381,0.6387494220515268,1.9099,4.3934,4.3001,3.3136571428571426,3.5922300000000003
2022-11-11,4.3034,-11.56,66.84,32.15,1.71,0.0,11,315,3,-0.5000000000000004,0.8660254037844384,-0.7583058084785625,0.6518989958787125,3.0482,1.9099,4.283,3.1348142857142856,3.5730999999999997
2022-11-12,4.2487,-11.2,65.95,38.37,2.14,0.0,11,316,3,-0.5000000000000004,0.8660254037844384,-0.7469720876965551,0.6648553979642866,4.3034,3.0482,3.3595,3.1377285714285716,3.5983799999999997
2022-11-13,2.887,-10.51,71.01,71.52,1.78,1.77,11,317,3,-0.5000000000000004,0.8660254037844384,-0.7354170229639858,0.6776147890466887,4.2487,4.3034,2.5418,3.264757142857143,3.6395066666666667
2022-11-14,0.9833,-10.73,78.15,82.21,2.44,13.37,11,318,3,-0.5000000000000004,0.8660254037844384,-0.7236440382959124,0.690173388242972,2.887,4.2487,2.4079,3.314071428571429,3.6150533333333335
2022-11-15,4.2425,-18.29,89.7,40.22,1.43,0.87,11,319,3,-0.5000000000000004,0.8660254037844384,-0.711656622281775,0.7025274741691566,0.9833,2.887,4.3934,3.110557142857143,3.509693333333333
2022-11-16,4.1496,-17.49,91.19,26.44,1.84,0.0,11,320,3,-0.5000000000000004,0.8660254037844384,-0.6994583270516471,0.7146733860429608,4.2425,0.9833,1.9099,3.089,3.5326233333333334
2022-11-17,4.2859,-16.97,79.62,33.22,1.22,0.0,11,321,3,-0.5000000000000004,0.8660254037844384,-0.6870527672236675,0.7266075247685652,4.1496,4.2425,3.0482,3.408957142857143,3.53259
2022-11-18,3.649,-14.96,74.99,57.71,1.4,0.0,11,322,3,-0.5000000000000004,0.8660254037844384,-0.6744436188329457,0.7383263540031063,4.2859,4.1496,4.3034,3.585771428571429,3.600766666666667
2022-11-19,1.968,-11.58,80.13,91.29,1.91,0.0,11,323,3,-0.5000000000000004,0.8660254037844384,-0.661634618242279,0.749826401204568,3.649,4.2859,4.2487,3.492285714285714,3.6295266666666666
2022-11-20,3.4903,-13.03,80.44,56.6,1.68,0.0,11,324,3,-0.5000000000000004,0.8660254037844384,-0.6486295610349818,0.7611042586607742,1.968,3.649,2.887,3.166471428571428,3.6041999999999996
2022-11-21,4.1693,-15.94,73.07,32.01,1.45,0.0,11,325,3,-0.5000000000000004,0.8660254037844384,-0.6354323008901775,0.7721565844991641,3.4903,1.968,0.9833,3.2526571428571427,3.646896666666667
2022-11-22,4.193,-15.53,69.28,30.99,1.15,0.0,11,326,3,-0.5000000000000004,0.8660254037844384,-0.622046748440868,0.7829801036770624,4.1693,3.4903,4.2425,3.7077999999999998,3.63737
2022-11-23,4.2214,-15.74,61.3,29.27,1.17,0.0,11,327,3,-0.5000000000000004,0.8660254037844384,-0.6084768701151264,0.7935716089521472,4.193,4.1693,4.1496,3.700728571428571,3.6102000000000003
2022-11-24,4.2043,-13.24,58.27,25.9,1.24,0.0,11,328,3,-0.5000000000000004,0.8660254037844384,-0.594726686960764,0.8039279618328208,4.2214,4.193,4.2859,3.7109857142857146,3.5938
2022-11-25,4.1174,-11.44,60.54,34.18,1.5,0.0,11,329,3,-0.5000000000000004,0.8660254037844384,-0.5808002734538013,0.8140460935082175,4.2043,4.2214,3.649,3.699328571428572,3.6086699999999996
2022-11-26,3.8102,-10.56,58.76,60.37,1.65,0.0,11,330,3,-0.5000000000000004,0.8660254037844384,-0.5667017562911184,0.8239230057575536,4.1174,4.2043,1.968,3.7662428571428572,3.599683333333333
2022-11-27,3.9926,-12.3,68.32,31.75,1.57,0.0,11,331,3,-0.5000000000000004,0.8660254037844384,-0.5524353131676203,0.8335557718385695,3.8102,4.1174,3.4903,4.029414285714286,3.6025466666666666
2022-11-28,4.0289,-12.37,67.31,29.88,1.29,0.0,11,332,3,-0.5000000000000004,0.8660254037844384,-0.5380051715382992,0.8429415373547832,3.9926,3.8102,4.1693,4.101171428571428,3.57472
2022-11-29,3.6938,-12.03,57.12,60.7,1.69,0.0,11,333,3,-0.5000000000000004,0.8660254037844384,-0.5234156073655503,0.8520775211013093,4.0289,3.9926,4.193,4.0811142857142855,3.553
2022-11-30,3.7817,-11.42,55.95,60.53,1.86,0.0,11,334,3,-0.5000000000000004,0.8660254037844384,-0.5086709438521042,0.8609610158889945,3.6938,4.0289,4.2214,4.0098,3.52644
2022-12-01,3.8726,-10.7,56.51,60.39,1.54,0.0,12,335,0,-2.4492935982947064e-16,1.0,-0.49377555015997737,0.8695893893466109,3.7817,3.6938,4.2043,3.946985714285714,3.5430633333333335
2022-12-02,3.2594,-9.19,55.67,95.55,2.28,0.0,12,336,0,-2.4492935982947064e-16,1.0,-0.4787338401157883,0.8779600847008883,3.8726,3.7817,4.1174,3.8996,3.6070533333333334
2022-12-03,3.4224,-11.82,63.1,58.08,2.22,0.0,12,337,0,-2.4492935982947064e-16,1.0,-0.4635502709028512,0.8860706215341378,3.2594,3.8726,3.8102,3.777028571428571,3.5932033333333333
2022-12-04,3.8779,-13.27,59.88,34.54,1.85,0.0,12,338,0,-2.4492935982947064e-16,1.0,-0.4482293417404106,0.893918596519257,3.4224,3.2594,3.9926,3.7216285714285715,3.5639466666666664
2022-12-05,3.755,-13.59,62.78,49.65,2.15,0.0,12,339,0,-2.4492935982947064e-16,1.0,-0.4327755925504317,0.9015016841318838,3.8779,3.4224,4.0289,3.7052428571428573,3.550443333333333
2022-12-06,2.3606,-11.77,62.99,80.69,2.38,0.0,12,340,0,-2.4492935982947064e-16,1.0,-0.41719360261231697,0.9088176373395028,3.755,3.8779,3.6938,3.666114285714286,3.5636266666666665
2022-12-07,3.5508,-13.14,62.16,59.32,1.95,0.0,12,341,0,-2.4492935982947064e-16,1.0,-0.4014879892059737,0.9158642882672868,2.3606,3.755,3.7817,3.4756571428571426,3.5575866666666665
2022-12-08,2.2656,-11.32,61.87,93.54,2.28,0.02,12,342,0,-2.4492935982947064e-16,1.0,-0.38566340624360745,0.9226395488404875,3.5508,2.3606,3.8726,3.442671428571429,3.5956833333333336
2022-12-09,2.6628,-10.54,69.82,96.72,3.11,0.38,12,343,0,-2.4492935982947064e-16,1.0,-0.3697245428906732,0.9291414114031743,2.2656,3.5508,3.2594,3.2131,3.5247566666666668
2022-12-10,2.1115,-12.16,71.57,88.19,2.62,0.59,12,344,0,-2.4492935982947064e-16,1.0,-0.35367612217637207,0.935367949313148,2.6628,2.2656,3.4224,3.1278714285714284,3.549853333333333
2022-12-11,3.1099,-13.33,66.45,66.72,2.1,0.02,12,345,0,-2.4492935982947064e-16,1.0,-0.33752289959411347,0.941317317512847,2.1115,2.6628,3.8779,2.9406,3.5186300000000004
2022-12-12,3.084,-12.15,57.36,73.44,2.55,0.0,12,346,0,-2.4492935982947064e-16,1.0,-0.32126966169236515,0.9469877530760751,3.1099,2.1115,3.755,2.830885714285714,3.478846666666667
2022-12-13,3.5568,-12.86,62.55,47.21,2.07,0.0,12,347,0,-2.4492935982947064e-16,1.0,-0.3049212246562894,0.9523775757303973,3.084,3.1099,2.3606,2.7350285714285714,3.440023333333334
2022-12-14,3.5614,-12.86,49.94,45.35,1.7,0.0,12,348,0,-2.4492935982947064e-16,1.0,-0.2884824328806098,0.9574851883550389,3.5568,3.084,3.5508,2.9059142857142857,3.4623500000000003
2022-12-15,3.6667,-11.21,46.25,35.59,1.39,0.0,12,349,0,-2.4492935982947064e-16,1.0,-0.27195815753410524,0.9623090774541487,3.5614,3.5568,2.2656,2.9074285714285715,3.548286666666667
2022-12-16,3.4236,-10.32,48.26,65.07,1.3,0.0,12,350,0,-2.4492935982947064e-16,1.0,-0.2553532951161881,0.9668478136052773,3.6667,3.5614,2.6628,3.1075857142857144,3.5290933333333334
2022-12-17,3.5381,-10.79,51.76,56.8,1.21,0.0,12,351,0,-2.4492935982947064e-16,1.0,-0.23867276600594997,0.9711000518829505,3.4236,3.6667,2.1115,3.2162714285714284,3.5048933333333334
2022-12-18,3.5647,-11.97,56.27,31.66,1.68,0.0,12,352,0,-2.4492935982947064e-16,1.0,-0.22192151300416674,0.9750645322571945,3.5381,3.4236,3.1099,3.4200714285714287,3.479966666666667
2022-12-19,3.6566,-13.94,56.74,26.56,2.08,0.0,12,353,0,-2.4492935982947064e-16,1.0,-0.20510449986861926,0.9787400799669153,3.5647,3.5381,3.084,3.4850428571428576,3.4771566666666662
2022-12-20,3.6072,-13.75,48.09,22.99,2.46,0.0,12,354,0,-2.4492935982947064e-16,1.0,-0.1882267098432439,0.9821256058680006,3.6566,3.5647,3.5568,3.566842857142857,3.5334433333333335
2022-12-21,3.6247,-14.21,44.59,29.64,1.6,0.0,12,355,0,-2.4492935982947064e-16,1.0,-0.1712931441814778,0.9852201067560606,3.6072,3.6566,3.5614,3.574042857142857,3.53734
2022-12-22,3.7102,-14.98,47.98,29.02,1.45,0.0,12,356,0,-2.4492935982947064e-16,1.0,-0.154308820664281,0.9880226656636976,3.6247,3.6072,3.6667,3.5830857142857147,3.5191866666666667
2022-12-23,3.3888,-15.14,47.24,72.49,1.96,0.0,12,357,0,-2.4492935982947064e-16,1.0,-0.13727877211326517,0.9905324521322227,3.7102,3.6247,3.4236,3.5893,3.503093333333333
2022-12-24,3.4661,-15.5,56.79,41.62,1.32,0.0,12,358,0,-2.4492935982947064e-16,1.0,-0.12020804489935275,0.9927487224577402,3.3888,3.7102,3.5381,3.5843285714285713,3.4753400000000005
2022-12-25,3.5938,-15.25,60.45,41.78,1.61,0.0,12,359,0,-2.4492935982947064e-16,1.0,-0.10310169744743544,0.9946708199115211,3.4661,3.3888,3.5647,3.574042857142857,3.4507333333333334
2022-12-26,3.2815,-13.89,72.96,66.04,1.68,0.0,12,360,0,-2.4492935982947064e-16,1.0,-0.0859647987374467,0.9962981749346077,3.5938,3.4661,3.6566,3.5782,3.4332800000000003
2022-12-27,3.4992,-15.2,66.02,38.28,1.6,0.0,12,361,0,-2.4492935982947064e-16,1.0,-0.06880242680232064,0.9976303053065857,3.2815,3.5938,3.6072,3.5246142857142857,3.4156566666666666
2022-12-28,3.6617,-14.5,59.6,29.67,1.67,0.0,12,362,0,-2.4492935982947064e-16,1.0,-0.05161966722325418,0.9986668162884759,3.4992,3.2815,3.6247,3.509185714285714,3.3992099999999996
2022-12-29,2.6028,-10.95,73.71,94.59,2.53,4.64,12,363,0,-2.4492935982947064e-16,1.0,-0.034421611622745804,0.9994074007397048,3.6617,3.4992,3.7102,3.5144714285714285,3.38697
2022-12-30,2.0765,-11.94,69.81,73.6,2.33,2.16,12,364,0,-2.4492935982947064e-16,1.0,-0.01721335615583528,0.9998518392091162,2.6028,3.6617,3.3888,3.3562714285714286,3.3506033333333334
2022-12-31,3.7526,-17.0,72.61,23.3,2.29,0.04,12,365,0,-2.4492935982947064e-16,1.0,6.432490598706546e-16,1.0,2.0765,2.6028,3.4661,3.1688,3.293763333333333
2023-01-01,3.8554,-17.03,57.23,27.43,1.71,0.0,1,1,0,0.49999999999999994,0.8660254037844387,0.017213356155834685,0.9998518392091162,3.7526,2.0765,3.5938,3.2097285714285713,3.289763333333333
2023-01-02,3.7831,-17.27,64.35,40.34,1.76,0.0,1,2,0,0.49999999999999994,0.8660254037844387,0.03442161162274574,0.9994074007397048,3.8554,3.7526,3.2815,3.2470999999999997,3.30963
2023-01-03,3.5383,-17.83,67.24,45.23,1.38,0.0,1,3,0,0.49999999999999994,0.8660254037844387,0.051619667223253764,0.998666816288476,3.7831,3.8554,3.4992,3.318757142857143,3.3216533333333333
2023-01-04,3.7553,-18.05,62.4,28.91,1.03,0.0,1,4,0,0.49999999999999994,0.8660254037844387,0.06880242680231986,0.9976303053065857,3.5383,3.7831,3.6617,3.324342857142857,3.3103333333333333
2023-01-05,3.941,-16.06,46.37,25.06,1.22,0.0,1,5,0,0.49999999999999994,0.8660254037844387,0.08596479873744647,0.9962981749346078,3.7553,3.5383,2.6028,3.3377142857142856,3.3103433333333334
2023-01-06,3.5635,-14.18,44.2,63.24,1.24,0.0,1,6,0,0.49999999999999994,0.8660254037844387,0.10310169744743485,0.9946708199115211,3.941,3.7553,2.0765,3.5288857142857144,3.3630233333333335
2023-01-07,2.9318,-10.83,61.27,90.12,1.51,0.0,1,7,0,0.49999999999999994,0.8660254037844387,0.1202080448993527,0.9927487224577402,3.5635,3.941,3.7526,3.7413142857142856,3.3634466666666665
2023-01-08,2.9153,-10.67,77.08,95.05,2.27,0.05,1,8,0,0.49999999999999994,0.8660254037844387,0.13727877211326478,0.9905324521322229,2.9318,3.5635,3.8554,3.624057142857143,3.3856533333333334
2023-01-09,2.6232,-10.81,72.1,93.47,3.08,0.01,1,9,0,0.49999999999999994,0.8660254037844387,0.15430882066428117,0.9880226656636976,2.9153,2.9318,3.7831,3.489757142857143,3.39407
2023-01-10,2.9203,-12.57,63.49,91.54,2.42,0.0,1,10,0,0.49999999999999994,0.8660254037844387,0.1712931441814776,0.9852201067560606,2.6232,2.9153,3.5383,3.324057142857143,3.4111266666666666
2023-01-11,1.1676,-12.34,73.54,83.93,3.66,5.15,1,11,0,0.49999999999999994,0.8660254037844387,0.1882267098432442,0.9821256058680006,2.9203,2.6232,3.7553,3.2357714285714287,3.4048066666666665
2023-01-12,3.1726,-16.11,67.96,87.58,4.15,1.0,1,12,0,0.49999999999999994,0.8660254037844387,0.2051044998686192,0.9787400799669153,1.1676,2.9203,3.941,2.8661,3.3409266666666664
2023-01-13,1.6829,-15.65,75.77,88.25,3.76,11.11,1,13,0,0.49999999999999994,0.8660254037844387,0.2219215130041655,0.9750645322571948,3.1726,1.1676,3.5635,2.7563285714285715,3.3281199999999997
2023-01-14,3.7265,-19.1,71.29,59.93,2.88,1.05,1,14,0,0.49999999999999994,0.8660254037844387,0.2386727660059501,0.9711000518829505,1.6829,3.1726,2.9318,2.4876714285714283,3.2655033333333336
2023-01-15,3.9751,-22.07,58.83,42.77,2.82,0.0,1,15,0,0.49999999999999994,0.8660254037844387,0.255353295116187,0.9668478136052775,3.7265,1.6829,2.9153,2.6012,3.2674966666666667
2023-01-16,4.1453,-22.64,75.81,34.35,2.15,0.0,1,16,0,0.49999999999999994,0.8660254037844387,0.2719581575341055,0.9623090774541486,3.9751,3.7265,2.6232,2.7526,3.2858799999999997
2023-01-17,4.1568,-25.05,76.09,34.42,1.77,0.0,1,17,0,0.49999999999999994,0.8660254037844387,0.288482432880609,0.9574851883550393,4.1453,3.9751,2.9203,2.9700428571428574,3.30612
2023-01-18,4.092,-23.39,73.1,64.83,1.46,0.0,1,18,0,0.49999999999999994,0.8660254037844387,0.30492122465628907,0.9523775757303974,4.1568,4.1453,1.1676,3.146685714285714,3.3258566666666667
2023-01-19,3.6871,-16.82,79.69,75.35,1.69,0.99,1,19,0,0.49999999999999994,0.8660254037844387,0.3212696616923644,0.9469877530760753,4.092,4.1568,3.1726,3.564457142857143,3.3403699999999996
2023-01-20,2.5102,-16.12,89.25,84.45,1.5,9.6,1,20,0,0.49999999999999994,0.8660254037844387,0.3375228995941133,0.9413173175128471,3.6871,4.092,1.6829,3.6379571428571427,3.343033333333333
2023-01-21,3.9185,-17.74,77.83,65.15,1.71,1.58,1,21,0,0.49999999999999994,0.8660254037844387,0.3536761221763716,0.9353679493131483,2.5102,3.6871,3.7265,3.7561428571428572,3.3058833333333335
2023-01-22,4.302,-20.81,80.24,28.31,2.18,0.1,1,22,0,0.49999999999999994,0.8660254037844387,0.3697245428906731,0.9291414114031743,3.9185,2.5102,3.9751,3.7835714285714284,3.3128266666666666
2023-01-23,3.7382,-22.43,81.1,68.72,2.28,0.0,1,23,0,0.49999999999999994,0.8660254037844387,0.38566340624360707,0.9226395488404876,4.302,3.9185,4.1453,3.8302714285714288,3.343266666666666
2023-01-24,3.3547,-17.03,82.8,73.84,2.95,3.75,1,24,0,0.49999999999999994,0.8660254037844387,0.401487989205973,0.9158642882672872,3.7382,4.302,4.1568,3.7721142857142858,3.3523366666666665
2023-01-25,1.351,-12.81,80.46,79.89,3.3,11.52,1,25,0,0.49999999999999994,0.8660254037844387,0.4171936026123168,0.9088176373395029,3.3547,3.7382,4.092,3.6575285714285712,3.3443666666666663
2023-01-26,3.6869,-17.36,72.33,73.79,2.56,1.4,1,26,0,0.49999999999999994,0.8660254037844387,0.4327755925504312,0.901501684131884,1.351,3.3547,3.6871,3.2659571428571432,3.2800166666666666
2023-01-27,4.4114,-21.22,78.3,30.93,2.36,0.1,1,27,0,0.49999999999999994,0.8660254037844387,0.4482293417404106,0.893918596519257,3.6869,1.351,2.5102,3.2659285714285713,3.2862733333333334
2023-01-28,3.2918,-20.56,84.03,71.27,2.08,0.0,1,28,0,0.49999999999999994,0.8660254037844387,0.4635502709028509,0.886070621534138,4.4114,3.6869,3.9185,3.537528571428571,3.3112633333333337
2023-01-29,2.8289,-14.18,79.0,96.59,2.17,2.31,1,29,0,0.49999999999999994,0.8660254037844387,0.47873384011578846,0.8779600847008882,3.2918,4.4114,4.302,3.4480000000000004,3.33423
2023-01-30,1.9222,-13.38,79.99,95.06,2.4,14.08,1,30,0,0.49999999999999994,0.8660254037844387,0.49377555015997715,0.869589389346611,2.8289,3.2918,3.7382,3.237557142857143,3.3593100000000002
2023-01-31,2.9429,-18.16,78.74,77.05,1.93,1.06,1,31,0,0.49999999999999994,0.8660254037844387,0.5086709438521044,0.8609610158889943,1.9222,2.8289,3.3547,2.978128571428571,3.298296666666667
2023-02-01,4.512,-20.16,73.38,52.42,1.26,0.02,2,32,0,0.8660254037844386,0.5000000000000001,0.5234156073655503,0.8520775211013093,2.9429,1.9222,1.351,2.9193000000000002,3.26788
2023-02-02,4.5439,-18.26,86.58,73.32,1.32,0.0,2,33,0,0.8660254037844386,0.5000000000000001,0.5380051715382996,0.8429415373547828,4.512,2.9429,3.6869,3.3708714285714287,3.2921766666666668
2023-02-03,4.17,-15.04,88.05,79.92,1.61,0.0,2,34,0,0.8660254037844386,0.5000000000000001,0.5524353131676196,0.8335557718385699,4.5439,4.512,4.4114,3.4933,3.3256966666666665
2023-02-04,4.457,-14.27,85.83,58.38,1.88,0.0,2,35,0,0.8660254037844386,0.5000000000000001,0.5667017562911176,0.8239230057575542,4.17,4.5439,3.2918,3.458814285714286,3.33952
2023-02-05,4.4549,-19.71,75.38,56.69,1.91,0.07,2,36,0,0.8660254037844386,0.5000000000000001,0.5808002734538009,0.8140460935082178,4.457,4.17,2.8289,3.6252714285714283,3.35672
2023-02-06,3.4358,-15.64,76.52,77.87,2.56,3.42,2,37,0,0.8660254037844386,0.5000000000000001,0.5947266869607634,0.8039279618328213,4.4549,4.457,1.9222,3.857557142857143,3.3864333333333336
2023-02-07,4.9416,-20.0,82.49,30.34,1.71,0.34,2,38,0,0.8660254037844386,0.5000000000000001,0.6084768701151261,0.7935716089521474,3.4358,4.4549,2.9429,4.073785714285714,3.403233333333333
2023-02-08,4.6985,-20.84,88.38,60.99,1.77,0.0,2,39,0,0.8660254037844386,0.5000000000000001,0.6220467484408675,0.7829801036770629,4.9416,3.4358,4.512,4.3593142857142855,3.470776666666666
2023-02-09,3.4056,-12.55,84.37,81.72,3.3,6.18,2,40,0,0.8660254037844386,0.5000000000000001,0.6354323008901774,0.7721565844991642,4.6985,4.9416,4.5439,4.385957142857142,3.5399533333333335
2023-02-10,1.7935,-11.96,75.03,84.94,6.66,7.65,2,41,0,0.8660254037844386,0.5000000000000001,0.6486295610349814,0.7611042586607747,3.4056,4.6985,4.17,4.223342857142858,3.55613
2023-02-11,2.4766,-15.72,78.46,88.81,4.58,3.3,2,42,0,0.8660254037844386,0.5000000000000001,0.6616346182422783,0.7498264012045686,1.7935,3.4056,4.457,3.8838428571428567,3.5769933333333337
2023-02-12,4.6423,-19.64,73.77,58.27,1.14,0.56,2,43,0,0.8660254037844386,0.5000000000000001,0.6744436188329455,0.7383263540031065,2.4766,1.7935,4.4549,3.6009285714285717,3.553793333333333
2023-02-13,4.7494,-18.02,81.99,49.92,2.16,0.0,2,44,0,0.8660254037844386,0.5000000000000001,0.6870527672236669,0.7266075247685656,4.6423,2.4766,3.4358,3.6277,3.65244
2023-02-14,4.5929,-12.4,85.29,82.25,2.07,0.0,2,45,0,0.8660254037844386,0.5000000000000001,0.699458327051647,0.7146733860429609,4.7494,4.6423,4.9416,3.8153571428571427,3.6865366666666666
2023-02-15,4.6819,-13.04,83.67,75.19,1.51,0.0,2,46,0,0.8660254037844386,0.5000000000000001,0.7116566222817746,0.7025274741691571,4.5929,4.7494,4.6985,3.7655428571428575,3.70713
2023-02-16,4.0159,-12.07,87.19,81.28,1.8,0.0,2,47,0,0.8660254037844386,0.5000000000000001,0.7236440382959124,0.6901733882429719,4.6819,4.5929,3.4056,3.7631714285714284,3.7250166666666664
2023-02-17,3.6254,-11.29,78.2,94.62,1.69,0.0,2,48,0,0.8660254037844386,0.5000000000000001,0.7354170229639855,0.6776147890466889,4.0159,4.6819,1.7935,3.850357142857143,3.72032
2023-02-18,3.905,-12.27,68.7,84.67,2.36,0.0,2,49,0,0.8660254037844386,0.5000000000000001,0.7469720876965552,0.6648553979642865,3.6254,4.0159,2.4766,4.112057142857143,3.7047666666666665
2023-02-19,4.0358,-11.89,82.42,92.35,2.76,0.0,2,50,0,0.8660254037844386,0.5000000000000001,0.7583058084785624,0.6518989958787126,3.905,3.6254,4.6423,4.316114285714286,3.71203
2023-02-20,3.9343,-11.86,83.98,97.14,3.17,0.23,2,51,0,0.8660254037844386,0.5000000000000001,0.7694148268839378,0.6387494220515272,4.0358,3.905,4.7494,4.229471428571428,3.762883333333333
2023-02-21,5.0959,-12.47,71.31,55.3,1.34,2.51,2,52,0,0.8660254037844386,0.5000000000000001,0.7802958510707755,0.6254105729852464,3.9343,4.0358,4.5929,4.113028571428571,3.76341
2023-02-22,5.6074,-16.09,77.7,36.38,1.69,1.09,2,53,0,0.8660254037844386,0.5000000000000001,0.7909456567567772,0.6118864012687243,5.0959,3.9343,4.6819,4.1848857142857145,3.7898733333333334
2023-02-23,5.8111,-17.14,78.12,23.59,1.09,0.08,2,54,0,0.8660254037844386,0.5000000000000001,0.8013610881746766,0.5981809144059165,5.6074,5.0959,4.0159,4.317100000000001,3.8521799999999997
2023-02-24,5.621,-16.98,76.33,30.16,1.47,0.0,2,55,0,0.8660254037844386,0.5000000000000001,0.8115390590073611,0.5842981736283683,5.8111,5.6074,3.6254,4.573557142857142,3.93406
2023-02-25,5.7787,-16.06,77.54,24.41,1.33,0.0,2,56,0,0.8660254037844386,0.5000000000000001,0.8214765533024142,0.5702422926917871,5.621,5.8111,3.905,4.858642857142857,4.076393333333334
2023-02-26,5.112,-15.3,83.9,72.03,2.07,0.2,2,57,0,0.8660254037844386,0.5000000000000001,0.8311706263658079,0.5560174366570446,5.7787,5.621,4.0358,5.126314285714286,4.14612
2023-02-27,5.0938,-13.19,87.23,76.28,1.81,0.2,2,58,0,0.8660254037844386,0.5000000000000001,0.8406184056344782,0.5416278206559814,5.112,5.7787,3.9343,5.280057142857143,4.169473333333333
2023-02-28,3.5777,-13.04,87.84,90.2,1.79,1.07,2,59,0,0.8660254037844386,0.5000000000000001,0.8498170915275278,0.5270777086423722,5.0938,5.112,5.0959,5.4457,4.22954
2023-03-01,4.4981,-11.31,89.39,94.92,2.16,0.58,3,60,1,1.0,6.123233995736766e-17,0.8587639582758029,0.5123714121284237,3.5777,5.0938,5.6074,5.228814285714286,4.254499999999999
2023-03-02,4.0735,-10.72,85.28,89.05,1.95,3.8,3,61,1,1.0,6.123233995736766e-17,0.8674563547295969,0.49751328890718066,4.4981,3.5777,5.8111,5.070342857142857,4.3403633333333325
2023-03-03,5.6909,-10.46,75.86,70.14,1.38,0.17,3,62,1,1.0,6.123233995736766e-17,0.8758917051442429,0.48250774176121847,4.0735,4.4981,5.621,4.822114285714285,4.37805
2023-03-04,4.5002,-10.43,88.28,93.87,1.83,0.1,3,63,1,1.0,6.123233995736766e-17,0.8840675099433636,0.4673592171580022,5.6909,4.0735,5.7787,4.8321,4.417346666666666
2023-03-05,4.998,-12.91,89.13,65.45,1.49,0.03,3,64,1,1.0,6.123233995736766e-17,0.8919813464595485,0.45207220393230435,4.5002,5.6909,5.112,4.649457142857143,4.41589
2023-03-06,5.9858,-14.41,80.18,42.58,1.32,0.0,3,65,1,1.0,6.123233995736766e-17,0.8996308696522433,0.43665123195606403,4.998,4.5002,5.0938,4.633171428571429,4.44349
2023-03-07,6.0,-13.12,78.5,42.78,1.34,0.02,3,66,1,1.0,6.123233995736766e-17,0.9070138128026359,0.4211008707960896,5.9858,4.998,3.5777,4.760599999999999,4.49445
2023-03-08,6.2189,-12.4,75.52,21.67,1.18,0.24,3,67,1,1.0,6.123233995736766e-17,0.9141279881853337,0.40542572835999735,6.0,5.9858,4.4981,5.106642857142857,4.545953333333333
2023-03-09,6.5239,-13.89,78.4,20.99,1.34,0.08,3,68,1,1.0,6.123233995736766e-17,0.9209712877166346,0.38963044953078796,6.2189,6.0,4.0735,5.3524714285714285,4.638723333333334
2023-03-10,6.5597,-12.66,75.04,20.46,1.2,0.0,3,69,1,1.0,6.123233995736766e-17,0.9275416835791966,0.37371971479046906,6.5239,6.2189,5.6909,5.702528571428572,4.691466666666667
2023-03-11,6.599,-11.56,76.34,22.46,1.23,0.01,3,70,1,1.0,6.123233995736766e-17,0.9338372288229252,0.35769823883312546,6.5597,6.5239,4.5002,5.826642857142857,4.7535066666666665
2023-03-12,6.57,-11.36,80.14,32.3,1.36,0.49,3,71,1,1.0,6.123233995736766e-17,0.9398560579418954,0.3415707691678556,6.599,6.5597,4.998,6.126471428571429,4.859953333333333
2023-03-13,6.1051,-10.74,84.58,63.28,1.4,0.11,3,72,1,1.0,6.123233995736766e-17,0.9455963874271426,0.3253420847119801,6.57,6.599,5.9858,6.351042857142858,5.019170000000001
2023-03-14,6.6497,-10.61,82.74,33.61,1.31,0.01,3,73,1,1.0,6.123233995736766e-17,0.9510565162951535,0.30901699437494745,6.1051,6.57,6.0,6.368085714285715,5.14012
2023-03-15,6.7082,-11.62,76.75,41.34,1.37,0.45,3,74,1,1.0,6.123233995736766e-17,0.9562348265919056,0.29260033563334836,6.6497,6.1051,6.2189,6.4609000000000005,5.207033333333333
2023-03-16,6.2472,-8.81,85.48,82.56,1.85,4.02,3,75,1,1.0,6.123233995736766e-17,0.9611297838723007,0.27609697309746883,6.7082,6.6497,6.5239,6.530799999999999,5.272326666666667
2023-03-17,4.5348,-8.67,79.66,88.3,1.81,3.08,3,76,1,1.0,6.123233995736766e-17,0.9657399376548549,0.2595117970697999,6.2472,6.7082,6.5597,6.491271428571429,5.32747
2023-03-18,5.3083,-9.54,89.36,80.39,1.48,3.84,3,77,1,1.0,6.123233995736766e-17,0.9700639218515071,0.2428497220959356,4.5348,6.2472,6.599,6.202,5.322566666666668
2023-03-19,6.0588,-8.53,81.83,82.68,1.24,2.07,3,78,1,1.0,6.123233995736766e-17,0.9741004551724205,0.22611568550828828,5.3083,4.5348,6.57,6.017614285714286,5.365646666666666
2023-03-20,5.3393,-9.07,83.07,93.95,1.98,3.01,3,79,1,1.0,6.123233995736766e-17,0.9778483415056568,0.20931464596304847,6.0588,5.3083,6.1051,5.944585714285714,5.44676
2023-03-21,6.3161,-9.18,70.18,81.25,1.18,1.26,3,80,1,1.0,6.123233995736766e-17,0.9813064702716093,0.19245158197082998,5.3393,6.0588,6.6497,5.835185714285714,5.4945699999999995
2023-03-22,6.7553,-9.49,69.85,42.29,1.67,0.83,3,81,1,1.0,6.123233995736766e-17,0.9844738167520922,0.1755314904214282,6.3161,5.3393,6.7082,5.787528571428572,5.5705800000000005
2023-03-23,5.9568,-9.82,73.57,63.1,1.64,0.02,3,82,1,1.0,6.123233995736766e-17,0.9873494423939864,0.15855938510313475,6.7553,6.3161,6.2472,5.794257142857143,5.6646133333333335
2023-03-24,5.9878,-8.43,75.42,86.08,1.58,0.57,3,83,1,1.0,6.123233995736766e-17,0.989932495087353,0.141540295217043,5.9568,6.7553,4.5348,5.752771428571428,5.693309999999999
2023-03-25,4.8612,-7.76,77.63,94.84,1.96,13.4,3,84,1,1.0,6.123233995736766e-17,0.9922222094179323,0.12447926388678915,5.9878,5.9568,5.3083,5.960342857142857,5.70599
2023-03-26,6.246,-9.81,78.1,72.15,1.48,2.62,3,85,1,1.0,6.123233995736766e-17,0.994217906893952,0.10738134666416309,4.8612,5.9878,6.0588,5.896471428571428,5.674326666666667
2023-03-27,6.923,-10.8,72.71,46.53,1.51,0.08,3,86,1,1.0,6.123233995736766e-17,0.995918996147179,0.09025161003104117,6.246,4.8612,5.3393,5.923214285714286,5.6951600000000004
2023-03-28,7.0483,-9.22,70.86,41.78,1.54,0.0,3,87,1,1.0,6.123233995736766e-17,0.9973249731081555,0.07309512989807777,6.923,6.246,6.3161,6.149457142857143,5.733303333333334
2023-03-29,7.0034,-8.14,71.91,50.71,1.8,0.04,3,88,1,1.0,6.123233995736766e-17,0.9984354211555643,0.055916990100603484,7.0483,6.923,6.7553,6.2540571428571425,5.797846666666667
2023-03-30,6.7606,-6.66,70.64,58.99,1.38,0.7,3,89,1,1.0,6.123233995736766e-17,0.9992500112396835,0.03872228089217446,7.0034,7.0483,5.9568,6.289499999999999,5.8615
2023-03-31,6.2354,-5.96,73.31,91.54,1.34,7.11,3,90,1,1.0,6.123233995736766e-17,0.9997685019798909,0.021516097436222254,6.7606,7.0034,5.9878,6.404328571428572,5.967596666666667
2023-04-01,4.2074,-5.57,78.0,97.32,2.16,7.4,4,91,1,0.8660254037844387,-0.4999999999999998,0.9999907397361901,0.004303538296244289,6.2354,6.7606,4.8612,6.4397,6.025506666666668
2023-04-02,5.0935,-7.72,78.3,87.88,2.23,2.02,4,92,1,0.8660254037844387,-0.4999999999999998,0.9999166586547379,-0.01291029607500882,4.2074,6.2354,6.246,6.3463,6.0299700000000005
2023-04-03,5.4838,-9.1,80.34,94.7,2.1,6.14,4,93,1,0.8660254037844387,-0.4999999999999998,0.9995462806873573,-0.030120304846908114,5.0935,4.2074,6.923,6.1816571428571425,6.010056666666666
2023-04-04,4.6603,-9.29,78.69,81.94,2.28,8.83,4,94,1,0.8660254037844387,-0.4999999999999998,0.9988797155850336,-0.04732138832243185,5.4838,5.0935,7.0483,5.976057142857143,6.042843333333334
2023-04-05,5.7744,-10.39,75.62,66.09,2.1,0.2,4,95,1,0.8660254037844387,-0.4999999999999998,0.9979171608653922,-0.06450844944931623,4.6603,5.4838,7.0034,5.634914285714286,6.031586666666667
2023-04-06,4.325,-12.12,75.87,76.77,2.54,0.3,4,96,1,0.8660254037844387,-0.4999999999999998,0.9966589017541702,-0.08167639533042241,5.7744,4.6603,6.7606,5.4593428571428575,6.02454
2023-04-07,7.0075,-11.2,69.06,30.95,1.84,0.0,4,97,1,0.8660254037844387,-0.4999999999999998,0.9951053111006976,-0.09882013873287143,4.325,5.7744,6.2354,5.111400000000001,5.968706666666667
2023-04-08,7.4443,-9.0,58.09,22.72,1.5,0.0,4,98,1,0.8660254037844387,-0.4999999999999998,0.9932568492674143,-0.11593459959550041,7.0075,4.325,4.2074,5.2217,5.9949933333333325
2023-04-09,7.3913,-7.51,63.49,26.39,1.27,0.0,4,99,1,0.8660254037844387,-0.4999999999999998,0.9911140639934547,-0.1330147065341959,7.4443,7.0075,5.0935,5.684114285714286,6.025673333333333
2023-04-10,6.9931,-5.88,59.54,33.31,1.96,0.0,4,100,1,0.8660254037844387,-0.4999999999999998,0.9886775902323405,-0.1500553983446526,7.3913,7.4443,5.4838,6.012371428571429,6.053393333333333
2023-04-11,6.6194,-5.66,66.86,50.31,2.55,0.0,4,101,1,0.8660254037844387,-0.4999999999999998,0.9859481499638304,-0.16705162550211924,6.9931,7.3913,4.6603,6.2279857142857145,6.06653
2023-04-12,7.5715,-4.32,63.22,29.85,1.51,0.0,4,102,1,0.8660254037844387,-0.4999999999999998,0.9829265519799822,-0.18399835165768005,6.6194,6.9931,5.7744,6.507857142857143,6.068176666666667
2023-04-13,7.4028,-3.54,56.42,33.0,1.09,0.0,4,103,1,0.8660254037844387,-0.4999999999999998,0.9796136916454901,-0.20089055513063506,7.5715,6.6194,4.325,6.764585714285714,6.117056666666667
2023-04-14,8.0172,-2.36,48.69,20.58,1.17,0.0,4,104,1,0.8660254037844387,-0.4999999999999998,0.9760105506323683,-0.21772323039653177,7.4028,7.5715,7.0075,7.204271428571428,6.1421600000000005
2023-04-15,7.5518,-1.7,57.62,47.12,1.74,0.01,4,105,1,0.8660254037844387,-0.4999999999999998,0.9721181966290613,-0.23449138957040985,8.0172,7.4028,7.4443,7.348514285714286,6.185793333333334
2023-04-16,6.3778,-2.94,76.82,91.42,1.89,0.06,4,106,1,0.8660254037844387,-0.4999999999999998,0.9679377830240642,-0.25119006388481935,7.5518,8.0172,7.3913,7.363871428571429,6.22928
2023-04-17,6.7106,-2.52,68.24,72.99,1.78,0.74,4,107,1,0.8660254037844387,-0.4999999999999998,0.9634705485641488,-0.2678143051621742,6.3778,7.5518,6.9931,7.219085714285714,6.290713333333333
2023-04-18,5.3191,-2.49,75.1,95.73,2.73,7.82,4,108,1,0.8660254037844387,-0.4999999999999998,0.9587178169872964,-0.2843591872810034,6.7106,6.3778,6.6194,7.178728571428572,6.337456666666667
2023-04-19,5.309,-2.9,79.34,97.79,2.66,18.56,4,109,1,0.8660254037844387,-0.4999999999999998,0.9536809966304457,-0.30081980763566735,5.3191,6.7106,7.5715,6.992971428571429,6.312799999999999
2023-04-20,4.0656,-5.51,88.53,96.91,1.99,16.37,4,110,1,0.8660254037844387,-0.4999999999999998,0.9483615800121715,-0.3171912885891061,5.309,5.3191,7.4028,6.669757142857143,6.31179
2023-04-21,4.9481,-10.25,87.02,95.76,2.6,2.95,4,111,1,0.8660254037844387,-0.4999999999999998,0.9427611433904207,-0.3334687789181868,4.0656,5.309,8.0172,6.193014285714286,6.236773333333334
2023-04-22,5.0419,-10.99,76.02,73.98,1.5,0.15,4,112,1,0.8660254037844387,-0.4999999999999998,0.9368813462954315,-0.3496474552512284,4.9481,4.0656,7.5518,5.7545714285714284,6.176533333333333
2023-04-23,7.3193,-8.97,62.71,28.47,2.06,0.0,4,113,1,0.8660254037844387,-0.4999999999999998,0.9307239310379795,-0.36572252349726897,5.0419,4.9481,6.3778,5.396014285714286,6.146036666666666
2023-04-24,8.0417,-5.75,42.57,24.67,1.39,0.0,4,114,1,0.8660254037844387,-0.4999999999999998,0.9242907221930933,-0.3816892202666588,7.3193,5.0419,6.7106,5.530514285714285,6.1904200000000005
2023-04-25,8.0266,-4.26,47.98,41.58,1.31,0.04,4,115,1,0.8660254037844387,-0.4999999999999998,0.9175836260593937,-0.39754281428255595,8.0417,7.3193,5.3191,5.720671428571428,6.296436666666667
2023-04-26,6.8393,-4.54,71.86,67.8,1.9,0.26,4,116,1,0.8660254037844387,-0.4999999999999998,0.9106046300942162,-0.41327860778290415,8.0266,8.0417,5.309,6.107457142857143,6.35579
2023-04-27,5.3155,-4.65,70.87,88.88,1.82,6.74,4,117,1,0.8660254037844387,-0.4999999999999998,0.9033558023246845,-0.4288919379124835,6.8393,8.0266,4.0656,6.32607142857143,6.353
2023-04-28,5.6746,-5.64,67.26,69.66,1.96,0.6,4,118,1,0.8660254037844387,-0.4999999999999998,0.895839290734909,-0.44437817810461316,5.3155,6.8393,4.9481,6.504628571428571,6.295240000000001
2023-04-29,6.1908,-4.15,59.2,63.42,1.85,0.15,4,119,1,0.8660254037844387,-0.4999999999999998,0.8880573226294932,-0.45973273945210397,5.6746,5.3155,5.0419,6.608414285714285,6.250946666666667
2023-04-30,7.7222,-2.1,45.85,63.6,1.06,0.0,4,120,1,0.8660254037844387,-0.4999999999999998,0.8800122039735357,-0.47495107206704995,6.1908,5.6746,7.3193,6.772542857142858,6.231953333333333
2023-05-01,6.1087,-1.66,55.6,88.64,1.25,6.1,5,121,1,0.49999999999999994,-0.8660254037844387,0.8717063187093218,-0.4900286664290592,7.7222,6.1908,8.0417,6.8301,6.281513333333334
2023-05-02,5.3741,-2.49,79.76,89.94,1.89,2.2,5,122,1,0.49999999999999994,-0.8660254037844387,0.8631421280499114,-0.5049610547215204,6.1087,7.7222,8.0266,6.5539571428571435,6.34489
2023-05-03,5.7173,-3.79,83.17,92.18,2.02,6.58,5,123,1,0.49999999999999994,-0.8660254037844387,0.854322169749827,-0.5197438121555155,5.3741,6.1087,6.8393,6.175028571428571,6.354243333333334
2023-05-04,6.5688,-5.2,78.42,86.19,2.62,0.15,5,124,1,0.49999999999999994,-0.8660254037844387,0.8452490573530633,-0.5343725582809786,5.7173,5.3741,5.3155,6.014742857142857,6.362026666666667
2023-05-05,6.031,-5.91,80.66,87.6,3.27,0.0,5,125,1,0.49999999999999994,-0.8660254037844387,0.8359254794186372,-0.548842958284719,6.5688,5.7173,5.6746,6.193785714285714,6.425643333333334
2023-05-06,6.5784,-5.48,74.25,91.72,2.81,2.62,5,126,1,0.49999999999999994,-0.8660254037844387,0.8263541987239096,-0.5631507242749186,6.031,6.5688,6.1908,6.2447,6.434196666666667
2023-05-07,6.4483,-6.85,76.04,94.35,3.57,5.27,5,127,1,0.49999999999999994,-0.8660254037844387,0.8165380514459161,-0.5772916165517272,6.5784,6.031,7.7222,6.300071428571428,6.50931
2023-05-08,4.735,-7.51,75.1,84.5,2.75,4.58,5,128,1,0.49999999999999994,-0.8660254037844387,0.8064799463209448,-0.5912614448635781,6.4483,6.5784,6.1087,6.118085714285714,6.49067
2023-05-09,4.7674,-6.84,70.11,87.47,2.17,1.93,5,129,1,0.49999999999999994,-0.8660254037844387,0.7961828637826158,-0.6050560696488488,4.735,6.4483,5.3741,5.921842857142857,6.400360000000001
2023-05-10,7.668,-6.82,50.18,32.01,1.51,0.16,5,130,1,0.49999999999999994,-0.8660254037844387,0.7856498550787147,-0.6186714032625031,4.7674,4.735,5.7173,5.835171428571428,6.312896666666666
2023-05-11,9.1366,-4.57,39.77,20.58,1.53,0.01,5,131,1,0.49999999999999994,-0.8660254037844387,0.7748840413670407,-0.6321034111873487,7.668,4.7674,6.5688,6.113842857142857,6.335393333333333
2023-05-12,8.1581,-2.37,43.42,39.97,1.74,0.0,5,132,1,0.49999999999999994,-0.8660254037844387,0.7638886127905428,-0.6453481132295501,9.1366,7.668,6.031,6.480671428571428,6.419300000000001
2023-05-13,7.4297,-2.02,65.94,64.74,1.81,0.4,5,133,1,0.49999999999999994,-0.8660254037844387,0.7526668275320085,-0.6584015846980488,8.1581,9.1366,6.5784,6.784542857142858,6.438853333333333
2023-05-14,6.4493,-2.54,74.97,80.7,1.78,0.05,5,134,1,0.49999999999999994,-0.8660254037844387,0.7412220108485958,-0.6712599575675313,7.4297,8.1581,6.4483,6.906157142857142,6.43975
2023-05-15,6.4274,-2.14,69.09,75.65,2.0,0.04,5,135,1,0.49999999999999994,-0.8660254037844387,0.7295575540864875,-0.6839194216246106,6.4493,7.4297,4.735,6.9063,6.387486666666666
2023-05-16,7.188,-0.6,66.17,50.06,1.35,0.0,5,136,1,0.49999999999999994,-0.8660254037844387,0.717676913675962,-0.6963762255968722,6.4274,6.4493,4.7674,7.148071428571428,6.350006666666667
2023-05-17,7.1652,0.69,58.7,52.66,1.53,0.17,5,137,1,0.49999999999999994,-0.8660254037844387,0.705583610107178,-0.7086266782644596,7.188,6.4274,7.668,7.4938714285714285,6.377013333333333
2023-05-18,6.4627,0.62,59.56,84.86,2.27,0.12,5,138,1,0.49999999999999994,-0.8660254037844387,0.6932812268869777,-0.7206671495538609,7.1652,7.188,9.1366,7.4220428571428565,6.392166666666666
2023-05-19,6.8592,0.49,64.34,82.3,2.42,0.13,5,139,1,0.49999999999999994,-0.8660254037844387,0.6807734094770161,-0.7324940716135789,6.4627,7.1652,8.1581,7.040057142857143,6.4302866666666665
2023-05-20,5.9417,0.73,54.43,53.87,2.34,0.16,5,140,1,0.49999999999999994,-0.8660254037844387,0.6680638642135335,-0.7441039398713607,6.8592,6.4627,7.4297,6.8545,6.481960000000001
2023-05-21,9.013,2.38,49.9,24.58,2.33,0.0,5,141,1,0.49999999999999994,-0.8660254037844387,0.6551563572090853,-0.7554933140726803,5.9417,6.8592,6.4493,6.641928571428571,6.544496666666666
2023-05-22,8.6026,2.82,55.51,28.01,1.54,0.0,5,142,1,0.49999999999999994,-0.8660254037844387,0.6420547132365637,-0.766658819300159,9.013,5.9417,6.4274,7.008171428571429,6.679993333333333
2023-05-23,7.5545,2.26,72.24,86.21,2.14,4.09,5,143,1,0.49999999999999994,-0.8660254037844387,0.6287628145958344,-0.7775971469736269,8.6026,9.013,7.188,7.3189142857142855,6.798683333333334
2023-05-24,4.8355,0.79,75.79,91.59,2.6,5.65,5,144,1,0.49999999999999994,-0.8660254037844387,0.6152845999633276,-0.7883050558305255,7.5545,8.6026,7.1652,7.371271428571428,6.806523333333334
2023-05-25,6.7562,-0.8,74.02,92.29,2.8,3.14,5,145,1,0.49999999999999994,-0.8660254037844387,0.6016240632249226,-0.7987793728863649,4.8355,7.5545,6.4627,7.038457142857142,6.69965
2023-05-26,6.6238,-1.7,68.42,90.71,2.87,1.36,5,146,1,0.49999999999999994,-0.8660254037844387,0.5877852522924732,-0.8090169943749473,6.7562,4.8355,6.8592,7.080385714285714,6.657303333333333
2023-05-27,6.6058,-2.13,60.94,71.85,3.51,1.59,5,147,1,0.49999999999999994,-0.8660254037844387,0.5737722679043246,-0.8190148866680801,6.6238,6.7562,5.9417,7.046757142857143,6.65012
2023-05-28,7.1897,-0.65,56.93,51.55,1.93,0.17,5,148,1,0.49999999999999994,-0.8660254037844387,0.5595892624101765,-0.8287700871745038,6.6058,6.6238,9.013,7.141628571428571,6.69313
2023-05-29,7.2662,2.15,57.72,88.03,1.67,3.1,5,149,1,0.49999999999999994,-0.8660254037844387,0.545240438540651,-0.8382797052177744,7.1897,6.6058,8.6026,6.881157142857142,6.743633333333333
2023-05-30,5.4684,1.12,68.09,94.15,1.32,9.92,5,150,1,0.49999999999999994,-0.8660254037844387,0.5307300481619334,-0.8475409228928311,7.2662,7.1897,7.5545,6.690242857142858,6.77948
2023-05-31,5.7422,0.27,75.45,97.96,1.19,12.42,5,151,1,0.49999999999999994,-0.8660254037844387,0.5160623910158528,-0.8565509959010036,5.4684,7.2662,4.8355,6.3922285714285705,6.704353333333333
2023-06-01,6.1214,-0.32,81.91,89.85,2.08,3.16,6,152,2,1.2246467991473532e-16,-1.0,0.5012418134457758,-0.865307254363206,5.7422,5.4684,6.7562,6.521757142857143,6.692136666666666
2023-06-02,5.2258,-0.63,77.74,97.32,1.9,0.7,6,153,2,1.2246467991473532e-16,-1.0,0.48627270710868997,-0.8738071036110808,6.1214,5.7422,6.6238,6.431071428571429,6.717046666666666
2023-06-03,5.251,-0.26,70.28,84.86,2.44,0.75,6,154,2,1.2246467991473532e-16,-1.0,0.4711595076738638,-0.8820480249558537,5.2258,6.1214,6.6058,6.231357142857143,6.700663333333334
2023-06-04,6.8964,1.22,57.2,66.17,2.14,0.05,6,155,2,1.2246467991473532e-16,-1.0,0.4559066935084588,-0.8900275764346767,5.251,5.2258,7.1897,6.037814285714285,6.656736666666666
2023-06-05,6.9389,1.64,57.89,66.62,1.47,0.88,6,156,2,1.2246467991473532e-16,-1.0,0.440518784350495,-0.8977433935342337,6.8964,5.251,7.2662,5.995914285714286,6.6855833333333345
2023-06-06,4.843,0.69,72.21,94.52,1.87,1.73,6,157,2,1.2246467991473532e-16,-1.0,0.42500033996955416,-0.9051931898913974,6.9389,6.8964,5.4684,5.9491571428571435,6.6975999999999996
2023-06-07,5.6998,1.79,66.04,93.28,1.4,0.21,6,158,2,1.2246467991473532e-16,-1.0,0.4093559588156213,-0.9123747579707273,4.843,6.9389,5.7422,5.859814285714286,6.64409
2023-06-08,6.4694,3.3,58.24,76.27,1.62,0.01,6,159,2,1.2246467991473532e-16,-1.0,0.39359027665646673,-0.9192859697186104,5.6998,4.843,6.1214,5.853757142857143,6.67625
2023-06-09,8.5922,4.27,50.83,39.89,1.8,0.0,6,160,2,1.2246467991473532e-16,-1.0,0.3777079652039649,-0.9259247771938498,6.4694,5.6998,5.2258,5.903471428571429,6.732983333333334
2023-06-10,6.8098,4.13,55.66,78.9,1.56,0.19,6,161,2,1.2246467991473532e-16,-1.0,0.36171373072976765,-0.9322892131745133,8.5922,6.4694,5.251,6.384385714285714,6.76379
2023-06-11,5.8195,5.45,56.92,87.98,1.48,0.5,6,162,2,1.2246467991473532e-16,-1.0,0.3456123126707335,-0.9383773917408641,6.8098,8.5922,6.8964,6.607071428571429,6.686229999999999
2023-06-12,5.8205,5.79,59.0,88.55,1.58,1.0,6,163,2,1.2246467991473532e-16,-1.0,0.3294084822245304,-0.9441875088341993,5.8195,6.8098,6.9389,6.453228571428572,6.608276666666667
2023-06-13,7.2168,3.68,74.92,78.46,1.83,0.28,6,164,2,1.2246467991473532e-16,-1.0,0.3131070409358269,-0.9497178427914316,5.8205,5.8195,4.843,6.293457142857142,6.554636666666667
2023-06-14,5.9304,3.46,74.42,87.67,1.91,0.76,6,165,2,1.2246467991473532e-16,-1.0,0.29671281927349075,-0.9549667548552551,7.2168,5.8205,5.6998,6.6325714285714295,6.58022
2023-06-15,7.2091,3.43,75.88,88.15,2.15,0.21,6,166,2,1.2246467991473532e-16,-1.0,0.28023067519921585,-0.9599326896597447,5.9304,7.2168,6.4694,6.665514285714286,6.563653333333334
2023-06-16,7.321,5.15,63.06,80.67,1.37,0.1,6,167,2,1.2246467991473532e-16,-1.0,0.26366549272800704,-0.9646141756912435,7.2091,5.9304,8.5922,6.771185714285714,6.564356666666667
2023-06-17,8.0657,5.65,58.74,75.74,1.55,0.01,6,168,2,1.2246467991473532e-16,-1.0,0.24702218048093552,-0.9690098257244062,7.321,7.2091,6.8098,6.589585714285714,6.5695500000000004
2023-06-18,8.213,6.23,59.6,68.48,1.53,2.25,6,169,2,1.2246467991473532e-16,-1.0,0.23030567023061221,-0.9731183372332619,8.0657,7.321,5.8195,6.768999999999999,6.622983333333334
2023-06-19,8.9506,7.04,44.68,31.33,1.67,0.02,6,170,2,1.2246467991473532e-16,-1.0,0.21352091543979612,-0.9769384927771817,8.213,8.0657,5.8205,7.1109285714285715,6.6681099999999995
2023-06-20,9.1608,7.68,35.83,13.3,1.57,0.0,6,171,2,1.2246467991473532e-16,-1.0,0.19667288979357647,-0.980469160361632,8.9506,8.213,7.2168,7.558085714285714,6.7684066666666665
2023-06-21,9.2532,9.37,34.7,17.6,1.4,0.0,6,172,2,1.2246467991473532e-16,-1.0,0.1797665857255624,-0.9837092937736097,9.1608,8.9506,5.9304,7.835799999999999,6.773333333333334
2023-06-22,9.2369,10.87,35.09,16.71,1.62,0.01,6,173,2,1.2246467991473532e-16,-1.0,0.16280701293851715,-0.986657932891657,9.2532,9.1608,7.2091,8.310485714285713,6.795019999999999
2023-06-23,8.8872,11.45,35.11,17.55,1.51,0.29,6,174,2,1.2246467991473532e-16,-1.0,0.1457991969198751,-0.9893142039703663,9.2369,9.2532,7.321,8.600171428571429,6.8511
2023-06-24,8.9405,10.87,56.76,37.57,1.99,0.02,6,175,2,1.2246467991473532e-16,-1.0,0.12874817745258132,-0.99167731989929,8.8872,9.2369,8.0657,8.823914285714284,6.986156666666667
2023-06-25,8.027,8.66,70.68,65.95,1.78,8.89,6,176,2,1.2246467991473532e-16,-1.0,0.11165900712169512,-0.993746580436178,8.9405,8.8872,8.213,8.948885714285714,7.058966666666667
2023-06-26,4.5348,7.69,72.81,74.6,1.89,4.64,6,177,2,1.2246467991473532e-16,-1.0,0.09453674981719912,-0.9955213724144752,8.027,8.9405,8.9506,8.922314285714284,7.10574
2023-06-27,7.0171,7.6,70.35,75.9,2.32,2.16,6,178,2,1.2246467991473532e-16,-1.0,0.07738647923346301,-0.9970011699250151,4.5348,8.027,9.1608,8.291485714285715,7.0367066666666656
2023-06-28,7.1714,8.16,67.04,71.51,1.61,0.75,6,179,2,1.2246467991473532e-16,-1.0,0.06021327736579302,-0.9981855344718586,7.0171,4.5348,9.2532,7.9852428571428575,7.030953333333333
2023-06-29,5.5394,7.47,71.23,87.33,2.59,0.76,6,180,2,1.2246467991473532e-16,-1.0,0.04302223300453059,-0.99907411510223,7.1714,7.0171,9.2369,7.687842857142857,7.027793333333333
2023-06-30,6.5539,7.49,64.0,82.13,2.28,0.0,6,181,2,1.2246467991473532e-16,-1.0,0.02581844022713308,-0.9996666485105112,5.5394,7.1714,8.8872,7.159628571428572,7.0301599999999995
2023-07-01,6.8105,7.02,62.27,63.56,2.5,0.0,7,182,2,-0.4999999999999997,-0.8660254037844388,0.008606996888688698,-0.9999629591162655,6.5539,5.5394,8.9405,6.826299999999999,7.057216666666666
2023-07-02,6.9898,8.33,50.94,60.35,1.51,0.0,7,183,2,-0.4999999999999997,-0.8660254037844388,-0.008606996888688009,-0.9999629591162655,6.8105,6.5539,8.027,6.522014285714285,7.080186666666667
2023-07-03,8.2363,9.59,41.11,43.31,1.59,0.0,7,184,2,-0.4999999999999997,-0.8660254037844388,-0.02581844022713239,-0.9996666485105112,6.9898,6.8105,4.5348,6.373842857142857,7.138986666666667
2023-07-04,5.989,8.26,62.07,85.43,2.46,0.13,7,185,2,-0.4999999999999997,-0.8660254037844388,-0.04302223300453034,-0.99907411510223,8.2363,6.9898,7.0171,6.902628571428571,7.238496666666666
2023-07-05,2.8668,6.06,71.24,87.33,2.29,1.72,7,186,2,-0.4999999999999997,-0.8660254037844388,-0.060213277365792774,-0.9981855344718586,5.989,8.2363,7.1714,6.755757142857142,7.208249999999999
2023-07-06,5.7598,6.71,58.41,96.58,2.73,0.53,7,187,2,-0.4999999999999997,-0.8660254037844388,-0.07738647923346322,-0.9970011699250151,2.8668,5.989,5.5394,6.140814285714286,7.072513333333333
2023-07-07,5.6815,6.26,64.53,87.25,2.43,9.48,7,188,2,-0.4999999999999997,-0.8660254037844388,-0.09453674981719933,-0.9955213724144752,5.7598,2.8668,6.5539,6.1723,7.103073333333333
2023-07-08,3.2165,6.35,75.0,79.0,2.55,9.52,7,189,2,-0.4999999999999997,-0.8660254037844388,-0.11165900712169444,-0.9937465804361781,5.6815,5.7598,6.8105,6.047671428571428,7.102463333333333
2023-07-09,2.5202,5.25,80.6,82.6,2.45,8.54,7,190,2,-0.4999999999999997,-0.8660254037844388,-0.12874817745258066,-0.99167731989929,3.2165,5.6815,6.9898,5.534242857142857,6.994033333333333
2023-07-10,3.3329,6.06,74.02,82.29,2.08,2.01,7,191,2,-0.4999999999999997,-0.8660254037844388,-0.14579919691987442,-0.9893142039703664,2.5202,3.2165,8.2363,4.895728571428571,6.791633333333333
2023-07-11,6.353,7.16,62.59,66.12,2.13,0.29,7,192,2,-0.4999999999999997,-0.8660254037844388,-0.16280701293851646,-0.9866579328916572,3.3329,2.5202,5.989,4.1952428571428575,6.675736666666666
2023-07-12,6.485,7.77,50.43,84.25,1.48,0.26,7,193,2,-0.4999999999999997,-0.8660254037844388,-0.17976658572556214,-0.9837092937736098,6.353,3.3329,2.8668,4.247242857142857,6.69352
2023-07-13,7.5809,9.13,47.13,57.0,1.54,0.2,7,194,2,-0.4999999999999997,-0.8660254037844388,-0.19667288979357622,-0.9804691603616321,6.485,6.353,5.7598,4.7641285714285715,6.715669999999999
2023-07-14,8.1,9.45,53.85,37.46,1.17,1.85,7,195,2,-0.4999999999999997,-0.8660254037844388,-0.2135209154397959,-0.9769384927771817,7.5809,6.485,5.6815,5.024285714285715,6.727806666666667
2023-07-15,6.6778,11.34,61.59,64.52,1.55,2.39,7,196,2,-0.4999999999999997,-0.8660254037844388,-0.23030567023061196,-0.973118337233262,8.1,7.5809,3.2165,5.3697857142857135,6.800126666666666
2023-07-16,4.1076,8.73,73.71,91.26,1.18,2.8,7,197,2,-0.4999999999999997,-0.8660254037844388,-0.24702218048093527,-0.9690098257244063,6.6778,8.1,2.5202,5.864257142857143,6.782416666666666
2023-07-17,6.5801,9.88,65.87,72.18,1.37,1.14,7,198,2,-0.4999999999999997,-0.8660254037844388,-0.2636654927280072,-0.9646141756912435,4.1076,6.6778,3.3329,6.091028571428572,6.675303333333333
2023-07-18,7.6721,12.74,51.59,38.85,1.52,0.46,7,199,2,-0.4999999999999997,-0.8660254037844388,-0.2802306751992161,-0.9599326896597445,6.5801,4.1076,6.353,6.554914285714285,6.625783333333333
2023-07-19,6.2246,12.03,52.43,71.96,1.59,3.66,7,200,2,-0.4999999999999997,-0.8660254037844388,-0.2967128192734901,-0.9549667548552553,7.6721,6.5801,6.485,6.7433571428571435,6.607753333333333
2023-07-20,5.953,11.1,63.59,75.98,1.45,4.12,7,201,2,-0.4999999999999997,-0.8660254037844388,-0.3131070409358267,-0.9497178427914317,6.2246,7.6721,7.5809,6.706157142857143,6.516886666666666
2023-07-21,5.1384,9.15,78.13,89.3,1.63,6.16,7,202,2,-0.4999999999999997,-0.8660254037844388,-0.3294084822245302,-0.9441875088341994,5.953,6.2246,8.1,6.473599999999999,6.40996
2023-07-22,5.4766,6.55,81.92,82.79,1.51,2.71,7,203,2,-0.4999999999999997,-0.8660254037844388,-0.3456123126707333,-0.9383773917408642,5.1384,5.953,6.6778,6.050514285714286,6.2728
2023-07-23,5.5682,8.5,72.87,85.81,1.69,0.97,7,204,2,-0.4999999999999997,-0.8660254037844388,-0.3617137307297674,-0.9322892131745134,5.4766,5.1384,4.1076,5.878914285714286,6.147456666666667
2023-07-24,5.7881,10.01,70.19,80.07,1.78,2.58,7,205,2,-0.4999999999999997,-0.8660254037844388,-0.37770796520396466,-0.9259247771938499,5.5682,5.4766,6.5801,6.087571428571429,6.036823333333333
2023-07-25,5.2721,8.76,69.05,80.94,1.35,2.45,7,206,2,-0.4999999999999997,-0.8660254037844388,-0.39359027665646645,-0.9192859697186105,5.7881,5.5682,7.6721,5.974428571428571,5.9317433333333325
2023-07-26,6.0019,9.51,67.9,65.0,1.55,1.62,7,207,2,-0.4999999999999997,-0.8660254037844388,-0.4093559588156211,-0.9123747579707274,5.2721,5.7881,6.2246,5.631571428571428,5.8399133333333335
2023-07-27,5.7991,10.34,64.45,85.02,1.36,4.0,7,208,2,-0.4999999999999997,-0.8660254037844388,-0.42500033996955394,-0.9051931898913975,6.0019,5.2721,5.953,5.599757142857142,5.888816666666667
2023-07-28,5.7545,7.72,71.9,87.7,1.07,1.64,7,209,2,-0.4999999999999997,-0.8660254037844388,-0.4405187843504952,-0.8977433935342336,5.7991,6.0019,5.1384,5.577771428571429,5.8482166666666675
2023-07-29,3.6002,7.81,68.91,74.46,2.21,2.02,7,210,2,-0.4999999999999997,-0.8660254037844388,-0.455906693508459,-0.8900275764346766,5.7545,5.7991,5.4766,5.6657857142857155,5.800986666666668
2023-07-30,6.5314,8.61,63.38,59.44,1.79,0.1,7,211,2,-0.4999999999999997,-0.8660254037844388,-0.47115950767386394,-0.8820480249558535,3.6002,5.7545,5.5682,5.397728571428572,5.736346666666667
2023-07-31,6.4908,9.68,58.27,77.56,1.45,0.0,7,212,2,-0.4999999999999997,-0.8660254037844388,-0.4862727071086902,-0.8738071036110807,6.5314,3.6002,5.7881,5.535328571428572,5.735596666666667
2023-08-01,7.4357,10.91,52.46,57.96,1.43,0.0,8,213,2,-0.8660254037844384,-0.5000000000000004,-0.5012418134457756,-0.8653072543632061,6.4908,6.5314,5.2721,5.635714285714286,5.72494
2023-08-02,6.7459,11.23,54.51,72.59,1.48,0.44,8,214,2,-0.8660254037844384,-0.5000000000000004,-0.5160623910158526,-0.8565509959010037,7.4357,6.4908,6.0019,5.9448,5.739803333333333
2023-08-03,6.1207,10.53,66.39,77.59,1.73,0.68,8,215,2,-0.8660254037844384,-0.5000000000000004,-0.5307300481619331,-0.8475409228928312,6.7459,7.4357,5.7991,6.051085714285714,5.690123333333334
2023-08-04,7.099,10.77,64.29,61.55,1.71,0.4,8,216,2,-0.8660254037844384,-0.5000000000000004,-0.5452404385406507,-0.8382797052177745,6.1207,6.7459,5.7545,6.097028571428571,5.694513333333334
2023-08-05,6.0746,10.45,64.68,85.01,1.85,0.28,8,217,2,-0.8660254037844384,-0.5000000000000004,-0.5595892624101763,-0.828770087174504,7.099,6.1207,3.6002,6.2890999999999995,5.835586666666667
2023-08-06,6.1776,10.97,64.28,81.76,2.31,0.33,8,218,2,-0.8660254037844384,-0.5000000000000004,-0.5737722679043243,-0.8190148866680802,6.0746,7.099,6.5314,6.642585714285714,5.84608
2023-08-07,4.3306,10.09,63.49,83.33,2.48,0.43,8,219,2,-0.8660254037844384,-0.5000000000000004,-0.5877852522924734,-0.8090169943749472,6.1776,6.0746,6.4908,6.592042857142857,5.862616666666666
2023-08-08,7.7458,9.76,54.87,42.0,1.75,0.08,8,220,2,-0.8660254037844384,-0.5000000000000004,-0.6016240632249227,-0.7987793728863648,4.3306,6.1776,7.4357,6.283442857142857,5.899753333333333
2023-08-09,6.9739,10.63,52.9,55.45,1.66,0.0,8,221,2,-0.8660254037844384,-0.5000000000000004,-0.6152845999633277,-0.7883050558305253,7.7458,4.3306,6.7459,6.327742857142858,6.0739399999999995
2023-08-10,5.898,11.54,55.22,59.78,1.7,0.7,8,222,2,-0.8660254037844384,-0.5000000000000004,-0.6287628145958345,-0.7775971469736268,6.9739,7.7458,6.1207,6.360314285714287,6.195306666666667
2023-08-11,7.0553,11.27,59.59,45.45,1.73,2.2,8,223,2,-0.8660254037844384,-0.5000000000000004,-0.6420547132365636,-0.7666588193001592,5.898,6.9739,7.099,6.328499999999999,6.18014
2023-08-12,8.0038,11.71,56.2,42.55,2.13,0.09,8,224,2,-0.8660254037844384,-0.5000000000000004,-0.655156357209085,-0.7554933140726804,7.0553,5.898,6.0746,6.322257142857143,6.19915
2023-08-13,8.0602,11.9,57.49,48.06,2.05,2.4,8,225,2,-0.8660254037844384,-0.5000000000000004,-0.6680638642135333,-0.7441039398713608,8.0038,7.0553,6.1776,6.597857142857143,6.213246666666667
2023-08-14,7.1959,10.11,60.02,75.85,2.67,8.14,8,226,2,-0.8660254037844384,-0.5000000000000004,-0.6807734094770159,-0.7324940716135792,8.0602,8.0038,4.3306,6.8668,6.21192
2023-08-15,6.4822,9.14,57.77,66.08,1.85,1.33,8,227,2,-0.8660254037844384,-0.5000000000000004,-0.6932812268869771,-0.7206671495538615,7.1959,8.0602,7.7458,7.276128571428572,6.229190000000001
2023-08-16,6.3984,9.92,59.39,47.22,1.53,0.1,8,228,2,-0.8660254037844384,-0.5000000000000004,-0.7055836101071774,-0.70862667826446,6.4822,7.1959,6.9739,7.095614285714285,6.308343333333332
2023-08-17,6.8218,9.82,61.83,58.77,1.61,0.21,8,229,2,-0.8660254037844384,-0.5000000000000004,-0.7176769136759615,-0.6963762255968726,6.3984,6.4822,5.898,7.013399999999999,6.302286666666666
2023-08-18,7.4647,9.69,51.7,33.02,1.87,0.44,8,230,2,-0.8660254037844384,-0.5000000000000004,-0.7295575540864876,-0.6839194216246104,6.8218,6.3984,7.0553,7.145371428571429,6.273943333333333
2023-08-19,7.5408,9.76,57.14,38.05,1.48,0.04,8,231,2,-0.8660254037844384,-0.5000000000000004,-0.7412220108485957,-0.6712599575675315,7.4647,6.8218,8.0038,7.203857142857143,6.31528
2023-08-20,6.2429,11.36,52.41,56.03,1.48,0.0,8,232,2,-0.8660254037844384,-0.5000000000000004,-0.7526668275320083,-0.6584015846980489,7.5408,7.4647,8.0602,7.137714285714286,6.368206666666667
2023-08-21,7.5055,12.51,51.35,49.56,1.44,0.0,8,233,2,-0.8660254037844384,-0.5000000000000004,-0.7638886127905429,-0.64534811322955,6.2429,7.5408,7.1959,6.878099999999999,6.405023333333333
2023-08-22,7.3106,12.34,57.09,73.22,1.94,0.04,8,234,2,-0.8660254037844384,-0.5000000000000004,-0.7748840413670406,-0.6321034111873488,7.5055,6.2429,6.4822,6.922328571428571,6.4726533333333345
2023-08-23,7.4868,11.13,57.43,56.5,2.3,0.15,8,235,2,-0.8660254037844384,-0.5000000000000004,-0.7856498550787144,-0.6186714032625032,7.3106,7.5055,6.3984,7.040671428571428,6.530733333333333
2023-08-24,4.5593,8.75,65.24,87.14,2.42,0.84,8,236,2,-0.8660254037844384,-0.5000000000000004,-0.7961828637826154,-0.6050560696488494,7.4868,7.3106,6.8218,7.196157142857143,6.5873566666666665
2023-08-25,4.7302,8.03,61.35,81.07,2.28,0.32,8,237,2,-0.8660254037844384,-0.5000000000000004,-0.8064799463209447,-0.5912614448635782,4.5593,7.4868,7.4647,6.872942857142857,6.563596666666666
2023-08-26,3.3727,7.24,58.8,90.25,2.26,1.0,8,238,2,-0.8660254037844384,-0.5000000000000004,-0.8165380514459157,-0.5772916165517278,4.7302,4.5593,7.5408,6.4822999999999995,6.521206666666667
2023-08-27,5.0033,6.87,56.56,74.04,2.25,0.18,8,239,2,-0.8660254037844384,-0.5000000000000004,-0.8263541987239094,-0.5631507242749187,3.3727,4.7302,6.2429,5.886857142857143,6.4403266666666665
2023-08-28,4.9889,5.05,55.86,71.98,2.14,0.3,8,240,2,-0.8660254037844384,-0.5000000000000004,-0.8359254794186365,-0.5488429582847199,5.0033,3.3727,7.5055,5.709771428571429,6.415286666666666
2023-08-29,7.3913,5.6,44.94,29.57,2.11,0.11,8,241,2,-0.8660254037844384,-0.5000000000000004,-0.8452490573530634,-0.5343725582809785,4.9889,5.0033,7.3106,5.350257142857144,6.461576666666667
2023-08-30,7.8302,7.53,26.37,12.26,1.27,0.0,8,242,2,-0.8660254037844384,-0.5000000000000004,-0.8543221697498269,-0.5197438121555157,7.3913,4.9889,7.4868,5.361785714285714,6.49024
2023-08-31,7.8278,9.34,26.78,12.7,1.61,0.02,8,243,2,-0.8660254037844384,-0.5000000000000004,-0.8631421280499115,-0.5049610547215202,7.8302,7.3913,4.5593,5.410842857142858,6.534886666666666
2023-09-01,7.1825,9.06,42.5,17.13,1.94,2.73,9,244,2,-1.0,-1.8369701987210297e-16,-0.8717063187093217,-0.4900286664290594,7.8278,7.8302,4.7302,5.877771428571428,6.547956666666666
2023-09-02,7.2866,8.22,50.03,19.02,1.94,1.24,9,245,2,-1.0,-1.8369701987210297e-16,-0.8800122039735356,-0.4749510720670502,7.1825,7.8278,3.3727,6.2281,6.56251
2023-09-03,6.5158,6.57,54.0,54.42,2.48,0.66,9,246,2,-1.0,-1.8369701987210297e-16,-0.888057322629493,-0.4597327394521046,7.2866,7.1825,5.0033,6.787228571428572,6.601373333333332
2023-09-04,6.7008,5.97,52.92,44.91,1.86,0.31,9,247,2,-1.0,-1.8369701987210297e-16,-0.8958392907349089,-0.4443781781046134,6.5158,7.2866,4.9889,7.0033,6.581933333333334
2023-09-05,6.2731,5.41,53.81,66.59,2.11,0.82,9,248,2,-1.0,-1.8369701987210297e-16,-0.9033558023246842,-0.4288919379124841,6.7008,6.5158,7.3913,7.247857142857143,6.602806666666666
2023-09-06,5.2114,5.69,46.37,55.72,1.88,0.0,9,249,2,-1.0,-1.8369701987210297e-16,-0.9106046300942162,-0.41327860778290443,6.2731,6.7008,7.8302,7.088114285714285,6.60599
2023-09-07,6.4555,6.43,46.84,30.44,1.49,0.0,9,250,2,-1.0,-1.8369701987210297e-16,-0.9175836260593934,-0.3975428142825566,5.2114,6.2731,7.8278,6.7139999999999995,6.635350000000001
2023-09-08,6.8405,7.12,49.87,19.19,1.6,0.33,9,251,2,-1.0,-1.8369701987210297e-16,-0.9242907221930934,-0.3816892202666586,6.4555,5.2114,7.1825,6.517957142857143,6.592339999999999
2023-09-09,6.1778,7.04,51.21,53.33,1.47,0.27,9,252,2,-1.0,-1.8369701987210297e-16,-0.9307239310379793,-0.3657225234972692,6.8405,6.4555,7.2866,6.469099999999999,6.587893333333333
2023-09-10,6.781,8.32,34.68,22.36,1.45,0.0,9,253,2,-1.0,-1.8369701987210297e-16,-0.9368813462954315,-0.34964745525122826,6.1778,6.8405,6.5158,6.310699999999999,6.597219999999999
2023-09-11,6.9058,9.02,21.27,18.63,1.51,0.0,9,254,2,-1.0,-1.8369701987210297e-16,-0.9427611433904206,-0.33346877891818705,6.781,6.1778,6.7008,6.348585714285714,6.588076666666667
2023-09-12,7.0939,9.82,26.48,16.95,1.77,0.45,9,255,2,-1.0,-1.8369701987210297e-16,-0.9483615800121716,-0.31719128858910595,6.9058,6.781,6.2731,6.377871428571429,6.551476666666667
2023-09-13,7.1035,10.45,44.94,13.25,1.54,0.0,9,256,2,-1.0,-1.8369701987210297e-16,-0.9536809966304455,-0.300819807635668,7.0939,6.9058,5.2114,6.495128571428571,6.519266666666667
2023-09-14,6.8371,9.47,56.87,12.94,2.0,2.39,9,257,2,-1.0,-1.8369701987210297e-16,-0.9587178169872964,-0.2843591872810036,7.1035,7.0939,6.4555,6.765428571428572,6.516186666666666
2023-09-15,5.9117,8.53,60.9,26.27,1.78,1.81,9,258,2,-1.0,-1.8369701987210297e-16,-0.9634705485641486,-0.26781430516217486,6.8371,7.1035,6.8405,6.819942857142857,6.528016666666668
2023-09-16,5.3964,7.86,61.86,48.93,1.69,3.79,9,259,2,-1.0,-1.8369701987210297e-16,-0.9679377830240642,-0.25119006388481957,5.9117,6.8371,6.1778,6.687257142857143,6.511793333333333
2023-09-17,4.9522,7.42,65.02,68.49,1.96,4.09,9,260,2,-1.0,-1.8369701987210297e-16,-0.9721181966290612,-0.23449138957041052,5.3964,5.9117,6.781,6.575628571428571,6.4642800000000005
2023-09-18,5.3837,6.22,65.37,84.9,2.3,6.13,9,261,2,-1.0,-1.8369701987210297e-16,-0.9760105506323682,-0.21772323039653224,4.9522,5.3964,6.9058,6.314371428571428,6.380530000000001
2023-09-19,5.2229,5.65,62.69,58.95,1.8,0.97,9,262,2,-1.0,-1.8369701987210297e-16,-0.9796136916454901,-0.20089055513063528,5.3837,4.9522,7.0939,6.096928571428571,6.308626666666666
2023-09-20,6.1464,5.43,59.64,30.76,2.0,0.08,9,263,2,-1.0,-1.8369701987210297e-16,-0.9829265519799822,-0.18399835165767986,5.2229,5.3837,7.1035,5.829642857142858,6.274626666666666
2023-09-21,6.1171,4.02,60.69,28.34,2.32,2.02,9,264,2,-1.0,-1.8369701987210297e-16,-0.9859481499638303,-0.1670516255021195,6.1464,5.2229,6.8371,5.692914285714287,6.229323333333332
2023-09-22,5.0357,2.87,63.35,46.97,2.73,1.01,9,265,2,-1.0,-1.8369701987210297e-16,-0.9886775902323404,-0.15005539834465262,6.1171,6.1464,5.9117,5.590057142857142,6.189539999999999
2023-09-23,5.6095,2.19,60.92,50.53,2.63,0.2,9,266,2,-1.0,-1.8369701987210297e-16,-0.9911140639934546,-0.13301470653419636,5.0357,6.1171,5.3964,5.464914285714286,6.1078366666666675
2023-09-24,4.7462,1.55,54.46,71.04,2.66,0.95,9,267,2,-1.0,-1.8369701987210297e-16,-0.9932568492674143,-0.11593459959550066,5.6095,5.0357,4.9522,5.495357142857143,6.142843333333333
2023-09-25,3.3744,0.29,58.51,78.98,2.52,0.68,9,268,2,-1.0,-1.8369701987210297e-16,-0.9951053111006974,-0.09882013873287211,4.7462,5.6095,5.3837,5.465928571428571,6.143376666666667
2023-09-26,5.299,0.79,51.29,25.78,2.34,0.01,9,269,2,-1.0,-1.8369701987210297e-16,-0.99665890175417,-0.08167639533042288,3.3744,4.7462,5.2229,5.178885714285714,6.143433333333333
2023-09-27,5.6609,1.16,40.25,20.57,2.06,0.0,9,270,2,-1.0,-1.8369701987210297e-16,-0.9979171608653922,-0.06450844944931625,5.299,3.3744,6.1464,5.189757142857142,6.15329
2023-09-28,6.0888,1.4,39.55,22.06,2.3,0.0,9,271,2,-1.0,-1.8369701987210297e-16,-0.9988797155850335,-0.04732138832243232,5.6609,5.299,6.1171,5.120399999999999,6.17569
2023-09-29,5.7878,0.37,46.56,24.46,2.64,0.02,9,272,2,-1.0,-1.8369701987210297e-16,-0.9995462806873573,-0.03012030484690836,6.0888,5.6609,5.0357,5.116357142857143,6.132273333333333
2023-09-30,5.3148,0.18,53.59,66.41,2.52,2.57,9,273,2,-1.0,-1.8369701987210297e-16,-0.9999166586547379,-0.012910296075008843,5.7878,6.0888,5.6095,5.2238,6.064193333333334
2023-10-01,3.7596,0.8,58.47,45.27,2.03,0.04,10,274,3,-0.8660254037844386,0.5000000000000001,-0.9999907397361901,0.004303538296243821,5.3148,5.7878,4.7462,5.1817,5.980426666666667
2023-10-02,3.7421,0.71,58.96,69.11,2.53,2.82,10,275,3,-0.8660254037844386,0.5000000000000001,-0.9997685019798909,0.021516097436222233,3.7596,5.3148,3.3744,5.040757142857143,5.8663300000000005
2023-10-03,4.5792,0.4,50.41,61.29,2.03,0.02,10,276,3,-0.8660254037844386,0.5000000000000001,-0.9992500112396835,0.03872228089217399,3.7421,3.7596,5.299,5.093285714285714,5.7481800000000005
2023-10-04,4.9802,0.16,45.58,36.82,2.0,0.0,10,277,3,-0.8660254037844386,0.5000000000000001,-0.9984354211555643,0.05591699010060302,4.5792,3.7421,5.6609,4.990457142857143,5.683626666666667
2023-10-05,5.9868,2.15,39.3,32.23,1.58,0.0,10,278,3,-0.8660254037844386,0.5000000000000001,-0.9973249731081555,0.07309512989807776,4.9802,4.5792,6.0888,4.8932142857142855,5.626273333333334
2023-10-06,5.8051,2.73,39.07,31.29,2.45,0.0,10,279,3,-0.8660254037844386,0.5000000000000001,-0.9959189961471792,0.0902516100310407,5.9868,4.9802,5.7878,4.878642857142857,5.6167300000000004
2023-10-07,3.803,0.7,53.43,63.97,2.1,0.0,10,280,3,-0.8660254037844386,0.5000000000000001,-0.994217906893952,0.10738134666416306,5.8051,5.9868,5.3148,4.881114285714285,5.63652
2023-10-08,5.0585,0.83,52.43,37.19,2.14,0.0,10,281,3,-0.8660254037844386,0.5000000000000001,-0.9922222094179324,0.12447926388678869,3.803,5.8051,3.7596,4.665142857142857,5.548103333333334
2023-10-09,5.0743,-0.16,52.14,60.73,2.61,1.73,10,282,3,-0.8660254037844386,0.5000000000000001,-0.989932495087353,0.141540295217043,5.0585,3.803,3.7421,4.850700000000001,5.4887033333333335
2023-10-10,2.2999,-2.59,58.9,73.15,2.04,3.65,10,283,3,-0.8660254037844386,0.5000000000000001,-0.9873494423939864,0.15855938510313475,5.0743,5.0585,4.5792,5.041014285714285,5.45192
2023-10-11,5.2109,-1.44,39.0,23.56,1.31,0.0,10,284,3,-0.8660254037844386,0.5000000000000001,-0.9844738167520923,0.17553149042142777,2.2999,5.0743,4.9802,4.7154,5.30255
2023-10-12,5.2267,0.13,25.53,25.71,1.22,0.0,10,285,3,-0.8660254037844386,0.5000000000000001,-0.9813064702716093,0.19245158197082995,5.2109,2.2999,5.9868,4.748357142857143,5.246053333333333
2023-10-13,4.7623,-0.17,42.06,33.03,1.63,0.16,10,286,3,-0.8660254037844386,0.5000000000000001,-0.9778483415056567,0.20931464596304888,5.2267,5.2109,5.8051,4.639771428571429,5.183813333333333
2023-10-14,3.3,-1.91,64.51,85.17,2.25,1.66,10,287,3,-0.8660254037844386,0.5000000000000001,-0.9741004551724206,0.22611568550828803,4.7623,5.2267,3.803,4.4908,5.1057733333333335
2023-10-15,2.365,-2.54,62.21,95.49,2.58,0.53,10,288,3,-0.8660254037844386,0.5000000000000001,-0.970063921851507,0.2428497220959358,3.3,4.7623,5.0585,4.4189428571428575,4.98787
2023-10-16,1.9661,-4.16,64.86,94.19,1.45,6.73,10,289,3,-0.8660254037844386,0.5000000000000001,-0.965739937654855,0.25951179706979943,2.365,3.3,5.0743,4.0341571428571426,4.869646666666666
2023-10-17,3.3869,-6.58,64.65,78.9,1.78,8.65,10,290,3,-0.8660254037844386,0.5000000000000001,-0.9611297838723007,0.27609697309746883,1.9661,2.365,2.2999,3.5901285714285716,4.755303333333333
2023-10-18,2.6998,-6.91,66.54,43.99,1.17,0.67,10,291,3,-0.8660254037844386,0.5000000000000001,-0.9562348265919058,0.2926003356333479,3.3869,1.9661,5.2109,3.745414285714286,4.703126666666666
2023-10-19,3.457,-5.39,56.79,35.8,1.15,0.0,10,292,3,-0.8660254037844386,0.5000000000000001,-0.9510565162951536,0.30901699437494723,2.6998,3.3869,5.2267,3.3866857142857145,4.613663333333334
2023-10-20,4.0606,-4.63,55.15,45.67,1.36,0.0,10,293,3,-0.8660254037844386,0.5000000000000001,-0.9455963874271428,0.3253420847119795,3.457,2.6998,4.7623,3.133871428571428,4.5548
2023-10-21,4.2881,-3.5,57.7,37.64,1.42,0.0,10,294,3,-0.8660254037844386,0.5000000000000001,-0.9398560579418953,0.341570769167856,4.0606,3.457,3.3,3.0336285714285713,4.485273333333334
2023-10-22,3.1507,-3.58,57.61,66.77,1.6,0.03,10,295,3,-0.8660254037844386,0.5000000000000001,-0.9338372288229252,0.35769823883312546,4.2881,4.0606,2.365,3.1747857142857145,4.424306666666667
2023-10-23,3.2621,-3.75,57.83,28.6,0.93,0.03,10,296,3,-0.8660254037844386,0.5000000000000001,-0.9275416835791965,0.3737197147904692,3.1507,4.2881,1.9661,3.2870285714285714,4.3614733333333335
2023-10-24,3.5273,-3.83,56.76,46.37,1.21,0.0,10,297,3,-0.8660254037844386,0.5000000000000001,-0.9209712877166347,0.38963044953078774,3.2621,3.1507,3.3869,3.4721714285714285,4.283226666666667
2023-10-25,3.8909,-2.66,50.31,32.8,1.57,0.0,10,298,3,-0.8660254037844386,0.5000000000000001,-0.9141279881853337,0.4054257283599973,3.5273,3.2621,2.6998,3.492228571428572,4.242596666666667
2023-10-26,4.5216,-2.73,40.97,27.08,1.17,0.0,10,299,3,-0.8660254037844386,0.5000000000000001,-0.9070138128026362,0.42110087079608916,3.8909,3.5273,3.457,3.662385714285714,4.259813333333333
2023-10-27,3.7747,-2.23,38.9,42.1,1.32,0.0,10,300,3,-0.8660254037844386,0.5000000000000001,-0.8996308696522434,0.4366512319560638,4.5216,3.8909,4.0606,3.814471428571429,4.2339
2023-10-28,4.159,-2.41,47.12,33.07,1.07,0.0,10,301,3,-0.8660254037844386,0.5000000000000001,-0.8919813464595487,0.45207220393230374,3.7747,4.5216,4.2881,3.7736285714285716,4.171026666666666
2023-10-29,4.1054,-1.87,35.98,49.94,0.88,0.0,10,302,3,-0.8660254037844386,0.5000000000000001,-0.8840675099433637,0.46735921715800205,4.159,3.7747,3.1507,3.7551857142857146,4.1067
2023-10-30,4.7635,-1.21,31.05,31.0,0.9,0.0,10,303,3,-0.8660254037844386,0.5000000000000001,-0.8758917051442433,0.48250774176121763,4.1054,4.159,3.2621,3.8915714285714285,4.050619999999999
2023-10-31,4.7568,-1.55,46.24,23.47,1.27,0.0,10,304,3,-0.8660254037844386,0.5000000000000001,-0.8674563547295971,0.4975132889071803,4.7635,4.1054,3.5273,4.106057142857143,4.032243333333334
2023-11-01,3.9602,-2.04,59.37,66.93,1.99,0.0,11,305,3,-0.5000000000000004,0.8660254037844384,-0.858763958275803,0.5123714121284235,4.7568,4.7635,3.8909,4.2817,4.065483333333334
2023-11-02,2.9424,-3.45,56.57,85.91,2.18,0.1,11,306,3,-0.5000000000000004,0.8660254037844384,-0.8498170915275277,0.5270777086423724,3.9602,4.7568,4.5216,4.2916,4.072753333333334
2023-11-03,3.1841,-5.06,59.17,54.08,1.83,0.21,11,307,3,-0.5000000000000004,0.8660254037844384,-0.8406184056344783,0.5416278206559811,2.9424,3.9602,3.7747,4.066,4.0181933333333335
2023-11-04,4.5391,-4.36,38.47,25.83,0.77,0.0,11,308,3,-0.5000000000000004,0.8660254037844384,-0.8311706263658079,0.5560174366570446,3.1841,2.9424,4.159,3.9816285714285713,3.958323333333333
2023-11-05,4.5,-3.22,29.83,25.22,1.27,0.0,11,309,3,-0.5000000000000004,0.8660254037844384,-0.8214765533024145,0.5702422926917867,4.5391,3.1841,4.1054,4.035928571428571,3.910066666666667
2023-11-06,4.0406,-3.77,44.2,51.55,1.3,0.0,11,310,3,-0.5000000000000004,0.8660254037844384,-0.8115390590073611,0.5842981736283683,4.5,4.5391,4.7635,4.0923,3.866563333333333
2023-11-07,4.1765,-3.42,43.76,47.87,1.01,0.0,11,311,3,-0.5000000000000004,0.8660254037844384,-0.801361088174677,0.5981809144059159,4.0406,4.5,4.7568,3.989028571428572,3.874483333333333
2023-11-08,3.6022,-4.01,52.8,69.62,1.07,0.0,11,312,3,-0.5000000000000004,0.8660254037844384,-0.7909456567567774,0.6118864012687242,4.1765,4.0406,3.9602,3.9061285714285714,3.8450833333333336
2023-11-09,3.2088,-4.37,59.18,76.22,1.76,3.51,11,313,3,-0.5000000000000004,0.8660254037844384,-0.780295851070776,0.6254105729852457,3.6022,4.1765,2.9424,3.8549857142857147,3.7960133333333332
2023-11-10,2.425,-6.69,64.57,86.28,1.86,13.38,11,314,3,-0.5000000000000004,0.8660254037844384,-0.7694148268839381,0.6387494220515268,3.2088,3.6022,3.1841,3.893042857142857,3.82631
2023-11-11,4.26,-10.11,60.96,39.28,1.04,0.08,11,315,3,-0.5000000000000004,0.8660254037844384,-0.7583058084785625,0.6518989958787125,2.425,3.2088,4.5391,3.7846,3.7334466666666666
2023-11-12,4.0793,-9.55,50.33,38.2,1.61,0.06,11,316,3,-0.5000000000000004,0.8660254037844384,-0.7469720876965551,0.6648553979642866,4.26,2.425,4.5,3.7447285714285714,3.701223333333333
2023-11-13,3.3125,-9.03,60.62,59.23,1.81,0.0,11,317,3,-0.5000000000000004,0.8660254037844384,-0.7354170229639858,0.6776147890466887,4.0793,4.26,4.0406,3.6846285714285716,3.678456666666667
2023-11-14,3.4378,-9.56,63.32,31.8,1.57,0.0,11,318,3,-0.5000000000000004,0.8660254037844384,-0.7236440382959124,0.690173388242972,3.3125,4.0793,4.1765,3.5806142857142857,3.6788733333333337
2023-11-15,4.0925,-8.63,53.21,24.54,1.06,0.0,11,319,3,-0.5000000000000004,0.8660254037844384,-0.711656622281775,0.7025274741691566,3.4378,3.3125,3.6022,3.475085714285714,3.714633333333333
2023-11-16,4.0267,-7.31,41.31,32.55,1.07,0.0,11,320,3,-0.5000000000000004,0.8660254037844384,-0.6994583270516471,0.7146733860429608,4.0925,3.4378,3.2088,3.545128571428571,3.7855133333333333
2023-11-17,4.0692,-6.61,38.57,22.5,1.04,0.0,11,321,3,-0.5000000000000004,0.8660254037844384,-0.6870527672236675,0.7266075247685652,4.0267,4.0925,2.425,3.661971428571429,3.8068400000000002
2023-11-18,3.8165,-6.33,41.65,45.16,1.07,0.0,11,322,3,-0.5000000000000004,0.8660254037844384,-0.6744436188329457,0.7383263540031063,4.0692,4.0267,4.26,3.8968571428571432,3.8524866666666666
2023-11-19,2.9978,-5.87,45.02,48.69,1.63,0.0,11,323,3,-0.5000000000000004,0.8660254037844384,-0.661634618242279,0.749826401204568,3.8165,4.0692,4.0793,3.8335,3.86447
2023-11-20,3.1104,-7.23,50.93,37.25,1.0,0.0,11,324,3,-0.5000000000000004,0.8660254037844384,-0.6486295610349818,0.7611042586607742,2.9978,3.8165,3.3125,3.679,3.8290433333333334
2023-11-21,4.1179,-6.69,41.04,17.85,0.84,0.0,11,325,3,-0.5000000000000004,0.8660254037844384,-0.6354323008901775,0.7721565844991641,3.1104,2.9978,3.4378,3.650128571428571,3.7897866666666666
2023-11-22,3.9254,-5.68,34.65,20.18,1.19,0.0,11,326,3,-0.5000000000000004,0.8660254037844384,-0.622046748440868,0.7829801036770624,4.1179,3.1104,4.0925,3.7472857142857143,3.822026666666667
2023-11-23,3.2947,-6.59,44.65,45.53,2.36,0.0,11,327,3,-0.5000000000000004,0.8660254037844384,-0.6084768701151264,0.7935716089521472,3.9254,4.1179,4.0267,3.723414285714285,3.8441366666666665
2023-11-24,3.6809,-8.66,51.29,37.25,1.3,0.0,11,328,3,-0.5000000000000004,0.8660254037844384,-0.594726686960764,0.8039279618328208,3.2947,3.9254,4.0692,3.6188428571428575,3.836383333333333
2023-11-25,3.5669,-7.8,37.54,51.29,0.92,0.0,11,329,3,-0.5000000000000004,0.8660254037844384,-0.5808002734538013,0.8140460935082175,3.6809,3.2947,3.8165,3.563371428571428,3.8293833333333334
2023-11-26,3.2551,-6.23,45.97,61.66,0.94,0.0,11,330,3,-0.5000000000000004,0.8660254037844384,-0.5667017562911184,0.8239230057575536,3.5669,3.6809,2.9978,3.5277142857142856,3.79756
2023-11-27,1.4825,-6.05,71.91,94.59,1.1,0.05,11,331,3,-0.5000000000000004,0.8660254037844384,-0.5524353131676203,0.8335557718385695,3.2551,3.5669,3.1104,3.5644714285714287,3.78024
2023-11-28,2.5529,-6.48,71.15,80.1,1.26,0.09,11,332,3,-0.5000000000000004,0.8660254037844384,-0.5380051715382992,0.8429415373547832,1.4825,3.2551,4.1179,3.331914285714286,3.6910233333333333
2023-11-29,2.8903,-7.16,61.85,68.06,0.81,0.01,11,333,3,-0.5000000000000004,0.8660254037844384,-0.5234156073655503,0.8520775211013093,2.5529,1.4825,3.9254,3.1083428571428575,3.6392733333333336
2023-11-30,2.5438,-6.51,61.99,90.36,1.24,3.15,11,334,3,-0.5000000000000004,0.8660254037844384,-0.5086709438521042,0.8609610158889945,2.8903,2.5529,3.2947,2.960471428571428,3.576833333333333
2023-12-01,3.0283,-8.52,62.9,73.77,1.75,3.21,12,335,0,-2.4492935982947064e-16,1.0,-0.49377555015997737,0.8695893893466109,2.5438,2.8903,3.6809,2.8532,3.5030666666666668
2023-12-02,3.569,-9.72,56.83,47.39,1.13,0.07,12,336,0,-2.4492935982947064e-16,1.0,-0.4787338401157883,0.8779600847008883,3.0283,2.5438,3.5669,2.7599714285714283,3.4720033333333333
2023-12-03,3.2023,-10.52,56.89,54.62,1.23,0.0,12,337,0,-2.4492935982947064e-16,1.0,-0.4635502709028512,0.8860706215341378,3.569,3.0283,3.2551,2.7602714285714285,3.4928900000000005
2023-12-04,3.659,-10.47,55.34,29.74,1.23,0.01,12,338,0,-2.4492935982947064e-16,1.0,-0.4482293417404106,0.893918596519257,3.2023,3.569,1.4825,2.752728571428572,3.4934966666666667
2023-12-05,3.8294,-11.24,35.79,22.57,1.52,0.0,12,339,0,-2.4492935982947064e-16,1.0,-0.4327755925504317,0.9015016841318838,3.659,3.2023,2.5529,3.0636571428571426,3.46416
2023-12-06,3.8045,-10.58,30.79,25.69,1.03,0.0,12,340,0,-2.4492935982947064e-16,1.0,-0.41719360261231697,0.9088176373395028,3.8294,3.659,2.8903,3.2460142857142853,3.4418066666666665
2023-12-07,3.9108,-10.01,29.6,24.03,0.9,0.0,12,341,0,-2.4492935982947064e-16,1.0,-0.4014879892059737,0.9158642882672868,3.8045,3.8294,2.5438,3.376614285714286,3.433936666666667
2023-12-08,3.7008,-11.22,44.61,51.58,2.04,0.0,12,342,0,-2.4492935982947064e-16,1.0,-0.38566340624360745,0.9226395488404875,3.9108,3.8045,3.0283,3.5719000000000003,3.42508
2023-12-09,3.6626,-12.98,65.02,31.98,1.95,0.0,12,343,0,-2.4492935982947064e-16,1.0,-0.3697245428906732,0.9291414114031743,3.7008,3.9108,3.569,3.667971428571428,3.428366666666667
2023-12-10,3.7334,-13.05,57.19,30.12,1.66,0.0,12,344,0,-2.4492935982947064e-16,1.0,-0.35367612217637207,0.935367949313148,3.6626,3.7008,3.2023,3.6813428571428575,3.4434933333333335
2023-12-11,3.415,-12.91,47.37,75.61,1.77,0.01,12,345,0,-2.4492935982947064e-16,1.0,-0.33752289959411347,0.941317317512847,3.7334,3.6626,3.659,3.757214285714286,3.4871066666666666
2023-12-12,2.5752,-14.34,68.04,82.09,1.95,0.37,12,346,0,-2.4492935982947064e-16,1.0,-0.32126966169236515,0.9469877530760751,3.415,3.7334,3.8294,3.7223571428571427,3.45894
2023-12-13,3.5575,-15.09,72.11,41.28,2.94,0.0,12,347,0,-2.4492935982947064e-16,1.0,-0.3049212246562894,0.9523775757303973,2.5752,3.415,3.8045,3.543185714285715,3.408803333333333
2023-12-14,3.0389,-11.29,61.41,47.3,1.7,0.0,12,348,0,-2.4492935982947064e-16,1.0,-0.2884824328806098,0.9574851883550389,3.5575,2.5752,3.9108,3.5079,3.41697
2023-12-15,3.5465,-10.55,47.58,36.46,2.6,0.0,12,349,0,-2.4492935982947064e-16,1.0,-0.27195815753410524,0.9623090774541487,3.0389,3.5575,3.7008,3.3833428571428574,3.4036733333333333
2023-12-16,3.593,-11.62,42.05,55.86,2.54,0.0,12,350,0,-2.4492935982947064e-16,1.0,-0.2553532951161881,0.9668478136052773,3.5465,3.0389,3.6626,3.3613,3.385473333333333
2023-12-17,2.7398,-12.92,58.91,78.01,1.88,0.0,12,351,0,-2.4492935982947064e-16,1.0,-0.23867276600594997,0.9711000518829505,3.593,3.5465,3.7334,3.3513571428571427,3.3710166666666668
2023-12-18,3.6175,-13.87,60.4,29.91,1.01,0.0,12,352,0,-2.4492935982947064e-16,1.0,-0.22192151300416674,0.9750645322571945,2.7398,3.593,3.415,3.2094142857142858,3.3267033333333336
2023-12-19,3.743,-12.64,41.76,26.56,1.42,0.0,12,353,0,-2.4492935982947064e-16,1.0,-0.20510449986861926,0.9787400799669153,3.6175,2.7398,2.5752,3.2383428571428574,3.32007
2023-12-20,3.5186,-9.15,35.06,62.61,1.54,0.0,12,354,0,-2.4492935982947064e-16,1.0,-0.1882267098432439,0.9821256058680006,3.743,3.6175,3.5575,3.4051714285714283,3.34491
2023-12-21,3.6338,-7.4,34.97,33.3,1.38,0.0,12,355,0,-2.4492935982947064e-16,1.0,-0.1712931441814778,0.9852201067560606,3.5186,3.743,3.0389,3.3996142857142857,3.3585166666666666
2023-12-22,3.6442,-7.77,34.62,48.88,0.89,0.0,12,356,0,-2.4492935982947064e-16,1.0,-0.154308820664281,0.9880226656636976,3.6338,3.5186,3.5465,3.4846,3.34238
2023-12-23,2.6268,-7.89,55.66,75.55,1.36,0.0,12,357,0,-2.4492935982947064e-16,1.0,-0.13727877211326517,0.9905324521322227,3.6442,3.6338,3.593,3.4985571428571434,3.333006666666667
2023-12-24,2.8207,-8.94,70.58,64.17,1.38,0.0,12,358,0,-2.4492935982947064e-16,1.0,-0.12020804489935275,0.9927487224577402,2.6268,3.6442,2.7398,3.3605285714285715,3.310743333333334
2023-12-25,3.5902,-9.2,63.13,37.54,1.19,0.0,12,359,0,-2.4492935982947064e-16,1.0,-0.10310169744743544,0.9946708199115211,2.8207,2.6268,3.6175,3.372085714285714,3.2820699999999996
2023-12-26,3.6336,-10.69,49.62,30.37,2.11,0.0,12,360,0,-2.4492935982947064e-16,1.0,-0.0859647987374467,0.9962981749346077,3.5902,2.8207,3.743,3.368185714285714,3.2828466666666665
2023-12-27,3.7037,-11.27,57.39,21.11,2.16,0.0,12,361,0,-2.4492935982947064e-16,1.0,-0.06880242680232064,0.9976303053065857,3.6336,3.5902,3.5186,3.352557142857143,3.295463333333333
2023-12-28,3.7874,-9.64,43.14,19.12,0.92,0.0,12,362,0,-2.4492935982947064e-16,1.0,-0.05161966722325418,0.9986668162884759,3.7037,3.6336,3.6338,3.3790000000000004,3.3695033333333333
2023-12-29,3.8333,-9.65,35.13,23.89,1.69,0.0,12,363,0,-2.4492935982947064e-16,1.0,-0.034421611622745804,0.9994074007397048,3.7874,3.7037,3.6442,3.4009428571428573,3.4106533333333333
2023-12-30,2.8718,-11.07,52.7,76.9,1.85,0.0,12,364,0,-2.4492935982947064e-16,1.0,-0.01721335615583528,0.9998518392091162,3.8333,3.7874,2.6268,3.4279571428571427,3.442086666666667
2023-12-31,3.0559,-10.21,53.84,68.21,1.34,0.0,12,365,0,-2.4492935982947064e-16,1.0,6.432490598706546e-16,1.0,2.8718,3.8333,2.8207,3.462957142857143,3.45302
