Date,Solar_Irradiance_MJ_m2,Temperature_C,Relative_Humidity_pct,Cloud_Fraction,Wind_Speed_ms,Precipitation_mm,Month,Day_of_Year,Season,Month_sin,Month_cos,DOY_sin,DOY_cos,Solar_Lag_1,Solar_Lag_2,Solar_Lag_7,Solar_Roll7,Solar_Roll30
2019-01-31,5.4168,23.24,30.24,10.84,1.87,0.0,1,31,0,0.49999999999999994,0.8660254037844387,0.5086709438521044,0.8609610158889943,5.5368,5.4478,5.2718,5.136685714285714,4.921283333333333
2019-02-01,5.1943,24.09,33.9,9.67,2.1,0.0,2,32,0,0.8660254037844386,0.5000000000000001,0.5234156073655503,0.8520775211013093,5.4168,5.5368,5.1415,5.1574,4.940329999999999
2019-02-02,4.885,24.39,34.29,16.14,2.08,0.0,2,33,0,0.8660254037844386,0.5000000000000001,0.5380051715382996,0.8429415373547828,5.1943,5.4168,4.5691,5.164942857142857,4.9504166666666665
2019-02-03,4.6658,25.73,37.16,17.3,1.87,0.0,2,34,0,0.8660254037844386,0.5000000000000001,0.5524353131676196,0.8335557718385699,4.885,5.1943,4.7604,5.210071428571429,4.948323333333334
2019-02-04,4.6046,26.79,41.78,69.11,2.92,0.0,2,35,0,0.8660254037844386,0.5000000000000001,0.5667017562911176,0.8239230057575542,4.6658,4.885,5.2294,5.196557142857143,4.940746666666667
2019-02-05,4.937,26.63,43.3,13.4,1.69,0.09,2,36,0,0.8660254037844386,0.5000000000000001,0.5808002734538009,0.8140460935082178,4.6046,4.6658,5.4478,5.1073,4.93649
2019-02-06,5.2733,24.19,50.15,9.84,2.11,0.04,2,37,0,0.8660254037844386,0.5000000000000001,0.5947266869607634,0.8039279618328213,4.937,4.6046,5.5368,5.0343285714285715,4.938296666666667
2019-02-07,5.3743,21.52,63.45,20.89,2.86,0.04,2,38,0,0.8660254037844386,0.5000000000000001,0.6084768701151261,0.7935716089521474,5.2733,4.937,5.4168,4.9966857142857135,4.94748
2019-02-08,5.6846,19.61,51.86,23.31,2.82,0.0,2,39,0,0.8660254037844386,0.5000000000000001,0.6220467484408675,0.7829801036770629,5.3743,5.2733,5.1943,4.990614285714286,4.96284
2019-02-09,6.0478,20.96,27.79,14.46,2.37,0.0,2,40,0,0.8660254037844386,0.5000000000000001,0.6354323008901774,0.7721565844991642,5.6846,5.3743,4.885,5.060657142857143,4.98755
2019-02-10,6.0636,23.09,19.49,10.97,3.13,0.0,2,41,0,0.8660254037844386,0.5000000000000001,0.6486295610349814,0.7611042586607747,6.0478,5.6846,4.6658,5.2267714285714275,5.027616666666668
2019-02-11,5.9333,25.33,24.25,8.06,2.04,0.0,2,42,0,0.8660254037844386,0.5000000000000001,0.6616346182422783,0.7498264012045686,6.0636,6.0478,4.6046,5.426457142857143,5.070729999999999
2019-02-12,5.3436,28.03,27.98,11.57,2.26,0.0,2,43,0,0.8660254037844386,0.5000000000000001,0.6744436188329455,0.7383263540031065,5.9333,6.0636,4.937,5.616271428571429,5.106459999999999
2019-02-13,4.8698,28.18,37.01,34.39,1.89,0.0,2,44,0,0.8660254037844386,0.5000000000000001,0.6870527672236669,0.7266075247685656,5.3436,5.9333,5.2733,5.674357142857143,5.121596666666666
2019-02-14,5.4264,26.54,42.92,16.3,2.26,0.0,2,45,0,0.8660254037844386,0.5000000000000001,0.699458327051647,0.7146733860429609,4.8698,5.3436,5.3743,5.616714285714286,5.127683333333334
2019-02-15,5.9477,24.77,51.02,9.36,2.04,0.0,2,46,0,0.8660254037844386,0.5000000000000001,0.7116566222817746,0.7025274741691571,5.4264,4.8698,5.6846,5.624157142857143,5.162059999999999
2019-02-16,6.0506,23.98,45.52,9.55,2.23,0.0,2,47,0,0.8660254037844386,0.5000000000000001,0.7236440382959124,0.6901733882429719,5.9477,5.4264,6.0478,5.6617428571428565,5.204813333333333
2019-02-17,6.0238,24.18,33.34,10.43,1.97,0.0,2,48,0,0.8660254037844386,0.5000000000000001,0.7354170229639855,0.6776147890466889,6.0506,5.9477,6.0636,5.662142857142858,5.243603333333334
2019-02-18,6.0842,25.14,35.45,9.42,1.95,0.0,2,49,0,0.8660254037844386,0.5000000000000001,0.7469720876965552,0.6648553979642865,6.0238,6.0506,5.9333,5.6564571428571435,5.273269999999999
2019-02-19,6.0977,26.25,37.61,8.99,2.03,0.0,2,50,0,0.8660254037844386,0.5000000000000001,0.7583058084785624,0.6518989958787126,6.0842,6.0238,5.3436,5.678014285714285,5.311676666666667
2019-02-20,5.7454,26.8,43.06,8.19,2.2,0.09,2,51,0,0.8660254037844386,0.5000000000000001,0.7694148268839378,0.6387494220515272,6.0977,6.0842,4.8698,5.785742857142857,5.355716666666667
2019-02-21,5.6448,26.03,60.73,8.38,2.01,0.0,2,52,0,0.8660254037844386,0.5000000000000001,0.7802958510707755,0.6254105729852464,5.7454,6.0977,5.4264,5.9108285714285715,5.384533333333334
2019-02-22,5.7677,27.51,48.11,10.56,2.46,0.0,2,53,0,0.8660254037844386,0.5000000000000001,0.7909456567567772,0.6118864012687243,5.6448,5.7454,5.9477,5.942028571428572,5.414446666666667
2019-02-23,6.0422,29.41,31.43,8.8,2.65,0.0,2,54,0,0.8660254037844386,0.5000000000000001,0.8013610881746766,0.5981809144059165,5.7677,5.6448,6.0506,5.916314285714286,5.434629999999999
2019-02-24,6.0518,28.33,24.77,21.08,2.51,0.0,2,55,0,0.8660254037844386,0.5000000000000001,0.8115390590073611,0.5842981736283683,6.0422,5.7677,6.0238,5.915114285714286,5.460310000000001
2019-02-25,6.2371,27.02,35.84,18.23,2.47,0.0,2,56,0,0.8660254037844386,0.5000000000000001,0.8214765533024142,0.5702422926917871,6.0518,6.0422,6.0842,5.919114285714286,5.4906533333333325
2019-02-26,6.1495,25.56,49.45,35.24,2.48,0.0,2,57,0,0.8660254037844386,0.5000000000000001,0.8311706263658079,0.5560174366570446,6.2371,6.0518,6.0977,5.940957142857143,5.546253333333334
2019-02-27,5.9861,24.61,58.79,50.3,2.33,0.0,2,58,0,0.8660254037844386,0.5000000000000001,0.8406184056344782,0.5416278206559814,6.1495,6.2371,5.7454,5.948357142857142,5.592556666666667
2019-02-28,6.491,25.03,43.29,10.57,2.05,0.0,2,59,0,0.8660254037844386,0.5000000000000001,0.8498170915275278,0.5270777086423722,5.9861,6.1495,5.6448,5.982742857142857,5.61778
2019-03-01,6.4692,25.92,28.96,8.02,1.92,0.0,3,60,1,1.0,6.123233995736766e-17,0.8587639582758029,0.5123714121284237,6.491,5.9861,5.7677,6.103628571428571,5.6525533333333335
2019-03-02,6.3818,26.61,47.38,8.69,2.5,0.01,3,61,1,1.0,6.123233995736766e-17,0.8674563547295969,0.49751328890718066,6.4692,6.491,6.0422,6.203842857142857,5.683633333333334
2019-03-03,6.3257,25.47,65.57,13.34,2.05,0.04,3,62,1,1.0,6.123233995736766e-17,0.8758917051442429,0.48250774176121847,6.3818,6.4692,6.0518,6.252357142857143,5.715800000000001
2019-03-04,6.0384,25.13,69.31,22.89,2.25,0.15,3,63,1,1.0,6.123233995736766e-17,0.8840675099433636,0.4673592171580022,6.3257,6.3818,6.2371,6.291485714285714,5.753513333333333
2019-03-05,6.3914,25.39,61.08,14.07,2.0,0.0,3,64,1,1.0,6.123233995736766e-17,0.8919813464595485,0.45207220393230435,6.0384,6.3257,6.1495,6.2631000000000006,5.7919599999999996
2019-03-06,6.6914,24.45,52.92,9.5,2.35,0.0,3,65,1,1.0,6.123233995736766e-17,0.8996308696522433,0.43665123195606403,6.3914,6.0384,5.9861,6.297657142857142,5.84948
2019-03-07,6.7195,25.54,50.12,8.94,2.42,0.0,3,66,1,1.0,6.123233995736766e-17,0.9070138128026359,0.4211008707960896,6.6914,6.3914,6.491,6.398414285714286,5.91904
2019-03-08,6.4056,26.96,39.9,8.29,2.32,0.0,3,67,1,1.0,6.123233995736766e-17,0.9141279881853337,0.40542572835999735,6.7195,6.6914,6.4692,6.431057142857142,5.978456666666667
2019-03-09,6.4795,27.64,37.07,10.51,2.32,0.04,3,68,1,1.0,6.123233995736766e-17,0.9209712877166346,0.38963044953078796,6.4056,6.7195,6.3818,6.421971428571429,6.0162
2019-03-10,6.6802,28.04,33.7,11.42,2.29,0.0,3,69,1,1.0,6.123233995736766e-17,0.9275416835791966,0.37371971479046906,6.4795,6.4056,6.3257,6.435928571428571,6.05304
2019-03-11,6.5374,26.08,53.63,14.94,2.41,0.01,3,70,1,1.0,6.123233995736766e-17,0.9338372288229252,0.35769823883312546,6.6802,6.4795,6.0384,6.486571428571429,6.086226666666667
2019-03-12,6.5306,26.44,52.21,15.13,2.08,0.0,3,71,1,1.0,6.123233995736766e-17,0.9398560579418954,0.3415707691678556,6.5374,6.6802,6.3914,6.557857142857142,6.102546666666666
2019-03-13,6.5038,26.16,50.69,25.67,2.65,0.0,3,72,1,1.0,6.123233995736766e-17,0.9455963874271426,0.3253420847119801,6.5306,6.5374,6.6914,6.577742857142857,6.118113333333334
2019-03-14,6.5976,26.11,46.95,21.56,3.06,0.0,3,73,1,1.0,6.123233995736766e-17,0.9510565162951535,0.30901699437494745,6.5038,6.5306,6.7195,6.550942857142857,6.13713
2019-03-15,6.738,27.92,34.74,20.03,2.45,0.0,3,74,1,1.0,6.123233995736766e-17,0.9562348265919056,0.29260033563334836,6.5976,6.5038,6.4056,6.533528571428572,6.178929999999999
2019-03-16,6.7939,28.57,31.48,17.34,1.98,0.0,3,75,1,1.0,6.123233995736766e-17,0.9611297838723007,0.27609697309746883,6.738,6.5976,6.4795,6.581014285714287,6.241203333333333
2019-03-17,6.9206,27.72,40.11,12.82,1.74,0.26,3,76,1,1.0,6.123233995736766e-17,0.9657399376548549,0.2595117970697999,6.7939,6.738,6.6802,6.625928571428572,6.286786666666667
2019-03-18,6.8971,28.36,35.4,15.63,2.17,0.0,3,77,1,1.0,6.123233995736766e-17,0.9700639218515071,0.2428497220959356,6.9206,6.7939,6.5374,6.660271428571429,6.319216666666667
2019-03-19,6.9322,28.73,35.51,13.52,2.04,0.0,3,78,1,1.0,6.123233995736766e-17,0.9741004551724205,0.22611568550828828,6.8971,6.9206,6.5306,6.711657142857143,6.347433333333333
2019-03-20,6.7886,27.34,51.89,14.74,2.04,0.0,3,79,1,1.0,6.123233995736766e-17,0.9778483415056568,0.20931464596304847,6.9322,6.8971,6.5038,6.769028571428572,6.377713333333333
2019-03-21,7.0522,27.14,53.83,16.19,2.09,0.0,3,80,1,1.0,6.123233995736766e-17,0.9813064702716093,0.19245158197082998,6.7886,6.9322,6.5976,6.809714285714286,6.4011933333333335
2019-03-22,6.8484,27.44,48.66,27.5,2.17,0.0,3,81,1,1.0,6.123233995736766e-17,0.9844738167520922,0.1755314904214282,7.0522,6.7886,6.738,6.874657142857143,6.4330099999999995
2019-03-23,6.8323,30.19,30.39,20.38,2.39,0.02,3,82,1,1.0,6.123233995736766e-17,0.9873494423939864,0.15855938510313475,6.8484,7.0522,6.7939,6.890428571428571,6.469776666666666
2019-03-24,6.8412,31.54,21.66,16.52,2.46,0.0,3,83,1,1.0,6.123233995736766e-17,0.989932495087353,0.141540295217043,6.8323,6.8484,6.9206,6.895914285714285,6.50936
2019-03-25,6.5474,32.64,21.56,38.02,2.69,0.0,3,84,1,1.0,6.123233995736766e-17,0.9922222094179323,0.12447926388678915,6.8412,6.8323,6.8971,6.8845714285714275,6.545143333333333
2019-03-26,7.0363,32.59,25.02,28.78,2.69,0.0,3,85,1,1.0,6.123233995736766e-17,0.994217906893952,0.10738134666416309,6.5474,6.8412,6.9322,6.834614285714286,6.561983333333333
2019-03-27,7.2182,30.82,41.37,23.6,1.66,0.04,3,86,1,1.0,6.123233995736766e-17,0.995918996147179,0.09025161003104117,7.0363,6.5474,6.7886,6.849485714285714,6.594800000000001
2019-03-28,6.9905,30.81,41.41,22.66,1.78,0.04,3,87,1,1.0,6.123233995736766e-17,0.9973249731081555,0.07309512989807777,7.2182,7.0363,7.0522,6.910857142857142,6.627503333333333
2019-03-29,6.9038,30.83,51.59,20.78,1.92,0.03,3,88,1,1.0,6.123233995736766e-17,0.9984354211555643,0.055916990100603484,6.9905,7.2182,6.8484,6.902042857142857,6.655536666666666
2019-03-30,6.7742,30.6,50.2,18.72,2.05,0.02,3,89,1,1.0,6.123233995736766e-17,0.9992500112396835,0.03872228089217446,6.9038,6.9905,6.8323,6.909957142857143,6.6861266666666666
2019-03-31,6.9974,29.91,54.86,17.48,1.84,0.01,3,90,1,1.0,6.123233995736766e-17,0.9997685019798909,0.021516097436222254,6.7742,6.9038,6.8412,6.901657142857142,6.695566666666666
2019-04-01,7.3958,29.06,55.8,10.4,1.86,0.0,4,91,1,0.8660254037844387,-0.4999999999999998,0.9999907397361901,0.004303538296244289,6.9974,6.7742,6.5474,6.923971428571428,6.713173333333333
2019-04-02,7.3313,29.13,55.44,17.87,1.56,0.01,4,92,1,0.8660254037844387,-0.4999999999999998,0.9999166586547379,-0.01291029607500882,7.3958,6.9974,7.0363,7.045171428571429,6.746973333333333
2019-04-03,7.0423,30.75,53.49,23.92,1.93,0.02,4,93,1,0.8660254037844387,-0.4999999999999998,0.9995462806873573,-0.030120304846908114,7.3313,7.3958,7.2182,7.087314285714286,6.780493333333334
2019-04-04,6.8621,30.82,53.19,21.58,2.16,0.03,4,94,1,0.8660254037844387,-0.4999999999999998,0.9988797155850336,-0.04732138832243185,7.0423,7.3313,6.9905,7.062185714285714,6.813956666666667
2019-04-05,6.8522,29.89,58.79,23.22,2.12,0.01,4,95,1,0.8660254037844387,-0.4999999999999998,0.9979171608653922,-0.06450844944931623,6.8621,7.0423,6.9038,7.043842857142858,6.829646666666666
2019-04-06,7.0574,30.31,53.19,25.3,2.08,0.0,4,96,1,0.8660254037844387,-0.4999999999999998,0.9966589017541702,-0.08167639533042241,6.8522,6.8621,6.7742,7.036471428571429,6.835006666666667
2019-04-07,7.2437,30.37,53.54,19.09,1.84,0.0,4,97,1,0.8660254037844387,-0.4999999999999998,0.9951053111006976,-0.09882013873287143,7.0574,6.8522,6.9974,7.076928571428572,6.8462700000000005
2019-04-08,7.3445,30.88,55.1,25.34,2.37,0.0,4,98,1,0.8660254037844387,-0.4999999999999998,0.9932568492674143,-0.11593459959550041,7.2437,7.0574,7.3958,7.112114285714285,6.874206666666666
2019-04-09,7.3286,30.42,51.82,28.34,2.05,0.0,4,99,1,0.8660254037844387,-0.4999999999999998,0.9911140639934547,-0.1330147065341959,7.3445,7.2437,7.3313,7.104785714285714,6.90304
2019-04-10,7.3507,30.23,53.15,24.7,2.23,0.0,4,100,1,0.8660254037844387,-0.4999999999999998,0.9886775902323405,-0.1500553983446526,7.3286,7.3445,7.0423,7.1044,6.9246533333333335
2019-04-11,7.2091,30.3,56.41,24.77,2.08,0.21,4,101,1,0.8660254037844387,-0.4999999999999998,0.9859481499638304,-0.16705162550211924,7.3507,7.3286,6.8621,7.148457142857143,6.951763333333334
2019-04-12,7.0654,31.02,54.4,25.84,1.84,0.25,4,102,1,0.8660254037844387,-0.4999999999999998,0.9829265519799822,-0.18399835165768005,7.2091,7.3507,6.8522,7.198028571428571,6.974379999999999
2019-04-13,6.804,32.32,42.86,40.79,2.48,0.12,4,103,1,0.8660254037844387,-0.4999999999999998,0.9796136916454901,-0.20089055513063506,7.0654,7.2091,7.0574,7.228485714285715,6.9931
2019-04-14,6.5407,32.53,48.93,40.94,1.97,0.28,4,104,1,0.8660254037844387,-0.4999999999999998,0.9760105506323683,-0.21772323039653177,6.804,7.0654,7.2437,7.192285714285715,6.99998
2019-04-15,6.0677,30.85,49.74,51.03,1.65,1.56,4,105,1,0.8660254037844387,-0.4999999999999998,0.9721181966290613,-0.23449138957040985,6.5407,6.804,7.3445,7.091857142857143,6.993403333333333
2019-04-16,6.0902,30.0,55.17,45.58,2.32,0.55,4,106,1,0.8660254037844387,-0.4999999999999998,0.9679377830240642,-0.25119006388481935,6.0677,6.5407,7.3286,6.909457142857143,6.969196666666666
2019-04-17,7.5629,28.94,48.4,16.92,2.69,0.0,4,107,1,0.8660254037844387,-0.4999999999999998,0.9634705485641488,-0.2678143051621742,6.0902,6.0677,7.3507,6.732542857142858,6.941516666666667
2019-04-18,7.2662,28.67,51.46,25.46,2.93,0.0,4,108,1,0.8660254037844387,-0.4999999999999998,0.9587178169872964,-0.2843591872810034,7.5629,6.0902,7.2091,6.762857142857143,6.96371
2019-04-19,7.4486,30.18,50.45,16.56,2.17,0.0,4,109,1,0.8660254037844387,-0.4999999999999998,0.9536809966304457,-0.30081980763566735,7.2662,7.5629,7.0654,6.771014285714286,6.974843333333334
2019-04-20,7.6366,30.18,51.22,16.73,2.01,0.0,4,110,1,0.8660254037844387,-0.4999999999999998,0.9483615800121715,-0.3171912885891061,7.4486,7.2662,6.804,6.825757142857142,6.9968433333333335
2019-04-21,7.6541,30.48,52.21,14.16,1.97,0.0,4,111,1,0.8660254037844387,-0.4999999999999998,0.9427611433904207,-0.3334687789181868,7.6366,7.4486,6.5407,6.944699999999999,7.016323333333333
2019-04-22,7.6243,30.26,51.84,17.01,2.52,0.0,4,112,1,0.8660254037844387,-0.4999999999999998,0.9368813462954315,-0.3496474552512284,7.6541,7.6366,6.0677,7.103757142857143,7.04318
2019-04-23,7.3762,30.64,53.37,20.4,2.62,0.0,4,113,1,0.8660254037844387,-0.4999999999999998,0.9307239310379795,-0.36572252349726897,7.6243,7.6541,6.0902,7.326128571428571,7.06958
2019-04-24,7.1386,31.4,53.88,28.65,2.87,0.02,4,114,1,0.8660254037844387,-0.4999999999999998,0.9242907221930933,-0.3816892202666588,7.3762,7.6243,7.5629,7.509842857142857,7.087413333333333
2019-04-25,6.9398,32.09,52.88,25.84,2.91,0.02,4,115,1,0.8660254037844387,-0.4999999999999998,0.9175836260593937,-0.39754281428255595,7.1386,7.3762,7.2662,7.449228571428571,7.10712
2019-04-26,6.9216,33.01,52.75,30.35,2.68,0.12,4,116,1,0.8660254037844387,-0.4999999999999998,0.9106046300942162,-0.41327860778290415,6.9398,7.1386,7.4486,7.4026000000000005,7.103903333333333
2019-04-27,6.9377,34.35,49.98,42.05,2.63,0.12,4,117,1,0.8660254037844387,-0.4999999999999998,0.9033558023246845,-0.4288919379124835,6.9216,6.9398,7.6366,7.327314285714286,7.094016666666666
2019-04-28,6.5993,34.14,50.4,59.69,2.79,0.22,4,118,1,0.8660254037844387,-0.4999999999999998,0.895839290734909,-0.44437817810461316,6.9377,6.9216,7.6541,7.2274714285714285,7.092256666666667
2019-04-29,7.0159,32.1,56.2,50.61,2.73,0.1,4,119,1,0.8660254037844387,-0.4999999999999998,0.8880573226294932,-0.45973273945210397,6.5993,6.9377,7.6243,7.076785714285714,7.082106666666666
2019-04-30,7.0889,31.13,58.02,49.88,2.46,0.01,4,120,1,0.8660254037844387,-0.4999999999999998,0.8800122039735357,-0.47495107206704995,7.0159,6.5993,7.3762,6.989871428571429,7.090163333333334
2019-05-01,7.0512,29.94,60.16,56.61,2.52,0.01,5,121,1,0.49999999999999994,-0.8660254037844387,0.8717063187093218,-0.4900286664290592,7.0889,7.0159,7.1386,6.948828571428571,7.093213333333334
2019-05-02,7.4306,29.3,56.88,29.3,2.42,0.0,5,122,1,0.49999999999999994,-0.8660254037844387,0.8631421280499114,-0.5049610547215204,7.0512,7.0889,6.9398,6.936342857142857,7.0817266666666665
2019-05-03,7.207,29.24,61.54,41.8,2.75,0.01,5,123,1,0.49999999999999994,-0.8660254037844387,0.854322169749827,-0.5197438121555155,7.4306,7.0512,6.9216,7.006457142857142,7.085036666666666
2019-05-04,7.2197,29.57,62.02,31.83,2.92,0.05,5,124,1,0.49999999999999994,-0.8660254037844387,0.8452490573530633,-0.5343725582809786,7.207,7.4306,6.9377,7.047228571428571,7.090526666666666
2019-05-05,7.3721,30.05,58.07,15.24,2.48,0.01,5,125,1,0.49999999999999994,-0.8660254037844387,0.8359254794186372,-0.548842958284719,7.2197,7.207,6.5993,7.087514285714286,7.102446666666667
2019-05-06,7.3411,30.98,56.28,22.18,2.47,0.01,5,126,1,0.49999999999999994,-0.8660254037844387,0.8263541987239096,-0.5631507242749186,7.3721,7.2197,7.0159,7.197914285714285,7.119776666666667
2019-05-07,7.1417,30.8,58.57,23.8,2.57,0.01,5,127,1,0.49999999999999994,-0.8660254037844387,0.8165380514459161,-0.5772916165517272,7.3411,7.3721,7.0889,7.244371428571428,7.1292333333333335
2019-05-08,7.3663,30.27,60.29,18.2,3.14,0.0,5,128,1,0.49999999999999994,-0.8660254037844387,0.8064799463209448,-0.5912614448635781,7.1417,7.3411,7.0512,7.251914285714286,7.1258333333333335
2019-05-09,7.3615,29.67,58.28,43.11,3.07,0.0,5,129,1,0.49999999999999994,-0.8660254037844387,0.7961828637826158,-0.6050560696488488,7.3663,7.1417,7.4306,7.296928571428571,7.12656
2019-05-10,7.4477,29.76,58.69,39.73,2.75,0.0,5,130,1,0.49999999999999994,-0.8660254037844387,0.7856498550787147,-0.6186714032625031,7.3615,7.3663,7.207,7.287057142857143,7.127656666666667
2019-05-11,7.6918,30.37,57.75,12.88,2.92,0.0,5,131,1,0.49999999999999994,-0.8660254037844387,0.7748840413670407,-0.6321034111873487,7.4477,7.3615,7.2197,7.321442857142857,7.130889999999999
2019-05-12,7.5718,30.79,59.96,21.64,2.69,0.01,5,132,1,0.49999999999999994,-0.8660254037844387,0.7638886127905428,-0.6453481132295501,7.6918,7.4477,7.3721,7.388885714285714,7.14698
2019-05-13,7.6478,30.8,59.31,14.24,2.66,0.0,5,133,1,0.49999999999999994,-0.8660254037844387,0.7526668275320085,-0.6584015846980488,7.5718,7.6918,7.3411,7.417414285714286,7.16386
2019-05-14,7.7875,30.43,58.6,11.49,2.31,0.0,5,134,1,0.49999999999999994,-0.8660254037844387,0.7412220108485958,-0.6712599575675313,7.6478,7.5718,7.1417,7.461228571428571,7.191986666666667
2019-05-15,7.7206,30.79,56.86,12.05,2.39,0.0,5,135,1,0.49999999999999994,-0.8660254037844387,0.7295575540864875,-0.6839194216246106,7.7875,7.6478,7.3663,7.5534857142857135,7.233546666666667
2019-05-16,7.4926,30.81,54.9,18.85,2.37,0.13,5,136,1,0.49999999999999994,-0.8660254037844387,0.717676913675962,-0.6963762255968722,7.7206,7.7875,7.3615,7.604100000000001,7.288643333333334
2019-05-17,7.0685,31.01,55.41,35.91,2.74,0.0,5,137,1,0.49999999999999994,-0.8660254037844387,0.705583610107178,-0.7086266782644596,7.4926,7.7206,7.4477,7.622828571428571,7.33539
2019-05-18,7.1748,32.22,52.53,26.82,3.04,0.0,5,138,1,0.49999999999999994,-0.8660254037844387,0.6932812268869777,-0.7206671495538609,7.0685,7.4926,7.6918,7.568657142857142,7.318910000000001
2019-05-19,7.5293,33.45,46.16,12.8,3.51,0.0,5,139,1,0.49999999999999994,-0.8660254037844387,0.6807734094770161,-0.7324940716135789,7.1748,7.0685,7.5718,7.4948,7.315863333333334
2019-05-20,7.5838,32.71,55.09,12.18,2.98,0.0,5,140,1,0.49999999999999994,-0.8660254037844387,0.6680638642135335,-0.7441039398713607,7.5293,7.1748,7.6478,7.488728571428572,7.318553333333332
2019-05-21,7.4131,32.27,59.54,11.68,2.95,0.01,5,141,1,0.49999999999999994,-0.8660254037844387,0.6551563572090853,-0.7554933140726803,7.5838,7.5293,7.7875,7.479585714285713,7.316793333333334
2019-05-22,7.3973,31.78,61.87,23.72,2.55,0.01,5,142,1,0.49999999999999994,-0.8660254037844387,0.6420547132365637,-0.766658819300159,7.4131,7.5838,7.7206,7.4261,7.30876
2019-05-23,7.3471,31.68,60.25,16.55,2.81,0.01,5,143,1,0.49999999999999994,-0.8660254037844387,0.6287628145958344,-0.7775971469736269,7.3973,7.4131,7.4926,7.379914285714285,7.301193333333333
2019-05-24,7.4602,31.27,62.43,17.48,2.45,0.01,5,144,1,0.49999999999999994,-0.8660254037844387,0.6152845999633276,-0.7883050558305255,7.3471,7.3973,7.0685,7.359128571428572,7.300223333333334
2019-05-25,7.4882,31.4,58.93,23.93,2.4,0.01,5,145,1,0.49999999999999994,-0.8660254037844387,0.6016240632249226,-0.7987793728863649,7.4602,7.3471,7.1748,7.415085714285715,7.3109433333333325
2019-05-26,7.3622,31.21,57.9,33.0,2.27,0.02,5,146,1,0.49999999999999994,-0.8660254037844387,0.5877852522924732,-0.8090169943749473,7.4882,7.4602,7.5293,7.459857142857143,7.329223333333333
2019-05-27,7.3754,31.7,57.02,31.76,2.58,0.03,5,147,1,0.49999999999999994,-0.8660254037844387,0.5737722679043246,-0.8190148866680801,7.3622,7.4882,7.5838,7.435985714285715,7.34391
2019-05-28,7.6034,32.01,58.95,14.65,2.95,0.01,5,148,1,0.49999999999999994,-0.8660254037844387,0.5595892624101765,-0.8287700871745038,7.3754,7.3622,7.4131,7.406214285714286,7.3585
2019-05-29,7.4974,32.02,59.05,42.43,2.74,0.01,5,149,1,0.49999999999999994,-0.8660254037844387,0.545240438540651,-0.8382797052177744,7.6034,7.3754,7.3973,7.4334,7.391970000000001
2019-05-30,7.2881,31.66,62.33,68.89,2.87,0.02,5,150,1,0.49999999999999994,-0.8660254037844387,0.5307300481619334,-0.8475409228928311,7.4974,7.6034,7.3471,7.4477,7.40802
2019-05-31,7.3944,31.92,61.12,60.77,2.72,0.04,5,151,1,0.49999999999999994,-0.8660254037844387,0.5160623910158528,-0.8565509959010036,7.2881,7.4974,7.4602,7.439271428571429,7.41466
2019-06-01,7.1594,31.95,59.96,46.12,3.11,0.05,6,152,2,1.2246467991473532e-16,-1.0,0.5012418134457758,-0.865307254363206,7.3944,7.2881,7.4882,7.4298714285714285,7.426100000000001
2019-06-02,6.9914,32.19,62.15,62.03,2.89,0.05,6,153,2,1.2246467991473532e-16,-1.0,0.48627270710868997,-0.8738071036110808,7.1594,7.3944,7.3622,7.382899999999999,7.41706
2019-06-03,6.4709,31.52,62.29,77.08,3.16,0.06,6,154,2,1.2246467991473532e-16,-1.0,0.4711595076738638,-0.8820480249558537,6.9914,7.1594,7.3754,7.329928571428572,7.4098733333333335
2019-06-04,6.383,31.62,62.79,70.61,3.31,0.04,6,155,2,1.2246467991473532e-16,-1.0,0.4559066935084588,-0.8900275764346767,6.4709,6.9914,7.6034,7.200714285714285,7.3849133333333326
2019-06-05,6.7673,32.05,59.66,57.87,2.73,0.16,6,156,2,1.2246467991473532e-16,-1.0,0.440518784350495,-0.8977433935342337,6.383,6.4709,7.4974,7.026371428571428,7.351943333333334
2019-06-06,5.8908,31.53,60.32,91.61,2.76,0.27,6,157,2,1.2246467991473532e-16,-1.0,0.42500033996955416,-0.9051931898913974,6.7673,6.383,7.2881,6.922071428571428,7.332816666666667
2019-06-07,6.2455,32.05,60.66,79.3,2.73,0.94,6,158,2,1.2246467991473532e-16,-1.0,0.4093559588156213,-0.9123747579707273,5.8908,6.7673,7.3944,6.7224571428571425,7.29112
2019-06-08,6.4829,32.32,62.09,65.87,1.92,1.58,6,159,2,1.2246467991473532e-16,-1.0,0.39359027665646673,-0.9192859697186104,6.2455,5.8908,7.1594,6.558328571428571,7.253760000000001
2019-06-09,6.6787,31.43,65.08,68.59,2.05,2.08,6,160,2,1.2246467991473532e-16,-1.0,0.3777079652039649,-0.9259247771938498,6.4829,6.2455,6.9914,6.461685714285714,7.224473333333334
2019-06-10,3.6178,30.42,71.2,98.17,1.73,9.21,6,161,2,1.2246467991473532e-16,-1.0,0.36171373072976765,-0.9322892131745133,6.6787,6.4829,6.4709,6.417014285714286,7.198840000000001
2019-06-11,5.845,29.49,79.83,91.08,1.56,21.09,6,162,2,1.2246467991473532e-16,-1.0,0.3456123126707335,-0.9383773917408641,3.6178,6.6787,6.383,6.009428571428572,7.06304
2019-06-12,3.5532,29.16,76.37,99.28,6.16,11.63,6,163,2,1.2246467991473532e-16,-1.0,0.3294084822245304,-0.9441875088341993,5.845,3.6178,6.7673,5.932571428571428,7.00548
2019-06-13,4.5218,29.51,72.65,98.24,6.79,7.07,6,164,2,1.2246467991473532e-16,-1.0,0.3131070409358269,-0.9497178427914316,3.5532,5.845,5.8908,5.473414285714285,6.868993333333333
2019-06-14,4.3603,29.34,73.98,98.36,5.55,13.85,6,165,2,1.2246467991473532e-16,-1.0,0.29671281927349075,-0.9549667548552551,4.5218,3.5532,6.2455,5.277842857142858,6.760136666666667
2019-06-15,5.2176,29.33,76.95,91.51,5.31,20.94,6,166,2,1.2246467991473532e-16,-1.0,0.28023067519921585,-0.9599326896597447,4.3603,4.5218,6.4829,5.008528571428571,6.648126666666667
2019-06-16,5.8325,29.84,76.59,71.69,4.62,4.69,6,167,2,1.2246467991473532e-16,-1.0,0.26366549272800704,-0.9646141756912435,5.2176,4.3603,6.6787,4.827771428571428,6.5722933333333335
2019-06-17,5.7334,29.6,77.02,69.52,4.47,4.22,6,168,2,1.2246467991473532e-16,-1.0,0.24702218048093552,-0.9690098257244062,5.8325,5.2176,3.6178,4.706885714285714,6.531093333333333
2019-06-18,3.0962,29.42,76.27,84.83,4.68,4.49,6,169,2,1.2246467991473532e-16,-1.0,0.23030567023061221,-0.9731183372332619,5.7334,5.8325,5.845,5.009114285714285,6.483046666666667
2019-06-19,5.3342,29.26,77.8,92.62,3.46,5.07,6,170,2,1.2246467991473532e-16,-1.0,0.21352091543979612,-0.9769384927771817,3.0962,5.7334,3.5532,4.616428571428571,6.335276666666667
2019-06-20,6.3542,29.1,76.73,67.08,2.91,1.44,6,171,2,1.2246467991473532e-16,-1.0,0.19667288979357647,-0.980469160361632,5.3342,3.0962,4.5218,4.870857142857142,6.2602899999999995
2019-06-21,6.587,29.34,73.67,51.4,2.5,0.14,6,172,2,1.2246467991473532e-16,-1.0,0.1797665857255624,-0.9837092937736097,6.3542,5.3342,4.3603,5.132628571428571,6.224993333333333
2019-06-22,6.4874,29.46,72.45,62.23,2.17,0.19,6,173,2,1.2246467991473532e-16,-1.0,0.16280701293851715,-0.986657932891657,6.587,6.3542,5.2176,5.450728571428571,6.197983333333334
2019-06-23,5.0266,29.17,75.41,88.86,2.52,1.21,6,174,2,1.2246467991473532e-16,-1.0,0.1457991969198751,-0.9893142039703663,6.4874,6.587,5.8325,5.632128571428572,6.169326666666666
2019-06-24,3.9802,27.92,80.86,96.31,2.15,6.26,6,175,2,1.2246467991473532e-16,-1.0,0.12874817745258132,-0.99167731989929,5.0266,6.4874,5.7334,5.517,6.088206666666666
2019-06-25,4.8979,29.15,76.79,85.66,2.38,4.64,6,176,2,1.2246467991473532e-16,-1.0,0.11165900712169512,-0.993746580436178,3.9802,5.0266,3.0962,5.2665428571428565,5.9712733333333325
2019-06-26,6.2712,29.07,78.97,69.48,2.1,10.02,6,177,2,1.2246467991473532e-16,-1.0,0.09453674981719912,-0.9955213724144752,4.8979,3.9802,5.3342,5.523928571428572,5.88913
2019-06-27,4.4666,28.59,83.74,96.43,3.24,46.97,6,178,2,1.2246467991473532e-16,-1.0,0.07738647923346301,-0.9970011699250151,6.2712,4.8979,6.3542,5.657785714285715,5.8523233333333335
2019-06-28,0.7766,27.24,89.52,99.54,4.29,122.07,6,179,2,1.2246467991473532e-16,-1.0,0.06021327736579302,-0.9981855344718586,4.4666,6.2712,6.587,5.388128571428571,5.747763333333333
2019-06-29,2.3813,26.94,92.32,98.97,3.62,62.96,6,180,2,1.2246467991473532e-16,-1.0,0.04302223300453059,-0.99907411510223,0.7766,4.4666,6.4874,4.558071428571428,5.523736666666666
2019-06-30,1.7803,27.24,89.03,99.83,3.0,73.3,6,181,2,1.2246467991473532e-16,-1.0,0.02581844022713308,-0.9996666485105112,2.3813,0.7766,5.0266,3.971485714285715,5.360176666666666
2019-07-01,1.0406,26.96,91.98,99.51,3.08,94.36,7,182,2,-0.4999999999999997,-0.8660254037844388,0.008606996888688698,-0.9999629591162655,1.7803,2.3813,3.9802,3.5077285714285713,5.173039999999999
2019-07-02,1.9778,26.95,90.32,99.24,2.74,45.51,7,183,2,-0.4999999999999997,-0.8660254037844388,-0.008606996888688009,-0.9999629591162655,1.0406,1.7803,4.8979,3.0877857142857144,4.969080000000001
2019-07-03,3.359,26.66,91.9,99.5,2.45,25.44,7,184,2,-0.4999999999999997,-0.8660254037844388,-0.02581844022713239,-0.9996666485105112,1.9778,1.0406,6.2712,2.6706285714285714,4.80196
2019-07-04,2.688,26.38,86.18,99.34,2.98,6.45,7,185,2,-0.4999999999999997,-0.8660254037844388,-0.04302223300453034,-0.99907411510223,3.359,1.9778,4.4666,2.2546,4.69823
2019-07-05,2.2282,27.23,89.74,99.51,4.39,55.39,7,186,2,-0.4999999999999997,-0.8660254037844388,-0.060213277365792774,-0.9981855344718586,2.688,3.359,0.7766,2.000514285714286,4.5750633333333335
2019-07-06,2.2838,26.95,91.3,99.81,5.06,77.64,7,187,2,-0.4999999999999997,-0.8660254037844388,-0.07738647923346322,-0.9970011699250151,2.2282,2.688,2.3813,2.2078857142857142,4.42376
2019-07-07,1.9404,26.88,91.99,99.33,4.53,48.08,7,188,2,-0.4999999999999997,-0.8660254037844388,-0.09453674981719933,-0.9955213724144752,2.2838,2.2282,1.7803,2.193957142857143,4.3035266666666665
2019-07-08,2.8606,27.2,91.36,99.45,4.61,49.77,7,189,2,-0.4999999999999997,-0.8660254037844388,-0.11165900712169444,-0.9937465804361781,1.9404,2.2838,1.0406,2.216828571428571,4.160023333333333
2019-07-09,5.0246,27.28,91.63,84.94,4.47,38.03,7,190,2,-0.4999999999999997,-0.8660254037844388,-0.12874817745258066,-0.99167731989929,2.8606,1.9404,1.9778,2.476828571428572,4.03928
2019-07-10,1.6327,27.23,91.49,94.93,4.61,38.66,7,191,2,-0.4999999999999997,-0.8660254037844388,-0.14579919691987442,-0.9893142039703664,5.0246,2.8606,3.359,2.912085714285714,3.9841433333333334
2019-07-11,3.3163,27.04,91.6,99.72,4.44,34.82,7,192,2,-0.4999999999999997,-0.8660254037844388,-0.16280701293851646,-0.9866579328916572,1.6327,5.0246,2.688,2.6654714285714287,3.9179733333333338
2019-07-12,5.4271,27.23,90.69,98.55,3.63,7.91,7,193,2,-0.4999999999999997,-0.8660254037844388,-0.17976658572556214,-0.9837092937736098,3.3163,1.6327,2.2282,2.7552285714285714,3.833683333333333
2019-07-13,3.3091,27.21,91.05,97.57,3.68,12.81,7,194,2,-0.4999999999999997,-0.8660254037844388,-0.19667288979357622,-0.9804691603616321,5.4271,3.3163,2.2838,3.2122142857142855,3.8961466666666666
2019-07-14,4.2024,27.06,91.2,76.29,3.7,13.06,7,195,2,-0.4999999999999997,-0.8660254037844388,-0.2135209154397959,-0.9769384927771817,3.3091,5.4271,1.9404,3.358685714285714,3.855723333333333
2019-07-15,4.6781,27.02,89.96,94.85,3.55,8.43,7,196,2,-0.4999999999999997,-0.8660254037844388,-0.23030567023061196,-0.973118337233262,4.2024,3.3091,2.8606,3.6818285714285715,3.8504599999999995
2019-07-16,4.8641,26.81,91.41,92.82,3.55,10.45,7,197,2,-0.4999999999999997,-0.8660254037844388,-0.24702218048093527,-0.9690098257244063,4.6781,4.2024,5.0246,3.9414714285714285,3.8324766666666665
2019-07-17,5.491,27.03,90.49,82.36,2.57,5.15,7,198,2,-0.4999999999999997,-0.8660254037844388,-0.2636654927280072,-0.9646141756912435,4.8641,4.6781,1.6327,3.918542857142857,3.8001966666666664
2019-07-18,6.312,27.18,88.35,54.3,1.96,6.83,7,199,2,-0.4999999999999997,-0.8660254037844388,-0.2802306751992161,-0.9599326896597445,5.491,4.8641,3.3163,4.469728571428571,3.792116666666667
2019-07-19,6.7474,27.53,86.69,59.97,1.53,13.37,7,200,2,-0.4999999999999997,-0.8660254037844388,-0.2967128192734901,-0.9549667548552553,6.312,5.491,5.4271,4.897685714285714,3.89931
2019-07-20,4.129,27.53,87.92,93.44,1.52,12.97,7,201,2,-0.4999999999999997,-0.8660254037844388,-0.3131070409358267,-0.9497178427914317,6.7474,6.312,3.3091,5.0863000000000005,3.9464166666666665
2019-07-21,5.1394,27.04,89.49,89.41,1.61,8.63,7,202,2,-0.4999999999999997,-0.8660254037844388,-0.3294084822245302,-0.9441875088341994,4.129,6.7474,4.2024,5.203428571428572,3.872243333333334
2019-07-22,5.3537,27.32,91.94,78.99,2.33,16.65,7,203,2,-0.4999999999999997,-0.8660254037844388,-0.3456123126707333,-0.9383773917408642,5.1394,4.129,4.6781,5.337285714285715,3.8239900000000002
2019-07-23,5.8565,27.38,89.8,67.06,2.73,17.75,7,204,2,-0.4999999999999997,-0.8660254037844388,-0.3617137307297674,-0.9322892131745134,5.3537,5.1394,4.8641,5.4338,3.7862
2019-07-24,1.0639,26.81,93.0,99.61,4.36,77.04,7,205,2,-0.4999999999999997,-0.8660254037844388,-0.37770796520396466,-0.9259247771938499,5.8565,5.3537,5.491,5.575571428571428,3.8138633333333334
2019-07-25,2.1019,27.08,91.25,99.89,4.09,31.46,7,206,2,-0.4999999999999997,-0.8660254037844388,-0.39359027665646645,-0.9192859697186105,1.0639,5.8565,6.312,4.943128571428572,3.7166533333333334
2019-07-26,3.953,26.76,91.65,96.29,4.42,83.36,7,207,2,-0.4999999999999997,-0.8660254037844388,-0.4093559588156211,-0.9123747579707274,2.1019,1.0639,6.7474,4.341685714285714,3.6234533333333334
2019-07-27,2.7907,26.38,92.45,98.16,4.65,70.16,7,208,2,-0.4999999999999997,-0.8660254037844388,-0.42500033996955394,-0.9051931898913975,3.953,2.1019,4.129,3.942485714285714,3.5461799999999997
2019-07-28,3.7061,26.49,91.48,99.1,4.57,22.85,7,209,2,-0.4999999999999997,-0.8660254037844388,-0.4405187843504952,-0.8977433935342336,2.7907,3.953,5.1394,3.7513,3.4903166666666663
2019-07-29,1.47,26.21,92.27,99.05,4.73,66.13,7,210,2,-0.4999999999999997,-0.8660254037844388,-0.455906693508459,-0.8900275764346766,3.7061,2.7907,5.3537,3.546542857142857,3.5879666666666665
2019-07-30,1.2293,25.88,93.3,99.67,4.61,52.75,7,211,2,-0.4999999999999997,-0.8660254037844388,-0.47115950767386394,-0.8820480249558535,1.47,3.7061,5.8565,2.9917285714285713,3.55759
2019-07-31,1.5504,26.26,91.57,99.53,4.55,45.07,7,212,2,-0.4999999999999997,-0.8660254037844388,-0.4862727071086902,-0.8738071036110807,1.2293,1.47,1.0639,2.3307,3.539223333333333
2019-08-01,4.3231,26.55,89.73,99.23,5.01,25.59,8,213,2,-0.8660254037844384,-0.5000000000000004,-0.5012418134457756,-0.8653072543632061,1.5504,1.2293,2.1019,2.4002000000000003,3.556216666666667
2019-08-02,2.1228,26.23,91.09,99.61,5.5,65.63,8,214,2,-0.8660254037844384,-0.5000000000000004,-0.5160623910158526,-0.8565509959010037,4.3231,1.5504,3.953,2.717514285714286,3.6343933333333336
2019-08-03,0.9986,26.03,94.82,99.27,5.49,112.51,8,215,2,-0.8660254037844384,-0.5000000000000004,-0.5307300481619331,-0.8475409228928312,2.1228,4.3231,2.7907,2.456057142857143,3.5931866666666665
2019-08-04,1.3846,26.1,94.5,99.1,5.11,117.88,8,216,2,-0.8660254037844384,-0.5000000000000004,-0.5452404385406507,-0.8382797052177745,0.9986,2.1228,3.7061,2.2000428571428574,3.5368733333333333
2019-08-05,2.2757,26.37,92.98,99.38,5.24,46.96,8,217,2,-0.8660254037844384,-0.5000000000000004,-0.5595892624101763,-0.828770087174504,1.3846,0.9986,1.47,1.8683999999999998,3.5087533333333334
2019-08-06,2.5934,26.3,92.99,99.64,5.05,19.5,8,218,2,-0.8660254037844384,-0.5000000000000004,-0.5737722679043243,-0.8190148866680802,2.2757,1.3846,1.2293,1.9835,3.5084833333333334
2019-08-07,3.0662,26.3,93.33,99.72,4.88,20.59,8,219,2,-0.8660254037844384,-0.5000000000000004,-0.5877852522924734,-0.8090169943749472,2.5934,2.2757,1.5504,2.1783714285714284,3.53025
2019-08-08,1.6661,26.26,92.2,99.44,5.05,16.86,8,220,2,-0.8660254037844384,-0.5000000000000004,-0.6016240632249227,-0.7987793728863648,3.0662,2.5934,4.3231,2.394914285714286,3.5371033333333335
2019-08-09,1.8079,26.04,92.88,99.7,5.47,24.67,8,221,2,-0.8660254037844384,-0.5000000000000004,-0.6152845999633277,-0.7883050558305253,1.6661,3.0662,2.1228,2.015342857142857,3.4251533333333333
2019-08-10,4.157,26.15,90.93,98.92,5.97,23.5,8,222,2,-0.8660254037844384,-0.5000000000000004,-0.6287628145958345,-0.7775971469736268,1.8079,1.6661,0.9986,1.970357142857143,3.4309933333333333
2019-08-11,3.2676,26.03,90.35,95.02,4.58,17.72,8,223,2,-0.8660254037844384,-0.5000000000000004,-0.6420547132365636,-0.7666588193001592,4.157,1.8079,1.3846,2.4215571428571425,3.4590166666666664
2019-08-12,4.5482,26.18,90.75,93.42,3.13,7.36,8,224,2,-0.8660254037844384,-0.5000000000000004,-0.655156357209085,-0.7554933140726804,3.2676,4.157,2.2757,2.6905571428571426,3.3870333333333336
2019-08-13,3.8261,26.45,91.39,91.63,3.34,7.59,8,225,2,-0.8660254037844384,-0.5000000000000004,-0.6680638642135333,-0.7441039398713608,4.5482,3.2676,2.5934,3.0152,3.4283366666666666
2019-08-14,3.997,26.14,92.97,99.61,2.68,7.92,8,226,2,-0.8660254037844384,-0.5000000000000004,-0.6807734094770159,-0.7324940716135792,3.8261,4.5482,3.0662,3.1912999999999996,3.4157933333333332
2019-08-15,4.1138,26.47,91.09,99.38,3.38,8.07,8,227,2,-0.8660254037844384,-0.5000000000000004,-0.6932812268869771,-0.7206671495538615,3.997,3.8261,1.6661,3.324271428571428,3.39309
2019-08-16,4.999,26.5,90.4,89.57,3.61,9.14,8,228,2,-0.8660254037844384,-0.5000000000000004,-0.7055836101071774,-0.70862667826446,4.1138,3.997,1.8079,3.673942857142857,3.3680799999999995
2019-08-17,5.6652,26.38,89.18,81.69,3.09,3.51,8,229,2,-0.8660254037844384,-0.5000000000000004,-0.7176769136759615,-0.6963762255968726,4.999,4.1138,4.157,4.129814285714285,3.35168
2019-08-18,5.8382,26.29,89.65,72.39,2.5,3.54,8,230,2,-0.8660254037844384,-0.5000000000000004,-0.7295575540864876,-0.6839194216246104,5.6652,4.999,3.2676,4.3452714285714285,3.33012
2019-08-19,6.0293,26.13,90.11,46.95,2.07,2.44,8,231,2,-0.8660254037844384,-0.5000000000000004,-0.7412220108485957,-0.6712599575675315,5.8382,5.6652,4.5482,4.7124999999999995,3.2998133333333333
2019-08-20,6.4574,26.06,89.47,59.05,1.63,2.07,8,232,2,-0.8660254037844384,-0.5000000000000004,-0.7526668275320083,-0.6584015846980489,6.0293,5.8382,3.8261,4.924085714285714,3.3631566666666664
2019-08-21,5.6357,26.38,89.38,78.55,2.33,10.97,8,233,2,-0.8660254037844384,-0.5000000000000004,-0.7638886127905429,-0.64534811322955,6.4574,6.0293,3.997,5.299985714285714,3.4070899999999997
2019-08-22,6.0017,26.27,89.11,50.58,2.06,8.04,8,234,2,-0.8660254037844384,-0.5000000000000004,-0.7748840413670406,-0.6321034111873488,5.6357,6.4574,4.1138,5.534085714285714,3.41649
2019-08-23,6.2393,26.12,88.7,67.59,1.62,4.87,8,235,2,-0.8660254037844384,-0.5000000000000004,-0.7856498550787144,-0.6186714032625032,6.0017,5.6357,4.999,5.803785714285714,3.4213299999999998
2019-08-24,5.3743,26.28,89.46,97.77,2.11,7.86,8,236,2,-0.8660254037844384,-0.5000000000000004,-0.7961828637826154,-0.6050560696488494,6.2393,6.0017,5.6652,5.980971428571428,3.593843333333333
2019-08-25,5.2649,25.63,89.51,88.29,1.82,5.36,8,237,2,-0.8660254037844384,-0.5000000000000004,-0.8064799463209447,-0.5912614448635782,5.3743,6.2393,5.8382,5.939414285714286,3.7029233333333327
2019-08-26,5.6083,25.7,89.4,73.64,2.14,2.22,8,238,2,-0.8660254037844384,-0.5000000000000004,-0.8165380514459157,-0.5772916165517278,5.2649,5.3743,6.0293,5.857514285714286,3.7466533333333336
2019-08-27,5.6018,26.09,88.65,81.65,2.39,4.08,8,239,2,-0.8660254037844384,-0.5000000000000004,-0.8263541987239094,-0.5631507242749187,5.6083,5.2649,6.4574,5.797371428571429,3.8405733333333334
2019-08-28,4.968,26.56,88.49,80.26,2.28,2.2,8,240,2,-0.8660254037844384,-0.5000000000000004,-0.8359254794186365,-0.5488429582847199,5.6018,5.6083,5.6357,5.675142857142857,3.903763333333333
2019-08-29,5.9779,27.0,88.49,60.1,2.22,8.09,8,241,2,-0.8660254037844384,-0.5000000000000004,-0.8452490573530634,-0.5343725582809785,4.968,5.6018,6.0017,5.579757142857143,4.020363333333333
2019-08-30,4.1585,26.84,89.54,90.69,2.67,24.82,8,242,2,-0.8660254037844384,-0.5000000000000004,-0.8543221697498269,-0.5197438121555157,5.9779,4.968,6.2393,5.576357142857143,4.17865
2019-08-31,4.6486,26.61,91.59,95.02,3.11,38.14,8,243,2,-0.8660254037844384,-0.5000000000000004,-0.8631421280499115,-0.5049610547215202,4.1585,5.9779,5.3743,5.2791,4.265586666666667
2019-09-01,1.6346,26.03,92.5,99.76,2.51,25.22,9,244,2,-1.0,-1.8369701987210297e-16,-0.8717063187093217,-0.4900286664290594,4.6486,4.1585,5.2649,5.175428571428571,4.276436666666666
2019-09-02,4.8254,26.59,90.81,83.01,3.28,34.58,9,245,2,-1.0,-1.8369701987210297e-16,-0.8800122039735356,-0.4749510720670502,1.6346,4.6486,5.6083,4.656814285714285,4.260163333333333
2019-09-03,2.335,26.4,91.7,97.85,3.6,87.13,9,246,2,-1.0,-1.8369701987210297e-16,-0.888057322629493,-0.4597327394521046,4.8254,1.6346,5.6018,4.544971428571428,4.387723333333333
2019-09-04,1.0944,25.95,93.44,99.79,3.43,103.54,9,247,2,-1.0,-1.8369701987210297e-16,-0.8958392907349089,-0.4443781781046134,2.335,4.8254,4.968,4.078285714285714,4.419403333333333
2019-09-05,3.2393,26.3,93.02,99.59,3.86,68.34,9,248,2,-1.0,-1.8369701987210297e-16,-0.9033558023246842,-0.4288919379124841,1.0944,2.335,5.9779,3.5249142857142854,4.380026666666667
2019-09-06,3.9082,26.23,91.95,98.97,4.03,61.91,9,249,2,-1.0,-1.8369701987210297e-16,-0.9106046300942162,-0.41327860778290443,3.2393,1.0944,4.1585,3.1336857142857144,4.401556666666666
2019-09-07,3.0262,26.26,91.39,99.59,4.33,83.79,9,250,2,-1.0,-1.8369701987210297e-16,-0.9175836260593934,-0.3975428142825566,3.9082,3.2393,4.6486,3.0979285714285716,4.429623333333334
2019-09-08,2.0441,26.24,91.85,99.64,3.88,34.3,9,251,2,-1.0,-1.8369701987210297e-16,-0.9242907221930934,-0.3816892202666586,3.0262,3.9082,1.6346,2.8661571428571433,4.47496
2019-09-09,2.621,26.26,92.64,99.37,3.7,32.48,9,252,2,-1.0,-1.8369701987210297e-16,-0.9307239310379793,-0.3657225234972692,2.0441,3.0262,4.8254,2.924657142857143,4.482833333333333
2019-09-10,2.771,26.39,92.06,99.49,3.63,25.56,9,253,2,-1.0,-1.8369701987210297e-16,-0.9368813462954315,-0.34964745525122826,2.621,2.0441,2.335,2.6097428571428574,4.431633333333334
2019-09-11,3.8988,26.11,92.18,98.71,3.28,14.41,9,254,2,-1.0,-1.8369701987210297e-16,-0.9427611433904206,-0.33346877891818705,2.771,2.621,1.0944,2.6720285714285716,4.41508
2019-09-12,3.2383,25.76,93.32,99.69,2.8,23.64,9,255,2,-1.0,-1.8369701987210297e-16,-0.9483615800121716,-0.31719128858910595,3.8988,2.771,3.2393,3.072657142857143,4.393433333333333
2019-09-13,3.3322,26.22,91.96,98.43,3.27,42.01,9,256,2,-1.0,-1.8369701987210297e-16,-0.9536809966304455,-0.300819807635668,3.2383,3.8988,3.9082,3.0725142857142855,4.37384
2019-09-14,4.1772,26.51,92.34,96.61,3.05,46.7,9,257,2,-1.0,-1.8369701987210297e-16,-0.9587178169872964,-0.2843591872810036,3.3322,3.2383,3.0262,2.9902285714285712,4.35168
2019-09-15,2.4578,26.21,91.3,89.34,1.97,18.41,9,258,2,-1.0,-1.8369701987210297e-16,-0.9634705485641486,-0.26781430516217486,4.1772,3.3322,2.0441,3.154657142857143,4.353793333333333
2019-09-16,5.1672,26.08,91.31,55.73,2.57,10.09,9,259,2,-1.0,-1.8369701987210297e-16,-0.9679377830240642,-0.25119006388481957,2.4578,4.1772,2.621,3.2137571428571428,4.2690866666666665
2019-09-17,3.4234,26.3,91.82,90.91,2.44,20.21,9,260,2,-1.0,-1.8369701987210297e-16,-0.9721181966290612,-0.23449138957041052,5.1672,2.4578,2.771,3.5775,4.252486666666667
2019-09-18,3.4646,26.67,93.34,99.0,2.39,16.63,9,261,2,-1.0,-1.8369701987210297e-16,-0.9760105506323682,-0.21772323039653224,3.4234,5.1672,3.8988,3.6707,4.171993333333333
2019-09-19,4.4878,26.83,90.13,97.54,1.41,41.85,9,262,2,-1.0,-1.8369701987210297e-16,-0.9796136916454901,-0.20089055513063528,3.4646,3.4234,3.2383,3.6086714285714288,4.086503333333334
2019-09-20,3.8146,25.94,94.65,98.31,3.64,17.69,9,263,2,-1.0,-1.8369701987210297e-16,-0.9829265519799822,-0.18399835165767986,4.4878,3.4646,3.3322,3.7871714285714284,4.02085
2019-09-21,5.105,26.45,89.59,82.27,3.08,8.34,9,264,2,-1.0,-1.8369701987210297e-16,-0.9859481499638303,-0.1670516255021195,3.8146,4.4878,4.1772,3.8560857142857143,3.9601466666666667
2019-09-22,5.5522,26.69,90.48,88.0,2.6,2.53,9,265,2,-1.0,-1.8369701987210297e-16,-0.9886775902323404,-0.15005539834465262,5.105,3.8146,2.4578,3.9886285714285714,3.9302566666666667
2019-09-23,5.8966,26.8,88.3,76.36,1.42,2.98,9,266,2,-1.0,-1.8369701987210297e-16,-0.9911140639934546,-0.13301470653419636,5.5522,5.105,5.1672,4.430685714285715,3.9073533333333335
2019-09-24,5.5164,27.06,88.26,75.56,1.48,32.88,9,267,2,-1.0,-1.8369701987210297e-16,-0.9932568492674143,-0.11593459959550066,5.8966,5.5522,3.4234,4.534885714285714,3.9247633333333334
2019-09-25,2.1583,27.29,88.55,99.38,1.54,36.91,9,268,2,-1.0,-1.8369701987210297e-16,-0.9951053111006974,-0.09882013873287211,5.5164,5.8966,3.4646,4.833885714285715,3.9331466666666666
2019-09-26,4.4047,26.32,91.94,96.09,2.1,34.47,9,269,2,-1.0,-1.8369701987210297e-16,-0.99665890175417,-0.08167639533042288,2.1583,5.5164,4.4878,4.647271428571429,3.8181466666666664
2019-09-27,2.6928,25.79,91.32,99.52,3.34,4.94,9,270,2,-1.0,-1.8369701987210297e-16,-0.9979171608653922,-0.06450844944931625,4.4047,2.1583,3.8146,4.6354,3.7782433333333336
2019-09-28,5.2618,26.08,89.64,83.87,2.46,1.78,9,271,2,-1.0,-1.8369701987210297e-16,-0.9988797155850335,-0.04732138832243232,2.6928,4.4047,5.105,4.475142857142857,3.7024033333333333
2019-09-29,4.7902,25.82,90.62,97.62,2.45,2.49,9,272,2,-1.0,-1.8369701987210297e-16,-0.9995462806873573,-0.03012030484690836,5.2618,2.6928,5.5522,4.497542857142857,3.6785333333333337
2019-09-30,4.5869,26.11,90.09,98.65,2.2,3.88,9,273,2,-1.0,-1.8369701987210297e-16,-0.9999166586547379,-0.012910296075008843,4.7902,5.2618,5.8966,4.388685714285715,3.69959
2019-10-01,5.0494,26.61,86.97,87.08,1.72,2.19,10,274,3,-0.8660254037844386,0.5000000000000001,-0.9999907397361901,0.004303538296243821,4.5869,4.7902,5.5164,4.201585714285714,3.6975333333333333
2019-10-02,5.8358,26.76,84.29,20.31,1.23,0.87,10,275,3,-0.8660254037844386,0.5000000000000001,-0.9997685019798909,0.021516097436222233,5.0494,4.5869,2.1583,4.1348714285714285,3.81136
2019-10-03,5.705,26.78,86.04,12.04,1.35,1.63,10,276,3,-0.8660254037844386,0.5000000000000001,-0.9992500112396835,0.03872228089217399,5.8358,5.0494,4.4047,4.660228571428571,3.84504
2019-10-04,5.6426,26.15,88.49,24.73,1.16,10.62,10,277,3,-0.8660254037844386,0.5000000000000001,-0.9984354211555643,0.05591699010060302,5.705,5.8358,2.6928,4.845985714285715,3.9573733333333334
2019-10-05,5.7703,26.59,84.48,15.58,1.06,12.33,10,278,3,-0.8660254037844386,0.5000000000000001,-0.9973249731081555,0.07309512989807776,5.6426,5.705,5.2618,5.267385714285714,4.10898
2019-10-06,6.0154,27.15,81.07,21.25,1.0,6.9,10,279,3,-0.8660254037844386,0.5000000000000001,-0.9959189961471792,0.0902516100310407,5.7703,5.6426,4.7902,5.340028571428571,4.193346666666667
2019-10-07,5.7214,26.99,83.64,42.02,1.25,3.95,10,280,3,-0.8660254037844386,0.5000000000000001,-0.994217906893952,0.10738134666416306,6.0154,5.7703,4.5869,5.5150571428571435,4.263586666666667
2019-10-08,5.6467,27.6,83.07,54.0,1.57,14.48,10,281,3,-0.8660254037844386,0.5000000000000001,-0.9922222094179324,0.12447926388678869,5.7214,6.0154,5.0494,5.677128571428571,4.3534266666666666
2019-10-09,4.6872,27.24,83.21,84.42,1.54,14.02,10,282,3,-0.8660254037844386,0.5000000000000001,-0.989932495087353,0.141540295217043,5.6467,5.7214,5.8358,5.762457142857143,4.473513333333333
2019-10-10,5.5922,27.6,80.4,45.53,1.25,3.9,10,283,3,-0.8660254037844386,0.5000000000000001,-0.9873494423939864,0.15855938510313475,4.6872,5.6467,5.705,5.598371428571428,4.542386666666667
2019-10-11,4.8389,27.77,79.14,45.78,0.96,1.91,10,284,3,-0.8660254037844386,0.5000000000000001,-0.9844738167520923,0.17553149042142777,5.5922,4.6872,5.6426,5.582257142857142,4.636426666666666
2019-10-12,5.4485,27.14,81.85,29.57,1.16,3.91,10,285,3,-0.8660254037844386,0.5000000000000001,-0.9813064702716093,0.19245158197082995,4.8389,5.5922,5.7703,5.467442857142857,4.667763333333334
2019-10-13,5.1302,27.3,83.18,56.63,1.37,4.44,10,286,3,-0.8660254037844386,0.5000000000000001,-0.9778483415056567,0.20931464596304888,5.4485,4.8389,6.0154,5.421471428571429,4.741436666666667
2019-10-14,5.3477,27.9,80.22,15.19,1.82,0.37,10,287,3,-0.8660254037844386,0.5000000000000001,-0.9741004551724206,0.22611568550828803,5.1302,5.4485,5.7214,5.295014285714286,4.80137
2019-10-15,5.8337,26.65,76.07,5.36,2.64,0.0,10,288,3,-0.8660254037844386,0.5000000000000001,-0.970063921851507,0.2428497220959358,5.3477,5.1302,5.6467,5.2416285714285715,4.840386666666666
2019-10-16,5.5846,25.6,77.65,28.87,2.74,0.0,10,289,3,-0.8660254037844386,0.5000000000000001,-0.965739937654855,0.25951179706979943,5.8337,5.3477,4.6872,5.268342857142857,4.952916666666667
2019-10-17,5.382,26.26,78.06,25.58,2.23,0.0,10,290,3,-0.8660254037844386,0.5000000000000001,-0.9611297838723007,0.27609697309746883,5.5846,5.8337,5.5922,5.396542857142857,4.96683
2019-10-18,3.173,25.98,83.47,72.98,1.81,2.16,10,291,3,-0.8660254037844386,0.5000000000000001,-0.9562348265919058,0.2926003356333479,5.382,5.5846,4.8389,5.3665142857142865,5.032116666666667
2019-10-19,1.8713,24.89,90.36,99.79,2.4,19.03,10,292,3,-0.8660254037844386,0.5000000000000001,-0.9510565162951536,0.30901699437494723,3.173,5.382,5.4485,5.128528571428572,5.022396666666666
2019-10-20,2.7406,25.11,88.93,99.69,2.17,10.96,10,293,3,-0.8660254037844386,0.5000000000000001,-0.9455963874271428,0.3253420847119795,1.8713,3.173,5.1302,4.6175,4.93518
2019-10-21,3.925,25.12,89.95,98.39,1.95,5.18,10,294,3,-0.8660254037844386,0.5000000000000001,-0.9398560579418953,0.341570769167856,2.7406,1.8713,5.3477,4.276128571428571,4.89938
2019-10-22,3.144,25.17,92.12,99.4,1.78,22.63,10,295,3,-0.8660254037844386,0.5000000000000001,-0.9338372288229252,0.35769823883312546,3.925,2.7406,5.8337,4.0728857142857136,4.860046666666666
2019-10-23,3.2083,25.46,89.44,99.45,1.42,27.84,10,296,3,-0.8660254037844386,0.5000000000000001,-0.9275416835791965,0.3737197147904692,3.144,3.925,5.5846,3.688642857142857,4.779773333333333
2019-10-24,3.6233,25.9,88.41,97.28,1.81,9.29,10,297,3,-0.8660254037844386,0.5000000000000001,-0.9209712877166347,0.38963044953078774,3.2083,3.144,5.382,3.3491714285714287,4.690163333333333
2019-10-25,1.9526,24.99,90.02,99.9,3.48,4.14,10,298,3,-0.8660254037844386,0.5000000000000001,-0.9141279881853337,0.4054257283599973,3.6233,3.2083,3.173,3.097928571428571,4.62706
2019-10-26,2.0806,25.78,87.62,99.37,3.17,3.57,10,299,3,-0.8660254037844386,0.5000000000000001,-0.9070138128026362,0.42110087079608916,1.9526,3.6233,1.8713,2.9235857142857142,4.620203333333333
2019-10-27,4.302,25.34,81.53,91.86,2.11,1.1,10,300,3,-0.8660254037844386,0.5000000000000001,-0.8996308696522434,0.4366512319560638,2.0806,1.9526,2.7406,2.9534857142857143,4.542733333333333
2019-10-28,4.7945,25.87,82.06,85.4,1.63,1.03,10,301,3,-0.8660254037844386,0.5000000000000001,-0.8919813464595487,0.45207220393230374,4.302,2.0806,3.925,3.1765428571428567,4.596373333333333
2019-10-29,5.2726,26.63,85.88,37.33,1.4,1.16,10,302,3,-0.8660254037844386,0.5000000000000001,-0.8840675099433637,0.46735921715800205,4.7945,4.302,3.144,3.300757142857143,4.580796666666667
2019-10-30,5.0429,27.15,85.9,57.87,1.88,2.58,10,303,3,-0.8660254037844386,0.5000000000000001,-0.8758917051442433,0.48250774176121763,5.2726,4.7945,3.2083,3.604842857142857,4.596876666666666
2019-10-31,5.0602,26.5,84.24,62.09,2.13,0.48,10,304,3,-0.8660254037844386,0.5000000000000001,-0.8674563547295971,0.4975132889071803,5.0429,5.2726,3.6233,3.8669285714285713,4.612076666666667
2019-11-01,3.8904,25.67,89.08,96.46,2.04,17.85,11,305,3,-0.5000000000000004,0.8660254037844384,-0.858763958275803,0.5123714121284235,5.0602,5.0429,1.9526,4.0722,4.6124366666666665
2019-11-02,4.5914,25.8,86.05,88.78,1.66,19.71,11,306,3,-0.5000000000000004,0.8660254037844384,-0.8498170915275277,0.5270777086423724,3.8904,5.0602,2.0806,4.349028571428572,4.5475900000000005
2019-11-03,5.2759,26.17,83.21,31.05,1.15,2.17,11,307,3,-0.5000000000000004,0.8660254037844384,-0.8406184056344783,0.5416278206559811,4.5914,3.8904,4.302,4.707714285714286,4.51047
2019-11-04,5.25,26.36,84.16,16.36,1.44,2.49,11,308,3,-0.5000000000000004,0.8660254037844384,-0.8311706263658079,0.5560174366570446,5.2759,4.5914,4.7945,4.846842857142858,4.498246666666668
2019-11-05,5.165,25.92,79.5,18.16,1.46,0.44,11,309,3,-0.5000000000000004,0.8660254037844384,-0.8214765533024145,0.5702422926917867,5.25,5.2759,5.2726,4.911914285714286,4.480903333333333
2019-11-06,5.0525,25.36,82.29,11.65,1.35,0.45,11,310,3,-0.5000000000000004,0.8660254037844384,-0.8115390590073611,0.5842981736283683,5.165,5.25,5.0429,4.896542857142857,4.452556666666666
2019-11-07,4.3694,25.16,88.54,65.57,1.9,2.49,11,311,3,-0.5000000000000004,0.8660254037844384,-0.801361088174677,0.5981809144059159,5.0525,5.165,5.0602,4.897914285714285,4.4302600000000005
2019-11-08,4.4494,25.42,85.71,64.85,1.74,6.8,11,312,3,-0.5000000000000004,0.8660254037844384,-0.7909456567567774,0.6118864012687242,4.3694,5.0525,3.8904,4.799228571428571,4.3876833333333325
2019-11-09,3.2162,25.4,79.92,79.2,0.89,0.76,11,313,3,-0.5000000000000004,0.8660254037844384,-0.780295851070776,0.6254105729852457,4.4494,4.3694,4.5914,4.879085714285714,4.379756666666666
2019-11-10,5.2411,25.36,81.37,11.4,1.17,0.0,11,314,3,-0.5000000000000004,0.8660254037844384,-0.7694148268839381,0.6387494220515268,3.2162,4.4494,5.2759,4.682628571428571,4.300556666666666
2019-11-11,4.9135,25.73,77.48,6.49,1.35,0.06,11,315,3,-0.5000000000000004,0.8660254037844384,-0.7583058084785625,0.6518989958787125,5.2411,3.2162,5.25,4.677657142857143,4.313963333333334
2019-11-12,4.7309,25.79,76.94,4.67,1.53,0.08,11,316,3,-0.5000000000000004,0.8660254037844384,-0.7469720876965551,0.6648553979642866,4.9135,5.2411,5.165,4.629585714285715,4.29613
2019-11-13,4.3901,24.7,80.34,23.82,2.22,0.02,11,317,3,-0.5000000000000004,0.8660254037844384,-0.7354170229639858,0.6776147890466887,4.7309,4.9135,5.0525,4.567571428571429,4.28282
2019-11-14,4.759,24.21,76.25,5.28,2.17,0.0,11,318,3,-0.5000000000000004,0.8660254037844384,-0.7236440382959124,0.690173388242972,4.3901,4.7309,4.3694,4.472942857142857,4.2509
2019-11-15,3.8873,25.22,81.39,49.82,1.67,0.0,11,319,3,-0.5000000000000004,0.8660254037844384,-0.711656622281775,0.7025274741691566,4.759,4.3901,4.4494,4.5286,4.215076666666667
2019-11-16,4.0034,26.06,79.83,22.11,1.6,0.0,11,320,3,-0.5000000000000004,0.8660254037844384,-0.6994583270516471,0.7146733860429608,3.8873,4.759,3.2162,4.448300000000001,4.1585
2019-11-17,4.2151,25.91,80.07,5.21,2.1,0.0,11,321,3,-0.5000000000000004,0.8660254037844384,-0.6870527672236675,0.7266075247685652,4.0034,3.8873,5.2411,4.560757142857143,4.112546666666666
2019-11-18,4.7143,24.76,75.43,23.28,2.16,0.0,11,322,3,-0.5000000000000004,0.8660254037844384,-0.6744436188329457,0.7383263540031063,4.2151,4.0034,4.9135,4.414185714285714,4.147283333333333
2019-11-19,4.0514,24.48,72.89,63.43,2.12,0.0,11,323,3,-0.5000000000000004,0.8660254037844384,-0.661634618242279,0.749826401204568,4.7143,4.2151,4.7309,4.385728571428571,4.24205
2019-11-20,4.4705,24.26,74.69,39.25,1.79,0.0,11,324,3,-0.5000000000000004,0.8660254037844384,-0.6486295610349818,0.7611042586607742,4.0514,4.7143,4.3901,4.288657142857143,4.2857433333333335
2019-11-21,4.1966,25.17,77.74,6.48,1.87,0.0,11,325,3,-0.5000000000000004,0.8660254037844384,-0.6354323008901775,0.7721565844991641,4.4705,4.0514,4.759,4.300142857142857,4.303926666666667
2019-11-22,4.0123,24.88,76.31,13.43,2.04,0.0,11,326,3,-0.5000000000000004,0.8660254037844384,-0.622046748440868,0.7829801036770624,4.1966,4.4705,3.8873,4.2198,4.339013333333333
2019-11-23,4.3085,24.77,74.79,17.54,2.05,0.0,11,327,3,-0.5000000000000004,0.8660254037844384,-0.6084768701151264,0.7935716089521472,4.0123,4.1966,4.0034,4.237657142857143,4.3658133333333335
2019-11-24,4.1614,24.57,71.28,18.52,2.09,0.0,11,328,3,-0.5000000000000004,0.8660254037844384,-0.594726686960764,0.8039279618328208,4.3085,4.0123,4.2151,4.281242857142857,4.388653333333334
2019-11-25,4.5043,24.19,69.34,6.72,1.92,0.0,11,329,3,-0.5000000000000004,0.8660254037844384,-0.5808002734538013,0.8140460935082175,4.1614,4.3085,4.7143,4.273571428571429,4.462279999999999
2019-11-26,4.5482,24.44,72.47,5.71,1.91,0.0,11,330,3,-0.5000000000000004,0.8660254037844384,-0.5667017562911184,0.8239230057575536,4.5043,4.1614,4.0514,4.243571428571428,4.54307
2019-11-27,4.1916,24.32,74.62,6.74,2.06,0.0,11,331,3,-0.5000000000000004,0.8660254037844384,-0.5524353131676203,0.8335557718385695,4.5482,4.5043,4.4705,4.3145428571428575,4.551276666666666
2019-11-28,4.5192,24.42,73.75,4.51,1.92,0.0,11,332,3,-0.5000000000000004,0.8660254037844384,-0.5380051715382992,0.8429415373547832,4.1916,4.5482,4.1966,4.2747,4.53118
2019-11-29,4.2785,25.23,75.7,23.95,1.67,0.0,11,333,3,-0.5000000000000004,0.8660254037844384,-0.5234156073655503,0.8520775211013093,4.5192,4.1916,4.0123,4.320785714285714,4.506066666666667
2019-11-30,3.2803,25.59,75.8,89.53,2.0,0.07,11,334,3,-0.5000000000000004,0.8660254037844384,-0.5086709438521042,0.8609610158889945,4.2785,4.5192,4.3085,4.358814285714286,4.4805866666666665
2019-12-01,3.5897,25.77,78.97,90.06,1.75,0.1,12,335,0,-2.4492935982947064e-16,1.0,-0.49377555015997737,0.8695893893466109,3.2803,4.2785,4.1614,4.2119285714285715,4.421256666666666
2019-12-02,4.3716,26.23,75.4,32.23,2.17,0.01,12,336,0,-2.4492935982947064e-16,1.0,-0.4787338401157883,0.8779600847008883,3.5897,3.2803,4.5043,4.130257142857142,4.411233333333333
2019-12-03,3.9238,25.75,76.01,75.14,2.25,0.05,12,337,0,-2.4492935982947064e-16,1.0,-0.4635502709028512,0.8860706215341378,4.3716,3.5897,4.5482,4.1113,4.403906666666667
2019-12-04,3.7968,25.82,79.61,81.9,1.86,0.2,12,338,0,-2.4492935982947064e-16,1.0,-0.4482293417404106,0.893918596519257,3.9238,4.3716,4.1916,4.0221,4.358836666666666
2019-12-05,2.3102,25.12,83.64,99.55,1.74,0.48,12,339,0,-2.4492935982947064e-16,1.0,-0.4327755925504317,0.9015016841318838,3.7968,3.9238,4.5192,3.9656999999999996,4.310396666666667
2019-12-06,3.7454,24.04,77.18,78.74,2.39,0.04,12,340,0,-2.4492935982947064e-16,1.0,-0.41719360261231697,0.9088176373395028,2.3102,3.7968,4.2785,3.650128571428571,4.215236666666667
2019-12-07,4.278,24.25,74.6,16.66,2.39,0.0,12,341,0,-2.4492935982947064e-16,1.0,-0.4014879892059737,0.9158642882672868,3.7454,2.3102,3.2803,3.573971428571429,4.171666666666666
2019-12-08,3.9312,23.91,73.07,19.3,2.1,0.0,12,342,0,-2.4492935982947064e-16,1.0,-0.38566340624360745,0.9226395488404875,4.278,3.7454,3.5897,3.7165,4.16862
2019-12-09,4.0608,24.77,77.14,13.05,2.07,0.0,12,343,0,-2.4492935982947064e-16,1.0,-0.3697245428906732,0.9291414114031743,3.9312,4.278,4.3716,3.7652857142857146,4.151346666666667
2019-12-10,3.9744,24.93,77.84,5.2,1.7,0.01,12,344,0,-2.4492935982947064e-16,1.0,-0.35367612217637207,0.935367949313148,4.0608,3.9312,3.9238,3.720885714285714,4.1795
2019-12-11,4.056,24.47,76.87,4.56,1.26,0.01,12,345,0,-2.4492935982947064e-16,1.0,-0.33752289959411347,0.941317317512847,3.9744,4.0608,3.7968,3.728114285714286,4.137276666666667
2019-12-12,3.8153,23.4,78.71,18.64,1.34,0.01,12,346,0,-2.4492935982947064e-16,1.0,-0.32126966169236515,0.9469877530760751,4.056,3.9744,2.3102,3.7651428571428576,4.108693333333333
2019-12-13,4.3906,22.3,78.19,55.11,1.68,0.18,12,347,0,-2.4492935982947064e-16,1.0,-0.3049212246562894,0.9523775757303973,3.8153,4.056,3.7454,3.9801571428571423,4.078173333333334
2019-12-14,4.4141,22.3,77.32,17.73,1.88,0.0,12,348,0,-2.4492935982947064e-16,1.0,-0.2884824328806098,0.9574851883550389,4.3906,3.8153,4.278,4.072328571428571,4.07819
2019-12-15,3.8626,21.71,76.02,9.46,1.58,0.0,12,349,0,-2.4492935982947064e-16,1.0,-0.27195815753410524,0.9623090774541487,4.4141,4.3906,3.9312,4.091771428571429,4.066693333333333
2019-12-16,4.0094,23.4,78.84,15.73,1.59,0.0,12,350,0,-2.4492935982947064e-16,1.0,-0.2553532951161881,0.9668478136052773,3.8626,4.4141,4.0608,4.081971428571428,4.06587
2019-12-17,4.1832,23.87,75.75,7.54,2.61,0.0,12,351,0,-2.4492935982947064e-16,1.0,-0.23867276600594997,0.9711000518829505,4.0094,3.8626,3.9744,4.074628571428571,4.06607
2019-12-18,4.2648,23.77,74.18,20.24,2.5,0.11,12,352,0,-2.4492935982947064e-16,1.0,-0.22192151300416674,0.9750645322571945,4.1832,4.0094,4.056,4.104457142857143,4.065006666666666
2019-12-19,4.1614,23.69,72.88,9.46,2.08,0.0,12,353,0,-2.4492935982947064e-16,1.0,-0.20510449986861926,0.9787400799669153,4.2648,4.1832,3.8153,4.134285714285715,4.050023333333334
2019-12-20,4.1026,23.86,72.49,49.08,1.71,0.0,12,354,0,-2.4492935982947064e-16,1.0,-0.1882267098432439,0.9821256058680006,4.1614,4.2648,4.3906,4.183728571428572,4.0536900000000005
2019-12-21,3.6626,24.28,69.46,56.6,1.7,0.0,12,355,0,-2.4492935982947064e-16,1.0,-0.1712931441814778,0.9852201067560606,4.1026,4.1614,4.4141,4.1425857142857145,4.041426666666667
2019-12-22,3.2076,24.49,72.22,69.3,2.43,0.04,12,356,0,-2.4492935982947064e-16,1.0,-0.154308820664281,0.9880226656636976,3.6626,4.1026,3.8626,4.035228571428571,4.023626666666667
2019-12-23,3.425,25.11,75.36,50.68,1.83,0.12,12,357,0,-2.4492935982947064e-16,1.0,-0.13727877211326517,0.9905324521322227,3.2076,3.6626,4.0094,3.9416571428571427,3.9968033333333333
2019-12-24,3.4265,25.06,79.88,46.14,1.6,0.19,12,358,0,-2.4492935982947064e-16,1.0,-0.12020804489935275,0.9927487224577402,3.425,3.2076,4.1832,3.8581714285714286,3.9673533333333335
2019-12-25,2.0849,24.5,83.79,98.32,1.46,1.17,12,359,0,-2.4492935982947064e-16,1.0,-0.10310169744743544,0.9946708199115211,3.4265,3.425,4.2648,3.7500714285714283,3.9428566666666662
2019-12-26,4.1306,23.64,77.23,38.13,1.49,0.08,12,360,0,-2.4492935982947064e-16,1.0,-0.0859647987374467,0.9962981749346077,2.0849,3.4265,4.1614,3.438657142857143,3.8622099999999997
2019-12-27,4.445,22.77,74.42,21.44,1.75,0.0,12,361,0,-2.4492935982947064e-16,1.0,-0.06880242680232064,0.9976303053065857,4.1306,2.0849,4.1026,3.4342571428571427,3.84829
2019-12-28,4.0932,23.05,72.23,24.24,2.77,0.0,12,362,0,-2.4492935982947064e-16,1.0,-0.05161966722325418,0.9986668162884759,4.445,4.1306,3.6626,3.483171428571428,3.856736666666667
2019-12-29,2.6414,22.8,77.95,72.98,2.58,0.0,12,363,0,-2.4492935982947064e-16,1.0,-0.034421611622745804,0.9994074007397048,4.0932,4.445,3.2076,3.544685714285715,3.8425366666666667
2019-12-30,4.1078,22.35,82.75,11.4,1.51,0.1,12,364,0,-2.4492935982947064e-16,1.0,-0.01721335615583528,0.9998518392091162,2.6414,4.0932,3.425,3.4638,3.7879666666666667
2019-12-31,4.2974,19.94,79.39,12.81,1.49,0.0,12,365,0,-2.4492935982947064e-16,1.0,6.432490598706546e-16,1.0,4.1078,2.6414,3.4265,3.5613428571428574,3.8155500000000004
2020-01-01,4.5586,19.39,77.27,29.64,1.39,0.0,1,1,0,0.49999999999999994,0.8660254037844387,0.017213356155834685,0.9998518392091162,4.2974,4.1078,2.0849,3.6857571428571427,3.83914
2020-01-02,4.3238,20.29,81.0,44.4,1.49,0.0,1,2,0,0.49999999999999994,0.8660254037844387,0.03442161162274574,0.9994074007397048,4.5586,4.2974,4.1306,4.039142857142857,3.8453733333333333
2020-01-03,4.2492,19.84,78.36,42.21,1.83,0.03,1,3,0,0.49999999999999994,0.8660254037844387,0.051619667223253764,0.998666816288476,4.3238,4.5586,4.445,4.066742857142857,3.858706666666667
2020-01-04,4.093,19.41,71.24,18.32,1.58,0.0,1,4,0,0.49999999999999994,0.8660254037844387,0.06880242680231986,0.9976303053065857,4.2492,4.3238,4.0932,4.038771428571429,3.8737866666666667
2020-01-05,4.6954,20.86,71.04,7.92,3.21,0.0,1,5,0,0.49999999999999994,0.8660254037844387,0.08596479873744647,0.9962981749346078,4.093,4.2492,2.6414,4.038742857142857,3.9332133333333332
2020-01-06,4.6289,22.83,68.83,4.28,3.32,0.05,1,6,0,0.49999999999999994,0.8660254037844387,0.10310169744743485,0.9946708199115211,4.6954,4.093,4.1078,4.332171428571429,3.9648800000000004
2020-01-07,3.8666,23.42,75.85,18.7,2.48,0.0,1,7,0,0.49999999999999994,0.8660254037844387,0.1202080448993527,0.9927487224577402,4.6289,4.6954,4.2974,4.406614285714285,3.976576666666667
2020-01-08,4.2893,22.38,83.18,19.82,1.78,0.0,1,8,0,0.49999999999999994,0.8660254037844387,0.13727877211326478,0.9905324521322229,3.8666,4.6289,4.5586,4.345071428571429,3.974423333333333
2020-01-09,4.9447,20.25,68.66,11.02,1.8,0.0,1,9,0,0.49999999999999994,0.8660254037844387,0.15430882066428117,0.9880226656636976,4.2893,3.8666,4.3238,4.3066,3.9820399999999996
2020-01-10,4.5168,22.23,70.68,9.34,2.94,0.0,1,10,0,0.49999999999999994,0.8660254037844387,0.1712931441814776,0.9852201067560606,4.9447,4.2893,4.2492,4.3953,4.014383333333334
2020-01-11,4.1906,23.27,66.14,5.67,2.98,0.0,1,11,0,0.49999999999999994,0.8660254037844387,0.1882267098432442,0.9821256058680006,4.5168,4.9447,4.093,4.433528571428572,4.029743333333333
2020-01-12,4.4129,22.99,64.62,6.83,2.13,0.0,1,12,0,0.49999999999999994,0.8660254037844387,0.2051044998686192,0.9787400799669153,4.1906,4.5168,4.6954,4.447471428571428,4.042253333333333
2020-01-13,4.0822,22.67,79.11,21.25,1.43,0.04,1,13,0,0.49999999999999994,0.8660254037844387,0.2219215130041655,0.9750645322571948,4.4129,4.1906,4.6289,4.407114285714285,4.042996666666666
2020-01-14,4.4724,21.81,80.46,12.15,1.95,0.01,1,14,0,0.49999999999999994,0.8660254037844387,0.2386727660059501,0.9711000518829505,4.0822,4.4129,3.8666,4.329014285714286,4.031933333333334
2020-01-15,4.4971,19.85,75.92,16.93,2.13,0.0,1,15,0,0.49999999999999994,0.8660254037844387,0.255353295116187,0.9668478136052775,4.4724,4.0822,4.2893,4.415557142857143,4.05226
2020-01-16,5.1173,18.86,66.39,19.78,2.04,0.0,1,16,0,0.49999999999999994,0.8660254037844387,0.2719581575341055,0.9623090774541486,4.4971,4.4724,4.9447,4.445242857142857,4.068516666666667
2020-01-17,5.153,17.25,60.12,18.58,1.92,0.0,1,17,0,0.49999999999999994,0.8660254037844387,0.288482432880609,0.9574851883550393,5.1173,4.4971,4.5168,4.4699,4.099653333333333
2020-01-18,5.1286,19.59,60.64,12.71,1.82,0.0,1,18,0,0.49999999999999994,0.8660254037844387,0.30492122465628907,0.9523775757303974,5.153,5.1173,4.1906,4.560785714285714,4.1292599999999995
2020-01-19,4.8185,21.51,63.04,9.33,1.6,0.0,1,19,0,0.49999999999999994,0.8660254037844387,0.3212696616923644,0.9469877530760753,5.1286,5.153,4.4129,4.694785714285714,4.1615
2020-01-20,4.8946,23.08,66.98,7.32,1.84,0.0,1,20,0,0.49999999999999994,0.8660254037844387,0.3375228995941133,0.9413173175128471,4.8185,5.1286,4.0822,4.752728571428571,4.185363333333333
2020-01-21,4.8398,23.23,63.07,8.08,1.51,0.0,1,21,0,0.49999999999999994,0.8660254037844387,0.3536761221763716,0.9353679493131483,4.8946,4.8185,4.4724,4.868785714285714,4.22643
2020-01-22,4.8077,23.73,62.57,9.46,1.74,0.0,1,22,0,0.49999999999999994,0.8660254037844387,0.3697245428906731,0.9291414114031743,4.8398,4.8946,4.4971,4.921271428571429,4.2808366666666675
2020-01-23,4.5586,24.22,60.25,6.13,2.23,0.0,1,23,0,0.49999999999999994,0.8660254037844387,0.38566340624360707,0.9226395488404876,4.8077,4.8398,5.1173,4.965642857142858,4.326926666666666
2020-01-24,4.8962,24.57,62.58,9.13,2.24,0.0,1,24,0,0.49999999999999994,0.8660254037844387,0.401487989205973,0.9158642882672872,4.5586,4.8077,5.153,4.885828571428571,4.364663333333334
2020-01-25,4.7323,24.86,55.99,30.38,1.85,0.0,1,25,0,0.49999999999999994,0.8660254037844387,0.4171936026123168,0.9088176373395029,4.8962,4.5586,5.1286,4.849142857142858,4.458373333333333
2020-01-26,4.825,24.51,54.4,6.07,1.73,0.0,1,26,0,0.49999999999999994,0.8660254037844387,0.4327755925504312,0.901501684131884,4.7323,4.8962,4.8185,4.792528571428571,4.47843
2020-01-27,5.0472,23.5,59.93,8.09,1.62,0.0,1,27,0,0.49999999999999994,0.8660254037844387,0.4482293417404106,0.893918596519257,4.825,4.7323,4.8946,4.793457142857143,4.4910966666666665
2020-01-28,4.1537,22.11,77.46,38.62,1.67,0.03,1,28,0,0.49999999999999994,0.8660254037844387,0.4635502709028509,0.886070621534138,5.0472,4.825,4.8398,4.815257142857143,4.522896666666667
2020-01-29,5.5471,20.4,67.05,15.89,2.34,0.0,1,29,0,0.49999999999999994,0.8660254037844387,0.47873384011578846,0.8779600847008882,4.1537,5.0472,4.8077,4.717242857142857,4.573306666666666
2020-01-30,5.645,19.28,54.28,12.86,1.85,0.0,1,30,0,0.49999999999999994,0.8660254037844387,0.49377555015997715,0.869589389346611,5.5471,4.1537,4.5586,4.822871428571429,4.621283333333333
2020-01-31,5.4763,19.64,52.55,12.65,1.9,0.0,1,31,0,0.49999999999999994,0.8660254037844387,0.5086709438521044,0.8609610158889943,5.645,5.5471,4.8962,4.978071428571428,4.666203333333334
2020-02-01,5.1552,21.0,53.74,10.74,1.76,0.0,2,32,0,0.8660254037844386,0.5000000000000001,0.5234156073655503,0.8520775211013093,5.4763,5.645,4.7323,5.060942857142857,4.696793333333333
2020-02-02,5.3666,22.57,64.09,6.8,2.6,0.01,2,33,0,0.8660254037844386,0.5000000000000001,0.5380051715382996,0.8429415373547828,5.1552,5.4763,4.825,5.121357142857143,4.724506666666667
2020-02-03,5.2337,22.95,70.32,11.3,1.52,0.0,2,34,0,0.8660254037844386,0.5000000000000001,0.5524353131676196,0.8335557718385699,5.3666,5.1552,5.0472,5.19872857142857,4.761753333333333
2020-02-04,5.3148,22.61,61.68,10.31,1.92,0.0,2,35,0,0.8660254037844386,0.5000000000000001,0.5667017562911176,0.8239230057575542,5.2337,5.3666,4.1537,5.225371428571429,4.799776666666667
2020-02-05,5.3856,22.22,50.84,13.71,1.98,0.0,2,36,0,0.8660254037844386,0.5000000000000001,0.5808002734538009,0.8140460935082178,5.3148,5.2337,5.5471,5.391242857142857,4.820423333333333
2020-02-06,5.621,21.75,52.47,10.44,1.76,0.0,2,37,0,0.8660254037844386,0.5000000000000001,0.5947266869607634,0.8039279618328213,5.3856,5.3148,5.645,5.368171428571428,4.845646666666667
2020-02-07,5.665,20.82,50.92,11.94,1.99,0.0,2,38,0,0.8660254037844386,0.5000000000000001,0.6084768701151261,0.7935716089521474,5.621,5.3856,5.4763,5.364742857142858,4.904126666666667
2020-02-08,5.0981,21.98,59.2,7.02,2.15,0.0,2,39,0,0.8660254037844386,0.5000000000000001,0.6220467484408675,0.7829801036770629,5.665,5.621,5.1552,5.3917,4.949983333333334
2020-02-09,5.2454,23.85,57.36,6.25,3.09,0.0,2,40,0,0.8660254037844386,0.5000000000000001,0.6354323008901774,0.7721565844991642,5.0981,5.665,5.3666,5.3835428571428565,4.955096666666666
2020-02-10,4.9666,25.4,58.81,7.69,2.77,0.0,2,41,0,0.8660254037844386,0.5000000000000001,0.6486295610349814,0.7611042586607747,5.2454,5.0981,5.2337,5.366228571428572,4.979383333333334
2020-02-11,4.5634,26.13,60.77,33.04,2.58,0.05,2,42,0,0.8660254037844386,0.5000000000000001,0.6616346182422783,0.7498264012045686,4.9666,5.2454,5.3148,5.328071428571429,5.00525
2020-02-12,4.4369,26.9,57.29,37.69,2.5,0.01,2,43,0,0.8660254037844386,0.5000000000000001,0.6744436188329455,0.7383263540031065,4.5634,4.9666,5.3856,5.220728571428571,5.010266666666667
2020-02-13,4.47,26.44,53.76,62.54,2.35,0.01,2,44,0,0.8660254037844386,0.5000000000000001,0.6870527672236669,0.7266075247685656,4.4369,4.5634,5.621,5.0851999999999995,5.02209
2020-02-14,5.245,25.75,48.38,22.92,2.17,0.0,2,45,0,0.8660254037844386,0.5000000000000001,0.699458327051647,0.7146733860429609,4.47,4.4369,5.665,4.920771428571428,5.022009999999999
2020-02-15,5.6374,25.28,45.4,7.9,1.91,0.0,2,46,0,0.8660254037844386,0.5000000000000001,0.7116566222817746,0.7025274741691571,5.245,4.47,5.0981,4.860771428571428,5.04694
2020-02-16,5.363,25.72,49.18,5.95,1.75,0.0,2,47,0,0.8660254037844386,0.5000000000000001,0.7236440382959124,0.6901733882429719,5.6374,5.245,5.2454,4.937814285714286,5.064276666666667
2020-02-17,5.2966,26.84,48.4,4.74,2.05,0.0,2,48,0,0.8660254037844386,0.5000000000000001,0.7354170229639855,0.6776147890466889,5.363,5.6374,4.9666,4.954614285714285,5.071276666666667
2020-02-18,5.5063,27.1,46.14,2.84,2.28,0.0,2,49,0,0.8660254037844386,0.5000000000000001,0.7469720876965552,0.6648553979642865,5.2966,5.363,4.5634,5.001757142857143,5.076876666666666
2020-02-19,5.6311,26.96,49.52,4.48,1.43,0.0,2,50,0,0.8660254037844386,0.5000000000000001,0.7583058084785624,0.6518989958787126,5.5063,5.2966,4.4369,5.136457142857144,5.099803333333333
2020-02-20,5.7677,26.63,51.62,19.34,1.55,0.0,2,51,0,0.8660254037844386,0.5000000000000001,0.7694148268839378,0.6387494220515272,5.6311,5.5063,4.47,5.3070571428571425,5.1243533333333335
2020-02-21,5.7211,26.1,55.08,22.13,1.85,0.0,2,52,0,0.8660254037844386,0.5000000000000001,0.7802958510707755,0.6254105729852464,5.7677,5.6311,5.245,5.492442857142857,5.155283333333333
2020-02-22,5.7953,26.87,45.39,26.25,1.72,0.0,2,53,0,0.8660254037844386,0.5000000000000001,0.7909456567567772,0.6118864012687243,5.7211,5.7677,5.6374,5.560457142857143,5.18573
2020-02-23,5.9213,27.07,41.2,10.53,1.72,0.0,2,54,0,0.8660254037844386,0.5000000000000001,0.8013610881746766,0.5981809144059165,5.7953,5.7211,5.363,5.5830142857142855,5.226953333333333
2020-02-24,5.9479,26.68,39.48,26.55,2.1,0.0,2,55,0,0.8660254037844386,0.5000000000000001,0.8115390590073611,0.5842981736283683,5.9213,5.7953,5.2966,5.6627714285714275,5.261123333333333
2020-02-25,5.9491,26.54,33.59,27.1,2.76,0.0,2,56,0,0.8660254037844386,0.5000000000000001,0.8214765533024142,0.5702422926917871,5.9479,5.9213,5.5063,5.755814285714286,5.301643333333334
2020-02-26,6.2846,26.5,34.25,10.44,2.82,0.0,2,57,0,0.8660254037844386,0.5000000000000001,0.8311706263658079,0.5560174366570446,5.9491,5.9479,5.6311,5.819071428571428,5.339113333333333
2020-02-27,6.3473,26.99,31.62,10.14,2.61,0.0,2,58,0,0.8660254037844386,0.5000000000000001,0.8406184056344782,0.5416278206559814,6.2846,5.9491,5.7677,5.912428571428571,5.38036
2020-02-28,6.2914,27.15,35.18,9.26,2.16,0.0,2,59,0,0.8660254037844386,0.5000000000000001,0.8498170915275278,0.5270777086423722,6.3473,6.2846,5.7211,5.995228571428571,5.45348
2020-02-29,5.9714,27.14,40.97,8.64,1.89,0.11,2,60,0,0.8660254037844386,0.5000000000000001,0.8587639582758029,0.5123714121284237,6.2914,6.3473,5.7953,6.076700000000001,5.47829
2020-03-01,5.9974,26.82,48.66,7.61,1.91,0.02,3,61,1,1.0,6.123233995736766e-17,0.8674563547295969,0.49751328890718066,5.9714,6.2914,5.9213,6.101857142857142,5.48917
2020-03-02,6.4046,26.89,54.32,11.51,1.77,0.0,3,62,1,1.0,6.123233995736766e-17,0.8758917051442429,0.48250774176121847,5.9974,5.9714,5.9479,6.112728571428572,5.50654
2020-03-03,6.6463,25.3,62.8,8.7,1.85,0.0,3,63,1,1.0,6.123233995736766e-17,0.8840675099433636,0.4673592171580022,6.4046,5.9974,5.9491,6.177971428571428,5.548186666666667
2020-03-04,6.0562,25.02,61.72,23.85,1.85,0.0,3,64,1,1.0,6.123233995736766e-17,0.8919813464595485,0.45207220393230435,6.6463,6.4046,6.2846,6.277571428571429,5.590843333333334
2020-03-05,6.2513,24.73,64.01,22.31,1.88,0.0,3,65,1,1.0,6.123233995736766e-17,0.8996308696522433,0.43665123195606403,6.0562,6.6463,6.3473,6.244942857142857,5.61826
2020-03-06,6.1462,24.76,65.33,27.49,2.43,0.05,3,66,1,1.0,6.123233995736766e-17,0.9070138128026359,0.4211008707960896,6.2513,6.0562,6.2914,6.231228571428572,5.649476666666668
2020-03-07,6.6989,24.64,55.41,19.08,2.03,0.02,3,67,1,1.0,6.123233995736766e-17,0.9141279881853337,0.40542572835999735,6.1462,6.2513,5.9714,6.210485714285714,5.67483
2020-03-08,6.7894,24.62,52.05,11.93,2.1,0.0,3,68,1,1.0,6.123233995736766e-17,0.9209712877166346,0.38963044953078796,6.6989,6.1462,5.9974,6.314414285714286,5.710759999999999
2020-03-09,6.479,25.22,57.32,16.21,1.94,0.0,3,69,1,1.0,6.123233995736766e-17,0.9275416835791966,0.37371971479046906,6.7894,6.6989,6.4046,6.427557142857144,5.748239999999999
2020-03-10,6.0454,25.52,64.39,39.95,2.44,0.0,3,70,1,1.0,6.123233995736766e-17,0.9338372288229252,0.35769823883312546,6.479,6.7894,6.6463,6.438185714285715,5.79427
2020-03-11,6.8206,24.68,59.97,19.38,2.29,0.03,3,71,1,1.0,6.123233995736766e-17,0.9398560579418954,0.3415707691678556,6.0454,6.479,6.0562,6.352342857142857,5.820936666666666
2020-03-12,6.7483,23.81,63.61,20.63,2.14,0.62,3,72,1,1.0,6.123233995736766e-17,0.9455963874271426,0.3253420847119801,6.8206,6.0454,6.2513,6.461542857142858,5.882736666666665
2020-03-13,6.5705,23.36,51.14,39.73,2.59,0.0,3,73,1,1.0,6.123233995736766e-17,0.9510565162951535,0.30901699437494745,6.7483,6.8206,6.1462,6.532542857142857,5.955566666666666
2020-03-14,7.0279,25.04,28.44,25.22,2.79,0.0,3,74,1,1.0,6.123233995736766e-17,0.9562348265919056,0.29260033563334836,6.5705,6.7483,6.6989,6.593157142857143,6.0266866666666665
2020-03-15,6.6535,27.42,26.19,38.92,2.63,0.0,3,75,1,1.0,6.123233995736766e-17,0.9611297838723007,0.27609697309746883,7.0279,6.5705,6.7894,6.640157142857142,6.111949999999999
2020-03-16,6.5107,29.76,28.35,13.6,2.72,0.04,3,76,1,1.0,6.123233995736766e-17,0.9657399376548549,0.2595117970697999,6.6535,7.0279,6.479,6.620742857142857,6.1589
2020-03-17,6.3979,30.6,28.56,12.85,1.91,0.02,3,77,1,1.0,6.123233995736766e-17,0.9700639218515071,0.2428497220959356,6.5107,6.6535,6.0454,6.625271428571429,6.18801
2020-03-18,6.5458,30.41,30.04,11.12,2.43,0.0,3,78,1,1.0,6.123233995736766e-17,0.9741004551724205,0.22611568550828828,6.3979,6.5107,6.8206,6.675628571428571,6.222506666666666
2020-03-19,7.0836,28.37,44.08,10.97,2.25,0.01,3,79,1,1.0,6.123233995736766e-17,0.9778483415056568,0.20931464596304847,6.5458,6.3979,6.7483,6.636371428571429,6.264146666666666
2020-03-20,6.9886,27.38,57.4,21.34,2.1,0.0,3,80,1,1.0,6.123233995736766e-17,0.9813064702716093,0.19245158197082998,7.0836,6.5458,6.5705,6.684271428571428,6.316723333333333
2020-03-21,6.9302,27.31,56.38,16.82,1.84,0.0,3,81,1,1.0,6.123233995736766e-17,0.9844738167520922,0.1755314904214282,6.9886,7.0836,7.0279,6.744,6.361973333333333
2020-03-22,6.8054,28.81,52.78,10.88,2.24,0.0,3,82,1,1.0,6.123233995736766e-17,0.9873494423939864,0.15855938510313475,6.9302,6.9886,6.6535,6.730042857142857,6.4007233333333335
2020-03-23,6.773,29.98,48.77,26.73,2.11,0.08,3,83,1,1.0,6.123233995736766e-17,0.989932495087353,0.141540295217043,6.8054,6.9302,6.5107,6.751742857142857,6.436866666666666
2020-03-24,6.3758,30.81,49.14,29.11,1.95,0.12,3,84,1,1.0,6.123233995736766e-17,0.9922222094179323,0.12447926388678915,6.773,6.8054,6.3979,6.789214285714285,6.469456666666667
2020-03-25,5.6974,31.32,47.94,49.66,1.62,0.79,3,85,1,1.0,6.123233995736766e-17,0.994217906893952,0.10738134666416309,6.3758,6.773,6.5458,6.786057142857142,6.484606666666666
2020-03-26,5.6743,30.64,53.88,51.18,2.16,0.63,3,86,1,1.0,6.123233995736766e-17,0.995918996147179,0.09025161003104117,5.6974,6.3758,7.0836,6.664857142857143,6.476256666666667
2020-03-27,5.8368,30.39,52.23,51.43,2.12,0.84,3,87,1,1.0,6.123233995736766e-17,0.9973249731081555,0.07309512989807777,5.6743,5.6974,6.9886,6.463528571428571,6.4670966666666665
2020-03-28,6.2784,30.63,45.11,23.73,2.83,0.32,3,88,1,1.0,6.123233995736766e-17,0.9984354211555643,0.055916990100603484,5.8368,5.6743,6.9302,6.298985714285714,6.45217
2020-03-29,6.6144,31.31,37.03,16.29,2.55,0.33,3,89,1,1.0,6.123233995736766e-17,0.9992500112396835,0.03872228089217446,6.2784,5.8368,6.8054,6.205871428571428,6.449873333333333
2020-03-30,6.7414,30.81,36.55,14.07,1.99,0.15,3,90,1,1.0,6.123233995736766e-17,0.9997685019798909,0.021516097436222254,6.6144,6.2784,6.773,6.178585714285714,6.46064
2020-03-31,6.6082,29.73,45.98,22.83,2.28,0.0,3,91,1,1.0,6.123233995736766e-17,0.9999907397361901,0.004303538296244289,6.7414,6.6144,6.3758,6.174071428571429,6.486306666666667
2020-04-01,7.1042,30.08,47.01,20.68,2.5,0.0,4,92,1,0.8660254037844387,-0.4999999999999998,0.9999166586547379,-0.01291029607500882,6.6082,6.7414,5.6974,6.2072714285714286,6.506666666666666
2020-04-02,6.9108,31.18,38.2,23.91,2.74,0.1,4,93,1,0.8660254037844387,-0.4999999999999998,0.9995462806873573,-0.030120304846908114,7.1042,6.6082,5.6743,6.408242857142858,6.529986666666667
2020-04-03,6.7978,31.03,45.94,21.99,2.39,0.0,4,94,1,0.8660254037844387,-0.4999999999999998,0.9988797155850336,-0.04732138832243185,6.9108,7.1042,5.8368,6.584885714285714,6.538803333333333
2020-04-04,7.1098,30.47,48.54,9.72,2.25,0.01,4,95,1,0.8660254037844387,-0.4999999999999998,0.9979171608653922,-0.06450844944931623,6.7978,6.9108,6.2784,6.7221714285714285,6.563523333333333
2020-04-05,7.2374,30.33,49.29,10.11,1.84,0.16,4,96,1,0.8660254037844387,-0.4999999999999998,0.9966589017541702,-0.08167639533042241,7.1098,6.7978,6.6144,6.840942857142856,6.5921400000000006
2020-04-06,7.032,29.48,57.42,30.61,1.96,0.32,4,97,1,0.8660254037844387,-0.4999999999999998,0.9951053111006976,-0.09882013873287143,7.2374,7.1098,6.7414,6.929942857142857,6.628513333333333
2020-04-07,7.2451,29.33,53.74,38.97,2.24,0.0,4,98,1,0.8660254037844387,-0.4999999999999998,0.9932568492674143,-0.11593459959550041,7.032,7.2374,6.6082,6.971457142857143,6.639616666666667
2020-04-08,7.2888,28.63,53.93,21.68,2.06,0.0,4,99,1,0.8660254037844387,-0.4999999999999998,0.9911140639934547,-0.1330147065341959,7.2451,7.032,7.1042,7.062442857142857,6.654806666666667
2020-04-09,7.0954,28.94,57.28,21.94,2.2,0.0,4,100,1,0.8660254037844387,-0.4999999999999998,0.9886775902323405,-0.1500553983446526,7.2888,7.2451,6.9108,7.088814285714285,6.6818
2020-04-10,6.9221,30.82,52.17,27.02,2.14,0.01,4,101,1,0.8660254037844387,-0.4999999999999998,0.9859481499638304,-0.16705162550211924,7.0954,7.2888,6.7978,7.1151857142857144,6.7168
2020-04-11,6.7901,32.64,45.96,33.85,2.27,0.08,4,102,1,0.8660254037844387,-0.4999999999999998,0.9829265519799822,-0.18399835165768005,6.9221,7.0954,7.1098,7.132942857142858,6.720183333333334
2020-04-12,6.6684,33.06,44.12,34.7,1.91,1.07,4,103,1,0.8660254037844387,-0.4999999999999998,0.9796136916454901,-0.20089055513063506,6.7901,6.9221,7.2374,7.0872714285714284,6.7215766666666665
2020-04-13,6.947,32.68,51.5,27.0,1.95,0.39,4,104,1,0.8660254037844387,-0.4999999999999998,0.9760105506323683,-0.21772323039653177,6.6684,6.7901,7.032,7.005985714285714,6.72484
2020-04-14,6.888,32.97,53.57,36.14,1.96,0.31,4,105,1,0.8660254037844387,-0.4999999999999998,0.9721181966290613,-0.23449138957040985,6.947,6.6684,7.2451,6.993842857142857,6.722143333333334
2020-04-15,6.8808,33.34,47.87,27.97,2.41,0.09,4,106,1,0.8660254037844387,-0.4999999999999998,0.9679377830240642,-0.25119006388481935,6.888,6.947,7.2888,6.942828571428571,6.72996
2020-04-16,6.6665,32.41,56.54,29.3,2.18,0.48,4,107,1,0.8660254037844387,-0.4999999999999998,0.9634705485641488,-0.2678143051621742,6.8808,6.888,7.0954,6.884542857142857,6.742296666666666
2020-04-17,6.8244,32.09,53.31,23.04,2.1,0.09,4,108,1,0.8660254037844387,-0.4999999999999998,0.9587178169872964,-0.2843591872810034,6.6665,6.8808,6.9221,6.823271428571428,6.75125
2020-04-18,6.8736,32.59,48.87,30.88,2.45,0.21,4,109,1,0.8660254037844387,-0.4999999999999998,0.9536809966304457,-0.30081980763566735,6.8244,6.6665,6.7901,6.809314285714286,6.760536666666667
2020-04-19,6.8088,33.08,47.58,24.5,2.2,0.83,4,110,1,0.8660254037844387,-0.4999999999999998,0.9483615800121715,-0.3171912885891061,6.8736,6.8244,6.6684,6.821242857142857,6.753536666666666
2020-04-20,7.339,33.14,41.35,7.28,2.36,0.06,4,111,1,0.8660254037844387,-0.4999999999999998,0.9427611433904207,-0.3334687789181868,6.8088,6.8736,6.947,6.8412999999999995,6.747543333333334
2020-04-21,7.6363,31.75,43.96,8.62,2.52,0.09,4,112,1,0.8660254037844387,-0.4999999999999998,0.9368813462954315,-0.3496474552512284,7.339,6.8088,6.888,6.8973,6.761169999999999
2020-04-22,7.2732,31.95,54.52,21.9,2.33,0.01,4,113,1,0.8660254037844387,-0.4999999999999998,0.9307239310379795,-0.36572252349726897,7.6363,7.339,6.8808,7.0042,6.788866666666666
2020-04-23,7.3128,32.04,54.66,19.05,2.3,0.04,4,114,1,0.8660254037844387,-0.4999999999999998,0.9242907221930933,-0.3816892202666588,7.2732,7.6363,6.6665,7.060257142857144,6.80554
2020-04-24,7.5386,31.38,57.91,6.11,2.58,0.05,4,115,1,0.8660254037844387,-0.4999999999999998,0.9175836260593937,-0.39754281428255595,7.3128,7.2732,6.8244,7.152585714285714,6.836773333333334
2020-04-25,7.6166,30.84,53.97,8.42,2.61,0.01,4,116,1,0.8660254037844387,-0.4999999999999998,0.9106046300942162,-0.41327860778290415,7.5386,7.3128,6.8736,7.254614285714285,6.8981466666666655
2020-04-26,7.434,31.06,53.66,16.01,2.46,0.01,4,117,1,0.8660254037844387,-0.4999999999999998,0.9033558023246845,-0.4288919379124835,7.6166,7.5386,6.8088,7.360757142857143,6.96289
2020-04-27,7.2036,31.34,57.95,35.69,2.46,0.04,4,118,1,0.8660254037844387,-0.4999999999999998,0.895839290734909,-0.44437817810461316,7.434,7.6166,7.339,7.450071428571428,7.0161299999999995
2020-04-28,7.134,32.92,53.44,38.19,2.9,0.11,4,119,1,0.8660254037844387,-0.4999999999999998,0.8880573226294932,-0.45973273945210397,7.2036,7.434,7.6363,7.430728571428571,7.046970000000001
2020-04-29,7.1074,33.07,53.55,26.4,2.23,0.23,4,120,1,0.8660254037844387,-0.4999999999999998,0.8800122039735357,-0.47495107206704995,7.134,7.2036,7.2732,7.3589714285714285,7.06429
2020-04-30,6.9972,32.11,56.84,25.89,2.3,0.34,4,121,1,0.8660254037844387,-0.4999999999999998,0.8717063187093218,-0.4900286664290592,7.1074,7.134,7.3128,7.335285714285713,7.076490000000001
2020-05-01,7.0106,31.5,60.91,23.58,2.59,1.0,5,122,1,0.49999999999999994,-0.8660254037844387,0.8631421280499114,-0.5049610547215204,6.9972,7.1074,7.5386,7.2902000000000005,7.089456666666667
2020-05-02,7.2034,31.76,61.02,16.07,2.77,1.63,5,123,1,0.49999999999999994,-0.8660254037844387,0.854322169749827,-0.5197438121555155,7.0106,6.9972,7.6166,7.214771428571429,7.086336666666667
2020-05-03,7.4616,32.24,57.59,13.25,2.93,0.49,5,124,1,0.49999999999999994,-0.8660254037844387,0.8452490573530633,-0.5343725582809786,7.2034,7.0106,7.434,7.155742857142857,7.09609
2020-05-04,7.7822,31.63,56.51,6.61,2.5,0.06,5,125,1,0.49999999999999994,-0.8660254037844387,0.8359254794186372,-0.548842958284719,7.4616,7.2034,7.2036,7.159685714285714,7.118216666666667
2020-05-05,7.3003,32.39,60.42,25.06,3.08,0.26,5,126,1,0.49999999999999994,-0.8660254037844387,0.8263541987239096,-0.5631507242749186,7.7822,7.4616,7.134,7.242342857142858,7.14063
2020-05-06,7.6013,33.02,55.6,8.51,2.54,0.07,5,127,1,0.49999999999999994,-0.8660254037844387,0.8165380514459161,-0.5772916165517272,7.3003,7.7822,7.1074,7.266100000000001,7.142726666666666
2020-05-07,7.6956,32.52,52.7,18.02,2.62,0.01,5,128,1,0.49999999999999994,-0.8660254037844387,0.8064799463209448,-0.5912614448635781,7.6013,7.3003,6.9972,7.336657142857143,7.1617033333333335
2020-05-08,7.4724,32.0,53.47,22.61,2.24,0.0,5,129,1,0.49999999999999994,-0.8660254037844387,0.7961828637826158,-0.6050560696488488,7.6956,7.6013,7.0106,7.436428571428571,7.17672
2020-05-09,7.649,32.31,53.36,6.83,2.45,0.01,5,130,1,0.49999999999999994,-0.8660254037844387,0.7856498550787147,-0.6186714032625031,7.4724,7.6956,7.2034,7.502400000000001,7.18284
2020-05-10,7.2982,32.27,54.65,15.38,2.62,0.06,5,131,1,0.49999999999999994,-0.8660254037844387,0.7748840413670407,-0.6321034111873487,7.649,7.4724,7.4616,7.566057142857143,7.201293333333334
2020-05-11,7.7268,32.51,49.66,11.58,2.3,0.75,5,132,1,0.49999999999999994,-0.8660254037844387,0.7638886127905428,-0.6453481132295501,7.2982,7.649,7.7822,7.542714285714285,7.213830000000001
2020-05-12,7.518,32.02,52.25,22.48,2.52,0.08,5,133,1,0.49999999999999994,-0.8660254037844387,0.7526668275320085,-0.6584015846980488,7.7268,7.2982,7.3003,7.5348,7.245053333333334
2020-05-13,7.1232,31.89,58.52,23.68,2.6,0.07,5,134,1,0.49999999999999994,-0.8660254037844387,0.7412220108485958,-0.6712599575675313,7.518,7.7268,7.6013,7.565899999999999,7.273373333333334
2020-05-14,7.0416,33.32,55.36,21.06,2.82,0.49,5,135,1,0.49999999999999994,-0.8660254037844387,0.7295575540864875,-0.6839194216246106,7.1232,7.518,7.6956,7.4976,7.279246666666666
2020-05-15,6.9871,32.91,51.15,36.46,2.9,0.87,5,136,1,0.49999999999999994,-0.8660254037844387,0.717676913675962,-0.6963762255968722,7.0416,7.1232,7.4724,7.404171428571429,7.284366666666667
2020-05-16,6.6029,32.33,54.15,63.53,2.89,0.32,5,137,1,0.49999999999999994,-0.8660254037844387,0.705583610107178,-0.7086266782644596,6.9871,7.0416,7.649,7.334842857142857,7.287909999999999
2020-05-17,6.42,32.18,56.3,57.75,3.84,0.29,5,138,1,0.49999999999999994,-0.8660254037844387,0.6932812268869777,-0.7206671495538609,6.6029,6.9871,7.2982,7.1854000000000005,7.28579
2020-05-18,6.8462,32.13,56.93,57.11,4.11,0.12,5,139,1,0.49999999999999994,-0.8660254037844387,0.6807734094770161,-0.7324940716135789,6.42,6.6029,7.7268,7.0599428571428575,7.27231
2020-05-19,7.2214,31.71,57.97,45.23,3.51,0.04,5,140,1,0.49999999999999994,-0.8660254037844387,0.6680638642135335,-0.7441039398713607,6.8462,6.42,7.518,6.934142857142857,7.271396666666666
2020-05-20,7.3747,31.8,58.45,48.07,2.95,0.01,5,141,1,0.49999999999999994,-0.8660254037844387,0.6551563572090853,-0.7554933140726803,7.2214,6.8462,7.1232,6.891771428571429,7.28515
2020-05-21,7.3198,32.21,59.0,75.99,2.94,0.0,5,142,1,0.49999999999999994,-0.8660254037844387,0.6420547132365637,-0.766658819300159,7.3747,7.2214,7.0416,6.9277,7.28634
2020-05-22,7.5394,32.42,56.44,40.88,3.23,0.0,5,143,1,0.49999999999999994,-0.8660254037844387,0.6287628145958344,-0.7775971469736269,7.3198,7.3747,6.9871,6.967442857142856,7.27579
2020-05-23,7.704,32.5,57.2,11.63,3.13,0.01,5,144,1,0.49999999999999994,-0.8660254037844387,0.6152845999633276,-0.7883050558305255,7.5394,7.3198,6.6029,7.046342857142856,7.284663333333333
2020-05-24,7.5199,32.72,57.55,21.81,2.75,0.03,5,145,1,0.49999999999999994,-0.8660254037844387,0.6016240632249226,-0.7987793728863649,7.704,7.5394,6.42,7.2036428571428575,7.297703333333333
2020-05-25,7.3752,32.74,58.56,18.13,2.76,0.01,5,146,1,0.49999999999999994,-0.8660254037844387,0.5877852522924732,-0.8090169943749473,7.5199,7.704,6.8462,7.360771428571428,7.29708
2020-05-26,7.3358,32.17,60.14,42.92,2.66,0.0,5,147,1,0.49999999999999994,-0.8660254037844387,0.5737722679043246,-0.8190148866680801,7.3752,7.5199,7.2214,7.436342857142857,7.289033333333333
2020-05-27,7.5173,31.7,60.88,23.46,3.0,0.0,5,148,1,0.49999999999999994,-0.8660254037844387,0.5595892624101765,-0.8287700871745038,7.3358,7.3752,7.3747,7.452685714285714,7.28576
2020-05-28,7.327,31.75,62.09,28.77,3.56,0.0,5,149,1,0.49999999999999994,-0.8660254037844387,0.545240438540651,-0.8382797052177744,7.5173,7.3358,7.3198,7.473057142857143,7.296216666666666
2020-05-29,7.3222,31.95,61.8,48.22,3.35,0.01,5,150,1,0.49999999999999994,-0.8660254037844387,0.5307300481619334,-0.8475409228928311,7.327,7.5173,7.5394,7.474085714285715,7.30265
2020-05-30,7.3522,31.94,62.19,38.02,2.88,0.02,5,151,1,0.49999999999999994,-0.8660254037844387,0.5160623910158528,-0.8565509959010036,7.3222,7.327,7.704,7.443057142857143,7.30981
2020-05-31,7.2314,31.52,62.9,46.17,2.96,0.71,5,152,1,0.49999999999999994,-0.8660254037844387,0.5012418134457758,-0.865307254363206,7.3522,7.3222,7.5199,7.3928,7.321643333333332
2020-06-01,3.9274,31.31,58.28,97.76,1.01,2.69,6,153,2,1.2246467991473532e-16,-1.0,0.48627270710868997,-0.8738071036110808,7.2314,7.3522,7.3752,7.351585714285714,7.329003333333333
2020-06-02,2.0225,29.82,62.21,99.74,2.13,22.87,6,154,2,1.2246467991473532e-16,-1.0,0.4711595076738638,-0.8820480249558537,3.9274,7.2314,7.3358,6.859042857142858,7.219803333333333
2020-06-03,2.3143,27.43,83.91,99.68,4.87,74.26,6,155,2,1.2246467991473532e-16,-1.0,0.4559066935084588,-0.8900275764346767,2.0225,3.9274,7.5173,6.1000000000000005,7.0385
2020-06-04,4.019,27.52,86.55,90.42,3.49,39.4,6,156,2,1.2246467991473532e-16,-1.0,0.440518784350495,-0.8977433935342337,2.3143,2.0225,7.327,5.356714285714285,6.856236666666667
2020-06-05,6.3403,28.31,76.93,65.65,2.64,3.73,6,157,2,1.2246467991473532e-16,-1.0,0.42500033996955416,-0.9051931898913974,4.019,2.3143,7.3222,4.884142857142857,6.74686
2020-06-06,6.48,28.56,81.92,62.11,3.3,16.7,6,158,2,1.2246467991473532e-16,-1.0,0.4093559588156213,-0.9123747579707273,6.3403,4.019,7.3522,4.7438714285714285,6.7048266666666665
2020-06-07,6.2014,28.16,86.05,66.28,2.25,9.27,6,159,2,1.2246467991473532e-16,-1.0,0.39359027665646673,-0.9192859697186104,6.48,6.3403,7.2314,4.619271428571429,6.664306666666666
2020-06-08,5.3834,28.03,71.22,90.65,2.1,15.51,6,160,2,1.2246467991473532e-16,-1.0,0.3777079652039649,-0.9259247771938498,6.2014,6.48,3.9274,4.472128571428572,6.6219399999999995
2020-06-09,5.8894,27.18,77.16,68.78,2.58,5.39,6,161,2,1.2246467991473532e-16,-1.0,0.36171373072976765,-0.9322892131745133,5.3834,6.2014,2.0225,4.680128571428571,6.5464199999999995
2020-06-10,6.6194,27.66,80.35,53.97,2.44,8.8,6,162,2,1.2246467991473532e-16,-1.0,0.3456123126707335,-0.9383773917408641,5.8894,5.3834,2.3143,5.232542857142858,6.499459999999999
2020-06-11,5.2534,28.43,82.36,86.21,2.45,6.8,6,163,2,1.2246467991473532e-16,-1.0,0.3294084822245304,-0.9441875088341993,6.6194,5.8894,4.019,5.847557142857142,6.462546666666666
2020-06-12,4.3865,28.2,84.66,97.23,2.4,8.65,6,164,2,1.2246467991473532e-16,-1.0,0.3131070409358269,-0.9497178427914316,5.2534,6.6194,6.3403,6.023899999999999,6.38706
2020-06-13,4.3901,27.44,86.42,97.15,2.07,24.85,6,165,2,1.2246467991473532e-16,-1.0,0.29671281927349075,-0.9549667548552551,4.3865,5.2534,6.48,5.7447857142857135,6.295836666666665
2020-06-14,5.5126,28.01,86.01,92.2,2.23,14.0,6,166,2,1.2246467991473532e-16,-1.0,0.28023067519921585,-0.9599326896597447,4.3901,4.3865,6.2014,5.446228571428571,6.2074533333333335
2020-06-15,3.6038,27.91,89.08,99.13,2.64,27.55,6,167,2,1.2246467991473532e-16,-1.0,0.26366549272800704,-0.9646141756912435,5.5126,4.3901,5.3834,5.347828571428572,6.1583033333333335
2020-06-16,5.0885,27.3,88.45,83.68,2.32,11.86,6,168,2,1.2246467991473532e-16,-1.0,0.24702218048093552,-0.9690098257244062,3.6038,5.5126,5.8894,5.0936,6.058333333333334
2020-06-17,5.489,28.0,87.97,97.0,2.96,13.46,6,169,2,1.2246467991473532e-16,-1.0,0.23030567023061221,-0.9731183372332619,5.0885,3.6038,6.6194,4.979185714285714,6.01395
2020-06-18,3.2498,27.89,89.35,99.21,4.03,32.44,6,170,2,1.2246467991473532e-16,-1.0,0.21352091543979612,-0.9769384927771817,5.489,5.0885,5.2534,4.8177,5.96871
2020-06-19,6.0986,28.42,86.48,84.57,2.99,12.14,6,171,2,1.2246467991473532e-16,-1.0,0.19667288979357647,-0.980469160361632,3.2498,5.489,4.3865,4.531471428571429,5.836323333333334
2020-06-20,6.3336,28.22,86.23,70.91,3.11,4.55,6,172,2,1.2246467991473532e-16,-1.0,0.1797665857255624,-0.9837092937736097,6.0986,3.2498,4.3901,4.776057142857143,5.793786666666667
2020-06-21,6.516,27.89,86.94,70.15,2.92,7.22,6,173,2,1.2246467991473532e-16,-1.0,0.16280701293851715,-0.986657932891657,6.3336,6.0986,5.5126,5.0537,5.760913333333334
2020-06-22,6.0446,28.34,83.01,89.73,3.27,3.34,6,174,2,1.2246467991473532e-16,-1.0,0.1457991969198751,-0.9893142039703663,6.516,6.3336,3.6038,5.197042857142857,5.7268
2020-06-23,5.8829,28.27,83.62,79.44,3.56,5.21,6,175,2,1.2246467991473532e-16,-1.0,0.12874817745258132,-0.99167731989929,6.0446,6.516,5.0885,5.545728571428572,5.671486666666667
2020-06-24,6.4034,28.29,82.83,46.27,3.03,1.01,6,176,2,1.2246467991473532e-16,-1.0,0.11165900712169512,-0.993746580436178,5.8829,6.0446,5.489,5.6592142857142855,5.6169199999999995
2020-06-25,6.8047,28.64,84.3,69.47,2.17,1.56,6,177,2,1.2246467991473532e-16,-1.0,0.09453674981719912,-0.9955213724144752,6.4034,5.8829,3.2498,5.789842857142857,5.584526666666667
2020-06-26,4.8017,27.52,86.53,98.66,1.73,4.17,6,178,2,1.2246467991473532e-16,-1.0,0.07738647923346301,-0.9970011699250151,6.8047,6.4034,6.0986,6.2976857142857146,5.566823333333334
2020-06-27,6.1848,27.8,85.26,88.03,1.88,8.23,6,179,2,1.2246467991473532e-16,-1.0,0.06021327736579302,-0.9981855344718586,4.8017,6.8047,6.3336,6.112414285714286,5.476303333333333
2020-06-28,5.6765,28.14,85.23,89.54,1.66,10.85,6,180,2,1.2246467991473532e-16,-1.0,0.04302223300453059,-0.99907411510223,6.1848,4.8017,6.516,6.091157142857143,5.438230000000001
2020-06-29,5.7648,28.24,87.13,90.29,2.02,36.73,6,181,2,1.2246467991473532e-16,-1.0,0.02581844022713308,-0.9996666485105112,5.6765,6.1848,6.0446,5.971228571428571,5.383373333333333
2020-06-30,6.0828,27.09,89.18,86.95,2.05,29.84,6,182,2,1.2246467991473532e-16,-1.0,0.008606996888688698,-0.9999629591162655,5.7648,5.6765,5.8829,5.931257142857143,5.33046
2020-07-01,5.1523,27.28,85.97,94.45,3.02,7.54,7,183,2,-0.4999999999999997,-0.8660254037844388,-0.008606996888688009,-0.9999629591162655,6.0828,5.7648,6.4034,5.959814285714286,5.292173333333333
2020-07-02,5.3378,27.92,86.44,90.3,3.45,12.21,7,184,2,-0.4999999999999997,-0.8660254037844388,-0.02581844022713239,-0.9996666485105112,5.1523,6.0828,6.8047,5.781085714285715,5.333003333333334
2020-07-03,2.7751,27.1,91.29,99.16,4.44,43.62,7,185,2,-0.4999999999999997,-0.8660254037844388,-0.04302223300453034,-0.99907411510223,5.3378,5.1523,4.8017,5.571528571428571,5.443513333333333
2020-07-04,1.8062,27.12,91.44,99.64,4.36,103.54,7,186,2,-0.4999999999999997,-0.8660254037844388,-0.060213277365792774,-0.9981855344718586,2.7751,5.3378,6.1848,5.282014285714285,5.458873333333333
2020-07-05,2.027,26.79,91.21,99.94,5.45,60.79,7,187,2,-0.4999999999999997,-0.8660254037844388,-0.07738647923346322,-0.9970011699250151,1.8062,2.7751,5.6765,4.6565,5.385113333333334
2020-07-06,3.1831,27.61,89.34,98.56,6.16,44.96,7,188,2,-0.4999999999999997,-0.8660254037844388,-0.09453674981719933,-0.9955213724144752,2.027,1.8062,5.7648,4.135142857142857,5.241336666666667
2020-07-07,4.4558,27.3,90.92,91.62,5.78,57.28,7,189,2,-0.4999999999999997,-0.8660254037844388,-0.11165900712169444,-0.9937465804361781,3.1831,2.027,6.0828,3.7663285714285712,5.1314400000000004
2020-07-08,5.2363,27.44,88.53,86.7,4.24,20.4,7,190,2,-0.4999999999999997,-0.8660254037844388,-0.12874817745258066,-0.99167731989929,4.4558,3.1831,5.1523,3.5339,5.073253333333333
2020-07-09,5.7653,27.39,88.93,89.07,3.77,23.9,7,191,2,-0.4999999999999997,-0.8660254037844388,-0.14579919691987442,-0.9893142039703664,5.2363,4.4558,5.3378,3.5459,5.06835
2020-07-10,5.1012,27.4,89.56,97.09,3.76,11.93,7,192,2,-0.4999999999999997,-0.8660254037844388,-0.16280701293851646,-0.9866579328916572,5.7653,5.2363,2.7751,3.6069714285714283,5.064213333333333
2020-07-11,5.5109,27.37,90.89,83.01,3.58,14.43,7,193,2,-0.4999999999999997,-0.8660254037844388,-0.17976658572556214,-0.9837092937736098,5.1012,5.7653,1.8062,3.939271428571429,5.013606666666666
2020-07-12,3.2054,26.69,92.15,91.74,3.29,26.51,7,194,2,-0.4999999999999997,-0.8660254037844388,-0.19667288979357622,-0.9804691603616321,5.5109,5.1012,2.027,4.468514285714286,5.02219
2020-07-13,3.9672,26.73,91.91,98.0,2.68,18.16,7,195,2,-0.4999999999999997,-0.8660254037844388,-0.2135209154397959,-0.9769384927771817,3.2054,5.5109,3.1831,4.636857142857143,4.98282
2020-07-14,2.7514,27.29,91.03,99.71,3.16,31.35,7,196,2,-0.4999999999999997,-0.8660254037844388,-0.23030567023061196,-0.973118337233262,3.9672,3.2054,4.4558,4.748871428571428,4.968723333333333
2020-07-15,1.2254,26.28,94.07,99.75,3.13,67.41,7,197,2,-0.4999999999999997,-0.8660254037844388,-0.24702218048093527,-0.9690098257244063,2.7514,3.9672,5.2363,4.5053857142857145,4.876683333333333
2020-07-16,3.534,26.02,92.16,93.1,4.3,36.7,7,198,2,-0.4999999999999997,-0.8660254037844388,-0.2636654927280072,-0.9646141756912435,1.2254,2.7514,5.7653,3.9324000000000003,4.7974033333333335
2020-07-17,4.8814,26.64,90.45,76.05,4.7,27.1,7,199,2,-0.4999999999999997,-0.8660254037844388,-0.2802306751992161,-0.9599326896597445,3.534,1.2254,5.1012,3.613642857142857,4.745586666666666
2020-07-18,5.442,27.08,90.71,79.7,4.01,10.68,7,200,2,-0.4999999999999997,-0.8660254037844388,-0.2967128192734901,-0.9549667548552553,4.8814,3.534,5.5109,3.5822428571428566,4.725333333333334
2020-07-19,6.2906,27.19,89.65,73.12,2.93,5.8,7,201,2,-0.4999999999999997,-0.8660254037844388,-0.3131070409358267,-0.9497178427914317,5.442,4.8814,3.2054,3.5723999999999996,4.798406666666667
2020-07-20,6.2767,26.64,90.92,76.47,2.01,9.12,7,202,2,-0.4999999999999997,-0.8660254037844388,-0.3294084822245302,-0.9441875088341994,6.2906,5.442,3.9672,4.013142857142857,4.804806666666667
2020-07-21,4.5276,26.81,89.93,97.75,2.19,5.01,7,203,2,-0.4999999999999997,-0.8660254037844388,-0.3456123126707333,-0.9383773917408642,6.2767,6.2906,2.7514,4.343071428571429,4.80291
2020-07-22,5.3107,27.01,89.31,93.51,1.52,6.26,7,204,2,-0.4999999999999997,-0.8660254037844388,-0.3617137307297674,-0.9322892131745134,4.5276,6.2767,1.2254,4.596814285714286,4.736630000000001
2020-07-23,3.498,27.07,89.76,96.17,1.64,10.4,7,205,2,-0.4999999999999997,-0.8660254037844388,-0.37770796520396466,-0.9259247771938499,5.3107,4.5276,3.534,5.180428571428571,4.712166666666667
2020-07-24,3.1078,26.44,90.24,99.52,1.69,23.0,7,206,2,-0.4999999999999997,-0.8660254037844388,-0.39359027665646645,-0.9192859697186105,3.498,5.3107,4.8814,5.175285714285715,4.63267
2020-07-25,4.3531,26.11,89.64,97.34,2.18,10.67,7,207,2,-0.4999999999999997,-0.8660254037844388,-0.4093559588156211,-0.9123747579707274,3.1078,3.498,5.442,4.921914285714286,4.5228166666666665
2020-07-26,6.1382,26.56,88.39,67.15,2.63,9.09,7,208,2,-0.4999999999999997,-0.8660254037844388,-0.42500033996955394,-0.9051931898913975,4.3531,3.1078,6.2906,4.766357142857143,4.441096666666667
2020-07-27,4.4167,26.74,90.23,87.94,2.77,20.23,7,209,2,-0.4999999999999997,-0.8660254037844388,-0.4405187843504952,-0.8977433935342336,6.1382,4.3531,6.2767,4.744585714285714,4.485646666666667
2020-07-28,4.163,26.68,91.02,94.57,2.15,26.27,7,210,2,-0.4999999999999997,-0.8660254037844388,-0.455906693508459,-0.8900275764346766,4.4167,6.1382,4.5276,4.478871428571429,4.42671
2020-07-29,3.096,26.67,92.91,99.5,2.01,14.83,7,211,2,-0.4999999999999997,-0.8660254037844388,-0.47115950767386394,-0.8820480249558535,4.163,4.4167,5.3107,4.426785714285715,4.37626
2020-07-30,4.7894,27.03,86.36,97.86,1.73,12.99,7,212,2,-0.4999999999999997,-0.8660254037844388,-0.4862727071086902,-0.8738071036110807,3.096,4.163,3.498,4.1104,4.2873
2020-07-31,4.3769,26.58,90.12,94.82,1.53,6.53,7,213,2,-0.4999999999999997,-0.8660254037844388,-0.5012418134457756,-0.8653072543632061,4.7894,3.096,3.1078,4.294885714285714,4.244186666666667
2020-08-01,5.8066,26.9,91.65,86.97,1.98,9.09,8,214,2,-0.8660254037844384,-0.5000000000000004,-0.5160623910158526,-0.8565509959010037,4.3769,4.7894,4.3531,4.476185714285714,4.21834
2020-08-02,6.0677,27.18,91.61,84.12,2.52,8.9,8,215,2,-0.8660254037844384,-0.5000000000000004,-0.5307300481619331,-0.8475409228928312,5.8066,4.3769,6.1382,4.683828571428571,4.233966666666666
2020-08-03,4.0702,27.08,92.7,97.51,3.28,46.41,8,216,2,-0.8660254037844384,-0.5000000000000004,-0.5452404385406507,-0.8382797052177745,6.0677,5.8066,4.4167,4.673757142857143,4.34372
2020-08-04,0.8527,26.91,92.92,99.49,5.1,109.49,8,217,2,-0.8660254037844384,-0.5000000000000004,-0.5595892624101763,-0.828770087174504,4.0702,6.0677,4.163,4.624257142857142,4.419186666666666
2020-08-05,0.9605,26.78,94.1,99.73,5.86,129.26,8,218,2,-0.8660254037844384,-0.5000000000000004,-0.5737722679043243,-0.8190148866680802,0.8527,4.0702,3.096,4.151357142857143,4.380043333333333
2020-08-06,1.0754,26.34,91.88,99.6,5.62,126.09,8,219,2,-0.8660254037844384,-0.5000000000000004,-0.5877852522924734,-0.8090169943749472,0.9605,0.8527,4.7894,3.846285714285714,4.305956666666666
2020-08-07,3.0902,27.03,91.1,94.63,5.31,24.63,8,220,2,-0.8660254037844384,-0.5000000000000004,-0.6016240632249227,-0.7987793728863648,1.0754,0.9605,4.3769,3.3157142857142854,4.193276666666667
2020-08-08,4.661,26.85,90.36,91.84,4.4,15.15,8,221,2,-0.8660254037844384,-0.5000000000000004,-0.6152845999633277,-0.7883050558305253,3.0902,1.0754,5.8066,3.1318999999999995,4.12174
2020-08-09,4.3147,26.71,90.62,97.42,3.7,10.81,8,222,2,-0.8660254037844384,-0.5000000000000004,-0.6287628145958345,-0.7775971469736268,4.661,3.0902,6.0677,2.968242857142857,4.08493
2020-08-10,4.2053,26.44,92.3,97.92,3.55,34.61,8,223,2,-0.8660254037844384,-0.5000000000000004,-0.6420547132365636,-0.7666588193001592,4.3147,4.661,4.0702,2.7178142857142857,4.058713333333333
2020-08-11,2.1871,26.44,91.07,99.88,4.06,22.1,8,224,2,-0.8660254037844384,-0.5000000000000004,-0.655156357209085,-0.7554933140726804,4.2053,4.3147,0.8527,2.7371142857142856,4.015193333333333
2020-08-12,1.6498,26.13,92.01,99.99,4.41,41.8,8,225,2,-0.8660254037844384,-0.5000000000000004,-0.6680638642135333,-0.7441039398713608,2.1871,4.2053,0.9605,2.927742857142857,3.98125
2020-08-13,2.5394,25.89,94.32,99.75,4.38,55.75,8,226,2,-0.8660254037844384,-0.5000000000000004,-0.6807734094770159,-0.7324940716135792,1.6498,2.1871,1.0754,3.026214285714286,3.9040033333333333
2020-08-14,1.6034,26.06,93.28,99.84,5.02,60.58,8,227,2,-0.8660254037844384,-0.5000000000000004,-0.6932812268869771,-0.7206671495538615,2.5394,1.6498,3.0902,3.235357142857143,3.8969366666666665
2020-08-15,3.7008,26.1,93.59,99.61,4.72,41.16,8,228,2,-0.8660254037844384,-0.5000000000000004,-0.7055836101071774,-0.70862667826446,1.6034,2.5394,4.661,3.0229571428571425,3.909536666666667
2020-08-16,2.5973,26.02,93.98,99.66,4.58,33.79,8,229,2,-0.8660254037844384,-0.5000000000000004,-0.7176769136759615,-0.6963762255968726,3.7008,1.6034,4.3147,2.885785714285714,3.9150966666666664
2020-08-17,1.4808,25.88,93.98,99.83,3.83,51.77,8,230,2,-0.8660254037844384,-0.5000000000000004,-0.7295575540864876,-0.6839194216246104,2.5973,3.7008,4.2053,2.6404428571428573,3.8389599999999997
2020-08-18,3.9454,26.06,92.5,99.77,3.86,32.52,8,231,2,-0.8660254037844384,-0.5000000000000004,-0.7412220108485957,-0.6712599575675315,1.4808,2.5973,2.1871,2.2512285714285714,3.7069199999999998
2020-08-19,4.5276,26.33,91.58,99.56,3.5,19.36,8,232,2,-0.8660254037844384,-0.5000000000000004,-0.7526668275320083,-0.6584015846980489,3.9454,1.4808,1.6498,2.5024142857142855,3.628746666666667
2020-08-20,2.7732,25.79,95.05,99.6,3.5,48.99,8,233,2,-0.8660254037844384,-0.5000000000000004,-0.7638886127905429,-0.64534811322955,4.5276,3.9454,2.5394,2.9135285714285715,3.570443333333333
2020-08-21,1.3997,26.08,94.06,99.78,4.19,48.7,8,234,2,-0.8660254037844384,-0.5000000000000004,-0.7748840413670406,-0.6321034111873488,2.7732,4.5276,1.6034,2.9469285714285713,3.5119633333333335
2020-08-22,2.9863,26.5,93.33,99.59,4.26,20.82,8,235,2,-0.8660254037844384,-0.5000000000000004,-0.7856498550787144,-0.6186714032625032,1.3997,2.7732,3.7008,2.917828571428571,3.3815966666666664
2020-08-23,3.8561,26.4,92.67,99.58,4.35,13.15,8,236,2,-0.8660254037844384,-0.5000000000000004,-0.7961828637826154,-0.6050560696488494,2.9863,1.3997,2.5973,2.815757142857142,3.36454
2020-08-24,3.965,26.45,90.9,86.25,4.16,9.61,8,237,2,-0.8660254037844384,-0.5000000000000004,-0.8064799463209447,-0.5912614448635782,3.8561,2.9863,1.4808,2.995585714285714,3.389483333333333
2020-08-25,4.9243,26.41,89.39,69.82,3.24,6.74,8,238,2,-0.8660254037844384,-0.5000000000000004,-0.8165380514459157,-0.5772916165517278,3.965,3.8561,3.9454,3.3504714285714283,3.3765466666666666
2020-08-26,5.6964,26.25,88.56,70.65,2.42,2.87,8,239,2,-0.8660254037844384,-0.5000000000000004,-0.8263541987239094,-0.5631507242749187,4.9243,3.965,4.5276,3.490314285714286,3.3360833333333333
2020-08-27,4.3618,25.99,89.63,99.33,2.76,7.86,8,240,2,-0.8660254037844384,-0.5000000000000004,-0.8359254794186365,-0.5488429582847199,5.6964,4.9243,2.7732,3.657285714285714,3.37874
2020-08-28,1.567,25.99,92.03,99.81,2.79,56.94,8,241,2,-0.8660254037844384,-0.5000000000000004,-0.8452490573530634,-0.5343725582809785,4.3618,5.6964,1.3997,3.8842285714285714,3.3853666666666666
2020-08-29,1.1846,25.61,94.38,99.86,2.87,62.18,8,242,2,-0.8660254037844384,-0.5000000000000004,-0.8543221697498269,-0.5197438121555157,1.567,4.3618,2.9863,3.908128571428571,3.3344000000000005
2020-08-30,1.2686,25.89,93.57,99.81,3.24,31.07,8,243,2,-0.8660254037844384,-0.5000000000000004,-0.8631421280499115,-0.5049610547215202,1.1846,1.567,3.8561,3.650742857142857,3.2142399999999998
2020-08-31,4.4122,26.29,92.04,94.6,3.23,21.16,8,244,2,-0.8660254037844384,-0.5000000000000004,-0.8717063187093217,-0.4900286664290594,1.2686,1.1846,3.965,3.2811,3.11063
2020-09-01,5.0839,26.29,90.84,91.52,2.1,7.35,9,245,2,-1.0,-1.8369701987210297e-16,-0.8800122039735356,-0.4749510720670502,4.4122,1.2686,4.9243,3.344985714285714,3.0641499999999997
2020-09-02,5.3376,26.33,89.25,97.22,1.83,1.81,9,246,2,-1.0,-1.8369701987210297e-16,-0.888057322629493,-0.4597327394521046,5.0839,4.4122,5.6964,3.367785714285714,3.0313566666666665
2020-09-03,5.123,26.68,88.46,87.36,1.39,1.03,9,247,2,-1.0,-1.8369701987210297e-16,-0.8958392907349089,-0.4443781781046134,5.3376,5.0839,4.3618,3.3165285714285715,3.073603333333333
2020-09-04,6.1318,27.74,85.22,64.45,1.3,4.27,9,248,2,-1.0,-1.8369701987210297e-16,-0.9033558023246842,-0.4288919379124841,5.123,5.3376,1.567,3.4252714285714285,3.2159466666666665
2020-09-05,6.1392,28.23,87.67,66.76,1.19,14.84,9,249,2,-1.0,-1.8369701987210297e-16,-0.9106046300942162,-0.41327860778290443,6.1318,5.123,1.1846,4.077385714285715,3.388323333333333
2020-09-06,4.8958,28.66,86.16,83.97,1.19,8.73,9,250,2,-1.0,-1.8369701987210297e-16,-0.9175836260593934,-0.3975428142825566,6.1392,6.1318,1.2686,4.785185714285714,3.5571166666666665
2020-09-07,5.297,27.93,87.45,89.29,1.38,11.46,9,251,2,-1.0,-1.8369701987210297e-16,-0.9242907221930934,-0.3816892202666586,4.8958,6.1392,4.4122,5.303357142857143,3.6173033333333335
2020-09-08,5.6438,27.1,90.82,77.21,1.76,2.94,9,252,2,-1.0,-1.8369701987210297e-16,-0.9307239310379793,-0.3657225234972692,5.297,4.8958,5.0839,5.4297571428571425,3.6385033333333334
2020-09-09,5.3983,26.11,90.74,93.64,1.36,5.77,9,253,2,-1.0,-1.8369701987210297e-16,-0.9368813462954315,-0.34964745525122826,5.6438,5.297,5.3376,5.509742857142858,3.6828066666666666
2020-09-10,4.9649,26.57,93.42,88.68,1.36,39.64,9,254,2,-1.0,-1.8369701987210297e-16,-0.9427611433904206,-0.33346877891818705,5.3983,5.6438,5.123,5.518414285714286,3.7225733333333335
2020-09-11,4.2113,26.72,91.77,94.01,1.22,11.8,9,255,2,-1.0,-1.8369701987210297e-16,-0.9483615800121716,-0.31719128858910595,4.9649,5.3983,6.1318,5.495828571428572,3.815166666666667
2020-09-12,5.0599,27.06,90.58,78.9,2.63,19.97,9,256,2,-1.0,-1.8369701987210297e-16,-0.9536809966304455,-0.300819807635668,4.2113,4.9649,6.1392,5.221471428571427,3.9005500000000004
2020-09-13,3.8465,26.37,91.14,97.32,3.03,6.26,9,257,2,-1.0,-1.8369701987210297e-16,-0.9587178169872964,-0.2843591872810036,5.0599,4.2113,4.8958,5.067285714285715,3.984566666666667
2020-09-14,4.3169,25.41,92.4,96.56,2.11,6.33,9,258,2,-1.0,-1.8369701987210297e-16,-0.9634705485641486,-0.26781430516217486,3.8465,5.0599,5.297,4.9173857142857145,4.059336666666666
2020-09-15,3.4776,25.17,93.09,99.42,1.66,4.01,9,259,2,-1.0,-1.8369701987210297e-16,-0.9679377830240642,-0.25119006388481957,4.3169,3.8465,5.6438,4.777371428571429,4.0798733333333335
2020-09-16,3.7166,25.49,92.91,98.77,1.84,7.29,9,260,2,-1.0,-1.8369701987210297e-16,-0.9721181966290612,-0.23449138957041052,3.4776,4.3169,5.3983,4.4679142857142855,4.109216666666667
2020-09-17,3.047,25.94,92.46,97.55,1.94,9.09,9,261,2,-1.0,-1.8369701987210297e-16,-0.9760105506323682,-0.21772323039653224,3.7166,3.4776,4.9649,4.227671428571429,4.183743333333333
2020-09-18,3.0456,25.93,92.23,98.78,1.82,3.02,9,262,2,-1.0,-1.8369701987210297e-16,-0.9796136916454901,-0.20089055513063528,3.047,3.7166,4.2113,3.9536857142857147,4.153796666666667
2020-09-19,3.4385,26.38,90.0,96.59,2.12,13.15,9,263,2,-1.0,-1.8369701987210297e-16,-0.9829265519799822,-0.18399835165767986,3.0456,3.047,5.0599,3.7871571428571427,4.104396666666667
2020-09-20,4.507,26.7,93.46,98.9,2.52,16.17,9,264,2,-1.0,-1.8369701987210297e-16,-0.9859481499638303,-0.1670516255021195,3.4385,3.0456,3.8465,3.5555285714285714,4.126573333333334
2020-09-21,3.3365,26.47,93.87,97.47,2.97,10.41,9,265,2,-1.0,-1.8369701987210297e-16,-0.9886775902323404,-0.15005539834465262,4.507,3.4385,4.3169,3.649885714285714,4.23015
2020-09-22,1.4141,26.51,94.16,99.58,2.43,78.2,9,266,2,-1.0,-1.8369701987210297e-16,-0.9911140639934546,-0.13301470653419636,3.3365,4.507,3.4776,3.5098285714285713,4.2418233333333335
2020-09-23,2.196,25.94,95.47,99.51,2.76,57.73,9,267,2,-1.0,-1.8369701987210297e-16,-0.9932568492674143,-0.11593459959550066,1.4141,3.3365,3.7166,3.2150428571428575,4.160423333333333
2020-09-24,3.6166,26.79,91.99,92.77,1.87,5.55,9,268,2,-1.0,-1.8369701987210297e-16,-0.9951053111006974,-0.09882013873287211,2.196,1.4141,3.047,2.997814285714285,4.1014566666666665
2020-09-25,3.6506,26.22,92.7,96.48,2.04,11.68,9,269,2,-1.0,-1.8369701987210297e-16,-0.99665890175417,-0.08167639533042288,3.6166,2.196,3.0456,3.0791857142857144,4.0578666666666665
2020-09-26,5.5642,26.05,87.45,71.78,1.69,1.5,9,270,2,-1.0,-1.8369701987210297e-16,-0.9979171608653922,-0.06450844944931625,3.6506,3.6166,3.4385,3.165614285714286,3.9896733333333336
2020-09-27,5.7994,26.07,85.83,29.19,1.58,1.95,9,271,2,-1.0,-1.8369701987210297e-16,-0.9988797155850335,-0.04732138832243232,5.5642,3.6506,4.507,3.4692857142857143,4.029753333333334
2020-09-28,5.1504,26.42,83.63,47.84,1.16,0.69,9,272,2,-1.0,-1.8369701987210297e-16,-0.9995462806873573,-0.03012030484690836,5.7994,5.5642,3.3365,3.6539142857142854,4.170833333333333
2020-09-29,5.7298,26.12,84.66,53.44,1.49,0.68,9,273,2,-1.0,-1.8369701987210297e-16,-0.9999166586547379,-0.012910296075008843,5.1504,5.7994,1.4141,3.9130428571428575,4.303026666666667
2020-09-30,6.0924,26.14,85.5,39.1,1.71,0.74,9,274,2,-1.0,-1.8369701987210297e-16,-0.9999907397361901,0.004303538296243821,5.7298,5.1504,2.196,4.529571428571429,4.451733333333333
2020-10-01,5.8591,26.02,86.88,33.07,1.54,0.68,10,275,3,-0.8660254037844386,0.5000000000000001,-0.9997685019798909,0.021516097436222233,6.0924,5.7298,3.6166,5.0862,4.507739999999999
2020-10-02,5.1218,26.73,87.11,65.79,1.51,2.47,10,276,3,-0.8660254037844386,0.5000000000000001,-0.9992500112396835,0.03872228089217399,5.8591,6.0924,3.6506,5.406557142857143,4.53358
2020-10-03,3.9396,27.37,87.85,81.72,1.42,10.81,10,277,3,-0.8660254037844386,0.5000000000000001,-0.9984354211555643,0.05591699010060302,5.1218,5.8591,5.5642,5.616728571428572,4.526386666666667
2020-10-04,2.4802,26.78,89.45,97.69,1.87,4.6,10,278,3,-0.8660254037844386,0.5000000000000001,-0.9973249731081555,0.07309512989807776,3.9396,5.1218,5.7994,5.3846428571428575,4.48694
2020-10-05,5.6484,26.83,86.64,35.44,1.52,0.68,10,279,3,-0.8660254037844386,0.5000000000000001,-0.9959189961471792,0.0902516100310407,2.4802,3.9396,5.1504,4.910471428571428,4.365219999999999
2020-10-06,5.7734,26.18,86.77,44.58,1.27,0.28,10,280,3,-0.8660254037844386,0.5000000000000001,-0.994217906893952,0.10738134666416306,5.6484,2.4802,5.7298,4.9816142857142856,4.34886
2020-10-07,5.4326,27.54,83.67,67.88,1.2,0.44,10,281,3,-0.8660254037844386,0.5000000000000001,-0.9922222094179324,0.12447926388678869,5.7734,5.6484,6.0924,4.987842857142857,4.378113333333333
2020-10-08,4.5538,27.61,81.41,81.27,1.4,1.31,10,282,3,-0.8660254037844386,0.5000000000000001,-0.989932495087353,0.141540295217043,5.4326,5.7734,5.8591,4.893585714285714,4.382633333333333
2020-10-09,4.1724,27.93,78.41,87.12,1.04,0.27,10,283,3,-0.8660254037844386,0.5000000000000001,-0.9873494423939864,0.15855938510313475,4.5538,5.4326,5.1218,4.707114285714285,4.346299999999999
2020-10-10,4.9534,28.3,79.14,74.56,0.82,7.77,10,284,3,-0.8660254037844386,0.5000000000000001,-0.9844738167520923,0.17553149042142777,4.1724,4.5538,3.9396,4.571485714285714,4.305436666666667
2020-10-11,3.7265,27.88,80.26,97.28,0.98,11.12,10,285,3,-0.8660254037844386,0.5000000000000001,-0.9813064702716093,0.19245158197082995,4.9534,4.1724,2.4802,4.716314285714286,4.305053333333333
2020-10-12,4.0315,27.27,84.74,83.55,1.24,2.68,10,286,3,-0.8660254037844386,0.5000000000000001,-0.9778483415056567,0.20931464596304888,3.7265,4.9534,5.6484,4.894357142857143,4.288893333333333
2020-10-13,4.793,28.16,81.18,71.87,0.86,8.22,10,287,3,-0.8660254037844386,0.5000000000000001,-0.9741004551724206,0.22611568550828803,4.0315,3.7265,5.7734,4.663371428571429,4.254613333333333
2020-10-14,3.8189,27.78,86.27,95.7,1.22,11.54,10,288,3,-0.8660254037844386,0.5000000000000001,-0.970063921851507,0.2428497220959358,4.793,4.0315,5.4326,4.523314285714286,4.2861633333333335
2020-10-15,3.9194,26.77,93.48,94.61,3.2,48.81,10,289,3,-0.8660254037844386,0.5000000000000001,-0.965739937654855,0.25951179706979943,3.8189,4.793,4.5538,4.292785714285714,4.269563333333334
2020-10-16,4.5838,27.29,88.21,70.06,3.52,8.68,10,290,3,-0.8660254037844386,0.5000000000000001,-0.9611297838723007,0.27609697309746883,3.9194,3.8189,4.1724,4.202157142857143,4.28429
2020-10-17,4.242,26.7,88.53,38.63,2.59,3.26,10,291,3,-0.8660254037844386,0.5000000000000001,-0.9562348265919058,0.2926003356333479,4.5838,3.9194,4.9534,4.260928571428571,4.313196666666667
2020-10-18,5.0458,26.28,89.57,67.01,1.85,1.23,10,292,3,-0.8660254037844386,0.5000000000000001,-0.9510565162951536,0.30901699437494723,4.242,4.5838,3.7265,4.1593,4.35303
2020-10-19,4.2691,25.74,89.65,70.13,1.53,5.39,10,293,3,-0.8660254037844386,0.5000000000000001,-0.9455963874271428,0.3253420847119795,5.0458,4.242,4.0315,4.347771428571429,4.4197033333333335
2020-10-20,4.5782,27.01,90.42,64.04,1.15,19.24,10,294,3,-0.8660254037844386,0.5000000000000001,-0.9398560579418953,0.341570769167856,4.2691,5.0458,4.793,4.381714285714286,4.4473899999999995
2020-10-21,4.3466,27.55,89.21,74.13,1.18,5.03,10,295,3,-0.8660254037844386,0.5000000000000001,-0.9338372288229252,0.35769823883312546,4.5782,4.2691,3.8189,4.3510285714285715,4.449763333333333
2020-10-22,4.5468,27.08,90.39,65.84,1.48,15.08,10,296,3,-0.8660254037844386,0.5000000000000001,-0.9275416835791965,0.3737197147904692,4.3466,4.5782,3.9194,4.426414285714285,4.483433333333333
2020-10-23,4.9942,26.77,83.22,38.08,1.56,5.36,10,297,3,-0.8660254037844386,0.5000000000000001,-0.9209712877166347,0.38963044953078774,4.5468,4.3466,4.5838,4.516042857142857,4.587856666666666
2020-10-24,5.1665,27.32,77.31,32.43,0.82,2.59,10,298,3,-0.8660254037844386,0.5000000000000001,-0.9141279881853337,0.4054257283599973,4.9942,4.5468,4.242,4.5746714285714285,4.68113
2020-10-25,5.2716,27.27,74.29,33.46,0.9,2.74,10,299,3,-0.8660254037844386,0.5000000000000001,-0.9070138128026362,0.42110087079608916,5.1665,4.9942,5.0458,4.7067428571428565,4.732793333333333
2020-10-26,4.6754,26.99,77.67,33.92,1.3,0.07,10,300,3,-0.8660254037844386,0.5000000000000001,-0.8996308696522434,0.4366512319560638,5.2716,5.1665,4.2691,4.739,4.786826666666667
2020-10-27,5.5961,26.66,77.24,11.81,1.29,0.0,10,301,3,-0.8660254037844386,0.5000000000000001,-0.8919813464595487,0.45207220393230374,4.6754,5.2716,4.5782,4.797042857142857,4.7572
2020-10-28,5.6431,26.22,70.26,4.58,1.1,0.0,10,302,3,-0.8660254037844386,0.5000000000000001,-0.8840675099433637,0.46735921715800205,5.5961,4.6754,4.3466,4.942457142857143,4.750423333333333
2020-10-29,5.4826,25.85,69.46,4.69,1.33,0.0,10,303,3,-0.8660254037844386,0.5000000000000001,-0.8758917051442433,0.48250774176121763,5.6431,5.5961,4.5468,5.1276714285714275,4.766846666666666
2020-10-30,5.5615,25.9,68.36,9.53,1.31,0.0,10,304,3,-0.8660254037844386,0.5000000000000001,-0.8674563547295971,0.4975132889071803,5.4826,5.6431,4.9942,5.261357142857143,4.758606666666667
2020-10-31,5.55,25.41,69.13,9.45,1.42,0.0,10,305,3,-0.8660254037844386,0.5000000000000001,-0.858763958275803,0.5123714121284235,5.5615,5.4826,5.1665,5.3424,4.74091
2020-11-01,4.7906,25.78,74.35,14.8,1.34,0.0,11,306,3,-0.5000000000000004,0.8660254037844384,-0.8498170915275277,0.5270777086423724,5.55,5.5615,5.2716,5.397185714285714,4.730606666666666
2020-11-02,4.3966,26.55,78.13,46.69,1.32,0.0,11,307,3,-0.5000000000000004,0.8660254037844384,-0.8406184056344783,0.5416278206559811,4.7906,5.55,4.6754,5.3284714285714285,4.719566666666666
2020-11-03,4.5929,26.45,74.55,31.23,1.87,0.0,11,308,3,-0.5000000000000004,0.8660254037844384,-0.8311706263658079,0.5560174366570446,4.3966,4.7906,5.5961,5.2886428571428565,4.734800000000001
2020-11-04,4.6512,25.46,72.37,25.62,1.78,0.0,11,309,3,-0.5000000000000004,0.8660254037844384,-0.8214765533024145,0.5702422926917867,4.5929,4.3966,5.6431,5.145328571428571,4.805223333333333
2020-11-05,4.8878,24.84,72.04,7.21,1.7,0.0,11,310,3,-0.5000000000000004,0.8660254037844384,-0.8115390590073611,0.5842981736283683,4.6512,4.5929,5.4826,5.003628571428571,4.771983333333334
2020-11-06,5.2807,23.71,69.18,4.83,2.24,0.0,11,311,3,-0.5000000000000004,0.8660254037844384,-0.801361088174677,0.5981809144059159,4.8878,4.6512,5.5615,4.9186571428571435,4.742463333333333
2020-11-07,5.3009,23.75,73.03,7.78,2.58,0.0,11,312,3,-0.5000000000000004,0.8660254037844384,-0.7909456567567774,0.6118864012687242,5.2807,4.8878,5.55,4.878542857142857,4.7374
2020-11-08,4.8818,24.75,74.98,6.82,2.55,0.0,11,313,3,-0.5000000000000004,0.8660254037844384,-0.780295851070776,0.6254105729852457,5.3009,5.2807,4.7906,4.842957142857143,4.7623033333333336
2020-11-09,5.1238,23.71,69.01,8.88,2.2,0.01,11,314,3,-0.5000000000000004,0.8660254037844384,-0.7694148268839381,0.6387494220515268,4.8818,5.3009,4.3966,4.855985714285715,4.78595
2020-11-10,5.0746,22.15,69.05,7.14,2.77,0.0,11,315,3,-0.5000000000000004,0.8660254037844384,-0.7583058084785625,0.6518989958787125,5.1238,4.8818,4.5929,4.95987142857143,4.79163
2020-11-11,5.0304,21.35,68.86,6.69,2.8,0.0,11,316,3,-0.5000000000000004,0.8660254037844384,-0.7469720876965551,0.6648553979642866,5.0746,5.1238,4.6512,5.028685714285714,4.836566666666667
2020-11-12,5.113,22.08,70.07,6.16,2.45,0.0,11,317,3,-0.5000000000000004,0.8660254037844384,-0.7354170229639858,0.6776147890466887,5.0304,5.0746,4.8878,5.082857142857143,4.869863333333333
2020-11-13,5.2327,25.1,80.54,6.05,1.8,0.0,11,318,3,-0.5000000000000004,0.8660254037844384,-0.7236440382959124,0.690173388242972,5.113,5.0304,5.2807,5.115028571428572,4.880529999999999
2020-11-14,5.0338,26.39,81.27,14.79,1.7,0.01,11,319,3,-0.5000000000000004,0.8660254037844384,-0.711656622281775,0.7025274741691566,5.2327,5.113,5.3009,5.108171428571429,4.927656666666666
2020-11-15,4.8559,26.36,77.47,11.37,1.24,0.03,11,320,3,-0.5000000000000004,0.8660254037844384,-0.6994583270516471,0.7146733860429608,5.0338,5.2327,4.8818,5.070014285714286,4.964803333333333
2020-11-16,4.8425,26.18,75.6,15.15,1.75,0.0,11,321,3,-0.5000000000000004,0.8660254037844384,-0.6870527672236675,0.7266075247685652,4.8559,5.0338,5.1238,5.066314285714286,4.973873333333333
2020-11-17,4.6997,26.83,79.65,29.64,1.43,0.05,11,322,3,-0.5000000000000004,0.8660254037844384,-0.6744436188329457,0.7383263540031063,4.8425,4.8559,5.0746,5.026128571428572,4.9938899999999995
2020-11-18,3.9922,25.82,82.39,85.05,1.59,0.08,11,323,3,-0.5000000000000004,0.8660254037844384,-0.661634618242279,0.749826401204568,4.6997,4.8425,5.0304,4.972571428571428,4.982353333333333
2020-11-19,4.1712,25.95,81.33,64.22,1.26,0.04,11,324,3,-0.5000000000000004,0.8660254037844384,-0.6486295610349818,0.7611042586607742,3.9922,4.6997,5.113,4.824257142857143,4.973123333333334
2020-11-20,4.3217,26.16,80.64,47.73,1.07,0.22,11,325,3,-0.5000000000000004,0.8660254037844384,-0.6354323008901775,0.7721565844991641,4.1712,3.9922,5.2327,4.689714285714286,4.959556666666667
2020-11-21,4.7767,25.76,78.5,16.51,1.3,0.03,11,326,3,-0.5000000000000004,0.8660254037844384,-0.622046748440868,0.7829801036770624,4.3217,4.1712,5.0338,4.559571428571429,4.958726666666666
2020-11-22,4.7983,24.66,80.6,7.73,1.61,0.0,11,327,3,-0.5000000000000004,0.8660254037844384,-0.6084768701151264,0.7935716089521472,4.7767,4.3217,4.8559,4.522842857142857,4.9663900000000005
2020-11-23,4.8958,24.76,79.07,9.78,1.33,0.0,11,328,3,-0.5000000000000004,0.8660254037844384,-0.594726686960764,0.8039279618328208,4.7983,4.7767,4.8425,4.514614285714286,4.959860000000001
2020-11-24,4.3164,24.77,74.64,15.96,1.06,0.0,11,329,3,-0.5000000000000004,0.8660254037844384,-0.5808002734538013,0.8140460935082175,4.8958,4.7983,4.6997,4.522228571428571,4.9508366666666666
2020-11-25,3.3281,24.11,72.87,51.92,2.05,0.0,11,330,3,-0.5000000000000004,0.8660254037844384,-0.5667017562911184,0.8239230057575536,4.3164,4.8958,3.9922,4.467471428571429,4.918996666666667
2020-11-26,4.1424,23.63,71.13,7.5,1.99,0.0,11,331,3,-0.5000000000000004,0.8660254037844384,-0.5524353131676203,0.8335557718385695,3.3281,4.3164,4.1712,4.3726,4.874086666666667
2020-11-27,4.6656,23.25,76.28,17.88,3.27,0.0,11,332,3,-0.5000000000000004,0.8660254037844384,-0.5380051715382992,0.8429415373547832,4.1424,3.3281,4.3217,4.368485714285714,4.82563
2020-11-28,3.9917,23.77,79.88,54.36,2.67,0.01,11,333,3,-0.5000000000000004,0.8660254037844384,-0.5234156073655503,0.8520775211013093,4.6656,4.1424,4.7767,4.4176142857142855,4.793046666666667
2020-11-29,4.716,25.18,80.16,33.22,2.0,0.0,11,334,3,-0.5000000000000004,0.8660254037844384,-0.5086709438521042,0.8609610158889945,3.9917,4.6656,4.7983,4.305471428571429,4.74335
2020-11-30,4.5206,25.84,82.13,9.06,1.35,0.0,11,335,3,-0.5000000000000004,0.8660254037844384,-0.49377555015997737,0.8695893893466109,4.716,3.9917,4.8958,4.293714285714286,4.715166666666666
2020-12-01,4.507,26.51,79.48,6.38,1.15,0.0,12,336,0,-2.4492935982947064e-16,1.0,-0.4787338401157883,0.8779600847008883,4.5206,4.716,4.3164,4.240114285714286,4.680853333333333
2020-12-02,4.4981,25.27,73.78,11.08,1.68,0.01,12,337,0,-2.4492935982947064e-16,1.0,-0.4635502709028512,0.8860706215341378,4.507,4.5206,3.3281,4.267342857142857,4.6714
2020-12-03,4.801,23.79,66.77,6.03,2.03,0.0,12,338,0,-2.4492935982947064e-16,1.0,-0.4482293417404106,0.893918596519257,4.4981,4.507,4.1424,4.434485714285715,4.674783333333333
2020-12-04,4.8552,23.63,65.49,15.83,1.97,0.0,12,339,0,-2.4492935982947064e-16,1.0,-0.4327755925504317,0.9015016841318838,4.801,4.4981,4.6656,4.5285714285714285,4.68172
2020-12-05,4.8406,23.45,63.02,9.66,2.04,0.0,12,340,0,-2.4492935982947064e-16,1.0,-0.41719360261231697,0.9088176373395028,4.8552,4.801,3.9917,4.555657142857142,4.68852
2020-12-06,5.0383,22.73,65.03,11.8,2.61,0.0,12,341,0,-2.4492935982947064e-16,1.0,-0.4014879892059737,0.9158642882672868,4.8406,4.8552,4.716,4.676928571428571,4.686946666666667
2020-12-07,5.0942,22.42,63.97,7.29,2.64,0.0,12,342,0,-2.4492935982947064e-16,1.0,-0.38566340624360745,0.9226395488404875,5.0383,4.8406,4.5206,4.722971428571428,4.678866666666666
2020-12-08,4.787,22.86,64.14,50.04,2.61,0.02,12,343,0,-2.4492935982947064e-16,1.0,-0.3697245428906732,0.9291414114031743,5.0942,5.0383,4.507,4.804914285714285,4.671976666666667
2020-12-09,4.0512,23.89,69.45,79.97,1.97,0.01,12,344,0,-2.4492935982947064e-16,1.0,-0.35367612217637207,0.935367949313148,4.787,5.0942,4.4981,4.844914285714286,4.668816666666667
2020-12-10,3.9533,25.17,71.92,76.68,1.41,0.26,12,345,0,-2.4492935982947064e-16,1.0,-0.33752289959411347,0.941317317512847,4.0512,4.787,4.801,4.781071428571429,4.633063333333333
2020-12-11,2.4396,24.8,79.62,97.14,0.94,2.09,12,346,0,-2.4492935982947064e-16,1.0,-0.32126966169236515,0.9469877530760751,3.9533,4.0512,4.8552,4.659971428571429,4.5956866666666665
2020-12-12,1.4573,24.67,82.68,99.36,1.31,0.89,12,347,0,-2.4492935982947064e-16,1.0,-0.3049212246562894,0.9523775757303973,2.4396,3.9533,4.8406,4.314885714285714,4.5093266666666665
2020-12-13,1.7616,24.41,82.78,99.32,1.05,1.45,12,348,0,-2.4492935982947064e-16,1.0,-0.2884824328806098,0.9574851883550389,1.4573,2.4396,5.0383,3.8315571428571427,4.3874699999999995
2020-12-14,3.1476,24.29,82.0,62.22,1.17,7.19,12,349,0,-2.4492935982947064e-16,1.0,-0.27195815753410524,0.9623090774541487,1.7616,1.4573,5.0942,3.363457142857143,4.271766666666666
2020-12-15,4.2115,23.81,80.13,14.6,1.42,0.06,12,350,0,-2.4492935982947064e-16,1.0,-0.2553532951161881,0.9668478136052773,3.1476,1.7616,4.787,3.0853714285714284,4.208893333333333
2020-12-16,4.2655,23.82,78.92,9.63,1.52,0.0,12,351,0,-2.4492935982947064e-16,1.0,-0.23867276600594997,0.9711000518829505,4.2115,3.1476,4.0512,3.0031571428571433,4.187413333333334
2020-12-17,3.9977,23.84,75.04,11.63,1.49,0.0,12,352,0,-2.4492935982947064e-16,1.0,-0.22192151300416674,0.9750645322571945,4.2655,4.2115,3.9533,3.0337714285714283,4.16818
2020-12-18,4.2446,23.59,71.5,7.01,1.85,0.0,12,353,0,-2.4492935982947064e-16,1.0,-0.20510449986861926,0.9787400799669153,3.9977,4.2655,2.4396,3.040114285714286,4.14478
2020-12-19,4.0082,22.68,71.57,11.11,2.48,0.0,12,354,0,-2.4492935982947064e-16,1.0,-0.1882267098432439,0.9821256058680006,4.2446,3.9977,1.4573,3.2979714285714286,4.153193333333333
2020-12-20,4.613,21.55,67.85,34.23,2.82,0.25,12,355,0,-2.4492935982947064e-16,1.0,-0.1712931441814778,0.9852201067560606,4.0082,4.2446,1.7616,3.6623857142857146,4.14776
2020-12-21,4.9526,21.04,58.45,14.43,2.78,0.0,12,356,0,-2.4492935982947064e-16,1.0,-0.154308820664281,0.9880226656636976,4.613,4.0082,3.1476,4.069728571428572,4.15747
2020-12-22,4.7918,20.86,54.33,45.42,2.13,0.0,12,357,0,-2.4492935982947064e-16,1.0,-0.13727877211326517,0.9905324521322227,4.9526,4.613,4.2115,4.327585714285715,4.163333333333333
2020-12-23,4.9236,21.04,57.95,17.6,1.55,0.0,12,358,0,-2.4492935982947064e-16,1.0,-0.12020804489935275,0.9927487224577402,4.7918,4.9526,4.2655,4.410485714285715,4.163116666666666
2020-12-24,4.639,22.25,58.74,8.13,1.58,0.0,12,359,0,-2.4492935982947064e-16,1.0,-0.10310169744743544,0.9946708199115211,4.9236,4.7918,3.9977,4.5045,4.164043333333334
2020-12-25,4.5096,23.26,64.45,5.03,2.32,0.0,12,360,0,-2.4492935982947064e-16,1.0,-0.0859647987374467,0.9962981749346077,4.639,4.9236,4.2446,4.596114285714286,4.1747966666666665
2020-12-26,4.375,23.4,65.28,14.41,2.13,0.0,12,361,0,-2.4492935982947064e-16,1.0,-0.06880242680232064,0.9976303053065857,4.5096,4.639,4.0082,4.633971428571429,4.21418
2020-12-27,4.3762,23.3,71.22,24.07,1.76,0.0,12,362,0,-2.4492935982947064e-16,1.0,-0.05161966722325418,0.9986668162884759,4.375,4.5096,4.613,4.686371428571428,4.221933333333333
2020-12-28,4.8014,21.27,65.09,12.29,1.59,0.0,12,363,0,-2.4492935982947064e-16,1.0,-0.034421611622745804,0.9994074007397048,4.3762,4.375,4.9526,4.652542857142857,4.2122866666666665
2020-12-29,4.5878,20.81,64.44,12.61,1.44,0.0,12,364,0,-2.4492935982947064e-16,1.0,-0.01721335615583528,0.9998518392091162,4.8014,4.3762,4.7918,4.630942857142857,4.239276666666667
2020-12-30,4.1825,22.19,68.7,12.66,1.38,0.0,12,365,0,-2.4492935982947064e-16,1.0,6.432490598706546e-16,1.0,4.5878,4.8014,4.9236,4.601799999999999,4.235003333333333
2020-12-31,3.6763,23.74,68.4,9.13,2.31,0.0,12,366,0,-2.4492935982947064e-16,1.0,0.017213356155833904,0.9998518392091162,4.1825,4.5878,4.639,4.495928571428571,4.223733333333334
2021-01-01,3.0773,24.52,73.72,50.98,2.03,0.03,1,1,0,0.49999999999999994,0.8660254037844387,0.017213356155834685,0.9998518392091162,3.6763,4.1825,4.5096,4.3584,4.196043333333334
2021-01-02,3.0732,23.85,76.92,40.36,1.31,0.02,1,2,0,0.49999999999999994,0.8660254037844387,0.03442161162274574,0.9994074007397048,3.0773,3.6763,4.375,4.153785714285714,4.1486833333333335
2021-01-03,3.762,23.59,71.22,25.48,1.25,0.01,1,3,0,0.49999999999999994,0.8660254037844387,0.051619667223253764,0.998666816288476,3.0732,3.0773,4.3762,3.9678142857142857,4.0910899999999994
2021-01-04,3.1435,23.68,71.52,56.21,1.3,0.08,1,4,0,0.49999999999999994,0.8660254037844387,0.06880242680231986,0.9976303053065857,3.762,3.0732,4.8014,3.8800714285714286,4.05465
2021-01-05,3.7006,23.33,71.57,21.09,1.33,0.08,1,5,0,0.49999999999999994,0.8660254037844387,0.08596479873744647,0.9962981749346078,3.1435,3.762,4.5878,3.6432285714285713,3.9980800000000003
2021-01-06,3.942,23.69,68.91,55.92,1.66,0.0,1,6,0,0.49999999999999994,0.8660254037844387,0.10310169744743485,0.9946708199115211,3.7006,3.1435,4.1825,3.5164857142857144,3.95349
2021-01-07,3.8786,24.45,75.7,63.93,1.3,0.6,1,7,0,0.49999999999999994,0.8660254037844387,0.1202080448993527,0.9927487224577402,3.942,3.7006,3.6763,3.4821285714285715,3.9150833333333335
2021-01-08,2.8706,25.0,81.37,84.06,1.25,3.32,1,8,0,0.49999999999999994,0.8660254037844387,0.13727877211326478,0.9905324521322229,3.8786,3.942,3.0773,3.5110285714285716,3.8848033333333336
2021-01-09,3.7726,25.53,79.22,37.37,1.26,3.92,1,9,0,0.49999999999999994,0.8660254037844387,0.15430882066428117,0.9880226656636976,2.8706,3.8786,3.0732,3.4815,3.84545
2021-01-10,4.2965,26.17,76.34,35.6,1.65,0.19,1,10,0,0.49999999999999994,0.8660254037844387,0.1712931441814776,0.9852201067560606,3.7726,2.8706,3.762,3.5814142857142857,3.8394266666666668
2021-01-11,4.3267,26.9,68.57,28.05,1.5,0.02,1,11,0,0.49999999999999994,0.8660254037844387,0.1882267098432442,0.9821256058680006,4.2965,3.7726,3.1435,3.6577714285714285,3.901323333333333
2021-01-12,4.3519,27.02,60.23,18.37,2.0,0.0,1,12,0,0.49999999999999994,0.8660254037844387,0.2051044998686192,0.9787400799669153,4.3267,4.2965,3.7006,3.8268,3.9969699999999997
2021-01-13,4.4681,26.35,60.54,45.29,1.81,0.0,1,13,0,0.49999999999999994,0.8660254037844387,0.2219215130041655,0.9750645322571948,4.3519,4.3267,3.942,3.9198428571428567,4.083313333333333
2021-01-14,4.8941,25.32,61.05,23.69,1.28,0.0,1,14,0,0.49999999999999994,0.8660254037844387,0.2386727660059501,0.9711000518829505,4.4681,4.3519,3.8786,3.9949999999999997,4.12733
2021-01-15,4.8132,24.75,61.77,10.45,1.73,0.0,1,15,0,0.49999999999999994,0.8660254037844387,0.255353295116187,0.9668478136052775,4.8941,4.4681,2.8706,4.140071428571429,4.150083333333333
2021-01-16,4.8048,24.72,59.34,12.72,1.33,0.0,1,16,0,0.49999999999999994,0.8660254037844387,0.2719581575341055,0.9623090774541486,4.8132,4.8941,3.7726,4.417585714285714,4.16834
2021-01-17,4.7369,25.22,63.81,27.94,1.38,0.0,1,17,0,0.49999999999999994,0.8660254037844387,0.288482432880609,0.9574851883550393,4.8048,4.8132,4.2965,4.565042857142857,4.195243333333333
2021-01-18,4.7561,25.17,63.03,11.13,1.51,0.0,1,18,0,0.49999999999999994,0.8660254037844387,0.30492122465628907,0.9523775757303974,4.7369,4.8048,4.3267,4.627957142857142,4.2116533333333335
2021-01-19,4.8845,25.09,59.8,11.77,1.41,0.0,1,19,0,0.49999999999999994,0.8660254037844387,0.3212696616923644,0.9469877530760753,4.7561,4.7369,4.3519,4.6893,4.236583333333334
2021-01-20,5.0321,24.38,55.82,11.52,1.53,0.0,1,20,0,0.49999999999999994,0.8660254037844387,0.3375228995941133,0.9413173175128471,4.8845,4.7561,4.4681,4.765385714285714,4.245633333333333
2021-01-21,5.2315,22.98,53.2,12.31,1.43,0.0,1,21,0,0.49999999999999994,0.8660254037844387,0.3536761221763716,0.9353679493131483,5.0321,4.8845,4.8941,4.845957142857143,4.248283333333334
2021-01-22,5.0546,23.7,55.84,10.68,1.26,0.0,1,22,0,0.49999999999999994,0.8660254037844387,0.3697245428906731,0.9291414114031743,5.2315,5.0321,4.8132,4.894157142857144,4.2629399999999995
2021-01-23,5.0508,23.92,58.23,8.88,1.32,0.0,1,23,0,0.49999999999999994,0.8660254037844387,0.38566340624360707,0.9226395488404876,5.0546,5.2315,4.8048,4.928642857142856,4.267306666666667
2021-01-24,5.2572,23.25,59.11,10.92,1.61,0.0,1,24,0,0.49999999999999994,0.8660254037844387,0.401487989205973,0.9158642882672872,5.0508,5.0546,4.7369,4.963785714285714,4.281033333333334
2021-01-25,5.3498,22.63,50.99,12.35,1.81,0.0,1,25,0,0.49999999999999994,0.8660254037844387,0.4171936026123168,0.9088176373395029,5.2572,5.0508,4.7561,5.038114285714285,4.305953333333333
2021-01-26,5.5044,22.36,47.57,12.73,1.59,0.0,1,26,0,0.49999999999999994,0.8660254037844387,0.4327755925504312,0.901501684131884,5.3498,5.2572,4.8845,5.122928571428572,4.338446666666667
2021-01-27,5.3561,22.04,46.51,12.16,1.63,0.0,1,27,0,0.49999999999999994,0.8660254037844387,0.4482293417404106,0.893918596519257,5.5044,5.3498,5.0321,5.211485714285715,4.376053333333333
2021-01-28,5.3609,21.96,47.9,12.76,1.61,0.0,1,28,0,0.49999999999999994,0.8660254037844387,0.4635502709028509,0.886070621534138,5.3561,5.5044,5.2315,5.257771428571429,4.394543333333333
2021-01-29,5.2164,22.34,44.85,12.86,1.73,0.0,1,29,0,0.49999999999999994,0.8660254037844387,0.47873384011578846,0.8779600847008882,5.3609,5.3561,5.0546,5.276257142857142,4.4203133333333335
2021-01-30,5.0707,23.41,43.98,13.5,1.57,0.0,1,30,0,0.49999999999999994,0.8660254037844387,0.49377555015997715,0.869589389346611,5.2164,5.3609,5.0508,5.299371428571428,4.454776666666666
2021-01-31,4.9344,23.95,45.92,12.98,1.65,0.0,1,31,0,0.49999999999999994,0.8660254037844387,0.5086709438521044,0.8609610158889943,5.0707,5.2164,5.2572,5.302214285714285,4.5012566666666665
2021-02-01,4.614,24.54,49.67,12.03,2.25,0.0,2,32,0,0.8660254037844386,0.5000000000000001,0.5234156073655503,0.8520775211013093,4.9344,5.0707,5.3498,5.256099999999999,4.563159999999999
2021-02-02,5.125,24.89,39.95,17.85,2.57,0.0,2,33,0,0.8660254037844386,0.5000000000000001,0.5380051715382996,0.8429415373547828,4.614,4.9344,5.5044,5.1509857142857145,4.61452
2021-02-03,4.9733,23.91,41.43,12.25,1.91,0.0,2,34,0,0.8660254037844386,0.5000000000000001,0.5524353131676196,0.8335557718385699,5.125,4.614,5.3561,5.096785714285715,4.659953333333333
2021-02-04,5.1816,23.69,46.78,10.41,1.74,0.0,2,35,0,0.8660254037844386,0.5000000000000001,0.5667017562911176,0.8239230057575542,4.9733,5.125,5.3609,5.0421,4.720946666666666
2021-02-05,5.2598,22.95,52.49,11.57,2.21,0.0,2,36,0,0.8660254037844386,0.5000000000000001,0.5808002734538009,0.8140460935082178,5.1816,4.9733,5.2164,5.016485714285714,4.770313333333333
2021-02-06,5.5495,23.35,42.33,13.56,2.15,0.0,2,37,0,0.8660254037844386,0.5000000000000001,0.5947266869607634,0.8039279618328213,5.2598,5.1816,5.0707,5.022685714285714,4.81424
2021-02-07,5.6887,24.14,41.54,9.05,2.76,0.0,2,38,0,0.8660254037844386,0.5000000000000001,0.6084768701151261,0.7935716089521474,5.5495,5.2598,4.9344,5.091085714285714,4.869936666666666
2021-02-08,5.8798,24.25,40.12,9.39,2.26,0.0,2,39,0,0.8660254037844386,0.5000000000000001,0.6220467484408675,0.7829801036770629,5.6887,5.5495,4.614,5.198842857142857,4.963873333333334
2021-02-09,5.9376,24.01,39.1,11.18,2.27,0.0,2,40,0,0.8660254037844386,0.5000000000000001,0.6354323008901774,0.7721565844991642,5.8798,5.6887,5.125,5.379671428571428,5.034113333333333
2021-02-10,5.5469,24.15,40.48,48.21,1.67,0.0,2,41,0,0.8660254037844386,0.5000000000000001,0.6486295610349814,0.7611042586607747,5.9376,5.8798,4.9733,5.495757142857143,5.088816666666667
2021-02-11,5.4799,24.64,41.42,78.18,1.7,0.0,2,42,0,0.8660254037844386,0.5000000000000001,0.6616346182422783,0.7498264012045686,5.5469,5.9376,5.1816,5.5777,5.12949
2021-02-12,5.4696,24.72,43.49,33.02,1.72,0.0,2,43,0,0.8660254037844386,0.5000000000000001,0.6744436188329455,0.7383263540031065,5.4799,5.5469,5.2598,5.6203142857142865,5.16709
2021-02-13,5.3645,24.96,45.39,10.94,1.71,0.0,2,44,0,0.8660254037844386,0.5000000000000001,0.6870527672236669,0.7266075247685656,5.4696,5.4799,5.5495,5.650285714285715,5.200473333333333
2021-02-14,5.1007,25.01,54.19,12.48,1.64,0.0,2,45,0,0.8660254037844386,0.5000000000000001,0.699458327051647,0.7146733860429609,5.3645,5.4696,5.6887,5.623857142857143,5.216153333333334
2021-02-15,4.9399,24.44,56.93,15.46,1.7,0.01,2,46,0,0.8660254037844386,0.5000000000000001,0.7116566222817746,0.7025274741691571,5.1007,5.3645,5.8798,5.539857142857143,5.225736666666666
2021-02-16,5.2601,24.01,64.84,9.43,1.92,0.0,2,47,0,0.8660254037844386,0.5000000000000001,0.7236440382959124,0.6901733882429719,4.9399,5.1007,5.9376,5.405585714285714,5.230239999999999
2021-02-17,5.311,24.9,62.56,10.61,1.78,0.01,2,48,0,0.8660254037844386,0.5000000000000001,0.7354170229639855,0.6776147890466889,5.2601,4.9399,5.5469,5.3088,5.24768
2021-02-18,5.0011,26.01,59.29,29.96,1.51,3.26,2,49,0,0.8660254037844386,0.5000000000000001,0.7469720876965552,0.6648553979642865,5.311,5.2601,5.4799,5.2751,5.2661766666666665
2021-02-19,5.2577,25.78,60.75,19.95,1.98,8.1,2,50,0,0.8660254037844386,0.5000000000000001,0.7583058084785624,0.6518989958787126,5.0011,5.311,5.4696,5.2067,5.270063333333334
2021-02-20,5.687,25.37,51.27,14.93,2.35,0.0,2,51,0,0.8660254037844386,0.5000000000000001,0.7694148268839378,0.6387494220515272,5.2577,5.0011,5.3645,5.176428571428572,5.277583333333334
2021-02-21,5.525,26.75,49.5,7.41,2.86,0.0,2,52,0,0.8660254037844386,0.5000000000000001,0.7802958510707755,0.6254105729852464,5.687,5.2577,5.1007,5.222499999999999,5.292766666666666
2021-02-22,5.6496,27.47,53.24,9.32,1.98,0.0,2,53,0,0.8660254037844386,0.5000000000000001,0.7909456567567772,0.6118864012687243,5.525,5.687,4.9399,5.283114285714285,5.308446666666667
2021-02-23,5.6465,27.63,50.79,8.93,1.63,0.0,2,54,0,0.8660254037844386,0.5000000000000001,0.8013610881746766,0.5981809144059165,5.6496,5.525,5.2601,5.3845,5.328406666666666
2021-02-24,5.7809,27.53,43.82,5.44,1.83,0.0,2,55,0,0.8660254037844386,0.5000000000000001,0.8115390590073611,0.5842981736283683,5.6465,5.6496,5.311,5.4397,5.341383333333334
2021-02-25,5.5949,27.34,44.9,7.29,2.05,0.0,2,56,0,0.8660254037844386,0.5000000000000001,0.8214765533024142,0.5702422926917871,5.7809,5.6465,5.0011,5.506828571428571,5.355753333333333
2021-02-26,6.2909,27.1,48.2,8.93,2.04,0.0,2,57,0,0.8660254037844386,0.5000000000000001,0.8311706263658079,0.5560174366570446,5.5949,5.7809,5.2577,5.5916571428571435,5.358769999999999
2021-02-27,6.4531,27.29,47.23,7.15,2.26,0.0,2,58,0,0.8660254037844386,0.5000000000000001,0.8406184056344782,0.5416278206559814,6.2909,5.5949,5.687,5.739257142857142,5.3899300000000006
2021-02-28,6.342,29.01,40.16,10.71,1.92,0.0,2,59,0,0.8660254037844386,0.5000000000000001,0.8498170915275278,0.5270777086423722,6.4531,6.2909,5.525,5.8487,5.426336666666667
2021-03-01,6.3497,29.82,35.17,12.64,2.72,0.0,3,60,1,1.0,6.123233995736766e-17,0.8587639582758029,0.5123714121284237,6.342,6.4531,5.6496,5.965414285714286,5.4638566666666675
2021-03-02,6.5062,29.2,30.13,7.8,2.47,0.0,3,61,1,1.0,6.123233995736766e-17,0.8674563547295969,0.49751328890718066,6.3497,6.342,5.6465,6.065428571428571,5.506489999999999
2021-03-03,6.5146,29.44,25.65,14.0,2.14,0.0,3,62,1,1.0,6.123233995736766e-17,0.8758917051442429,0.48250774176121847,6.5062,6.3497,5.7809,6.188242857142856,5.558883333333332
2021-03-04,6.45,29.38,23.08,8.99,2.31,0.0,3,63,1,1.0,6.123233995736766e-17,0.8840675099433636,0.4673592171580022,6.5146,6.5062,5.5949,6.293057142857143,5.622236666666667
2021-03-05,6.6286,29.86,26.28,7.41,2.19,0.0,3,64,1,1.0,6.123233995736766e-17,0.8919813464595485,0.45207220393230435,6.45,6.5146,6.2909,6.415214285714286,5.666403333333334
2021-03-06,6.5791,28.84,40.86,7.74,1.63,0.0,3,65,1,1.0,6.123233995736766e-17,0.8996308696522433,0.43665123195606403,6.6286,6.45,6.4531,6.463457142857143,5.721579999999999
2021-03-07,6.606,28.28,46.2,8.27,2.07,0.0,3,66,1,1.0,6.123233995736766e-17,0.9070138128026359,0.4211008707960896,6.5791,6.6286,6.342,6.481457142857143,5.768163333333334
2021-03-08,6.8021,28.34,43.26,8.34,2.11,0.0,3,67,1,1.0,6.123233995736766e-17,0.9141279881853337,0.40542572835999735,6.606,6.5791,6.3497,6.519171428571428,5.813036666666666
2021-03-09,6.4586,28.78,45.88,7.58,2.13,0.01,3,68,1,1.0,6.123233995736766e-17,0.9209712877166346,0.38963044953078796,6.8021,6.606,6.5062,6.583800000000001,5.8547899999999995
2021-03-10,6.4265,28.69,46.96,8.77,1.96,0.01,3,69,1,1.0,6.123233995736766e-17,0.9275416835791966,0.37371971479046906,6.4586,6.8021,6.5146,6.577,5.8804533333333335
2021-03-11,6.067,28.55,45.42,18.89,2.09,0.0,3,70,1,1.0,6.123233995736766e-17,0.9338372288229252,0.35769823883312546,6.4265,6.4586,6.45,6.564414285714286,5.898676666666668
2021-03-12,6.2515,28.86,46.46,17.33,2.12,0.0,3,71,1,1.0,6.123233995736766e-17,0.9398560579418954,0.3415707691678556,6.067,6.4265,6.6286,6.5097,5.90299
2021-03-13,6.4478,30.55,33.35,19.04,2.5,0.0,3,72,1,1.0,6.123233995736766e-17,0.9455963874271426,0.3253420847119801,6.2515,6.067,6.5791,6.455828571428571,5.926476666666668
2021-03-14,6.0883,29.97,33.56,35.88,1.98,0.0,3,73,1,1.0,6.123233995736766e-17,0.9510565162951535,0.30901699437494745,6.4478,6.2515,6.606,6.4370714285714286,5.95874
2021-03-15,6.1577,29.89,30.65,27.99,1.99,0.0,3,74,1,1.0,6.123233995736766e-17,0.9562348265919056,0.29260033563334836,6.0883,6.4478,6.8021,6.363114285714286,5.979363333333334
2021-03-16,6.0384,30.42,35.27,23.66,2.13,0.0,3,75,1,1.0,6.123233995736766e-17,0.9611297838723007,0.27609697309746883,6.1577,6.0883,6.4586,6.271057142857143,6.005803333333333
2021-03-17,6.0466,30.44,32.96,36.11,2.22,0.02,3,76,1,1.0,6.123233995736766e-17,0.9657399376548549,0.2595117970697999,6.0384,6.1577,6.4265,6.211028571428572,6.037059999999999
2021-03-18,5.5954,30.44,36.0,45.11,2.15,0.09,3,77,1,1.0,6.123233995736766e-17,0.9700639218515071,0.2428497220959356,6.0466,6.0384,6.067,6.156757142857144,6.07395
2021-03-19,6.2076,28.84,47.33,16.4,2.37,0.07,3,78,1,1.0,6.123233995736766e-17,0.9741004551724205,0.22611568550828828,5.5954,6.0466,6.2515,6.089385714285713,6.085126666666667
2021-03-20,6.1006,28.48,47.56,28.16,1.91,0.01,3,79,1,1.0,6.123233995736766e-17,0.9778483415056568,0.20931464596304847,6.2076,5.5954,6.4478,6.083114285714286,6.115013333333334
2021-03-21,6.4214,29.0,44.62,18.65,1.67,0.02,3,80,1,1.0,6.123233995736766e-17,0.9813064702716093,0.19245158197082998,6.1006,6.2076,6.0883,6.033514285714285,6.151663333333333
2021-03-22,6.4704,29.7,46.26,11.43,1.69,1.46,3,81,1,1.0,6.123233995736766e-17,0.9844738167520922,0.1755314904214282,6.4214,6.1006,6.1577,6.0811,6.190453333333333
2021-03-23,6.3454,30.59,41.87,13.93,2.09,0.37,3,82,1,1.0,6.123233995736766e-17,0.9873494423939864,0.15855938510313475,6.4704,6.4214,6.0384,6.125771428571428,6.216566666666667
2021-03-24,6.6254,32.07,32.95,9.87,2.28,0.04,3,83,1,1.0,6.123233995736766e-17,0.989932495087353,0.141540295217043,6.3454,6.4704,6.0466,6.169628571428571,6.243913333333333
2021-03-25,6.715,31.93,23.66,21.92,3.42,0.2,3,84,1,1.0,6.123233995736766e-17,0.9922222094179323,0.12447926388678915,6.6254,6.3454,5.5954,6.252314285714285,6.27644
2021-03-26,7.0006,31.51,23.36,18.49,2.31,0.0,3,85,1,1.0,6.123233995736766e-17,0.994217906893952,0.10738134666416309,6.715,6.6254,6.2076,6.412257142857143,6.312056666666667
2021-03-27,6.9497,32.4,21.81,24.15,2.44,0.0,3,86,1,1.0,6.123233995736766e-17,0.995918996147179,0.09025161003104117,7.0006,6.715,6.1006,6.525542857142858,6.352713333333333
2021-03-28,6.8453,31.83,30.15,24.54,1.94,0.01,3,87,1,1.0,6.123233995736766e-17,0.9973249731081555,0.07309512989807777,6.9497,7.0006,6.4214,6.6468428571428575,6.397873333333334
2021-03-29,6.8604,31.31,36.77,23.34,2.02,0.01,3,88,1,1.0,6.123233995736766e-17,0.9984354211555643,0.055916990100603484,6.8453,6.9497,6.4704,6.7074,6.416353333333333
2021-03-30,7.0687,29.89,49.63,27.36,1.73,0.0,3,89,1,1.0,6.123233995736766e-17,0.9992500112396835,0.03872228089217446,6.8604,6.8453,6.3454,6.763114285714286,6.429930000000001
2021-03-31,7.2307,29.0,53.94,22.6,1.87,0.0,3,90,1,1.0,6.123233995736766e-17,0.9997685019798909,0.021516097436222254,7.0687,6.8604,6.6254,6.866442857142857,6.454153333333333
2021-04-01,7.039,29.12,61.81,16.89,1.84,0.04,4,91,1,0.8660254037844387,-0.4999999999999998,0.9999907397361901,0.004303538296244289,7.2307,7.0687,6.715,6.952914285714286,6.48352
2021-04-02,7.0303,28.99,60.38,21.6,1.76,0.01,4,92,1,0.8660254037844387,-0.4999999999999998,0.9999166586547379,-0.01291029607500882,7.039,7.2307,7.0006,6.9992,6.5012799999999995
2021-04-03,6.9278,28.9,58.85,27.91,1.9,0.0,4,93,1,0.8660254037844387,-0.4999999999999998,0.9995462806873573,-0.030120304846908114,7.0303,7.039,6.9497,7.003442857142857,6.51847
2021-04-04,6.9624,29.79,57.26,27.26,2.11,0.0,4,94,1,0.8660254037844387,-0.4999999999999998,0.9988797155850336,-0.04732138832243185,6.9278,7.0303,6.8453,7.000314285714286,6.534396666666666
2021-04-05,7.0711,30.38,53.4,22.41,2.26,0.0,4,95,1,0.8660254037844387,-0.4999999999999998,0.9979171608653922,-0.06450844944931623,6.9624,6.9278,6.8604,7.017042857142856,6.545523333333334
2021-04-06,7.0445,31.32,44.66,24.38,2.51,0.01,4,96,1,0.8660254037844387,-0.4999999999999998,0.9966589017541702,-0.08167639533042241,7.0711,6.9624,7.0687,7.047142857142857,6.5619233333333336
2021-04-07,7.0325,31.36,44.59,29.48,2.32,0.0,4,97,1,0.8660254037844387,-0.4999999999999998,0.9951053111006976,-0.09882013873287143,7.0445,7.0711,7.2307,7.043685714285714,6.57654
2021-04-08,5.9275,30.37,54.42,38.36,1.97,0.07,4,98,1,0.8660254037844387,-0.4999999999999998,0.9932568492674143,-0.11593459959550041,7.0325,7.0445,7.039,7.015371428571429,6.58422
2021-04-09,6.7687,30.81,50.59,34.12,1.89,0.04,4,99,1,0.8660254037844387,-0.4999999999999998,0.9911140639934547,-0.1330147065341959,5.9275,7.0325,7.0303,6.856585714285714,6.566516666666667
2021-04-10,6.5801,31.36,46.12,48.13,1.98,0.08,4,100,1,0.8660254037844387,-0.4999999999999998,0.9886775902323405,-0.1500553983446526,6.7687,5.9275,6.9278,6.819214285714287,6.577923333333334
2021-04-11,6.5765,32.31,43.46,44.12,1.49,0.91,4,101,1,0.8660254037844387,-0.4999999999999998,0.9859481499638304,-0.16705162550211924,6.5801,6.7687,6.9624,6.7695428571428575,6.5950266666666675
2021-04-12,6.767,32.07,46.5,39.98,1.77,0.25,4,102,1,0.8660254037844387,-0.4999999999999998,0.9829265519799822,-0.18399835165768005,6.5765,6.5801,7.0711,6.714414285714286,6.605860000000001
2021-04-13,5.7415,32.59,41.6,55.12,1.49,1.78,4,103,1,0.8660254037844387,-0.4999999999999998,0.9796136916454901,-0.20089055513063506,6.767,6.5765,7.0445,6.670971428571429,6.6165
2021-04-14,6.3684,32.16,42.23,32.82,1.96,0.54,4,104,1,0.8660254037844387,-0.4999999999999998,0.9760105506323683,-0.21772323039653177,5.7415,6.767,7.0325,6.484828571428572,6.60494
2021-04-15,6.8126,31.34,44.26,21.38,2.0,0.32,4,105,1,0.8660254037844387,-0.4999999999999998,0.9721181966290613,-0.23449138957040985,6.3684,5.7415,5.9275,6.389957142857142,6.611963333333334
2021-04-16,7.1304,30.92,49.28,19.43,2.39,0.24,4,106,1,0.8660254037844387,-0.4999999999999998,0.9679377830240642,-0.25119006388481935,6.8126,6.3684,6.7687,6.5164,6.637770000000001
2021-04-17,7.0874,31.08,51.25,23.34,2.7,0.0,4,107,1,0.8660254037844387,-0.4999999999999998,0.9634705485641488,-0.2678143051621742,7.1304,6.8126,6.5801,6.568071428571429,6.673896666666667
2021-04-18,7.1842,31.9,50.25,15.09,2.49,0.01,4,108,1,0.8660254037844387,-0.4999999999999998,0.9587178169872964,-0.2843591872810034,7.0874,7.1304,6.5765,6.640542857142856,6.72363
2021-04-19,7.1201,31.11,53.61,21.12,1.93,0.0,4,109,1,0.8660254037844387,-0.4999999999999998,0.9536809966304457,-0.30081980763566735,7.1842,7.0874,6.767,6.7273571428571435,6.756183333333333
2021-04-20,6.9694,30.81,55.28,40.52,2.17,0.01,4,110,1,0.8660254037844387,-0.4999999999999998,0.9483615800121715,-0.3171912885891061,7.1201,7.1842,5.7415,6.7778,6.790166666666667
2021-04-21,6.4217,29.69,58.0,69.55,1.91,0.57,4,111,1,0.8660254037844387,-0.4999999999999998,0.9427611433904207,-0.3334687789181868,6.9694,7.1201,6.3684,6.953214285714286,6.808433333333334
2021-04-22,5.7149,30.91,56.25,87.78,2.21,0.09,4,112,1,0.8660254037844387,-0.4999999999999998,0.9368813462954315,-0.3496474552512284,6.4217,6.9694,6.8126,6.960828571428572,6.80681
2021-04-23,6.1332,30.81,50.32,78.91,2.21,0.01,4,113,1,0.8660254037844387,-0.4999999999999998,0.9307239310379795,-0.36572252349726897,5.7149,6.4217,7.1304,6.8040142857142865,6.785793333333333
2021-04-24,6.487,30.95,47.07,87.97,2.1,0.03,4,114,1,0.8660254037844387,-0.4999999999999998,0.9242907221930933,-0.3816892202666588,6.1332,5.7149,7.0874,6.661557142857142,6.769386666666667
2021-04-25,6.8158,32.01,48.9,67.42,2.22,0.26,4,115,1,0.8660254037844387,-0.4999999999999998,0.9175836260593937,-0.39754281428255595,6.487,6.1332,7.1842,6.575785714285715,6.761786666666667
2021-04-26,6.6204,31.41,59.41,46.66,1.88,0.65,4,116,1,0.8660254037844387,-0.4999999999999998,0.9106046300942162,-0.41327860778290415,6.8158,6.487,7.1201,6.523157142857143,6.755626666666667
2021-04-27,6.7414,31.83,51.28,56.25,1.75,0.47,4,117,1,0.8660254037844387,-0.4999999999999998,0.9033558023246845,-0.4288919379124835,6.6204,6.8158,6.9694,6.451771428571428,6.744649999999999
2021-04-28,6.6228,31.64,47.91,33.98,1.86,0.47,4,118,1,0.8660254037844387,-0.4999999999999998,0.895839290734909,-0.44437817810461316,6.7414,6.6204,6.4217,6.419199999999999,6.741186666666666
2021-04-29,6.3451,31.47,54.07,45.03,2.2,0.39,4,119,1,0.8660254037844387,-0.4999999999999998,0.8880573226294932,-0.45973273945210397,6.6228,6.7414,5.7149,6.44792857142857,6.733266666666666
2021-04-30,6.331,32.26,48.16,80.44,2.06,0.42,4,120,1,0.8660254037844387,-0.4999999999999998,0.8800122039735357,-0.47495107206704995,6.3451,6.6228,6.1332,6.537957142857143,6.709146666666667
2021-05-01,4.7659,32.85,45.33,75.35,2.01,0.57,5,121,1,0.49999999999999994,-0.8660254037844387,0.8717063187093218,-0.4900286664290592,6.331,6.3451,6.487,6.5662142857142864,6.679156666666667
2021-05-02,6.0689,32.43,47.71,55.47,1.68,1.48,5,122,1,0.49999999999999994,-0.8660254037844387,0.8631421280499114,-0.5049610547215204,4.7659,6.331,6.8158,6.320342857142857,6.603386666666667
2021-05-03,6.5909,32.52,49.4,23.13,1.91,1.39,5,123,1,0.49999999999999994,-0.8660254037844387,0.854322169749827,-0.5197438121555155,6.0689,4.7659,6.6204,6.213642857142857,6.57134
2021-05-04,7.2154,32.7,47.92,9.67,2.22,0.69,5,124,1,0.49999999999999994,-0.8660254037844387,0.8452490573530633,-0.5343725582809786,6.5909,6.0689,6.7414,6.209428571428572,6.56011
2021-05-05,6.8417,32.69,48.73,39.1,2.19,1.2,5,125,1,0.49999999999999994,-0.8660254037844387,0.8359254794186372,-0.548842958284719,7.2154,6.5909,6.6228,6.277142857142858,6.568543333333334
2021-05-06,6.6941,32.3,53.84,31.68,1.96,0.75,5,126,1,0.49999999999999994,-0.8660254037844387,0.8263541987239096,-0.5631507242749186,6.8417,7.2154,6.3451,6.308414285714285,6.560896666666666
2021-05-07,6.8822,32.49,51.87,18.41,1.93,0.8,5,127,1,0.49999999999999994,-0.8660254037844387,0.8165380514459161,-0.5772916165517272,6.6941,6.8417,6.331,6.358271428571429,6.549216666666667
2021-05-08,6.7118,32.84,49.81,16.88,2.03,0.09,5,128,1,0.49999999999999994,-0.8660254037844387,0.8064799463209448,-0.5912614448635781,6.8822,6.6941,4.7659,6.437014285714286,6.544206666666667
2021-05-09,6.7963,32.61,53.27,12.03,2.08,0.38,5,129,1,0.49999999999999994,-0.8660254037844387,0.7961828637826158,-0.6050560696488488,6.7118,6.8822,6.0689,6.714999999999999,6.57035
2021-05-10,7.5106,32.34,52.71,6.06,2.43,0.04,5,130,1,0.49999999999999994,-0.8660254037844387,0.7856498550787147,-0.6186714032625031,6.7963,6.7118,6.5909,6.8189142857142855,6.57127
2021-05-11,7.2461,32.04,51.96,25.56,2.49,0.01,5,131,1,0.49999999999999994,-0.8660254037844387,0.7748840413670407,-0.6321034111873487,7.5106,6.7963,7.2154,6.9503,6.602286666666667
2021-05-12,7.5624,31.36,56.32,41.04,2.68,0.0,5,132,1,0.49999999999999994,-0.8660254037844387,0.7638886127905428,-0.6453481132295501,7.2461,7.5106,6.8417,6.954685714285715,6.624606666666667
2021-05-13,6.767,30.99,53.38,92.79,2.12,0.12,5,133,1,0.49999999999999994,-0.8660254037844387,0.7526668275320085,-0.6584015846980488,7.5624,7.2461,6.6941,7.0576428571428576,6.651120000000001
2021-05-14,6.9185,32.43,50.16,75.51,2.39,0.13,5,134,1,0.49999999999999994,-0.8660254037844387,0.7412220108485958,-0.6712599575675313,6.767,7.5624,6.8822,7.0680571428571435,6.685303333333334
2021-05-15,2.9525,34.65,46.23,99.44,2.87,3.09,5,135,1,0.49999999999999994,-0.8660254037844387,0.7295575540864875,-0.6839194216246106,6.9185,6.767,6.7118,7.073242857142858,6.703640000000001
2021-05-16,3.4896,32.75,54.63,99.16,6.71,11.81,5,136,1,0.49999999999999994,-0.8660254037844387,0.717676913675962,-0.6963762255968722,2.9525,6.9185,6.7963,6.536200000000001,6.5749699999999995
2021-05-17,0.4262,28.09,82.99,99.64,10.87,192.72,5,137,1,0.49999999999999994,-0.8660254037844387,0.705583610107178,-0.7086266782644596,3.4896,2.9525,7.5106,6.063814285714286,6.453609999999999
2021-05-18,1.4621,28.38,86.49,99.64,6.83,77.57,5,138,1,0.49999999999999994,-0.8660254037844387,0.6932812268869777,-0.7206671495538609,0.4262,3.4896,7.2461,5.051757142857142,6.2315700000000005
2021-05-19,5.2771,28.52,83.65,73.43,3.4,12.87,5,139,1,0.49999999999999994,-0.8660254037844387,0.6807734094770161,-0.7324940716135789,1.4621,0.4262,7.5624,4.225471428571429,6.040833333333334
2021-05-20,6.8659,28.88,77.0,49.12,1.58,0.35,5,140,1,0.49999999999999994,-0.8660254037844387,0.6680638642135335,-0.7441039398713607,5.2771,1.4621,6.767,3.8990000000000005,5.9794
2021-05-21,7.3752,29.12,76.76,32.7,1.59,0.26,5,141,1,0.49999999999999994,-0.8660254037844387,0.6551563572090853,-0.7554933140726803,6.8659,5.2771,6.9185,3.9131285714285715,5.97595
2021-05-22,6.3526,28.74,79.58,59.14,1.88,0.48,5,142,1,0.49999999999999994,-0.8660254037844387,0.6420547132365637,-0.766658819300159,7.3752,6.8659,2.9525,3.9783714285714287,6.007733333333333
2021-05-23,6.7942,28.31,79.42,34.24,2.08,0.34,5,143,1,0.49999999999999994,-0.8660254037844387,0.6287628145958344,-0.7775971469736269,6.3526,7.3752,3.4896,4.4641,6.028990000000001
2021-05-24,6.858,28.87,78.5,18.24,2.37,0.24,5,144,1,0.49999999999999994,-0.8660254037844387,0.6152845999633276,-0.7883050558305255,6.7942,6.3526,0.4262,4.936185714285714,6.051023333333333
2021-05-25,6.4339,29.01,79.47,80.84,2.78,0.18,5,145,1,0.49999999999999994,-0.8660254037844387,0.6016240632249226,-0.7987793728863649,6.858,6.7942,1.4621,5.855014285714286,6.06339
2021-05-26,6.3506,28.75,78.96,81.69,3.06,0.24,5,146,1,0.49999999999999994,-0.8660254037844387,0.5877852522924732,-0.8090169943749473,6.4339,6.858,5.2771,6.565271428571428,6.05066
2021-05-27,6.4908,29.23,75.87,51.16,3.04,0.21,5,147,1,0.49999999999999994,-0.8660254037844387,0.5737722679043246,-0.8190148866680801,6.3506,6.4339,6.8659,6.718628571428572,6.041666666666667
2021-05-28,6.57,29.44,78.37,47.78,2.81,0.23,5,148,1,0.49999999999999994,-0.8660254037844387,0.5595892624101765,-0.8287700871745038,6.4908,6.3506,7.3752,6.665042857142857,6.033313333333334
2021-05-29,6.1459,29.4,80.43,86.45,2.0,3.98,5,149,1,0.49999999999999994,-0.8660254037844387,0.545240438540651,-0.8382797052177744,6.57,6.4908,6.3526,6.550014285714285,6.031553333333333
2021-05-30,6.7111,28.93,83.18,65.16,1.65,5.6,5,150,1,0.49999999999999994,-0.8660254037844387,0.5307300481619334,-0.8475409228928311,6.1459,6.57,6.7942,6.520485714285714,6.024913333333333
2021-05-31,6.1651,28.69,83.1,54.87,1.61,10.8,5,151,1,0.49999999999999994,-0.8660254037844387,0.5160623910158528,-0.8565509959010036,6.7111,6.1459,6.858,6.508614285714286,6.037583333333333
2021-06-01,6.3624,28.6,83.43,56.81,1.77,18.38,6,152,2,1.2246467991473532e-16,-1.0,0.5012418134457758,-0.865307254363206,6.1651,6.7111,6.4339,6.409628571428571,6.084223333333333
2021-06-02,5.7139,28.78,80.86,75.07,1.35,14.08,6,153,2,1.2246467991473532e-16,-1.0,0.48627270710868997,-0.8738071036110808,6.3624,6.1651,6.3506,6.399414285714286,6.094006666666667
2021-06-03,6.9646,29.15,77.64,50.92,1.33,4.88,6,154,2,1.2246467991473532e-16,-1.0,0.4711595076738638,-0.8820480249558537,5.7139,6.3624,6.4908,6.308457142857144,6.064773333333334
2021-06-04,6.726,29.08,77.88,48.4,0.99,3.62,6,155,2,1.2246467991473532e-16,-1.0,0.4559066935084588,-0.8900275764346767,6.9646,5.7139,6.57,6.376142857142858,6.056413333333333
2021-06-05,5.0558,27.91,83.37,84.24,1.47,13.56,6,156,2,1.2246467991473532e-16,-1.0,0.440518784350495,-0.8977433935342337,6.726,6.9646,6.1459,6.398428571428572,6.052556666666667
2021-06-06,6.7226,28.29,80.94,61.47,2.05,10.04,6,157,2,1.2246467991473532e-16,-1.0,0.42500033996955416,-0.9051931898913974,5.0558,6.726,6.7111,6.242699999999999,5.9979466666666665
2021-06-07,4.4256,28.48,80.52,89.09,2.64,6.18,6,158,2,1.2246467991473532e-16,-1.0,0.4093559588156213,-0.9123747579707273,6.7226,5.0558,6.1651,6.244342857142856,5.992626666666667
2021-06-08,3.2676,28.27,84.22,89.53,2.64,31.0,6,159,2,1.2246467991473532e-16,-1.0,0.39359027665646673,-0.9192859697186104,4.4256,6.7226,6.3624,5.995842857142857,5.9164200000000005
2021-06-09,1.0049,28.19,85.73,99.47,3.7,54.2,6,160,2,1.2246467991473532e-16,-1.0,0.3777079652039649,-0.9259247771938498,3.2676,4.4256,5.7139,5.553728571428572,5.798796666666666
2021-06-10,2.3376,27.56,89.85,98.46,4.01,55.91,6,161,2,1.2246467991473532e-16,-1.0,0.36171373072976765,-0.9322892131745133,1.0049,3.2676,6.9646,4.8810142857142855,5.58194
2021-06-11,4.7702,28.05,87.86,93.07,3.79,37.06,6,162,2,1.2246467991473532e-16,-1.0,0.3456123126707335,-0.9383773917408641,2.3376,1.0049,6.726,4.220014285714286,5.418323333333333
2021-06-12,2.2637,28.24,90.49,94.82,3.61,32.49,6,163,2,1.2246467991473532e-16,-1.0,0.3294084822245304,-0.9441875088341993,4.7702,2.3376,5.0558,3.9406142857142856,5.32525
2021-06-13,6.2374,28.07,90.32,58.77,3.4,19.53,6,164,2,1.2246467991473532e-16,-1.0,0.3131070409358269,-0.9497178427914316,2.2637,4.7702,6.7226,3.5417428571428573,5.17514
2021-06-14,6.3802,28.55,87.04,65.98,3.42,5.61,6,165,2,1.2246467991473532e-16,-1.0,0.29671281927349075,-0.9549667548552551,6.2374,2.2637,4.4256,3.4724285714285714,5.152436666666666
2021-06-15,4.9694,28.13,88.22,94.35,4.23,29.75,6,166,2,1.2246467991473532e-16,-1.0,0.28023067519921585,-0.9599326896597447,6.3802,6.2374,3.2676,3.7516571428571432,5.2666933333333334
2021-06-16,4.6303,27.79,90.12,76.96,3.98,43.4,6,167,2,1.2246467991473532e-16,-1.0,0.26366549272800704,-0.9646141756912435,4.9694,6.3802,1.0049,3.9947714285714286,5.31602
2021-06-17,3.09,27.81,88.08,96.1,4.63,61.14,6,168,2,1.2246467991473532e-16,-1.0,0.24702218048093552,-0.9690098257244062,4.6303,4.9694,2.3376,4.512685714285714,5.456156666666668
2021-06-18,5.1427,27.82,87.82,88.91,5.02,54.49,6,169,2,1.2246467991473532e-16,-1.0,0.23030567023061221,-0.9731183372332619,3.09,4.6303,4.7702,4.620171428571429,5.51042
2021-06-19,5.1638,27.48,88.26,82.05,4.34,44.56,6,170,2,1.2246467991473532e-16,-1.0,0.21352091543979612,-0.9769384927771817,5.1427,3.09,2.2637,4.673385714285714,5.50594
2021-06-20,5.4718,27.5,87.53,61.25,3.78,19.16,6,171,2,1.2246467991473532e-16,-1.0,0.19667288979357647,-0.980469160361632,5.1638,5.1427,6.2374,5.087685714285714,5.449203333333333
2021-06-21,5.8766,27.28,88.0,36.76,2.97,5.09,6,172,2,1.2246467991473532e-16,-1.0,0.1797665857255624,-0.9837092937736097,5.4718,5.1638,6.3802,4.978314285714285,5.3857566666666665
2021-06-22,6.0972,27.48,86.22,52.19,2.78,4.08,6,173,2,1.2246467991473532e-16,-1.0,0.16280701293851715,-0.986657932891657,5.8766,5.4718,4.9694,4.906371428571428,5.36989
2021-06-23,5.3597,27.28,86.95,79.01,2.77,5.47,6,174,2,1.2246467991473532e-16,-1.0,0.1457991969198751,-0.9893142039703663,6.0972,5.8766,4.6303,5.067485714285715,5.346656666666666
2021-06-24,4.3044,27.29,87.78,97.54,2.82,10.57,6,175,2,1.2246467991473532e-16,-1.0,0.12874817745258132,-0.99167731989929,5.3597,6.0972,3.09,5.171685714285714,5.296713333333333
2021-06-25,1.7856,27.02,88.61,97.68,3.02,21.47,6,176,2,1.2246467991473532e-16,-1.0,0.11165900712169512,-0.993746580436178,4.3044,5.3597,5.1427,5.345171428571428,5.2257299999999995
2021-06-26,6.1966,27.18,86.91,61.14,2.97,7.69,6,177,2,1.2246467991473532e-16,-1.0,0.09453674981719912,-0.9955213724144752,1.7856,4.3044,5.1638,4.865585714285714,5.073563333333334
2021-06-27,2.8735,26.79,86.35,97.15,2.09,6.28,6,178,2,1.2246467991473532e-16,-1.0,0.07738647923346301,-0.9970011699250151,6.1966,1.7856,5.4718,5.013128571428572,5.0637566666666665
2021-06-28,4.1268,26.25,91.42,97.64,2.48,26.0,6,179,2,1.2246467991473532e-16,-1.0,0.06021327736579302,-0.9981855344718586,2.8735,6.1966,5.8766,4.641942857142857,4.94054
2021-06-29,3.5738,27.3,89.09,93.34,2.21,6.74,6,180,2,1.2246467991473532e-16,-1.0,0.04302223300453059,-0.99907411510223,4.1268,2.8735,6.0972,4.391971428571429,4.873236666666667
2021-06-30,5.1439,27.11,89.75,91.6,2.26,3.91,6,181,2,1.2246467991473532e-16,-1.0,0.02581844022713308,-0.9996666485105112,3.5738,4.1268,5.3597,4.031485714285714,4.76866
2021-07-01,5.837,27.43,87.89,82.34,2.86,2.31,7,182,2,-0.4999999999999997,-0.8660254037844388,0.008606996888688698,-0.9999629591162655,5.1439,3.5738,4.3044,4.000657142857143,4.7346200000000005
2021-07-02,6.3156,27.59,85.97,39.29,3.24,0.85,7,183,2,-0.4999999999999997,-0.8660254037844388,-0.008606996888688009,-0.9999629591162655,5.837,5.1439,1.7856,4.2196,4.717106666666667
2021-07-03,6.617,27.58,86.79,28.15,2.55,1.03,7,184,2,-0.4999999999999997,-0.8660254037844388,-0.02581844022713239,-0.9996666485105112,6.3156,5.837,6.1966,4.8667428571428575,4.737163333333332
2021-07-04,6.7044,27.53,85.69,31.12,1.79,0.99,7,185,2,-0.4999999999999997,-0.8660254037844388,-0.04302223300453034,-0.99907411510223,6.617,6.3156,2.8735,4.9268,4.725576666666667
2021-07-05,6.6523,27.41,85.4,30.04,1.4,3.95,7,186,2,-0.4999999999999997,-0.8660254037844388,-0.060213277365792774,-0.9981855344718586,6.7044,6.617,4.1268,5.4740714285714285,4.724856666666667
2021-07-06,6.684,27.52,84.77,43.72,1.47,2.78,7,187,2,-0.4999999999999997,-0.8660254037844388,-0.07738647923346322,-0.9970011699250151,6.6523,6.7044,3.5738,5.834857142857143,4.778073333333333
2021-07-07,6.6226,27.66,85.77,52.9,1.76,4.93,7,188,2,-0.4999999999999997,-0.8660254037844388,-0.09453674981719933,-0.9955213724144752,6.684,6.6523,5.1439,6.279171428571429,4.776786666666666
2021-07-08,4.9774,27.64,87.7,94.13,2.02,20.77,7,189,2,-0.4999999999999997,-0.8660254037844388,-0.11165900712169444,-0.9937465804361781,6.6226,6.684,5.837,6.4904142857142855,4.85002
2021-07-09,4.2026,27.24,87.92,98.71,1.47,24.21,7,190,2,-0.4999999999999997,-0.8660254037844388,-0.12874817745258066,-0.99167731989929,4.9774,6.6226,6.3156,6.367614285714287,4.9070133333333334
2021-07-10,3.0684,26.93,85.02,97.93,1.68,9.61,7,191,2,-0.4999999999999997,-0.8660254037844388,-0.14579919691987442,-0.9893142039703664,4.2026,4.9774,6.617,6.065757142857143,5.013603333333334
2021-07-11,3.5964,26.74,91.29,94.86,3.55,15.08,7,192,2,-0.4999999999999997,-0.8660254037844388,-0.16280701293851646,-0.9866579328916572,3.0684,4.2026,6.7044,5.558814285714286,5.037963333333334
2021-07-12,4.3918,26.58,93.27,97.18,5.08,93.46,7,193,2,-0.4999999999999997,-0.8660254037844388,-0.17976658572556214,-0.9837092937736098,3.5964,3.0684,6.6523,5.114814285714286,4.998836666666667
2021-07-13,2.4154,26.83,89.9,98.25,3.76,41.63,7,194,2,-0.4999999999999997,-0.8660254037844388,-0.19667288979357622,-0.9804691603616321,4.3918,3.5964,6.684,4.791885714285714,5.069773333333334
2021-07-14,2.6489,26.64,92.04,99.79,3.52,27.06,7,195,2,-0.4999999999999997,-0.8660254037844388,-0.2135209154397959,-0.9769384927771817,2.4154,4.3918,6.6226,4.182085714285714,4.942373333333333
2021-07-15,4.8317,26.84,94.0,94.84,4.21,89.19,7,196,2,-0.4999999999999997,-0.8660254037844388,-0.23030567023061196,-0.973118337233262,2.6489,2.4154,4.9774,3.614414285714286,4.817996666666668
2021-07-16,4.561,26.99,90.86,94.72,3.59,26.92,7,197,2,-0.4999999999999997,-0.8660254037844388,-0.24702218048093527,-0.9690098257244063,4.8317,2.6489,4.2026,3.5936,4.813406666666666
2021-07-17,4.9543,26.86,92.18,97.26,3.15,64.44,7,198,2,-0.4999999999999997,-0.8660254037844388,-0.2636654927280072,-0.9646141756912435,4.561,4.8317,3.0684,3.6447999999999996,4.811096666666667
2021-07-18,4.9706,26.9,92.76,95.64,4.4,69.83,7,199,2,-0.4999999999999997,-0.8660254037844388,-0.2802306751992161,-0.9599326896597445,4.9543,4.561,3.5964,3.914214285714285,4.873239999999999
2021-07-19,2.6309,26.65,92.5,99.12,4.93,105.98,7,200,2,-0.4999999999999997,-0.8660254037844388,-0.2967128192734901,-0.9549667548552553,4.9706,4.9543,4.3918,4.1105285714285715,4.8675033333333335
2021-07-20,3.5342,26.52,92.2,99.76,4.36,60.3,7,201,2,-0.4999999999999997,-0.8660254037844388,-0.3131070409358267,-0.9497178427914317,2.6309,4.9706,2.4154,3.8589714285714285,4.783073333333333
2021-07-21,1.0454,26.32,92.08,99.62,5.42,119.2,7,202,2,-0.4999999999999997,-0.8660254037844388,-0.3294084822245302,-0.9441875088341994,3.5342,2.6309,2.6489,4.0188,4.718486666666667
2021-07-22,2.3412,26.47,90.55,99.6,5.16,44.19,7,203,2,-0.4999999999999997,-0.8660254037844388,-0.3456123126707333,-0.9383773917408642,1.0454,3.5342,4.8317,3.7897285714285713,4.557446666666666
2021-07-23,2.4314,26.33,92.32,99.56,4.25,55.22,7,204,2,-0.4999999999999997,-0.8660254037844388,-0.3617137307297674,-0.9322892131745134,2.3412,1.0454,4.561,3.4339428571428567,4.432246666666667
2021-07-24,5.2795,27.16,90.69,93.35,3.57,31.3,7,205,2,-0.4999999999999997,-0.8660254037844388,-0.37770796520396466,-0.9259247771938499,2.4314,2.3412,4.9543,3.1297142857142854,4.3346366666666665
2021-07-25,4.0111,26.85,92.11,99.51,4.17,26.27,7,206,2,-0.4999999999999997,-0.8660254037844388,-0.39359027665646645,-0.9192859697186105,5.2795,2.4314,4.9706,3.176171428571428,4.36714
2021-07-26,5.0477,26.76,90.04,92.42,5.22,18.53,7,207,2,-0.4999999999999997,-0.8660254037844388,-0.4093559588156211,-0.9123747579707274,4.0111,5.2795,2.6309,3.0391000000000004,4.441323333333333
2021-07-27,4.4969,26.45,88.75,99.78,5.06,16.2,7,208,2,-0.4999999999999997,-0.8660254037844388,-0.42500033996955394,-0.9051931898913975,5.0477,4.0111,3.5342,3.384357142857143,4.403026666666666
2021-07-28,2.2615,26.37,88.95,99.47,5.22,18.34,7,209,2,-0.4999999999999997,-0.8660254037844388,-0.4405187843504952,-0.8977433935342336,4.4969,5.0477,1.0454,3.5218857142857147,4.45714
2021-07-29,3.1968,25.88,90.99,99.71,4.85,20.2,7,210,2,-0.4999999999999997,-0.8660254037844388,-0.455906693508459,-0.8900275764346766,2.2615,4.4969,2.3412,3.695614285714286,4.394963333333333
2021-07-30,4.2557,25.68,91.43,96.21,4.72,30.93,7,211,2,-0.4999999999999997,-0.8660254037844388,-0.47115950767386394,-0.8820480249558535,3.1968,2.2615,2.4314,3.8178428571428573,4.382396666666666
2021-07-31,4.6104,26.16,89.28,99.32,4.71,6.43,7,212,2,-0.4999999999999997,-0.8660254037844388,-0.4862727071086902,-0.8738071036110807,4.2557,3.1968,5.2795,4.078457142857142,4.35279
2021-08-01,3.8105,26.09,88.05,99.41,4.28,5.98,8,213,2,-0.8660254037844384,-0.5000000000000004,-0.5012418134457756,-0.8653072543632061,4.6104,4.2557,4.0111,3.982871428571429,4.311903333333333
2021-08-02,4.7515,26.32,88.37,99.3,4.21,11.06,8,214,2,-0.8660254037844384,-0.5000000000000004,-0.5160623910158526,-0.8565509959010037,3.8105,4.6104,5.0477,3.954214285714286,4.2284
2021-08-03,3.8585,26.5,89.65,99.42,4.28,15.55,8,215,2,-0.8660254037844384,-0.5000000000000004,-0.5307300481619331,-0.8475409228928312,4.7515,3.8105,4.4969,3.9119,4.166216666666667
2021-08-04,3.4543,26.3,90.23,98.81,4.19,13.85,8,216,2,-0.8660254037844384,-0.5000000000000004,-0.5452404385406507,-0.8382797052177745,3.8585,4.7515,2.2615,3.8207,4.071353333333333
2021-08-05,4.5077,26.33,89.26,99.36,4.04,6.41,8,217,2,-0.8660254037844384,-0.5000000000000004,-0.5595892624101763,-0.828770087174504,3.4543,3.8585,3.1968,3.9911000000000003,3.9647533333333334
2021-08-06,4.2883,26.48,88.97,90.97,3.3,3.8,8,218,2,-0.8660254037844384,-0.5000000000000004,-0.5737722679043243,-0.8190148866680802,4.5077,3.4543,4.2557,4.178371428571428,3.89221
2021-08-07,4.7746,26.6,88.3,84.43,2.32,2.27,8,219,2,-0.8660254037844384,-0.5000000000000004,-0.5877852522924734,-0.8090169943749472,4.2883,4.5077,4.6104,4.183028571428571,3.8144
2021-08-08,4.4278,26.58,88.93,79.13,2.01,4.96,8,220,2,-0.8660254037844384,-0.5000000000000004,-0.6016240632249227,-0.7987793728863648,4.7746,4.2883,3.8105,4.206485714285714,3.8076399999999997
2021-08-09,5.6885,26.84,87.98,89.43,2.04,1.55,8,221,2,-0.8660254037844384,-0.5000000000000004,-0.6152845999633277,-0.7883050558305253,4.4278,4.7746,4.7515,4.294671428571428,3.8151466666666667
2021-08-10,4.445,26.44,88.85,97.92,2.02,3.37,8,222,2,-0.8660254037844384,-0.5000000000000004,-0.6287628145958345,-0.7775971469736268,5.6885,4.4278,3.8585,4.428528571428571,3.9024833333333335
2021-08-11,4.6757,26.61,88.49,88.42,2.12,5.82,8,223,2,-0.8660254037844384,-0.5000000000000004,-0.6420547132365636,-0.7666588193001592,4.445,5.6885,3.4543,4.512314285714286,3.9307700000000003
2021-08-12,5.0503,26.5,88.06,82.72,2.53,10.95,8,224,2,-0.8660254037844384,-0.5000000000000004,-0.655156357209085,-0.7554933140726804,4.6757,4.445,4.5077,4.6868,3.9402333333333335
2021-08-13,4.9478,26.36,88.64,89.39,2.66,7.09,8,225,2,-0.8660254037844384,-0.5000000000000004,-0.6680638642135333,-0.7441039398713608,5.0503,4.6757,4.2883,4.764314285714286,4.028063333333333
2021-08-14,4.3469,26.1,88.96,92.55,2.8,16.19,8,226,2,-0.8660254037844384,-0.5000000000000004,-0.6807734094770159,-0.7324940716135792,4.9478,5.0503,4.7746,4.858528571428572,4.1046933333333335
2021-08-15,3.8422,26.27,88.53,89.55,2.63,17.72,8,227,2,-0.8660254037844384,-0.5000000000000004,-0.6932812268869771,-0.7206671495538615,4.3469,4.9478,4.4278,4.797428571428571,4.088533333333333
2021-08-16,2.7828,26.3,88.76,98.61,1.8,10.27,8,228,2,-0.8660254037844384,-0.5000000000000004,-0.7055836101071774,-0.70862667826446,3.8422,4.3469,5.6885,4.7137714285714285,4.064573333333333
2021-08-17,2.6698,25.72,90.55,99.87,1.67,11.53,8,229,2,-0.8660254037844384,-0.5000000000000004,-0.7176769136759615,-0.6963762255968726,2.7828,3.8422,4.445,4.298671428571429,3.9921900000000003
2021-08-18,1.3433,25.06,92.0,99.63,1.66,28.89,8,230,2,-0.8660254037844384,-0.5000000000000004,-0.7295575540864876,-0.6839194216246104,2.6698,2.7828,4.6757,4.045071428571428,3.915496666666667
2021-08-19,0.9413,25.31,91.78,99.53,1.58,38.03,8,231,2,-0.8660254037844384,-0.5000000000000004,-0.7412220108485957,-0.6712599575675315,1.3433,2.6698,5.0503,3.5690142857142857,3.872576666666667
2021-08-20,1.861,25.65,90.44,99.69,2.14,16.41,8,232,2,-0.8660254037844384,-0.5000000000000004,-0.7526668275320083,-0.6584015846980489,0.9413,1.3433,4.9478,2.9820142857142855,3.7861466666666668
2021-08-21,1.0966,25.69,90.67,99.72,2.01,36.37,8,233,2,-0.8660254037844384,-0.5000000000000004,-0.7638886127905429,-0.64534811322955,1.861,0.9413,4.3469,2.5410428571428567,3.8133333333333335
2021-08-22,4.2586,25.14,90.99,87.8,1.64,1.6,8,234,2,-0.8660254037844384,-0.5000000000000004,-0.7748840413670406,-0.6321034111873488,1.0966,1.861,3.8422,2.076714285714286,3.771846666666667
2021-08-23,5.8764,25.91,85.7,64.29,1.56,0.42,8,235,2,-0.8660254037844384,-0.5000000000000004,-0.7856498550787144,-0.6186714032625032,4.2586,1.0966,2.7828,2.1362,3.8327533333333332
2021-08-24,5.923,26.44,86.82,75.18,1.36,1.09,8,236,2,-0.8660254037844384,-0.5000000000000004,-0.7961828637826154,-0.6050560696488494,5.8764,4.2586,2.6698,2.5781428571428573,3.8526499999999997
2021-08-25,6.0653,26.6,86.99,60.93,1.67,1.31,8,237,2,-0.8660254037844384,-0.5000000000000004,-0.8064799463209447,-0.5912614448635782,5.923,5.8764,1.3433,3.042885714285714,3.9163799999999998
2021-08-26,4.7076,26.72,87.91,90.6,1.74,3.53,8,238,2,-0.8660254037844384,-0.5000000000000004,-0.8165380514459157,-0.5772916165517278,6.0653,5.923,0.9413,3.717457142857143,3.9503
2021-08-27,5.7,26.88,86.81,63.55,1.81,3.63,8,239,2,-0.8660254037844384,-0.5000000000000004,-0.8263541987239094,-0.5631507242749187,4.7076,6.0653,1.861,4.2555,3.9573233333333335
2021-08-28,6.4027,26.64,85.95,51.57,1.45,0.93,8,240,2,-0.8660254037844384,-0.5000000000000004,-0.8359254794186365,-0.5488429582847199,5.7,4.7076,1.0966,4.803928571428571,4.07194
2021-08-29,5.3554,26.79,84.79,73.99,1.43,0.96,8,241,2,-0.8660254037844384,-0.5000000000000004,-0.8452490573530634,-0.5343725582809785,6.4027,5.7,4.2586,5.561942857142858,4.178803333333334
2021-08-30,3.354,25.87,89.8,99.46,2.51,15.65,8,242,2,-0.8660254037844384,-0.5000000000000004,-0.8543221697498269,-0.5197438121555157,5.3554,6.4027,5.8764,5.718628571428572,4.215459999999999
2021-08-31,1.1906,25.24,93.65,99.56,3.95,81.32,8,243,2,-0.8660254037844384,-0.5000000000000004,-0.8631421280499115,-0.5049610547215202,3.354,5.3554,5.923,5.3582857142857145,4.173579999999999
2021-09-01,2.6371,25.89,91.89,94.15,3.12,11.59,9,244,2,-1.0,-1.8369701987210297e-16,-0.8717063187093217,-0.4900286664290594,1.1906,3.354,6.0653,4.682228571428572,4.086250000000001
2021-09-02,4.8766,25.83,91.81,82.34,2.67,7.96,9,245,2,-1.0,-1.8369701987210297e-16,-0.8800122039735356,-0.4749510720670502,2.6371,1.1906,4.7076,4.192485714285715,4.01577
2021-09-03,3.1102,26.31,89.79,89.01,2.76,18.03,9,246,2,-1.0,-1.8369701987210297e-16,-0.888057322629493,-0.4597327394521046,4.8766,2.6371,5.7,4.216628571428571,4.049706666666667
2021-09-04,4.9279,26.32,90.24,91.25,2.22,15.54,9,247,2,-1.0,-1.8369701987210297e-16,-0.8958392907349089,-0.4443781781046134,3.1102,4.8766,6.4027,3.846657142857143,4.038236666666667
2021-09-05,4.3838,26.32,90.33,93.75,2.06,13.12,9,248,2,-1.0,-1.8369701987210297e-16,-0.9033558023246842,-0.4288919379124841,4.9279,3.1102,5.3554,3.635971428571428,4.052243333333333
2021-09-06,4.1784,26.19,92.02,95.65,2.63,13.94,9,249,2,-1.0,-1.8369701987210297e-16,-0.9106046300942162,-0.41327860778290443,4.3838,4.9279,3.354,3.4971714285714284,4.0554266666666665
2021-09-07,2.2294,26.24,94.91,99.49,3.08,50.27,9,250,2,-1.0,-1.8369701987210297e-16,-0.9175836260593934,-0.3975428142825566,4.1784,4.3838,1.1906,3.6149428571428572,4.0355533333333335
2021-09-08,3.1378,26.15,94.63,99.58,3.81,37.54,9,251,2,-1.0,-1.8369701987210297e-16,-0.9242907221930934,-0.3816892202666586,2.2294,4.1784,2.6371,3.7633428571428573,3.9622733333333335
2021-09-09,5.137,26.41,91.28,90.72,4.23,15.9,9,252,2,-1.0,-1.8369701987210297e-16,-0.9307239310379793,-0.3657225234972692,3.1378,2.2294,4.8766,3.8348714285714287,3.8772499999999996
2021-09-10,5.1713,26.61,90.56,82.76,4.3,17.93,9,253,2,-1.0,-1.8369701987210297e-16,-0.9368813462954315,-0.34964745525122826,5.137,3.1378,3.1102,3.8720714285714286,3.900316666666667
2021-09-11,4.2989,26.73,91.63,90.05,4.32,31.19,9,254,2,-1.0,-1.8369701987210297e-16,-0.9427611433904206,-0.33346877891818705,5.1713,5.137,4.9279,4.166514285714286,3.9168366666666667
2021-09-12,3.2868,26.7,93.04,97.39,3.46,46.82,9,255,2,-1.0,-1.8369701987210297e-16,-0.9483615800121716,-0.31719128858910595,4.2989,5.1713,4.3838,4.076657142857143,3.8917900000000003
2021-09-13,0.9458,26.44,93.46,99.41,3.53,37.0,9,256,2,-1.0,-1.8369701987210297e-16,-0.9536809966304455,-0.300819807635668,3.2868,4.2989,4.1784,3.919942857142857,3.8364233333333337
2021-09-14,2.5658,26.37,91.42,99.55,3.6,14.56,9,257,2,-1.0,-1.8369701987210297e-16,-0.9587178169872964,-0.2843591872810036,0.9458,3.2868,2.2294,3.4581428571428567,3.723053333333333
2021-09-15,4.4328,26.07,90.29,95.79,3.18,3.75,9,258,2,-1.0,-1.8369701987210297e-16,-0.9634705485641486,-0.26781430516217486,2.5658,0.9458,3.1378,3.5061999999999998,3.6805066666666666
2021-09-16,4.5406,26.15,90.44,92.09,3.0,1.98,9,259,2,-1.0,-1.8369701987210297e-16,-0.9679377830240642,-0.25119006388481957,4.4328,2.5658,5.137,3.6912,3.7355066666666668
2021-09-17,5.6028,25.85,90.19,66.97,2.17,0.66,9,260,2,-1.0,-1.8369701987210297e-16,-0.9721181966290612,-0.23449138957041052,4.5406,4.4328,5.1713,3.6059999999999994,3.7978666666666667
2021-09-18,5.2711,25.93,90.85,73.21,2.32,2.66,9,261,2,-1.0,-1.8369701987210297e-16,-0.9760105506323682,-0.21772323039653224,5.6028,4.5406,4.2989,3.6676428571428574,3.9398500000000003
2021-09-19,4.6387,26.47,90.84,92.64,2.4,15.01,9,262,2,-1.0,-1.8369701987210297e-16,-0.9796136916454901,-0.20089055513063528,5.2711,5.6028,3.2868,3.8065285714285713,4.084176666666667
2021-09-20,5.1382,26.44,91.22,84.65,2.09,16.88,9,263,2,-1.0,-1.8369701987210297e-16,-0.9829265519799822,-0.18399835165767986,4.6387,5.2711,0.9458,3.9996571428571426,4.1767666666666665
2021-09-21,3.1039,26.29,91.58,98.98,2.5,34.56,9,264,2,-1.0,-1.8369701987210297e-16,-0.9859481499638303,-0.1670516255021195,5.1382,4.6387,2.5658,4.59857142857143,4.311486666666667
2021-09-22,2.4214,26.13,91.92,97.56,2.38,37.11,9,265,2,-1.0,-1.8369701987210297e-16,-0.9886775902323404,-0.15005539834465262,3.1039,5.1382,4.4328,4.675442857142857,4.272996666666667
2021-09-23,5.0462,26.41,89.67,81.66,1.93,6.56,9,266,2,-1.0,-1.8369701987210297e-16,-0.9911140639934546,-0.13301470653419636,2.4214,3.1039,4.5406,4.3881,4.15783
2021-09-24,5.3969,26.25,87.68,50.09,1.45,0.99,9,267,2,-1.0,-1.8369701987210297e-16,-0.9932568492674143,-0.11593459959550066,5.0462,2.4214,5.6028,4.460328571428572,4.128603333333333
2021-09-25,5.6688,26.46,86.81,58.45,1.37,1.75,9,268,2,-1.0,-1.8369701987210297e-16,-0.9951053111006974,-0.09882013873287211,5.3969,5.0462,5.2711,4.430914285714286,4.106323333333333
2021-09-26,4.5823,26.26,88.03,80.01,1.39,1.63,9,269,2,-1.0,-1.8369701987210297e-16,-0.99665890175417,-0.08167639533042288,5.6688,5.3969,4.6387,4.487728571428572,4.138363333333333
2021-09-27,2.196,25.83,89.88,99.47,1.51,19.86,9,270,2,-1.0,-1.8369701987210297e-16,-0.9979171608653922,-0.06450844944931625,4.5823,5.6688,5.1382,4.479671428571428,4.101106666666667
2021-09-28,3.5122,24.93,94.04,98.35,3.58,72.57,9,271,2,-1.0,-1.8369701987210297e-16,-0.9988797155850335,-0.04732138832243232,2.196,4.5823,3.1039,4.059357142857143,3.9608833333333333
2021-09-29,2.8937,25.72,92.24,99.49,3.49,17.41,9,272,2,-1.0,-1.8369701987210297e-16,-0.9995462806873573,-0.03012030484690836,3.5122,2.196,2.4214,4.117685714285715,3.899443333333333
2021-09-30,4.6354,26.8,90.81,98.63,2.68,7.01,9,273,2,-1.0,-1.8369701987210297e-16,-0.9999166586547379,-0.012910296075008843,2.8937,3.5122,5.0462,4.185157142857142,3.8841000000000006
2021-10-01,5.1442,26.67,88.65,67.33,1.39,2.23,10,274,3,-0.8660254037844386,0.5000000000000001,-0.9999907397361901,0.004303538296243821,4.6354,2.8937,5.3969,4.126471428571429,3.9989266666666667
2021-10-02,4.3354,27.34,88.66,88.08,1.46,1.5,10,275,3,-0.8660254037844386,0.5000000000000001,-0.9997685019798909,0.021516097436222233,5.1442,4.6354,5.6688,4.090371428571428,4.082496666666667
2021-10-03,5.5934,27.53,87.51,60.98,1.55,1.48,10,276,3,-0.8660254037844386,0.5000000000000001,-0.9992500112396835,0.03872228089217399,4.3354,5.1442,4.5823,3.899885714285714,4.064456666666667
2021-10-04,5.8406,27.51,89.44,55.46,1.9,2.69,10,277,3,-0.8660254037844386,0.5000000000000001,-0.9984354211555643,0.05591699010060302,5.5934,4.3354,2.196,4.044328571428571,4.1472299999999995
2021-10-05,5.4396,27.65,89.66,77.49,1.82,3.83,10,278,3,-0.8660254037844386,0.5000000000000001,-0.9973249731081555,0.07309512989807776,5.8406,5.5934,3.5122,4.564985714285714,4.177653333333334
2021-10-06,5.0803,28.22,84.61,83.13,0.96,21.94,10,279,3,-0.8660254037844386,0.5000000000000001,-0.9959189961471792,0.0902516100310407,5.4396,5.8406,2.8937,4.8403285714285715,4.212846666666667
2021-10-07,5.3059,28.5,85.64,66.07,1.22,1.1,10,280,3,-0.8660254037844386,0.5000000000000001,-0.994217906893952,0.10738134666416306,5.0803,5.4396,4.6354,5.1527,4.24291
2021-10-08,4.2144,27.01,92.55,87.17,1.47,10.44,10,281,3,-0.8660254037844386,0.5000000000000001,-0.9922222094179324,0.12447926388678869,5.3059,5.0803,5.1442,5.248485714285715,4.34546
2021-10-09,4.2482,26.85,90.71,80.09,1.41,10.26,10,282,3,-0.8660254037844386,0.5000000000000001,-0.989932495087353,0.141540295217043,4.2144,5.3059,4.3354,5.115657142857144,4.381346666666667
2021-10-10,4.9793,27.16,85.29,46.63,0.86,2.3,10,283,3,-0.8660254037844386,0.5000000000000001,-0.9873494423939864,0.15855938510313475,4.2482,4.2144,5.5934,5.1032,4.35172
2021-10-11,4.7796,27.32,85.62,57.37,0.95,4.2,10,284,3,-0.8660254037844386,0.5000000000000001,-0.9844738167520923,0.17553149042142777,4.9793,4.2482,5.8406,5.015471428571429,4.34532
2021-10-12,4.404,27.95,83.29,49.98,1.02,8.91,10,285,3,-0.8660254037844386,0.5000000000000001,-0.9813064702716093,0.19245158197082995,4.7796,4.9793,5.4396,4.8639,4.361343333333333
2021-10-13,5.2625,28.03,80.65,51.47,1.27,0.99,10,286,3,-0.8660254037844386,0.5000000000000001,-0.9778483415056567,0.20931464596304888,4.404,4.7796,5.0803,4.715957142857143,4.398583333333333
2021-10-14,5.2699,28.12,75.65,44.94,1.27,0.18,10,287,3,-0.8660254037844386,0.5000000000000001,-0.9741004551724206,0.22611568550828803,5.2625,4.404,5.3059,4.741985714285714,4.542473333333334
2021-10-15,5.8558,27.66,78.49,28.01,1.81,0.01,10,288,3,-0.8660254037844386,0.5000000000000001,-0.970063921851507,0.2428497220959358,5.2699,5.2625,4.2144,4.7368428571428565,4.632610000000001
2021-10-16,5.8627,26.1,75.9,26.38,1.7,0.0,10,289,3,-0.8660254037844386,0.5000000000000001,-0.965739937654855,0.25951179706979943,5.8558,5.2699,4.2482,4.971328571428572,4.680043333333333
2021-10-17,5.1022,27.1,80.61,71.33,1.25,0.14,10,290,3,-0.8660254037844386,0.5000000000000001,-0.9611297838723007,0.27609697309746883,5.8627,5.8558,4.9793,5.2019714285714285,4.724113333333333
2021-10-18,5.735,26.5,79.02,13.51,1.73,0.02,10,291,3,-0.8660254037844386,0.5000000000000001,-0.9562348265919058,0.2926003356333479,5.1022,5.8627,4.7796,5.219528571428571,4.707426666666667
2021-10-19,5.7631,25.74,78.25,12.06,1.28,0.19,10,292,3,-0.8660254037844386,0.5000000000000001,-0.9510565162951536,0.30901699437494723,5.735,5.1022,4.404,5.356014285714286,4.7228900000000005
2021-10-20,5.6738,24.75,80.78,28.32,1.44,0.07,10,293,3,-0.8660254037844386,0.5000000000000001,-0.9455963874271428,0.3253420847119795,5.7631,5.735,5.2625,5.550171428571429,4.760369999999999
2021-10-21,5.7566,25.28,74.52,2.74,1.43,0.0,10,294,3,-0.8660254037844386,0.5000000000000001,-0.9398560579418953,0.341570769167856,5.6738,5.7631,5.2699,5.608928571428572,4.778223333333333
2021-10-22,5.8826,25.06,73.98,3.74,1.33,0.0,10,295,3,-0.8660254037844386,0.5000000000000001,-0.9338372288229252,0.35769823883312546,5.7566,5.6738,5.8558,5.678457142857143,4.866646666666667
2021-10-23,5.8922,24.3,78.43,3.22,1.42,0.0,10,296,3,-0.8660254037844386,0.5000000000000001,-0.9275416835791965,0.3737197147904692,5.8826,5.7566,5.8627,5.6822857142857135,4.98202
2021-10-24,5.8248,23.69,85.98,6.02,1.64,0.11,10,297,3,-0.8660254037844386,0.5000000000000001,-0.9209712877166347,0.38963044953078774,5.8922,5.8826,5.1022,5.6865,5.01022
2021-10-25,5.671,24.32,82.03,9.17,1.67,0.01,10,298,3,-0.8660254037844386,0.5000000000000001,-0.9141279881853337,0.4054257283599973,5.8248,5.8922,5.735,5.789728571428571,5.024483333333333
2021-10-26,5.5531,24.81,75.96,11.82,1.47,0.05,10,299,3,-0.8660254037844386,0.5000000000000001,-0.9070138128026362,0.42110087079608916,5.671,5.8248,5.7631,5.780585714285714,5.024556666666666
2021-10-27,5.484,24.81,72.12,19.37,1.94,0.0,10,300,3,-0.8660254037844386,0.5000000000000001,-0.8996308696522434,0.4366512319560638,5.5531,5.671,5.6738,5.750585714285714,5.056916666666666
2021-10-28,4.9541,24.61,75.87,21.09,2.35,0.07,10,301,3,-0.8660254037844386,0.5000000000000001,-0.8919813464595487,0.45207220393230374,5.484,5.5531,5.7566,5.723471428571428,5.166516666666666
2021-10-29,5.4144,24.49,74.47,53.68,2.62,0.0,10,302,3,-0.8660254037844386,0.5000000000000001,-0.8840675099433637,0.46735921715800205,4.9541,5.484,5.8826,5.608828571428572,5.21458
2021-10-30,5.3522,24.23,73.91,40.28,2.64,0.05,10,303,3,-0.8660254037844386,0.5000000000000001,-0.8758917051442433,0.48250774176121763,5.4144,4.9541,5.8922,5.541942857142857,5.298603333333333
2021-10-31,5.2378,25.19,75.29,8.84,2.12,0.0,10,304,3,-0.8660254037844386,0.5000000000000001,-0.8674563547295971,0.4975132889071803,5.3522,5.4144,5.8248,5.464799999999999,5.322496666666666
2021-11-01,4.9687,25.25,76.44,25.44,1.91,0.0,11,305,3,-0.5000000000000004,0.8660254037844384,-0.858763958275803,0.5123714121284235,5.2378,5.3522,5.671,5.380942857142856,5.325616666666667
2021-11-02,4.7465,25.79,73.19,23.72,1.82,0.0,11,306,3,-0.5000000000000004,0.8660254037844384,-0.8498170915275277,0.5270777086423724,4.9687,5.2378,5.5531,5.280614285714285,5.346726666666667
2021-11-03,5.022,25.35,76.57,50.35,2.11,0.0,11,307,3,-0.5000000000000004,0.8660254037844384,-0.8406184056344783,0.5416278206559811,4.7465,4.9687,5.484,5.165385714285714,5.318496666666666
2021-11-04,4.4611,26.53,78.66,57.12,1.34,0.12,11,308,3,-0.5000000000000004,0.8660254037844384,-0.8311706263658079,0.5560174366570446,5.022,4.7465,4.9541,5.099385714285715,5.29121
2021-11-05,4.5737,26.98,79.93,57.76,1.57,3.21,11,309,3,-0.5000000000000004,0.8660254037844384,-0.8214765533024145,0.5702422926917867,4.4611,5.022,5.4144,5.028957142857143,5.258593333333334
2021-11-06,2.5198,26.09,83.01,98.64,1.12,5.42,11,310,3,-0.5000000000000004,0.8660254037844384,-0.8115390590073611,0.5842981736283683,4.5737,4.4611,5.3522,4.908857142857142,5.241706666666667
2021-11-07,2.2697,25.35,83.65,99.58,1.22,1.34,11,311,3,-0.5000000000000004,0.8660254037844384,-0.801361088174677,0.5981809144059159,2.5198,4.5737,5.2378,4.5042285714285715,5.148836666666667
2021-11-08,4.499,24.8,74.16,40.02,2.12,0.01,11,312,3,-0.5000000000000004,0.8660254037844384,-0.7909456567567774,0.6118864012687242,2.2697,2.5198,4.9687,4.080214285714286,5.084013333333333
2021-11-09,4.7606,22.97,71.0,9.14,2.62,0.0,11,313,3,-0.5000000000000004,0.8660254037844384,-0.780295851070776,0.6254105729852457,4.499,2.2697,4.7465,4.013114285714286,5.092373333333333
2021-11-10,4.6949,22.97,66.96,15.49,2.39,0.0,11,314,3,-0.5000000000000004,0.8660254037844384,-0.7694148268839381,0.6387494220515268,4.7606,4.499,5.022,4.015128571428571,5.085083333333333
2021-11-11,4.4964,22.49,70.15,22.13,2.56,0.0,11,315,3,-0.5000000000000004,0.8660254037844384,-0.7583058084785625,0.6518989958787125,4.6949,4.7606,4.4611,3.9684,5.082260000000001
2021-11-12,4.8619,23.06,68.81,30.26,2.43,0.0,11,316,3,-0.5000000000000004,0.8660254037844384,-0.7469720876965551,0.6648553979642866,4.4964,4.6949,4.5737,3.9734428571428566,5.08534
2021-11-13,4.5538,25.46,79.35,32.7,2.06,0.0,11,317,3,-0.5000000000000004,0.8660254037844384,-0.7354170229639858,0.6776147890466887,4.8619,4.4964,2.5198,4.014614285714286,5.071986666666666
2021-11-14,4.4604,26.3,81.33,22.71,2.03,0.03,11,318,3,-0.5000000000000004,0.8660254037844384,-0.7236440382959124,0.690173388242972,4.5538,4.8619,2.2697,4.305185714285714,5.048116666666667
2021-11-15,4.2732,26.48,85.35,56.51,1.31,0.12,11,319,3,-0.5000000000000004,0.8660254037844384,-0.711656622281775,0.7025274741691566,4.4604,4.5538,4.499,4.618142857142857,5.001603333333334
2021-11-16,3.7267,27.1,83.12,89.74,1.84,2.06,11,320,3,-0.5000000000000004,0.8660254037844384,-0.6994583270516471,0.7146733860429608,4.2732,4.4604,4.7606,4.585885714285714,4.948620000000001
2021-11-17,3.3862,26.94,84.4,97.55,1.81,3.44,11,321,3,-0.5000000000000004,0.8660254037844384,-0.6870527672236675,0.7266075247685652,3.7267,4.2732,4.6949,4.438185714285714,4.90277
2021-11-18,3.6377,26.66,85.24,87.71,1.71,7.44,11,322,3,-0.5000000000000004,0.8660254037844384,-0.6744436188329457,0.7383263540031063,3.3862,3.7267,4.4964,4.251228571428571,4.8244766666666665
2021-11-19,4.4316,26.74,83.43,71.21,1.2,1.71,11,323,3,-0.5000000000000004,0.8660254037844384,-0.661634618242279,0.749826401204568,3.6377,3.3862,4.8619,4.128557142857143,4.75363
2021-11-20,4.2715,27.22,82.79,66.13,1.42,1.05,11,324,3,-0.5000000000000004,0.8660254037844384,-0.6486295610349818,0.7611042586607742,4.4316,3.6377,4.5538,4.067085714285715,4.712223333333333
2021-11-21,3.7934,27.46,83.62,87.21,1.77,11.21,11,325,3,-0.5000000000000004,0.8660254037844384,-0.6354323008901775,0.7721565844991641,4.2715,4.4316,4.4604,4.026757142857143,4.662719999999999
2021-11-22,3.5105,26.07,89.31,85.71,1.88,10.17,11,326,3,-0.5000000000000004,0.8660254037844384,-0.622046748440868,0.7829801036770624,3.7934,4.2715,4.2732,3.9314714285714287,4.59308
2021-11-23,4.6745,26.91,86.58,20.89,1.17,0.03,11,327,3,-0.5000000000000004,0.8660254037844384,-0.6084768701151264,0.7935716089521472,3.5105,3.7934,3.7267,3.8225142857142864,4.5136899999999995
2021-11-24,4.2883,27.04,82.78,4.9,1.84,0.01,11,328,3,-0.5000000000000004,0.8660254037844384,-0.594726686960764,0.8039279618328208,4.6745,3.5105,3.3862,3.9579142857142857,4.475346666666667
2021-11-25,4.3613,26.11,77.75,20.53,1.3,0.0,11,329,3,-0.5000000000000004,0.8660254037844384,-0.5808002734538013,0.8140460935082175,4.2883,4.6745,3.6377,4.086785714285714,4.429256666666666
2021-11-26,4.7002,25.32,76.17,4.32,1.76,0.0,11,330,3,-0.5000000000000004,0.8660254037844384,-0.5667017562911184,0.8239230057575536,4.3613,4.2883,4.4316,4.190157142857143,4.38953
2021-11-27,4.6884,24.75,71.67,12.15,1.6,0.0,11,331,3,-0.5000000000000004,0.8660254037844384,-0.5524353131676203,0.8335557718385695,4.7002,4.3613,4.2715,4.228528571428571,4.363403333333333
2021-11-28,4.4484,22.18,75.8,39.46,2.77,0.0,11,332,3,-0.5000000000000004,0.8660254037844384,-0.5380051715382992,0.8429415373547832,4.6884,4.7002,3.7934,4.288085714285715,4.354546666666666
2021-11-29,4.451,22.98,72.38,45.49,2.91,0.0,11,333,3,-0.5000000000000004,0.8660254037844384,-0.5234156073655503,0.8520775211013093,4.4484,4.6884,3.5105,4.381657142857143,4.322346666666666
2021-11-30,2.6203,23.36,83.38,94.33,2.77,2.44,11,334,3,-0.5000000000000004,0.8660254037844384,-0.5086709438521042,0.8609610158889945,4.451,4.4484,4.6745,4.516014285714285,4.292306666666666
2021-12-01,0.7234,21.92,90.21,99.2,2.55,63.01,12,335,0,-2.4492935982947064e-16,1.0,-0.49377555015997737,0.8695893893466109,2.6203,4.451,4.2883,4.222557142857143,4.205056666666667
2021-12-02,1.2943,22.43,82.78,96.86,3.06,7.07,12,336,0,-2.4492935982947064e-16,1.0,-0.4787338401157883,0.8779600847008883,0.7234,2.6203,4.3613,3.713285714285714,4.063546666666666
2021-12-03,3.8352,23.72,84.12,50.96,1.35,0.14,12,337,0,-2.4492935982947064e-16,1.0,-0.4635502709028512,0.8860706215341378,1.2943,0.7234,4.7002,3.275142857142857,3.948473333333333
2021-12-04,4.1251,24.37,80.28,13.79,1.38,0.05,12,338,0,-2.4492935982947064e-16,1.0,-0.4482293417404106,0.893918596519257,3.8352,1.2943,4.6884,3.1515714285714287,3.908913333333333
2021-12-05,4.1213,23.22,80.49,25.5,1.13,0.03,12,339,0,-2.4492935982947064e-16,1.0,-0.4327755925504317,0.9015016841318838,4.1251,3.8352,4.4484,3.0711,3.8977133333333334
2021-12-06,3.755,23.08,80.91,8.33,1.54,0.02,12,340,0,-2.4492935982947064e-16,1.0,-0.41719360261231697,0.9088176373395028,4.1213,4.1251,4.451,3.0243714285714285,3.882633333333333
2021-12-07,3.7056,23.47,75.17,13.61,2.17,0.0,12,341,0,-2.4492935982947064e-16,1.0,-0.4014879892059737,0.9158642882672868,3.755,4.1213,2.6203,2.924942857142857,3.923806666666666
2021-12-08,3.5652,23.34,73.8,30.16,2.46,0.11,12,342,0,-2.4492935982947064e-16,1.0,-0.38566340624360745,0.9226395488404875,3.7056,3.755,0.7234,3.0799857142857143,3.97167
2021-12-09,3.6746,23.67,72.09,37.33,1.76,0.0,12,343,0,-2.4492935982947064e-16,1.0,-0.3697245428906732,0.9291414114031743,3.5652,3.7056,1.2943,3.4859571428571425,3.940543333333333
2021-12-10,3.9523,23.73,75.92,19.8,2.36,0.0,12,344,0,-2.4492935982947064e-16,1.0,-0.35367612217637207,0.935367949313148,3.6746,3.5652,3.8352,3.826,3.9043433333333337
2021-12-11,3.5496,24.02,76.93,25.32,2.12,0.0,12,345,0,-2.4492935982947064e-16,1.0,-0.33752289959411347,0.941317317512847,3.9523,3.6746,4.1251,3.8427285714285717,3.87959
2021-12-12,4.0774,24.34,72.77,20.15,1.92,0.01,12,346,0,-2.4492935982947064e-16,1.0,-0.32126966169236515,0.9469877530760751,3.5496,3.9523,4.1213,3.7605142857142857,3.84803
2021-12-13,3.8064,23.38,76.54,22.06,1.32,0.01,12,347,0,-2.4492935982947064e-16,1.0,-0.3049212246562894,0.9523775757303973,4.0774,3.5496,3.755,3.754242857142857,3.8218799999999997
2021-12-14,4.0786,22.59,75.81,26.07,1.26,0.0,12,348,0,-2.4492935982947064e-16,1.0,-0.2884824328806098,0.9574851883550389,3.8064,4.0774,3.7056,3.7615857142857143,3.796966666666667
2021-12-15,3.5215,22.7,78.08,80.44,1.51,0.2,12,349,0,-2.4492935982947064e-16,1.0,-0.27195815753410524,0.9623090774541487,4.0786,3.8064,3.5652,3.8148714285714282,3.7842399999999996
2021-12-16,3.847,22.73,79.15,31.11,1.48,0.0,12,350,0,-2.4492935982947064e-16,1.0,-0.2553532951161881,0.9668478136052773,3.5215,4.0786,3.6746,3.8086285714285717,3.759183333333333
2021-12-17,3.9617,22.33,78.75,23.35,1.34,0.0,12,351,0,-2.4492935982947064e-16,1.0,-0.23867276600594997,0.9711000518829505,3.847,3.5215,3.9523,3.8332571428571427,3.763193333333333
2021-12-18,4.0586,22.41,74.19,6.39,2.03,0.0,12,352,0,-2.4492935982947064e-16,1.0,-0.22192151300416674,0.9750645322571945,3.9617,3.847,3.5496,3.8345999999999996,3.7823766666666665
2021-12-19,4.2686,21.9,70.03,4.23,2.4,0.0,12,353,0,-2.4492935982947064e-16,1.0,-0.20510449986861926,0.9787400799669153,4.0586,3.9617,4.0774,3.9073142857142855,3.796406666666667
2021-12-20,4.1614,21.16,70.16,10.23,2.01,0.0,12,354,0,-2.4492935982947064e-16,1.0,-0.1882267098432439,0.9821256058680006,4.2686,4.0586,3.8064,3.9346285714285716,3.790973333333333
2021-12-21,4.4009,20.96,68.61,6.74,1.71,0.0,12,355,0,-2.4492935982947064e-16,1.0,-0.1712931441814778,0.9852201067560606,4.1614,4.2686,4.0786,3.9853428571428573,3.787303333333333
2021-12-22,4.2797,20.87,70.82,12.84,1.3,0.0,12,356,0,-2.4492935982947064e-16,1.0,-0.154308820664281,0.9880226656636976,4.4009,4.1614,3.5215,4.031385714285714,3.8075533333333333
2021-12-23,4.5269,21.08,69.55,7.53,1.37,0.0,12,357,0,-2.4492935982947064e-16,1.0,-0.13727877211326517,0.9905324521322227,4.2797,4.4009,3.847,4.1396999999999995,3.833193333333333
2021-12-24,4.5046,20.35,74.84,11.14,1.34,0.0,12,358,0,-2.4492935982947064e-16,1.0,-0.12020804489935275,0.9927487224577402,4.5269,4.2797,3.9617,4.236828571428572,3.8282733333333336
2021-12-25,4.4131,20.39,75.66,8.92,1.29,0.0,12,359,0,-2.4492935982947064e-16,1.0,-0.10310169744743544,0.9946708199115211,4.5046,4.5269,4.0586,4.314385714285715,3.8354833333333334
2021-12-26,4.4551,21.05,73.38,18.44,1.53,0.0,12,360,0,-2.4492935982947064e-16,1.0,-0.0859647987374467,0.9962981749346077,4.4131,4.5046,4.2686,4.365028571428572,3.83721
2021-12-27,4.5094,22.21,64.51,21.93,1.51,0.0,12,361,0,-2.4492935982947064e-16,1.0,-0.06880242680232064,0.9976303053065857,4.4551,4.4131,4.1614,4.391671428571429,3.82904
2021-12-28,4.199,22.07,68.91,17.0,1.24,0.0,12,362,0,-2.4492935982947064e-16,1.0,-0.05161966722325418,0.9986668162884759,4.5094,4.4551,4.4009,4.4413857142857145,3.8230733333333333
2021-12-29,4.4376,20.91,72.4,13.94,2.02,0.0,12,363,0,-2.4492935982947064e-16,1.0,-0.034421611622745804,0.9994074007397048,4.199,4.5094,4.2797,4.412542857142857,3.81476
2021-12-30,3.9727,21.48,74.9,13.24,2.8,0.0,12,364,0,-2.4492935982947064e-16,1.0,-0.01721335615583528,0.9998518392091162,4.4376,4.199,4.5269,4.4351,3.8143133333333332
2021-12-31,4.0687,23.0,72.8,19.89,2.93,0.0,12,365,0,-2.4492935982947064e-16,1.0,6.432490598706546e-16,1.0,3.9727,4.4376,4.5046,4.355928571428572,3.859393333333333
2022-01-01,3.9499,23.09,74.41,27.61,2.01,0.0,1,1,0,0.49999999999999994,0.8660254037844387,0.017213356155834685,0.9998518392091162,4.0687,3.9727,4.4131,4.293657142857143,3.9709033333333332
2022-01-02,4.1714,23.3,74.94,4.99,1.63,0.0,1,2,0,0.49999999999999994,0.8660254037844387,0.03442161162274574,0.9994074007397048,3.9499,4.0687,4.4551,4.227485714285715,4.059423333333333
2022-01-03,3.8503,23.4,75.51,10.23,1.78,0.0,1,3,0,0.49999999999999994,0.8660254037844387,0.051619667223253764,0.998666816288476,4.1714,3.9499,4.5094,4.1869571428571435,4.07063
2022-01-04,4.2521,24.25,67.61,9.06,1.52,0.0,1,4,0,0.49999999999999994,0.8660254037844387,0.06880242680231986,0.9976303053065857,3.8503,4.1714,4.199,4.0927999999999995,4.06147
2022-01-05,3.7277,23.05,70.5,7.71,1.71,0.0,1,5,0,0.49999999999999994,0.8660254037844387,0.08596479873744647,0.9962981749346078,4.2521,3.8503,4.4376,4.100385714285714,4.06583
2022-01-06,3.8323,22.38,80.65,13.04,1.45,0.13,1,6,0,0.49999999999999994,0.8660254037844387,0.10310169744743485,0.9946708199115211,3.7277,4.2521,3.9727,3.998971428571429,4.06492
2022-01-07,3.7843,22.15,79.52,48.43,1.69,0.02,1,7,0,0.49999999999999994,0.8660254037844387,0.1202080448993527,0.9927487224577402,3.8323,3.7277,4.0687,3.978914285714286,4.069143333333333
2022-01-08,3.3929,22.41,79.95,80.89,1.47,1.44,1,8,0,0.49999999999999994,0.8660254037844387,0.13727877211326478,0.9905324521322229,3.7843,3.8323,3.9499,3.9382857142857146,4.0764466666666666
2022-01-09,5.0335,20.22,76.65,17.88,2.14,0.14,1,9,0,0.49999999999999994,0.8660254037844387,0.15430882066428117,0.9880226656636976,3.3929,3.7843,4.1714,3.8587142857142855,4.067056666666667
2022-01-10,5.221,18.08,68.16,14.21,1.9,0.0,1,10,0,0.49999999999999994,0.8660254037844387,0.1712931441814776,0.9852201067560606,5.0335,3.3929,3.8503,3.9818714285714285,4.103096666666667
2022-01-11,4.8168,17.87,71.33,14.31,1.53,0.0,1,11,0,0.49999999999999994,0.8660254037844387,0.1882267098432442,0.9821256058680006,5.221,5.0335,4.2521,4.1776857142857144,4.15881
2022-01-12,4.5276,18.36,75.72,13.26,1.81,0.0,1,12,0,0.49999999999999994,0.8660254037844387,0.2051044998686192,0.9787400799669153,4.8168,5.221,3.7277,4.258357142857143,4.183456666666667
2022-01-13,3.8746,18.95,75.56,37.92,1.72,0.0,1,13,0,0.49999999999999994,0.8660254037844387,0.2219215130041655,0.9750645322571948,4.5276,4.8168,3.8323,4.372628571428572,4.207496666666667
2022-01-14,4.1964,20.25,80.04,26.84,1.25,0.06,1,14,0,0.49999999999999994,0.8660254037844387,0.2386727660059501,0.9711000518829505,3.8746,4.5276,3.7843,4.378671428571429,4.2006966666666665
2022-01-15,4.5202,21.79,74.81,17.8,1.92,0.0,1,15,0,0.49999999999999994,0.8660254037844387,0.255353295116187,0.9668478136052775,4.1964,3.8746,3.3929,4.437542857142857,4.223193333333333
2022-01-16,4.5307,23.09,68.21,7.75,2.17,0.0,1,16,0,0.49999999999999994,0.8660254037844387,0.2719581575341055,0.9623090774541486,4.5202,4.1964,5.0335,4.598585714285714,4.245633333333333
2022-01-17,4.5094,23.56,70.76,5.49,1.77,0.0,1,17,0,0.49999999999999994,0.8660254037844387,0.288482432880609,0.9574851883550393,4.5307,4.5202,5.221,4.526757142857143,4.2646
2022-01-18,4.9486,23.45,67.99,6.12,1.66,0.0,1,18,0,0.49999999999999994,0.8660254037844387,0.30492122465628907,0.9523775757303974,4.5094,4.5307,4.8168,4.4251,4.279626666666667
2022-01-19,5.148,22.88,62.79,8.92,1.88,0.0,1,19,0,0.49999999999999994,0.8660254037844387,0.3212696616923644,0.9469877530760753,4.9486,4.5094,4.5276,4.443928571428571,4.302293333333334
2022-01-20,5.2942,22.54,61.19,9.27,1.74,0.0,1,20,0,0.49999999999999994,0.8660254037844387,0.3375228995941133,0.9413173175128471,5.148,4.9486,3.8746,4.532557142857143,4.335179999999999
2022-01-21,4.6075,22.22,75.18,30.12,1.46,0.05,1,21,0,0.49999999999999994,0.8660254037844387,0.3536761221763716,0.9353679493131483,5.2942,5.148,4.1964,4.735357142857143,4.364956666666667
2022-01-22,4.3013,22.75,82.71,43.82,2.1,0.31,1,22,0,0.49999999999999994,0.8660254037844387,0.3697245428906731,0.9291414114031743,4.6075,5.2942,4.5202,4.794085714285714,4.375883333333333
2022-01-23,3.775,19.77,70.54,72.07,2.62,0.06,1,23,0,0.49999999999999994,0.8660254037844387,0.38566340624360707,0.9226395488404876,4.3013,4.6075,4.5307,4.762814285714286,4.368363333333333
2022-01-24,4.9546,16.59,56.47,20.0,1.98,0.0,1,24,0,0.49999999999999994,0.8660254037844387,0.401487989205973,0.9158642882672872,3.775,4.3013,4.5094,4.654857142857142,4.3440433333333335
2022-01-25,4.9615,17.06,51.67,17.69,1.98,0.0,1,25,0,0.49999999999999994,0.8660254037844387,0.4171936026123168,0.9088176373395029,4.9546,3.775,4.9486,4.718457142857143,4.362093333333333
2022-01-26,5.0688,18.84,53.89,16.36,1.7,0.0,1,26,0,0.49999999999999994,0.8660254037844387,0.4327755925504312,0.901501684131884,4.9615,4.9546,5.148,4.7203,4.378973333333334
2022-01-27,5.3474,20.31,53.18,11.79,2.21,0.0,1,27,0,0.49999999999999994,0.8660254037844387,0.4482293417404106,0.893918596519257,5.0688,4.9615,5.2942,4.708985714285715,4.39762
2022-01-28,5.3542,21.28,51.74,10.06,2.69,0.0,1,28,0,0.49999999999999994,0.8660254037844387,0.4635502709028509,0.886070621534138,5.3474,5.0688,4.6075,4.716585714285714,4.4359
2022-01-29,5.6333,21.92,49.9,11.22,2.26,0.0,1,29,0,0.49999999999999994,0.8660254037844387,0.47873384011578846,0.8779600847008882,5.3542,5.3474,4.3013,4.823257142857143,4.466453333333333
2022-01-30,5.6086,21.91,54.42,9.31,1.5,0.0,1,30,0,0.49999999999999994,0.8660254037844387,0.49377555015997715,0.869589389346611,5.6333,5.3542,3.775,5.013542857142857,4.5218066666666665
2022-01-31,5.8015,21.91,50.88,10.49,1.59,0.0,1,31,0,0.49999999999999994,0.8660254037844387,0.5086709438521044,0.8609610158889943,5.6086,5.6333,4.9546,5.275485714285714,4.5731366666666675
2022-02-01,5.6688,22.19,51.89,9.97,1.78,0.0,2,32,0,0.8660254037844386,0.5000000000000001,0.5234156073655503,0.8520775211013093,5.8015,5.6086,4.9615,5.396471428571429,4.634856666666667
2022-02-02,5.7079,22.61,57.04,10.52,1.53,0.0,2,33,0,0.8660254037844386,0.5000000000000001,0.5380051715382996,0.8429415373547828,5.6688,5.8015,5.0688,5.497514285714286,4.684769999999999
2022-02-03,5.6453,21.65,75.37,16.44,1.74,0.0,2,34,0,0.8660254037844386,0.5000000000000001,0.5524353131676196,0.8335557718385699,5.7079,5.6688,5.3474,5.588814285714285,4.74669
2022-02-04,5.4677,21.7,67.61,12.95,1.17,0.0,2,35,0,0.8660254037844386,0.5000000000000001,0.5667017562911176,0.8239230057575542,5.6453,5.7079,5.3542,5.631371428571428,4.793130000000001
2022-02-05,5.7626,21.12,54.14,11.81,1.67,0.0,2,36,0,0.8660254037844386,0.5000000000000001,0.5808002734538009,0.8140460935082178,5.4677,5.6453,5.6333,5.6475857142857135,4.85113
2022-02-06,5.6662,22.04,55.18,10.93,1.96,0.0,2,37,0,0.8660254037844386,0.5000000000000001,0.5947266869607634,0.8039279618328213,5.7626,5.4677,5.6086,5.6660571428571425,4.915473333333334
2022-02-07,5.4917,21.52,70.0,11.64,1.73,0.0,2,38,0,0.8660254037844386,0.5000000000000001,0.6084768701151261,0.7935716089521474,5.6662,5.7626,5.8015,5.674285714285714,4.978203333333334
2022-02-08,5.4806,21.12,76.52,12.93,1.81,0.0,2,39,0,0.8660254037844386,0.5000000000000001,0.6220467484408675,0.7829801036770629,5.4917,5.6662,5.6688,5.6300285714285705,5.048163333333334
2022-02-09,5.6237,21.69,73.77,14.06,1.89,0.02,2,40,0,0.8660254037844386,0.5000000000000001,0.6354323008901774,0.7721565844991642,5.4806,5.4917,5.7079,5.603142857142857,5.063066666666667
2022-02-10,5.819,22.84,54.01,8.31,1.99,0.0,2,41,0,0.8660254037844386,0.5000000000000001,0.6486295610349814,0.7611042586607747,5.6237,5.4806,5.6453,5.591114285714285,5.076490000000001
2022-02-11,5.7571,24.06,46.98,7.62,2.66,0.0,2,42,0,0.8660254037844386,0.5000000000000001,0.6616346182422783,0.7498264012045686,5.819,5.6237,5.4677,5.615928571428571,5.109896666666667
2022-02-12,5.6642,23.92,44.31,9.76,2.6,0.0,2,43,0,0.8660254037844386,0.5000000000000001,0.6744436188329455,0.7383263540031065,5.7571,5.819,5.7626,5.657271428571429,5.15088
2022-02-13,5.4629,24.06,47.62,9.81,1.87,0.0,2,44,0,0.8660254037844386,0.5000000000000001,0.6870527672236669,0.7266075247685656,5.6642,5.7571,5.6662,5.6432142857142855,5.210533333333333
2022-02-14,5.8152,22.75,59.92,10.13,2.03,0.0,2,45,0,0.8660254037844386,0.5000000000000001,0.699458327051647,0.7146733860429609,5.4629,5.6642,5.4917,5.614171428571429,5.25275
2022-02-15,5.7768,21.81,65.51,9.14,1.71,0.0,2,46,0,0.8660254037844386,0.5000000000000001,0.7116566222817746,0.7025274741691571,5.8152,5.4629,5.4806,5.660385714285715,5.295916666666667
2022-02-16,5.825,22.0,68.18,12.35,1.46,0.0,2,47,0,0.8660254037844386,0.5000000000000001,0.7236440382959124,0.6901733882429719,5.7768,5.8152,5.6237,5.7027,5.337453333333333
2022-02-17,5.8992,23.02,64.2,10.26,1.57,0.0,2,48,0,0.8660254037844386,0.5000000000000001,0.7354170229639855,0.6776147890466889,5.825,5.7768,5.819,5.731457142857144,5.381306666666666
2022-02-18,5.8181,23.6,60.59,20.55,1.63,0.0,2,49,0,0.8660254037844386,0.5000000000000001,0.7469720876965552,0.6648553979642865,5.8992,5.825,5.7571,5.742914285714286,5.4129933333333335
2022-02-19,5.7948,24.8,60.12,13.19,1.56,0.0,2,50,0,0.8660254037844386,0.5000000000000001,0.7583058084785624,0.6518989958787126,5.8181,5.8992,5.6642,5.75162857142857,5.435330000000001
2022-02-20,6.2074,25.09,53.08,10.83,1.78,0.22,2,51,0,0.8660254037844386,0.5000000000000001,0.7694148268839378,0.6387494220515272,5.7948,5.8181,5.4629,5.7702857142857145,5.452016666666666
2022-02-21,6.3353,24.48,46.69,10.16,1.76,0.0,2,52,0,0.8660254037844386,0.5000000000000001,0.7802958510707755,0.6254105729852464,6.2074,5.7948,5.8152,5.876642857142857,5.505346666666667
2022-02-22,6.2952,25.06,49.3,9.96,1.56,0.0,2,53,0,0.8660254037844386,0.5000000000000001,0.7909456567567772,0.6118864012687243,6.3353,6.2074,5.7768,5.9509428571428575,5.573146666666667
2022-02-23,6.175,25.99,50.89,8.96,1.56,0.0,2,54,0,0.8660254037844386,0.5000000000000001,0.8013610881746766,0.5981809144059165,6.2952,6.3353,5.825,6.025,5.657153333333334
2022-02-24,6.1121,26.18,52.07,6.5,1.41,0.0,2,55,0,0.8660254037844386,0.5000000000000001,0.8115390590073611,0.5842981736283683,6.175,6.2952,5.8992,6.075,5.6978333333333335
2022-02-25,6.0581,26.16,50.76,10.63,1.55,0.0,2,56,0,0.8660254037844386,0.5000000000000001,0.8214765533024142,0.5702422926917871,6.1121,6.175,5.8181,6.105414285714285,5.736186666666667
2022-02-26,5.9093,26.11,49.22,9.83,1.93,0.01,2,57,0,0.8660254037844386,0.5000000000000001,0.8311706263658079,0.5560174366570446,6.0581,6.1121,5.7948,6.1396999999999995,5.769163333333333
2022-02-27,6.1279,25.93,46.02,10.93,1.95,0.0,2,58,0,0.8660254037844386,0.5000000000000001,0.8406184056344782,0.5416278206559814,5.9093,6.0581,6.2074,6.156057142857143,5.787893333333333
2022-02-28,6.252,26.29,37.08,10.0,1.99,0.0,2,59,0,0.8660254037844386,0.5000000000000001,0.8498170915275278,0.5270777086423722,6.1279,5.9093,6.3353,6.1447,5.8136833333333335
2022-03-01,5.951,27.09,36.97,9.38,2.1,0.0,3,60,1,1.0,6.123233995736766e-17,0.8587639582758029,0.5123714121284237,6.252,6.1279,6.2952,6.1328000000000005,5.8343066666666665
2022-03-02,5.9258,27.82,36.04,11.66,2.39,0.0,3,61,1,1.0,6.123233995736766e-17,0.8674563547295969,0.49751328890718066,5.951,6.252,6.175,6.08362857142857,5.84572
2022-03-03,5.8898,28.44,32.24,15.01,3.25,0.0,3,62,1,1.0,6.123233995736766e-17,0.8758917051442429,0.48250774176121847,5.9258,5.951,6.1121,6.0480285714285715,5.8498633333333325
2022-03-04,6.1973,28.43,31.08,12.83,3.18,0.0,3,63,1,1.0,6.123233995736766e-17,0.8840675099433636,0.4673592171580022,5.8898,5.9258,6.0581,6.016271428571429,5.8572299999999995
2022-03-05,5.9477,28.52,31.74,17.87,2.68,0.0,3,64,1,1.0,6.123233995736766e-17,0.8919813464595485,0.45207220393230435,6.1973,5.8898,5.9093,6.036157142857142,5.873543333333333
2022-03-06,5.8186,28.51,35.15,24.78,2.21,0.0,3,65,1,1.0,6.123233995736766e-17,0.8996308696522433,0.43665123195606403,5.9477,6.1973,6.1279,6.041642857142858,5.883623333333333
2022-03-07,5.13,28.98,37.29,47.33,2.34,0.17,3,66,1,1.0,6.123233995736766e-17,0.9070138128026359,0.4211008707960896,5.8186,5.9477,6.252,5.997457142857143,5.89532
2022-03-08,4.7558,30.09,40.64,66.57,2.23,0.1,3,67,1,1.0,6.123233995736766e-17,0.9141279881853337,0.40542572835999735,5.13,5.8186,5.951,5.837171428571429,5.874233333333334
2022-03-09,5.2541,30.59,43.33,21.0,2.02,0.1,3,68,1,1.0,6.123233995736766e-17,0.9209712877166346,0.38963044953078796,4.7558,5.13,5.9258,5.666428571428571,5.843886666666666
2022-03-10,5.4144,29.74,38.59,8.06,2.45,0.05,3,69,1,1.0,6.123233995736766e-17,0.9275416835791966,0.37371971479046906,5.2541,4.7558,5.8898,5.570471428571429,5.835966666666666
2022-03-11,5.9695,29.76,39.37,8.97,1.77,0.21,3,70,1,1.0,6.123233995736766e-17,0.9338372288229252,0.35769823883312546,5.4144,5.2541,6.1973,5.5025571428571425,5.83376
2022-03-12,6.5177,30.09,40.86,7.16,2.19,0.01,3,71,1,1.0,6.123233995736766e-17,0.9398560579418954,0.3415707691678556,5.9695,5.4144,5.9477,5.470014285714286,5.8452866666666665
2022-03-13,6.817,30.02,32.93,16.75,2.57,0.0,3,72,1,1.0,6.123233995736766e-17,0.9455963874271426,0.3253420847119801,6.5177,5.9695,5.8186,5.551442857142857,5.868576666666667
2022-03-14,6.7291,30.49,24.32,19.96,2.72,0.0,3,73,1,1.0,6.123233995736766e-17,0.9510565162951535,0.30901699437494745,6.817,6.5177,5.13,5.694071428571428,5.903906666666667
2022-03-15,6.6749,30.71,33.22,14.62,2.39,0.0,3,74,1,1.0,6.123233995736766e-17,0.9562348265919056,0.29260033563334836,6.7291,6.817,4.7558,5.922514285714286,5.939403333333333
2022-03-16,6.8148,31.03,34.0,15.52,2.46,0.0,3,75,1,1.0,6.123233995736766e-17,0.9611297838723007,0.27609697309746883,6.6749,6.7291,5.2541,6.196671428571428,5.979803333333334
2022-03-17,6.7301,31.45,32.54,23.23,2.33,0.24,3,76,1,1.0,6.123233995736766e-17,0.9657399376548549,0.2595117970697999,6.8148,6.6749,5.4144,6.419628571428572,6.013123333333334
2022-03-18,6.7865,30.82,39.2,23.86,2.3,0.42,3,77,1,1.0,6.123233995736766e-17,0.9700639218515071,0.2428497220959356,6.7301,6.8148,5.9695,6.607585714285714,6.0449
2022-03-19,5.9592,29.82,55.26,49.88,2.12,0.45,3,78,1,1.0,6.123233995736766e-17,0.9741004551724205,0.22611568550828828,6.7865,6.7301,6.5177,6.7242999999999995,6.07695
2022-03-20,5.7228,29.01,56.27,52.54,1.96,0.03,3,79,1,1.0,6.123233995736766e-17,0.9778483415056568,0.20931464596304847,5.9592,6.7865,6.817,6.644514285714286,6.078950000000001
2022-03-21,5.6765,29.54,54.65,47.66,2.31,0.01,3,80,1,1.0,6.123233995736766e-17,0.9813064702716093,0.19245158197082998,5.7228,5.9592,6.7291,6.4882,6.075773333333332
2022-03-22,4.3526,30.49,42.13,83.0,2.22,0.44,3,81,1,1.0,6.123233995736766e-17,0.9844738167520922,0.1755314904214282,5.6765,5.7228,6.6749,6.337828571428572,6.07183
2022-03-23,5.7758,30.97,38.79,59.44,2.0,2.24,3,82,1,1.0,6.123233995736766e-17,0.9873494423939864,0.15855938510313475,4.3526,5.6765,6.8148,6.0060714285714285,6.010003333333333
2022-03-24,5.1674,30.43,42.53,86.61,2.02,1.56,3,83,1,1.0,6.123233995736766e-17,0.989932495087353,0.141540295217043,5.7758,4.3526,6.7301,5.857642857142857,5.9913533333333335
2022-03-25,5.7958,29.71,54.55,51.44,1.61,0.0,3,84,1,1.0,6.123233995736766e-17,0.9922222094179323,0.12447926388678915,5.1674,5.7758,6.7865,5.634399999999999,5.95376
2022-03-26,5.2601,29.66,50.98,61.0,1.72,0.01,3,85,1,1.0,6.123233995736766e-17,0.994217906893952,0.10738134666416309,5.7958,5.1674,5.9592,5.492871428571429,5.94112
2022-03-27,6.2554,30.29,53.99,28.52,1.63,0.0,3,86,1,1.0,6.123233995736766e-17,0.995918996147179,0.09025161003104117,5.2601,5.7958,5.7228,5.393,5.912720000000001
2022-03-28,6.4531,30.58,55.45,20.46,1.86,0.0,3,87,1,1.0,6.123233995736766e-17,0.9973249731081555,0.07309512989807777,6.2554,5.2601,5.6765,5.469085714285714,5.919296666666667
2022-03-29,6.943,30.89,47.88,20.62,2.23,0.08,3,88,1,1.0,6.123233995736766e-17,0.9984354211555643,0.055916990100603484,6.4531,6.2554,4.3526,5.580028571428572,5.937423333333333
2022-03-30,7.2389,30.78,48.97,19.63,2.21,0.1,3,89,1,1.0,6.123233995736766e-17,0.9992500112396835,0.03872228089217446,6.943,6.4531,5.7758,5.950085714285714,5.964593333333334
2022-03-31,7.2098,29.92,51.74,25.95,2.04,0.0,3,90,1,1.0,6.123233995736766e-17,0.9997685019798909,0.021516097436222254,7.2389,6.943,5.1674,6.1591,5.99749
2022-04-01,7.3111,29.76,41.07,21.64,2.15,0.0,4,91,1,0.8660254037844387,-0.4999999999999998,0.9999907397361901,0.004303538296244289,7.2098,7.2389,5.7958,6.4508714285714275,6.0394499999999995
2022-04-02,7.1287,30.04,47.83,29.64,1.9,0.0,4,92,1,0.8660254037844387,-0.4999999999999998,0.9999166586547379,-0.01291029607500882,7.3111,7.2098,5.2601,6.667342857142857,6.085626666666667
2022-04-03,6.8664,30.48,51.69,37.46,2.35,0.0,4,93,1,0.8660254037844387,-0.4999999999999998,0.9995462806873573,-0.030120304846908114,7.1287,7.3111,6.2554,6.934285714285715,6.126923333333334
2022-04-04,6.5155,31.41,47.13,44.3,1.93,0.03,4,94,1,0.8660254037844387,-0.4999999999999998,0.9988797155850336,-0.04732138832243185,6.8664,7.1287,6.4531,7.021571428571429,6.149226666666666
2022-04-05,6.2268,31.25,57.87,81.05,2.18,0.18,4,95,1,0.8660254037844387,-0.4999999999999998,0.9979171608653922,-0.06450844944931623,6.5155,6.8664,6.943,7.030485714285715,6.168153333333334
2022-04-06,6.373,31.59,58.25,53.22,2.14,0.22,4,96,1,0.8660254037844387,-0.4999999999999998,0.9966589017541702,-0.08167639533042241,6.2268,6.5155,7.2389,6.928171428571429,6.18176
2022-04-07,6.9718,31.99,53.12,23.22,2.51,0.21,4,97,1,0.8660254037844387,-0.4999999999999998,0.9951053111006976,-0.09882013873287143,6.373,6.2268,7.2098,6.804471428571429,6.223193333333333
2022-04-08,6.8177,31.91,50.55,36.53,2.08,0.4,4,98,1,0.8660254037844387,-0.4999999999999998,0.9932568492674143,-0.11593459959550041,6.9718,6.373,7.3111,6.770471428571429,6.29706
2022-04-09,6.6218,31.23,59.55,30.88,2.25,0.19,4,99,1,0.8660254037844387,-0.4999999999999998,0.9911140639934547,-0.1330147065341959,6.8177,6.9718,7.1287,6.699985714285715,6.3491800000000005
2022-04-10,6.425,30.79,59.2,66.35,1.82,0.05,4,100,1,0.8660254037844387,-0.4999999999999998,0.9886775902323405,-0.1500553983446526,6.6218,6.8177,6.8664,6.627571428571429,6.389426666666667
2022-04-11,6.0161,31.63,50.07,79.42,1.85,0.04,4,101,1,0.8660254037844387,-0.4999999999999998,0.9859481499638304,-0.16705162550211924,6.425,6.6218,6.5155,6.564514285714286,6.40461
2022-04-12,5.8572,32.37,42.96,69.55,1.96,0.0,4,102,1,0.8660254037844387,-0.4999999999999998,0.9829265519799822,-0.18399835165768005,6.0161,6.425,6.2268,6.493171428571429,6.3878900000000005
2022-04-13,6.4946,31.9,42.52,35.5,1.73,0.01,4,103,1,0.8660254037844387,-0.4999999999999998,0.9796136916454901,-0.20089055513063506,5.8572,6.0161,6.373,6.440371428571429,6.355896666666666
2022-04-14,6.6242,30.87,51.02,39.7,2.01,0.02,4,104,1,0.8660254037844387,-0.4999999999999998,0.9760105506323683,-0.21772323039653177,6.4946,5.8572,6.9718,6.457742857142857,6.34808
2022-04-15,7.3378,30.45,56.52,22.17,2.05,0.04,4,105,1,0.8660254037844387,-0.4999999999999998,0.9721181966290613,-0.23449138957040985,6.6242,6.4946,6.8177,6.408085714285714,6.34639
2022-04-16,7.3366,30.24,55.78,25.71,1.89,0.02,4,106,1,0.8660254037844387,-0.4999999999999998,0.9679377830240642,-0.25119006388481935,7.3378,6.6242,6.6218,6.482385714285714,6.363823333333333
2022-04-17,7.1736,30.45,55.98,29.51,1.94,0.02,4,107,1,0.8660254037844387,-0.4999999999999998,0.9634705485641488,-0.2678143051621742,7.3366,7.3378,6.425,6.5845,6.38404
2022-04-18,7.117,30.9,54.88,24.13,2.05,0.02,4,108,1,0.8660254037844387,-0.4999999999999998,0.9587178169872964,-0.2843591872810034,7.1736,7.3366,6.0161,6.6914428571428575,6.396943333333334
2022-04-19,6.2978,30.13,58.33,68.6,2.14,0.05,4,109,1,0.8660254037844387,-0.4999999999999998,0.9536809966304457,-0.30081980763566735,7.117,7.1736,5.8572,6.848714285714285,6.435536666666667
2022-04-20,5.8198,30.44,57.24,66.27,2.32,0.14,4,110,1,0.8660254037844387,-0.4999999999999998,0.9483615800121715,-0.3171912885891061,6.2978,7.117,6.4946,6.911657142857143,6.454703333333334
2022-04-21,5.7034,33.63,37.13,66.19,2.83,0.07,4,111,1,0.8660254037844387,-0.4999999999999998,0.9427611433904207,-0.3334687789181868,5.8198,6.2978,6.6242,6.815257142857143,6.45948
2022-04-22,6.6938,34.12,39.62,41.7,2.49,0.78,4,112,1,0.8660254037844387,-0.4999999999999998,0.9368813462954315,-0.3496474552512284,5.7034,5.8198,7.3378,6.683714285714286,6.504506666666668
2022-04-23,6.6571,33.68,51.6,22.96,1.8,0.75,4,113,1,0.8660254037844387,-0.4999999999999998,0.9307239310379795,-0.36572252349726897,6.6938,5.7034,7.3366,6.591714285714285,6.535106666666667
2022-04-24,5.5908,32.49,56.67,53.5,2.24,0.28,4,114,1,0.8660254037844387,-0.4999999999999998,0.9242907221930933,-0.3816892202666588,6.6571,6.6938,7.1736,6.494642857142857,6.584763333333333
2022-04-25,7.1006,33.26,47.34,18.09,2.33,0.08,4,115,1,0.8660254037844387,-0.4999999999999998,0.9175836260593937,-0.39754281428255595,5.5908,6.6571,7.117,6.268528571428571,6.57793
2022-04-26,7.0922,32.67,45.35,22.85,2.01,0.13,4,116,1,0.8660254037844387,-0.4999999999999998,0.9106046300942162,-0.41327860778290415,7.1006,5.5908,6.2978,6.266185714285714,6.639279999999999
2022-04-27,7.1498,34.07,41.18,30.9,2.89,0.01,4,117,1,0.8660254037844387,-0.4999999999999998,0.9033558023246845,-0.4288919379124835,7.0922,7.1006,5.8198,6.379671428571428,6.667173333333333
2022-04-28,6.6756,34.34,39.55,34.29,2.7,0.02,4,118,1,0.8660254037844387,-0.4999999999999998,0.895839290734909,-0.44437817810461316,7.1498,7.0922,5.7034,6.569671428571428,6.690396666666667
2022-04-29,6.9799,32.31,56.85,28.05,2.03,0.02,4,119,1,0.8660254037844387,-0.4999999999999998,0.8880573226294932,-0.45973273945210397,6.6756,7.1498,6.6938,6.708557142857144,6.6814833333333326
2022-04-30,7.5782,31.93,53.78,10.19,2.21,0.02,4,120,1,0.8660254037844387,-0.4999999999999998,0.8800122039735357,-0.47495107206704995,6.9799,6.6756,6.6571,6.749428571428572,6.6728499999999995
2022-05-01,7.2422,31.19,61.94,21.86,2.28,0.02,5,121,1,0.49999999999999994,-0.8660254037844387,0.8717063187093218,-0.4900286664290592,7.5782,6.9799,5.5908,6.8810142857142855,6.685130000000001
2022-05-02,7.3106,30.74,64.58,28.28,2.1,0.02,5,122,1,0.49999999999999994,-0.8660254037844387,0.8631421280499114,-0.5049610547215204,7.2422,7.5782,7.1006,7.116928571428572,6.682833333333334
2022-05-03,7.3154,30.43,66.04,23.99,2.09,0.02,5,123,1,0.49999999999999994,-0.8660254037844387,0.854322169749827,-0.5197438121555155,7.3106,7.2422,7.0922,7.146928571428572,6.6888966666666665
2022-05-04,7.3644,31.05,59.01,44.17,2.18,0.0,5,124,1,0.49999999999999994,-0.8660254037844387,0.8452490573530633,-0.5343725582809786,7.3154,7.3106,7.1498,7.178814285714286,6.7038633333333335
2022-05-05,7.3114,31.34,57.67,42.24,2.86,0.0,5,125,1,0.49999999999999994,-0.8660254037844387,0.8359254794186372,-0.548842958284719,7.3644,7.3154,6.6756,7.209471428571429,6.7321599999999995
2022-05-06,7.02,31.5,59.43,48.03,2.77,0.03,5,126,1,0.49999999999999994,-0.8660254037844387,0.8263541987239096,-0.5631507242749186,7.3114,7.3644,6.9799,7.3003,6.768313333333333
2022-05-07,6.9626,31.72,60.29,32.16,3.05,0.01,5,127,1,0.49999999999999994,-0.8660254037844387,0.8165380514459161,-0.5772916165517272,7.02,7.3114,7.5782,7.306028571428571,6.78988
2022-05-08,6.9828,31.98,60.13,21.48,2.59,0.14,5,128,1,0.49999999999999994,-0.8660254037844387,0.8064799463209448,-0.5912614448635781,6.9626,7.02,7.2422,7.218085714285714,6.789573333333333
2022-05-09,6.0662,32.15,59.93,78.92,3.39,0.18,5,129,1,0.49999999999999994,-0.8660254037844387,0.7961828637826158,-0.6050560696488488,6.9828,6.9626,7.3106,7.1810285714285715,6.7950766666666675
2022-05-10,6.1894,31.48,62.65,99.09,3.73,0.14,5,130,1,0.49999999999999994,-0.8660254037844387,0.7856498550787147,-0.6186714032625031,6.0662,6.9828,7.3154,7.003257142857143,6.776556666666666
2022-05-11,6.071,31.55,64.26,92.47,3.39,0.13,5,131,1,0.49999999999999994,-0.8660254037844387,0.7748840413670407,-0.6321034111873487,6.1894,6.0662,7.3644,6.8424,6.768703333333334
2022-05-12,6.2076,31.58,64.53,75.23,3.7,0.13,5,132,1,0.49999999999999994,-0.8660254037844387,0.7638886127905428,-0.6453481132295501,6.071,6.1894,7.3114,6.657628571428572,6.770533333333333
2022-05-13,6.2827,31.42,62.99,57.4,3.77,0.09,5,133,1,0.49999999999999994,-0.8660254037844387,0.7526668275320085,-0.6584015846980488,6.2076,6.071,7.02,6.499942857142857,6.782213333333334
2022-05-14,6.6154,31.39,62.45,46.93,3.82,0.08,5,134,1,0.49999999999999994,-0.8660254037844387,0.7412220108485958,-0.6712599575675313,6.2827,6.2076,6.9626,6.394614285714286,6.775149999999999
2022-05-15,7.0351,31.57,60.42,30.51,3.53,0.08,5,135,1,0.49999999999999994,-0.8660254037844387,0.7295575540864875,-0.6839194216246106,6.6154,6.2827,6.9828,6.345014285714286,6.7748566666666665
2022-05-16,6.792,31.8,61.34,49.02,3.15,0.25,5,136,1,0.49999999999999994,-0.8660254037844387,0.717676913675962,-0.6963762255968722,7.0351,6.6154,6.0662,6.352485714285714,6.7647666666666675
2022-05-17,6.3924,31.46,61.59,72.53,3.13,0.37,5,137,1,0.49999999999999994,-0.8660254037844387,0.705583610107178,-0.7086266782644596,6.792,7.0351,6.1894,6.456171428571429,6.746613333333333
2022-05-18,6.8057,31.35,61.28,49.99,3.03,0.16,5,138,1,0.49999999999999994,-0.8660254037844387,0.6932812268869777,-0.7206671495538609,6.3924,6.792,6.071,6.485171428571428,6.720573333333333
2022-05-19,6.1843,31.18,59.54,46.0,2.66,0.46,5,139,1,0.49999999999999994,-0.8660254037844387,0.6807734094770161,-0.7324940716135789,6.8057,6.3924,6.2076,6.590128571428571,6.710196666666667
2022-05-20,5.6438,30.86,62.3,82.02,3.37,0.15,5,140,1,0.49999999999999994,-0.8660254037844387,0.6680638642135335,-0.7441039398713607,6.1843,6.8057,6.2827,6.586799999999999,6.706413333333333
2022-05-21,6.6907,30.49,64.67,51.33,4.42,0.07,5,141,1,0.49999999999999994,-0.8660254037844387,0.6551563572090853,-0.7554933140726803,5.6438,6.1843,6.6154,6.495528571428571,6.700546666666667
2022-05-22,6.6178,30.44,65.44,38.73,4.77,0.3,5,142,1,0.49999999999999994,-0.8660254037844387,0.6420547132365637,-0.766658819300159,6.6907,5.6438,7.0351,6.506285714285714,6.733456666666666
2022-05-23,6.5618,30.85,66.47,31.78,4.51,2.86,5,143,1,0.49999999999999994,-0.8660254037844387,0.6287628145958344,-0.7775971469736269,6.6178,6.6907,6.792,6.446671428571428,6.730923333333334
2022-05-24,6.1723,30.77,66.9,34.86,3.79,1.9,5,144,1,0.49999999999999994,-0.8660254037844387,0.6152845999633276,-0.7883050558305255,6.5618,6.6178,6.3924,6.413785714285714,6.727746666666666
2022-05-25,6.6698,30.5,63.9,43.6,2.93,0.33,5,145,1,0.49999999999999994,-0.8660254037844387,0.6016240632249226,-0.7987793728863649,6.1723,6.5618,6.8057,6.3823428571428575,6.747129999999999
2022-05-26,7.0858,30.53,59.8,28.14,3.11,0.05,5,146,1,0.49999999999999994,-0.8660254037844387,0.5877852522924732,-0.8090169943749473,6.6698,6.1723,6.1843,6.362928571428571,6.73277
2022-05-27,7.0699,31.25,57.55,29.06,3.73,0.01,5,147,1,0.49999999999999994,-0.8660254037844387,0.5737722679043246,-0.8190148866680801,7.0858,6.6698,5.6438,6.491714285714286,6.732556666666667
2022-05-28,6.8834,31.32,58.19,32.82,3.88,0.01,5,148,1,0.49999999999999994,-0.8660254037844387,0.5595892624101765,-0.8287700871745038,7.0699,7.0858,6.6907,6.695442857142857,6.729893333333334
2022-05-29,6.4325,30.86,60.54,41.16,3.91,0.01,5,149,1,0.49999999999999994,-0.8660254037844387,0.545240438540651,-0.8382797052177744,6.8834,7.0699,6.6178,6.722971428571428,6.73682
2022-05-30,6.5849,30.93,60.97,39.88,3.6,0.01,5,150,1,0.49999999999999994,-0.8660254037844387,0.5307300481619334,-0.8475409228928311,6.4325,6.8834,6.5618,6.6965,6.7185733333333335
2022-05-31,6.84,30.9,59.31,62.53,3.63,0.27,5,151,1,0.49999999999999994,-0.8660254037844387,0.5160623910158528,-0.8565509959010036,6.5849,6.4325,6.1723,6.699800000000001,6.685463333333333
2022-06-01,6.3271,30.76,61.91,74.76,3.27,0.53,6,152,2,1.2246467991473532e-16,-1.0,0.5012418134457758,-0.865307254363206,6.84,6.5849,6.6698,6.795185714285714,6.672056666666666
2022-06-02,5.7096,30.98,60.14,73.57,3.45,0.19,6,153,2,1.2246467991473532e-16,-1.0,0.48627270710868997,-0.8738071036110808,6.3271,6.84,7.0858,6.7462285714285715,6.639273333333334
2022-06-03,6.9365,30.87,62.25,33.89,3.58,0.25,6,154,2,1.2246467991473532e-16,-1.0,0.4711595076738638,-0.8820480249558537,5.7096,6.3271,7.0699,6.549628571428571,6.585746666666666
2022-06-04,6.8047,30.99,61.11,34.35,3.35,0.27,6,155,2,1.2246467991473532e-16,-1.0,0.4559066935084588,-0.8900275764346767,6.9365,5.7096,6.8834,6.530571428571428,6.571483333333333
2022-06-05,6.5054,31.0,60.92,53.99,2.94,0.12,6,156,2,1.2246467991473532e-16,-1.0,0.440518784350495,-0.8977433935342337,6.8047,6.9365,6.4325,6.519328571428572,6.554593333333333
2022-06-06,6.2544,31.06,60.3,81.41,3.09,0.12,6,157,2,1.2246467991473532e-16,-1.0,0.42500033996955416,-0.9051931898913974,6.5054,6.8047,6.5849,6.529742857142857,6.53744
2022-06-07,6.0811,30.48,64.42,56.61,3.23,1.52,6,158,2,1.2246467991473532e-16,-1.0,0.4093559588156213,-0.9123747579707273,6.2544,6.5054,6.84,6.482528571428571,6.513833333333334
2022-06-08,6.6492,30.34,68.62,38.8,3.24,1.23,6,159,2,1.2246467991473532e-16,-1.0,0.39359027665646673,-0.9192859697186104,6.0811,6.2544,6.3271,6.374114285714286,6.4837766666666665
2022-06-09,6.6696,30.24,70.23,59.76,2.9,3.12,6,160,2,1.2246467991473532e-16,-1.0,0.3777079652039649,-0.9259247771938498,6.6492,6.0811,5.7096,6.420128571428571,6.50321
2022-06-10,5.7754,29.33,75.9,93.98,2.56,11.24,6,161,2,1.2246467991473532e-16,-1.0,0.36171373072976765,-0.9322892131745133,6.6696,6.6492,6.9365,6.557271428571428,6.519216666666667
2022-06-11,3.5779,27.84,83.6,97.67,3.39,25.37,6,162,2,1.2246467991473532e-16,-1.0,0.3456123126707335,-0.9383773917408641,5.7754,6.6696,6.8047,6.391399999999999,6.509363333333334
2022-06-12,4.4074,28.33,77.7,97.4,3.6,5.52,6,163,2,1.2246467991473532e-16,-1.0,0.3294084822245304,-0.9441875088341993,3.5779,5.7754,6.5054,5.930428571428571,6.421706666666666
2022-06-13,6.2664,29.16,74.91,72.52,3.78,1.57,6,164,2,1.2246467991473532e-16,-1.0,0.3131070409358269,-0.9497178427914316,4.4074,3.5779,6.2544,5.630714285714285,6.359196666666667
2022-06-14,6.4186,29.41,73.74,56.64,3.8,1.62,6,165,2,1.2246467991473532e-16,-1.0,0.29671281927349075,-0.9549667548552551,6.2664,4.4074,6.0811,5.632428571428571,6.347563333333333
2022-06-15,5.8728,29.06,77.59,71.32,3.58,4.86,6,166,2,1.2246467991473532e-16,-1.0,0.28023067519921585,-0.9599326896597447,6.4186,6.2664,6.6492,5.680642857142858,6.3270133333333325
2022-06-16,5.3083,29.08,77.28,86.02,3.3,9.21,6,167,2,1.2246467991473532e-16,-1.0,0.26366549272800704,-0.9646141756912435,5.8728,6.4186,6.6696,5.569728571428572,6.296373333333333
2022-06-17,6.107,28.35,81.25,82.06,2.95,7.5,6,168,2,1.2246467991473532e-16,-1.0,0.24702218048093552,-0.9690098257244062,5.3083,5.8728,5.7754,5.375257142857143,6.260236666666668
2022-06-18,5.9105,28.68,77.67,87.27,3.68,6.8,6,169,2,1.2246467991473532e-16,-1.0,0.23030567023061221,-0.9731183372332619,6.107,5.3083,3.5779,5.422628571428571,6.236946666666667
2022-06-19,2.3004,28.68,81.66,99.59,4.32,29.13,6,170,2,1.2246467991473532e-16,-1.0,0.21352091543979612,-0.9769384927771817,5.9105,6.107,4.4074,5.755857142857143,6.2278199999999995
2022-06-20,1.0548,28.24,82.69,98.51,4.34,20.72,6,171,2,1.2246467991473532e-16,-1.0,0.19667288979357647,-0.980469160361632,2.3004,5.9105,6.2664,5.4548571428571435,6.116373333333333
2022-06-21,4.1712,27.9,84.32,95.24,4.09,13.0,6,172,2,1.2246467991473532e-16,-1.0,0.1797665857255624,-0.9837092937736097,1.0548,2.3004,6.4186,4.710342857142857,5.92851
2022-06-22,4.3015,27.52,86.91,97.81,2.02,22.48,6,173,2,1.2246467991473532e-16,-1.0,0.16280701293851715,-0.986657932891657,4.1712,1.0548,5.8728,4.389285714285714,5.846956666666666
2022-06-23,4.7122,27.72,80.51,85.12,1.99,17.38,6,174,2,1.2246467991473532e-16,-1.0,0.1457991969198751,-0.9893142039703663,4.3015,4.1712,5.3083,4.164814285714286,5.771613333333334
2022-06-24,5.2346,26.87,87.58,94.56,2.14,16.31,6,175,2,1.2246467991473532e-16,-1.0,0.12874817745258132,-0.99167731989929,4.7122,4.3015,6.107,4.079657142857143,5.722943333333333
2022-06-25,6.0156,26.86,88.22,75.7,3.05,5.29,6,176,2,1.2246467991473532e-16,-1.0,0.11165900712169512,-0.993746580436178,5.2346,4.7122,5.9105,3.9550285714285716,5.675103333333333
2022-06-26,4.9423,27.11,88.07,90.7,2.81,14.31,6,177,2,1.2246467991473532e-16,-1.0,0.09453674981719912,-0.9955213724144752,6.0156,5.2346,2.3004,3.9700428571428574,5.63943
2022-06-27,3.8515,27.15,88.01,95.33,4.2,17.53,6,178,2,1.2246467991473532e-16,-1.0,0.07738647923346301,-0.9970011699250151,4.9423,6.0156,1.0548,4.3474571428571425,5.56851
2022-06-28,2.6928,27.7,85.27,97.66,3.63,14.12,6,179,2,1.2246467991473532e-16,-1.0,0.06021327736579302,-0.9981855344718586,3.8515,4.9423,4.1712,4.746985714285715,5.467446666666667
2022-06-29,4.8804,27.8,87.56,99.06,3.84,33.66,6,180,2,1.2246467991473532e-16,-1.0,0.04302223300453059,-0.99907411510223,2.6928,3.8515,4.3015,4.535785714285714,5.34279
2022-06-30,3.1058,27.27,88.66,98.97,4.09,52.41,6,181,2,1.2246467991473532e-16,-1.0,0.02581844022713308,-0.9996666485105112,4.8804,2.6928,4.7122,4.618485714285714,5.285973333333333
2022-07-01,1.837,27.13,89.84,99.79,3.68,67.86,7,182,2,-0.4999999999999997,-0.8660254037844388,0.008606996888688698,-0.9999629591162655,3.1058,4.8804,5.2346,4.389,5.1615
2022-07-02,4.3781,27.47,86.86,97.07,4.48,27.73,7,183,2,-0.4999999999999997,-0.8660254037844388,-0.008606996888688009,-0.9999629591162655,1.837,3.1058,6.0156,3.903628571428571,5.01183
2022-07-03,5.5142,27.41,86.22,88.54,4.83,20.14,7,184,2,-0.4999999999999997,-0.8660254037844388,-0.02581844022713239,-0.9996666485105112,4.3781,1.837,4.9423,3.6696999999999997,4.967446666666667
2022-07-04,3.3014,26.89,89.93,99.11,4.79,63.8,7,185,2,-0.4999999999999997,-0.8660254037844388,-0.04302223300453034,-0.99907411510223,5.5142,4.3781,3.8515,3.7514000000000003,4.920036666666666
2022-07-05,1.0644,26.48,90.69,100.0,4.5,97.61,7,186,2,-0.4999999999999997,-0.8660254037844388,-0.060213277365792774,-0.9981855344718586,3.3014,5.5142,2.6928,3.6728142857142854,4.80326
2022-07-06,2.2697,26.8,90.02,99.83,4.61,83.32,7,187,2,-0.4999999999999997,-0.8660254037844388,-0.07738647923346322,-0.9970011699250151,1.0644,3.3014,4.8804,3.4401857142857146,4.621893333333333
2022-07-07,1.3946,26.53,90.45,99.62,4.66,54.55,7,188,2,-0.4999999999999997,-0.8660254037844388,-0.09453674981719933,-0.9955213724144752,2.2697,1.0644,3.1058,3.0672285714285716,4.48907
2022-07-08,1.9574,26.34,91.81,99.63,4.81,71.1,7,189,2,-0.4999999999999997,-0.8660254037844388,-0.11165900712169444,-0.9937465804361781,1.3946,2.2697,1.837,2.8227714285714285,4.3328533333333334
2022-07-09,2.3717,26.34,91.43,99.75,4.82,44.3,7,190,2,-0.4999999999999997,-0.8660254037844388,-0.12874817745258066,-0.99167731989929,1.9574,1.3946,4.3781,2.839971428571429,4.17646
2022-07-10,2.8051,25.82,93.19,99.9,4.57,57.38,7,191,2,-0.4999999999999997,-0.8660254037844388,-0.14579919691987442,-0.9893142039703664,2.3717,1.9574,5.5142,2.5533428571428574,4.033196666666667
2022-07-11,1.5468,25.85,93.53,99.79,4.98,92.15,7,192,2,-0.4999999999999997,-0.8660254037844388,-0.16280701293851646,-0.9866579328916572,2.8051,2.3717,3.3014,2.1663285714285716,3.9341866666666667
2022-07-12,2.5625,25.62,93.02,99.86,5.16,78.31,7,193,2,-0.4999999999999997,-0.8660254037844388,-0.17976658572556214,-0.9837092937736098,1.5468,2.8051,1.0644,1.9156714285714287,3.8664833333333335
2022-07-13,1.2038,25.67,93.37,99.96,5.45,97.86,7,194,2,-0.4999999999999997,-0.8660254037844388,-0.19667288979357622,-0.9804691603616321,2.5625,1.5468,2.2697,2.1296857142857144,3.8049866666666667
2022-07-14,1.908,25.48,94.02,99.82,5.34,102.07,7,195,2,-0.4999999999999997,-0.8660254037844388,-0.2135209154397959,-0.9769384927771817,1.2038,2.5625,1.3946,1.9774142857142858,3.6362333333333337
2022-07-15,2.3851,25.9,91.81,99.22,5.4,44.43,7,196,2,-0.4999999999999997,-0.8660254037844388,-0.23030567023061196,-0.973118337233262,1.908,1.2038,1.9574,2.050757142857143,3.4858800000000003
2022-07-16,2.947,26.4,91.31,95.68,5.54,34.07,7,197,2,-0.4999999999999997,-0.8660254037844388,-0.24702218048093527,-0.9690098257244063,2.3851,1.908,2.3717,2.111857142857143,3.3696233333333336
2022-07-17,5.4242,26.57,90.85,86.46,4.38,18.55,7,198,2,-0.4999999999999997,-0.8660254037844388,-0.2636654927280072,-0.9646141756912435,2.947,2.3851,2.8051,2.194042857142857,3.2909133333333336
2022-07-18,2.9446,25.68,92.51,99.87,3.28,22.58,7,199,2,-0.4999999999999997,-0.8660254037844388,-0.2802306751992161,-0.9599326896597445,5.4242,2.947,1.5468,2.5682,3.2681533333333332
2022-07-19,4.3949,26.24,90.9,94.48,3.99,32.15,7,200,2,-0.4999999999999997,-0.8660254037844388,-0.2967128192734901,-0.9549667548552553,2.9446,5.4242,2.5625,2.7678857142857143,3.1692899999999997
2022-07-20,5.5966,26.26,89.77,76.74,3.89,13.99,7,201,2,-0.4999999999999997,-0.8660254037844388,-0.3131070409358267,-0.9497178427914317,4.3949,2.9446,1.2038,3.029657142857143,3.239106666666667
2022-07-21,4.3896,26.26,89.85,99.61,3.4,10.5,7,202,2,-0.4999999999999997,-0.8660254037844388,-0.3294084822245302,-0.9441875088341994,5.5966,4.3949,1.908,3.6572,3.3905000000000003
2022-07-22,4.9721,26.22,89.48,99.06,2.99,6.48,7,203,2,-0.4999999999999997,-0.8660254037844388,-0.3456123126707333,-0.9383773917408642,4.3896,5.5966,2.3851,4.011714285714286,3.3977799999999996
2022-07-23,3.4706,26.09,91.03,99.16,3.69,25.04,7,204,2,-0.4999999999999997,-0.8660254037844388,-0.3617137307297674,-0.9322892131745134,4.9721,4.3896,2.947,4.381285714285714,3.4201333333333332
2022-07-24,3.2076,26.13,90.7,99.84,3.99,29.04,7,205,2,-0.4999999999999997,-0.8660254037844388,-0.37770796520396466,-0.9259247771938499,3.4706,4.9721,5.4242,4.456085714285714,3.3787466666666663
2022-07-25,4.871,26.1,89.2,97.89,3.52,17.28,7,206,2,-0.4999999999999997,-0.8660254037844388,-0.39359027665646645,-0.9192859697186105,3.2076,3.4706,2.9446,4.139428571428572,3.31118
2022-07-26,5.6962,26.25,88.74,92.9,2.72,6.35,7,207,2,-0.4999999999999997,-0.8660254037844388,-0.4093559588156211,-0.9123747579707274,4.871,3.2076,4.3949,4.414628571428572,3.2730266666666665
2022-07-27,3.6876,26.21,89.38,99.67,1.77,15.21,7,208,2,-0.4999999999999997,-0.8660254037844388,-0.42500033996955394,-0.9051931898913975,5.6962,4.871,5.5966,4.600528571428571,3.2981566666666664
2022-07-28,6.1286,26.63,88.77,80.78,1.51,13.36,7,209,2,-0.4999999999999997,-0.8660254037844388,-0.4405187843504952,-0.8977433935342336,3.6876,5.6962,4.3896,4.327814285714286,3.2926933333333332
2022-07-29,6.1877,26.65,89.76,86.44,1.83,1.53,7,210,2,-0.4999999999999997,-0.8660254037844388,-0.455906693508459,-0.8900275764346766,6.1286,3.6876,4.9721,4.576242857142857,3.40722
2022-07-30,6.0377,26.76,88.82,83.43,1.82,1.2,7,211,2,-0.4999999999999997,-0.8660254037844388,-0.47115950767386394,-0.8820480249558535,6.1877,6.1286,3.4706,4.749900000000001,3.4507966666666667
2022-07-31,6.3629,26.8,88.01,58.12,2.18,2.31,7,212,2,-0.4999999999999997,-0.8660254037844388,-0.4862727071086902,-0.8738071036110807,6.0377,6.1877,3.2076,5.1166285714285715,3.5485266666666666
2022-08-01,6.115,27.03,86.25,91.84,2.46,1.84,8,213,2,-0.8660254037844384,-0.5000000000000004,-0.5012418134457756,-0.8653072543632061,6.3629,6.0377,4.871,5.567385714285714,3.69939
2022-08-02,4.8396,26.58,89.38,97.49,2.45,7.84,8,214,2,-0.8660254037844384,-0.5000000000000004,-0.5160623910158526,-0.8565509959010037,6.115,6.3629,5.6962,5.7451,3.757286666666667
2022-08-03,4.9085,26.63,90.06,95.02,2.41,10.06,8,215,2,-0.8660254037844384,-0.5000000000000004,-0.5307300481619331,-0.8475409228928312,4.8396,6.115,3.6876,5.622728571428572,3.7348
2022-08-04,3.1975,26.5,90.79,99.16,1.73,16.52,8,216,2,-0.8660254037844384,-0.5000000000000004,-0.5452404385406507,-0.8382797052177745,4.9085,4.8396,6.1286,5.797142857142857,3.78837
2022-08-05,3.0317,26.64,90.78,99.67,2.49,12.38,8,217,2,-0.8660254037844384,-0.5000000000000004,-0.5595892624101763,-0.828770087174504,3.1975,4.9085,6.1877,5.378414285714285,3.8594733333333333
2022-08-06,4.9301,26.63,90.06,93.33,3.55,15.64,8,218,2,-0.8660254037844384,-0.5000000000000004,-0.5737722679043243,-0.8190148866680802,3.0317,3.1975,6.0377,4.927557142857142,3.884873333333333
2022-08-07,4.6901,26.32,92.71,98.23,2.88,41.89,8,219,2,-0.8660254037844384,-0.5000000000000004,-0.5877852522924734,-0.8090169943749472,4.9301,3.0317,6.3629,4.769328571428572,4.002723333333333
2022-08-08,3.0497,26.27,93.49,99.41,4.58,67.89,8,220,2,-0.8660254037844384,-0.5000000000000004,-0.6016240632249227,-0.7987793728863648,4.6901,4.9301,6.115,4.5303571428571425,4.093813333333333
2022-08-09,1.776,25.74,93.27,99.67,6.25,63.72,8,221,2,-0.8660254037844384,-0.5000000000000004,-0.6152845999633277,-0.7883050558305253,3.0497,4.6901,4.8396,4.092457142857143,4.116413333333333
2022-08-10,3.9754,26.01,92.37,98.93,6.47,31.77,8,222,2,-0.8660254037844384,-0.5000000000000004,-0.6287628145958345,-0.7775971469736268,1.776,3.0497,4.9085,3.6548000000000003,4.08211
2022-08-11,4.0164,25.82,91.06,99.53,7.09,42.45,8,223,2,-0.8660254037844384,-0.5000000000000004,-0.6420547132365636,-0.7666588193001592,3.9754,1.776,3.1975,3.5215,4.163063333333333
2022-08-12,3.9653,26.11,90.03,92.54,6.47,19.49,8,224,2,-0.8660254037844384,-0.5000000000000004,-0.655156357209085,-0.7554933140726804,4.0164,3.9754,3.0317,3.6384857142857143,4.211526666666667
2022-08-13,4.7472,26.06,89.71,90.44,5.07,18.71,8,225,2,-0.8660254037844384,-0.5000000000000004,-0.6680638642135333,-0.7441039398713608,3.9653,4.0164,4.9301,3.771857142857143,4.303576666666667
2022-08-14,4.4434,25.89,89.21,97.82,4.85,16.76,8,226,2,-0.8660254037844384,-0.5000000000000004,-0.6807734094770159,-0.7324940716135792,4.7472,3.9653,4.6901,3.7457285714285713,4.398216666666666
2022-08-15,3.2688,25.24,92.04,99.72,4.22,38.81,8,227,2,-0.8660254037844384,-0.5000000000000004,-0.6932812268869771,-0.7206671495538615,4.4434,4.7472,3.0497,3.7104857142857144,4.466826666666666
2022-08-16,1.578,25.29,91.8,99.71,4.83,35.62,8,228,2,-0.8660254037844384,-0.5000000000000004,-0.7055836101071774,-0.70862667826446,3.2688,4.4434,1.776,3.7417857142857143,4.477553333333334
2022-08-17,4.0294,25.86,90.81,99.75,5.01,21.5,8,229,2,-0.8660254037844384,-0.5000000000000004,-0.7176769136759615,-0.6963762255968726,1.578,3.2688,3.9754,3.7135000000000002,4.349346666666666
2022-08-18,4.6442,25.91,90.61,83.52,3.89,13.35,8,230,2,-0.8660254037844384,-0.5000000000000004,-0.7295575540864876,-0.6839194216246104,4.0294,1.578,4.0164,3.721214285714286,4.385506666666667
2022-08-19,4.9488,25.97,90.66,94.08,3.69,12.82,8,231,2,-0.8660254037844384,-0.5000000000000004,-0.7412220108485957,-0.6712599575675315,4.6442,4.0294,3.9653,3.8108999999999997,4.393816666666667
2022-08-20,4.153,25.95,90.22,97.93,3.64,12.06,8,232,2,-0.8660254037844384,-0.5000000000000004,-0.7526668275320083,-0.6584015846980489,4.9488,4.6442,4.7472,3.9514,4.372223333333333
2022-08-21,3.937,25.55,90.88,99.26,3.39,8.92,8,233,2,-0.8660254037844384,-0.5000000000000004,-0.7638886127905429,-0.64534811322955,4.153,4.9488,4.4434,3.8665142857142856,4.364336666666667
2022-08-22,3.5909,25.77,90.81,99.86,4.07,13.02,8,234,2,-0.8660254037844384,-0.5000000000000004,-0.7748840413670406,-0.6321034111873488,3.937,4.153,3.2688,3.7941714285714285,4.329833333333334
2022-08-23,3.5676,26.15,90.83,98.92,4.22,19.73,8,235,2,-0.8660254037844384,-0.5000000000000004,-0.7856498550787144,-0.6186714032625032,3.5909,3.937,1.578,3.840185714285714,4.333843333333333
2022-08-24,4.5706,26.1,89.84,97.91,3.52,11.99,8,236,2,-0.8660254037844384,-0.5000000000000004,-0.7961828637826154,-0.6050560696488494,3.5676,3.5909,4.0294,4.124414285714286,4.345843333333334
2022-08-25,4.7974,25.9,89.34,76.83,2.76,5.61,8,237,2,-0.8660254037844384,-0.5000000000000004,-0.8064799463209447,-0.5912614448635782,4.5706,3.5676,4.6442,4.201728571428571,4.33583
2022-08-26,6.0775,25.72,88.57,53.57,1.98,1.79,8,238,2,-0.8660254037844384,-0.5000000000000004,-0.8165380514459157,-0.5772916165517278,4.7974,4.5706,4.9488,4.2236142857142855,4.30587
2022-08-27,6.0094,25.88,86.9,68.51,1.73,0.23,8,239,2,-0.8660254037844384,-0.5000000000000004,-0.8263541987239094,-0.5631507242749187,6.0775,4.7974,4.153,4.384857142857142,4.385533333333333
2022-08-28,6.1337,25.74,88.09,72.47,1.63,1.29,8,240,2,-0.8660254037844384,-0.5000000000000004,-0.8359254794186365,-0.5488429582847199,6.0094,6.0775,3.937,4.6500571428571424,4.3815599999999995
2022-08-29,5.7434,26.2,86.31,85.7,1.58,1.41,8,241,2,-0.8660254037844384,-0.5000000000000004,-0.8452490573530634,-0.5343725582809785,6.1337,6.0094,3.5909,4.963871428571428,4.37976
2022-08-30,4.6867,26.28,87.97,72.3,1.9,2.39,8,242,2,-0.8660254037844384,-0.5000000000000004,-0.8543221697498269,-0.5197438121555157,5.7434,6.1337,3.5676,5.271371428571428,4.36995
2022-08-31,5.9676,26.91,90.17,68.6,2.03,10.34,8,243,2,-0.8660254037844384,-0.5000000000000004,-0.8631421280499115,-0.5049610547215202,4.6867,5.7434,4.5706,5.431242857142857,4.314076666666667
2022-09-01,5.1912,26.45,92.6,80.58,2.1,7.4,9,244,2,-1.0,-1.8369701987210297e-16,-0.8717063187093217,-0.4900286664290594,5.9676,4.6867,4.7974,5.630814285714285,4.309163333333333
2022-09-02,6.3492,27.25,89.86,49.98,1.33,4.56,9,245,2,-1.0,-1.8369701987210297e-16,-0.8800122039735356,-0.4749510720670502,5.1912,5.9676,6.0775,5.6870714285714286,4.320883333333333
2022-09-03,6.156,27.71,88.27,52.42,1.69,7.92,9,246,2,-1.0,-1.8369701987210297e-16,-0.888057322629493,-0.4597327394521046,6.3492,5.1912,6.0094,5.725885714285715,4.368906666666667
2022-09-04,3.4154,26.81,91.41,97.59,1.65,7.41,9,247,2,-1.0,-1.8369701987210297e-16,-0.8958392907349089,-0.4443781781046134,6.156,6.3492,6.1337,5.746828571428572,4.467523333333333
2022-09-05,4.7866,26.52,89.75,88.17,1.82,9.92,9,248,2,-1.0,-1.8369701987210297e-16,-0.9033558023246842,-0.4288919379124841,3.4154,6.156,5.7434,5.3585,4.480313333333333
2022-09-06,4.2742,26.48,89.04,82.37,1.53,11.6,9,249,2,-1.0,-1.8369701987210297e-16,-0.9106046300942162,-0.41327860778290443,4.7866,3.4154,4.6867,5.221814285714286,4.475530000000001
2022-09-07,5.8219,26.59,89.75,76.3,2.14,7.64,9,250,2,-1.0,-1.8369701987210297e-16,-0.9175836260593934,-0.3975428142825566,4.2742,4.7866,5.9676,5.162885714285714,4.461666666666668
2022-09-08,3.9511,27.61,87.4,95.5,1.43,77.44,9,251,2,-1.0,-1.8369701987210297e-16,-0.9242907221930934,-0.3816892202666586,5.8219,4.2742,5.1912,5.142071428571429,4.554073333333334
2022-09-09,5.3645,28.05,87.22,85.31,1.42,10.26,9,252,2,-1.0,-1.8369701987210297e-16,-0.9307239310379793,-0.3657225234972692,3.9511,5.8219,6.3492,4.964914285714286,4.626576666666667
2022-09-10,4.8538,27.36,88.48,87.32,1.19,10.35,9,253,2,-1.0,-1.8369701987210297e-16,-0.9368813462954315,-0.34964745525122826,5.3645,3.9511,6.156,4.824242857142857,4.67288
2022-09-11,4.2523,26.92,91.65,98.06,2.66,23.75,9,254,2,-1.0,-1.8369701987210297e-16,-0.9427611433904206,-0.33346877891818705,4.8538,5.3645,3.4154,4.638214285714286,4.700793333333333
2022-09-12,2.689,25.74,93.33,99.55,2.71,34.64,9,255,2,-1.0,-1.8369701987210297e-16,-0.9483615800121716,-0.31719128858910595,4.2523,4.8538,4.7866,4.757771428571429,4.71036
2022-09-13,2.0297,26.11,91.93,99.64,3.57,32.84,9,256,2,-1.0,-1.8369701987210297e-16,-0.9536809966304455,-0.300819807635668,2.689,4.2523,4.2742,4.458114285714286,4.641753333333333
2022-09-14,4.5204,26.25,91.35,96.98,4.34,29.54,9,257,2,-1.0,-1.8369701987210297e-16,-0.9587178169872964,-0.2843591872810036,2.0297,2.689,5.8219,4.137471428571429,4.561296666666666
2022-09-15,2.5932,26.61,91.66,99.65,4.94,44.49,9,258,2,-1.0,-1.8369701987210297e-16,-0.9634705485641486,-0.26781430516217486,4.5204,2.0297,3.9511,3.9515428571428575,4.603016666666666
2022-09-16,0.7908,26.2,94.07,98.76,3.41,58.87,9,259,2,-1.0,-1.8369701987210297e-16,-0.9679377830240642,-0.25119006388481957,2.5932,4.5204,5.3645,3.757557142857143,4.6368566666666675
2022-09-17,4.9586,26.35,90.95,87.38,3.25,33.52,9,260,2,-1.0,-1.8369701987210297e-16,-0.9721181966290612,-0.23449138957041052,0.7908,2.5932,4.8538,3.1041714285714286,4.528903333333333
2022-09-18,2.7842,25.86,88.84,99.34,2.09,33.66,9,261,2,-1.0,-1.8369701987210297e-16,-0.9760105506323682,-0.21772323039653224,4.9586,0.7908,4.2523,3.119142857142857,4.539383333333333
2022-09-19,2.4986,25.67,87.09,99.59,2.21,8.83,9,262,2,-1.0,-1.8369701987210297e-16,-0.9796136916454901,-0.20089055513063528,2.7842,4.9586,2.689,2.909414285714285,4.467230000000001
2022-09-20,3.0475,25.23,88.87,98.16,2.2,7.04,9,263,2,-1.0,-1.8369701987210297e-16,-0.9829265519799822,-0.18399835165767986,2.4986,2.7842,2.0297,2.882214285714286,4.4120833333333325
2022-09-21,1.8115,25.02,89.68,99.63,2.27,3.56,9,264,2,-1.0,-1.8369701987210297e-16,-0.9859481499638303,-0.1670516255021195,3.0475,2.4986,4.5204,3.027614285714286,4.382433333333334
2022-09-22,2.5332,24.93,89.49,99.58,1.92,4.46,9,265,2,-1.0,-1.8369701987210297e-16,-0.9886775902323404,-0.15005539834465262,1.8115,3.0475,2.5932,2.640628571428571,4.32312
2022-09-23,5.5778,24.83,92.24,79.59,2.15,7.01,9,266,2,-1.0,-1.8369701987210297e-16,-0.9911140639934546,-0.13301470653419636,2.5332,1.8115,0.7908,2.6320571428571427,4.28864
2022-09-24,6.0938,25.36,90.48,42.0,2.02,4.36,9,267,2,-1.0,-1.8369701987210297e-16,-0.9932568492674143,-0.11593459959550066,5.5778,2.5332,4.9586,3.3159142857142854,4.322213333333333
2022-09-25,5.1761,25.53,89.59,54.81,1.8,6.0,9,268,2,-1.0,-1.8369701987210297e-16,-0.9951053111006974,-0.09882013873287211,6.0938,5.5778,2.7842,3.4780857142857147,4.365426666666666
2022-09-26,3.7915,25.63,87.47,80.44,1.55,3.33,9,269,2,-1.0,-1.8369701987210297e-16,-0.99665890175417,-0.08167639533042288,5.1761,6.0938,2.4986,3.819785714285714,4.33538
2022-09-27,3.5083,25.24,88.02,79.95,1.62,1.82,9,270,2,-1.0,-1.8369701987210297e-16,-0.9979171608653922,-0.06450844944931625,3.7915,5.1761,3.0475,4.004485714285714,4.26145
2022-09-28,4.6558,25.37,90.34,62.14,1.97,1.3,9,271,2,-1.0,-1.8369701987210297e-16,-0.9988797155850335,-0.04732138832243232,3.5083,3.7915,1.8115,4.070314285714286,4.173936666666667
2022-09-29,3.6622,25.74,89.79,80.85,2.08,8.77,9,272,2,-1.0,-1.8369701987210297e-16,-0.9995462806873573,-0.03012030484690836,4.6558,3.5083,2.5332,4.476642857142857,4.137683333333333
2022-09-30,5.3146,26.45,89.73,56.03,1.92,19.04,9,273,2,-1.0,-1.8369701987210297e-16,-0.9999166586547379,-0.012910296075008843,3.6622,4.6558,5.5778,4.637928571428572,4.103533333333333
2022-10-01,5.0957,26.27,89.43,57.6,1.93,6.19,10,274,3,-0.8660254037844386,0.5000000000000001,-0.9999907397361901,0.004303538296243821,5.3146,3.6622,6.0938,4.600328571428571,4.081766666666667
2022-10-02,5.915,25.69,88.86,23.92,1.75,2.45,10,275,3,-0.8660254037844386,0.5000000000000001,-0.9997685019798909,0.021516097436222233,5.0957,5.3146,5.1761,4.457742857142857,4.0785833333333334
2022-10-03,6.1274,25.6,86.64,54.21,1.79,0.22,10,276,3,-0.8660254037844386,0.5000000000000001,-0.9992500112396835,0.03872228089217399,5.915,5.0957,3.7915,4.5633,4.06411
2022-10-04,5.8471,26.0,87.88,72.74,1.96,1.27,10,277,3,-0.8660254037844386,0.5000000000000001,-0.9984354211555643,0.05591699010060302,6.1274,5.915,3.5083,4.897,4.063156666666667
2022-10-05,5.0388,26.39,87.09,67.19,2.24,1.03,10,278,3,-0.8660254037844386,0.5000000000000001,-0.9973249731081555,0.07309512989807776,5.8471,6.1274,4.6558,5.231114285714286,4.144213333333334
2022-10-06,4.2922,25.34,89.29,93.81,1.9,8.62,10,279,3,-0.8660254037844386,0.5000000000000001,-0.9959189961471792,0.0902516100310407,5.0388,5.8471,3.6622,5.2858285714285715,4.15262
2022-10-07,2.2082,25.62,92.95,99.58,3.26,43.1,10,280,3,-0.8660254037844386,0.5000000000000001,-0.994217906893952,0.10738134666416306,4.2922,5.0388,5.3146,5.375828571428571,4.15322
2022-10-08,2.2354,25.48,92.31,97.5,2.28,14.9,10,281,3,-0.8660254037844386,0.5000000000000001,-0.9922222094179324,0.12447926388678869,2.2082,4.2922,5.0957,4.9320571428571425,4.0327633333333335
2022-10-09,4.7335,26.17,87.78,70.34,1.92,0.57,10,282,3,-0.8660254037844386,0.5000000000000001,-0.989932495087353,0.141540295217043,2.2354,2.2082,5.915,4.523442857142856,3.9755733333333327
2022-10-10,5.5538,26.45,86.88,59.55,1.39,0.99,10,283,3,-0.8660254037844386,0.5000000000000001,-0.9873494423939864,0.15855938510313475,4.7335,2.2354,6.1274,4.3546571428571434,3.95454
2022-10-11,5.4384,26.43,89.19,66.69,1.31,16.35,10,284,3,-0.8660254037844386,0.5000000000000001,-0.9844738167520923,0.17553149042142777,5.5538,4.7335,5.8471,4.272714285714286,3.977873333333333
2022-10-12,4.649,26.3,91.07,80.75,1.4,8.97,10,285,3,-0.8660254037844386,0.5000000000000001,-0.9813064702716093,0.19245158197082995,5.4384,5.5538,5.0388,4.214328571428572,4.01741
2022-10-13,4.8607,25.84,86.62,75.48,2.14,7.79,10,286,3,-0.8660254037844386,0.5000000000000001,-0.9778483415056567,0.20931464596304888,4.649,5.4384,4.2922,4.158642857142857,4.082743333333333
2022-10-14,4.0668,26.43,86.42,86.71,1.89,26.96,10,287,3,-0.8660254037844386,0.5000000000000001,-0.9741004551724206,0.22611568550828803,4.8607,4.649,2.2082,4.239857142857143,4.17711
2022-10-15,5.9659,25.98,83.23,25.78,2.34,11.55,10,288,3,-0.8660254037844386,0.5000000000000001,-0.970063921851507,0.2428497220959358,4.0668,4.8607,2.2354,4.505371428571428,4.161989999999999
2022-10-16,5.809,25.71,79.8,31.22,2.5,0.31,10,289,3,-0.8660254037844386,0.5000000000000001,-0.965739937654855,0.25951179706979943,5.9659,4.0668,4.7335,5.0383000000000004,4.2744133333333325
2022-10-17,4.9291,27.15,87.36,74.52,1.77,7.19,10,290,3,-0.8660254037844386,0.5000000000000001,-0.9611297838723007,0.27609697309746883,5.809,5.9659,5.5538,5.191942857142856,4.441686666666667
2022-10-18,4.2725,26.12,89.27,97.46,1.04,14.15,10,291,3,-0.8660254037844386,0.5000000000000001,-0.9562348265919058,0.2926003356333479,4.9291,5.809,5.4384,5.1027,4.4407033333333334
2022-10-19,4.2372,26.61,86.83,90.75,1.29,2.32,10,292,3,-0.8660254037844386,0.5000000000000001,-0.9510565162951536,0.30901699437494723,4.2725,4.9291,4.649,4.9361428571428565,4.490313333333334
2022-10-20,4.7539,26.62,83.33,64.26,1.42,3.2,10,293,3,-0.8660254037844386,0.5000000000000001,-0.9455963874271428,0.3253420847119795,4.2372,4.2725,4.8607,4.877314285714285,4.548266666666667
2022-10-21,5.1355,27.04,84.86,26.73,2.06,10.32,10,294,3,-0.8660254037844386,0.5000000000000001,-0.9398560579418953,0.341570769167856,4.7539,4.2372,4.0668,4.862057142857142,4.605146666666667
2022-10-22,5.6088,25.68,80.62,16.86,2.58,0.16,10,295,3,-0.8660254037844386,0.5000000000000001,-0.9338372288229252,0.35769823883312546,5.1355,4.7539,5.9659,5.014728571428571,4.7159466666666665
2022-10-23,5.969,23.69,73.62,14.55,2.66,0.0,10,296,3,-0.8660254037844386,0.5000000000000001,-0.9275416835791965,0.3737197147904692,5.6088,5.1355,5.809,4.963714285714286,4.818466666666667
2022-10-24,5.8908,23.86,70.77,12.22,1.66,0.0,10,297,3,-0.8660254037844386,0.5000000000000001,-0.9209712877166347,0.38963044953078774,5.969,5.6088,4.9291,4.986571428571429,4.831506666666667
2022-10-25,5.909,23.93,68.13,12.15,1.37,0.0,10,298,3,-0.8660254037844386,0.5000000000000001,-0.9141279881853337,0.4054257283599973,5.8908,5.969,4.2725,5.123957142857143,4.82474
2022-10-26,5.7737,23.73,71.45,12.34,1.72,0.0,10,299,3,-0.8660254037844386,0.5000000000000001,-0.9070138128026362,0.42110087079608916,5.909,5.8908,4.2372,5.357742857142857,4.84917
2022-10-27,5.3995,23.8,71.25,10.16,1.98,0.0,10,300,3,-0.8660254037844386,0.5000000000000001,-0.8996308696522434,0.4366512319560638,5.7737,5.909,4.7539,5.577242857142857,4.915243333333334
2022-10-28,5.3206,23.39,71.09,12.46,2.25,0.0,10,301,3,-0.8660254037844386,0.5000000000000001,-0.8919813464595487,0.45207220393230374,5.3995,5.7737,5.1355,5.669471428571428,4.978283333333334
2022-10-29,5.5822,23.02,70.61,11.54,2.68,0.0,10,302,3,-0.8660254037844386,0.5000000000000001,-0.8840675099433637,0.46735921715800205,5.3206,5.3995,5.6088,5.695914285714285,5.000443333333334
2022-10-30,5.5094,23.43,73.53,11.85,2.64,0.0,10,303,3,-0.8660254037844386,0.5000000000000001,-0.8758917051442433,0.48250774176121763,5.5822,5.3206,5.969,5.692114285714285,5.064443333333333
2022-10-31,5.3239,23.84,73.71,11.77,2.38,0.0,10,304,3,-0.8660254037844386,0.5000000000000001,-0.8674563547295971,0.4975132889071803,5.5094,5.5822,5.8908,5.626457142857142,5.070936666666666
2022-11-01,5.2846,23.16,73.36,11.06,2.46,0.0,11,305,3,-0.5000000000000004,0.8660254037844384,-0.858763958275803,0.5123714121284235,5.3239,5.5094,5.909,5.545471428571429,5.078543333333333
2022-11-02,5.4713,23.33,74.5,9.99,2.4,0.0,11,306,3,-0.5000000000000004,0.8660254037844384,-0.8498170915275277,0.5270777086423724,5.2846,5.3239,5.7737,5.456271428571428,5.05753
2022-11-03,5.6707,23.42,72.35,9.33,2.74,0.0,11,307,3,-0.5000000000000004,0.8660254037844384,-0.8406184056344783,0.5416278206559811,5.4713,5.2846,5.3995,5.4130714285714285,5.035660000000001
2022-11-04,5.6021,23.32,70.4,9.97,2.52,0.0,11,308,3,-0.5000000000000004,0.8660254037844384,-0.8311706263658079,0.5560174366570446,5.6707,5.4713,5.3206,5.451814285714286,5.02978
2022-11-05,5.621,23.81,65.34,10.77,2.68,0.0,11,309,3,-0.5000000000000004,0.8660254037844384,-0.8214765533024145,0.5702422926917867,5.6021,5.6707,5.5822,5.4920285714285715,5.048556666666666
2022-11-06,5.4533,24.19,64.19,11.79,2.46,0.0,11,310,3,-0.5000000000000004,0.8660254037844384,-0.8115390590073611,0.5842981736283683,5.621,5.6021,5.5094,5.497571428571429,5.09285
2022-11-07,5.0738,24.29,67.23,24.57,1.87,0.0,11,311,3,-0.5000000000000004,0.8660254037844384,-0.801361088174677,0.5981809144059159,5.4533,5.621,5.3239,5.4895571428571435,5.20102
2022-11-08,4.9183,24.52,72.17,13.71,1.58,0.0,11,312,3,-0.5000000000000004,0.8660254037844384,-0.7909456567567774,0.6118864012687242,5.0738,5.4533,5.2846,5.453828571428572,5.295633333333333
2022-11-09,4.8077,24.71,70.99,20.04,1.31,0.0,11,313,3,-0.5000000000000004,0.8660254037844384,-0.780295851070776,0.6254105729852457,4.9183,5.0738,5.4713,5.4015,5.301793333333334
2022-11-10,4.9694,23.74,74.49,13.67,2.46,0.0,11,314,3,-0.5000000000000004,0.8660254037844384,-0.7694148268839381,0.6387494220515268,4.8077,4.9183,5.6707,5.306699999999999,5.2769233333333325
2022-11-11,4.7765,23.31,76.4,10.26,2.73,0.0,11,315,3,-0.5000000000000004,0.8660254037844384,-0.7583058084785625,0.6518989958787125,4.9694,4.8077,5.6021,5.206514285714285,5.261290000000001
2022-11-12,4.7446,23.67,77.02,29.44,2.8,0.12,11,316,3,-0.5000000000000004,0.8660254037844384,-0.7469720876965551,0.6648553979642866,4.7765,4.9694,5.621,5.088571428571429,5.2655400000000006
2022-11-13,4.7273,23.47,75.02,8.93,2.59,0.61,11,317,3,-0.5000000000000004,0.8660254037844384,-0.7354170229639858,0.6776147890466887,4.7446,4.7765,5.4533,4.9633714285714285,5.26167
2022-11-14,4.7566,23.84,75.93,10.96,1.84,0.0,11,318,3,-0.5000000000000004,0.8660254037844384,-0.7236440382959124,0.690173388242972,4.7273,4.7446,5.0738,4.859657142857143,5.283686666666667
2022-11-15,4.8574,23.7,74.1,11.0,1.79,0.0,11,319,3,-0.5000000000000004,0.8660254037844384,-0.711656622281775,0.7025274741691566,4.7566,4.7273,4.9183,4.814342857142857,5.243376666666666
2022-11-16,5.0503,22.94,73.12,11.13,1.84,0.0,11,320,3,-0.5000000000000004,0.8660254037844384,-0.6994583270516471,0.7146733860429608,4.8574,4.7566,4.8077,4.805642857142857,5.211656666666667
2022-11-17,4.8917,22.3,72.28,11.09,2.49,0.0,11,321,3,-0.5000000000000004,0.8660254037844384,-0.6870527672236675,0.7266075247685652,5.0503,4.8574,4.9694,4.8403,5.215696666666667
2022-11-18,5.3611,21.78,70.73,10.87,2.71,0.0,11,322,3,-0.5000000000000004,0.8660254037844384,-0.6744436188329457,0.7383263540031063,4.8917,5.0503,4.7765,4.8292,5.2363366666666655
2022-11-19,5.0448,21.74,70.07,11.42,2.86,0.0,11,323,3,-0.5000000000000004,0.8660254037844384,-0.661634618242279,0.749826401204568,5.3611,4.8917,4.7446,4.912714285714286,5.2738
2022-11-20,5.2975,20.25,68.97,10.79,2.79,0.0,11,324,3,-0.5000000000000004,0.8660254037844384,-0.6486295610349818,0.7611042586607742,5.0448,5.3611,4.7273,4.9556,5.283496666666666
2022-11-21,5.1482,20.47,66.35,11.75,2.35,0.0,11,325,3,-0.5000000000000004,0.8660254037844384,-0.6354323008901775,0.7721565844991641,5.2975,5.0448,4.7566,5.037057142857143,5.288896666666667
2022-11-22,4.9138,21.81,70.34,15.64,2.1,0.01,11,326,3,-0.5000000000000004,0.8660254037844384,-0.622046748440868,0.7829801036770624,5.1482,5.2975,4.8574,5.093000000000001,5.2735433333333335
2022-11-23,4.8012,23.24,73.28,52.11,2.12,0.0,11,327,3,-0.5000000000000004,0.8660254037844384,-0.6084768701151264,0.7935716089521472,4.9138,5.1482,5.0503,5.101057142857144,5.23837
2022-11-24,4.8264,23.4,72.95,17.3,2.08,0.0,11,328,3,-0.5000000000000004,0.8660254037844384,-0.594726686960764,0.8039279618328208,4.8012,4.9138,4.8917,5.065471428571429,5.202050000000001
2022-11-25,4.2367,24.42,77.58,27.31,2.12,0.0,11,329,3,-0.5000000000000004,0.8660254037844384,-0.5808002734538013,0.8140460935082175,4.8264,4.8012,5.3611,5.0561428571428575,5.165963333333333
2022-11-26,4.1345,24.65,78.95,10.8,1.72,0.0,11,330,3,-0.5000000000000004,0.8660254037844384,-0.5667017562911184,0.8239230057575536,4.2367,4.8264,5.0448,4.8955142857142855,5.11473
2022-11-27,4.3152,24.02,78.18,9.02,1.7,0.0,11,331,3,-0.5000000000000004,0.8660254037844384,-0.5524353131676203,0.8335557718385695,4.1345,4.2367,5.2975,4.765471428571429,5.072563333333334
2022-11-28,4.9073,23.55,72.9,11.83,1.35,0.0,11,332,3,-0.5000000000000004,0.8660254037844384,-0.5380051715382992,0.8429415373547832,4.3152,4.1345,5.1482,4.625142857142857,5.0390500000000005
2022-11-29,4.6541,22.78,68.11,25.94,1.51,0.0,11,333,3,-0.5000000000000004,0.8660254037844384,-0.5234156073655503,0.8520775211013093,4.9073,4.3152,4.9138,4.590728571428571,5.016553333333333
2022-11-30,4.3097,23.2,72.18,31.67,2.04,0.0,11,334,3,-0.5000000000000004,0.8660254037844384,-0.5086709438521042,0.8609610158889945,4.6541,4.9073,4.8012,4.553628571428571,4.988043333333334
2022-12-01,4.385,22.89,65.19,26.88,2.22,0.0,12,335,0,-2.4492935982947064e-16,1.0,-0.49377555015997737,0.8695893893466109,4.3097,4.6541,4.8264,4.483414285714285,4.954236666666666
2022-12-02,4.6298,22.96,64.95,14.38,1.84,0.0,12,336,0,-2.4492935982947064e-16,1.0,-0.4787338401157883,0.8779600847008883,4.385,4.3097,4.2367,4.420357142857143,4.924250000000001
2022-12-03,4.3231,24.24,69.27,20.57,1.51,0.0,12,337,0,-2.4492935982947064e-16,1.0,-0.4635502709028512,0.8860706215341378,4.6298,4.385,4.1345,4.476514285714286,4.896199999999999
2022-12-04,3.427,25.5,77.46,26.31,1.49,0.0,12,338,0,-2.4492935982947064e-16,1.0,-0.4482293417404106,0.893918596519257,4.3231,4.6298,4.3152,4.503457142857143,4.851280000000001
2022-12-05,3.5597,25.81,77.54,9.54,1.45,0.01,12,339,0,-2.4492935982947064e-16,1.0,-0.4327755925504317,0.9015016841318838,3.427,4.3231,4.9073,4.376571428571428,4.778776666666667
2022-12-06,4.0092,24.84,75.12,8.07,1.87,0.01,12,340,0,-2.4492935982947064e-16,1.0,-0.41719360261231697,0.9088176373395028,3.5597,3.427,4.6541,4.184057142857143,4.710066666666666
2022-12-07,3.8131,24.1,73.83,18.02,2.05,0.0,12,341,0,-2.4492935982947064e-16,1.0,-0.4014879892059737,0.9158642882672868,4.0092,3.5597,4.3097,4.091928571428571,4.66193
2022-12-08,3.948,22.06,68.79,66.84,2.66,1.71,12,342,0,-2.4492935982947064e-16,1.0,-0.38566340624360745,0.9226395488404875,3.8131,4.0092,4.385,4.020985714285715,4.619906666666667
2022-12-09,5.0153,20.37,64.82,53.6,2.79,1.44,12,343,0,-2.4492935982947064e-16,1.0,-0.3697245428906732,0.9291414114031743,3.948,3.8131,4.6298,3.9585571428571424,4.587563333333333
2022-12-10,5.0947,21.19,65.05,13.89,2.14,0.0,12,344,0,-2.4492935982947064e-16,1.0,-0.35367612217637207,0.935367949313148,5.0153,3.948,4.3231,4.013628571428571,4.594483333333333
2022-12-11,4.6543,23.98,77.25,27.11,1.92,0.0,12,345,0,-2.4492935982947064e-16,1.0,-0.33752289959411347,0.941317317512847,5.0947,5.0153,3.427,4.123857142857142,4.59866
2022-12-12,4.0102,25.69,78.62,42.26,1.72,0.12,12,346,0,-2.4492935982947064e-16,1.0,-0.32126966169236515,0.9469877530760751,4.6543,5.0947,3.5597,4.299185714285715,4.594586666666667
2022-12-13,3.9103,26.21,77.97,41.32,1.99,0.17,12,347,0,-2.4492935982947064e-16,1.0,-0.3049212246562894,0.9523775757303973,4.0102,4.6543,4.0092,4.363542857142858,4.570106666666667
2022-12-14,3.4752,24.88,82.69,90.61,2.19,1.14,12,348,0,-2.4492935982947064e-16,1.0,-0.2884824328806098,0.9574851883550389,3.9103,4.0102,3.8131,4.349414285714286,4.5428733333333335
2022-12-15,3.678,25.27,80.7,69.14,1.89,0.82,12,349,0,-2.4492935982947064e-16,1.0,-0.27195815753410524,0.9623090774541487,3.4752,3.9103,3.948,4.301142857142857,4.500159999999999
2022-12-16,4.3334,26.2,76.92,8.44,1.94,0.04,12,350,0,-2.4492935982947064e-16,1.0,-0.2553532951161881,0.9668478136052773,3.678,3.4752,5.0153,4.2625714285714285,4.460846666666667
2022-12-17,4.2408,26.32,73.85,11.58,1.88,0.01,12,351,0,-2.4492935982947064e-16,1.0,-0.23867276600594997,0.9711000518829505,4.3334,3.678,5.0947,4.165157142857143,4.4369499999999995
2022-12-18,4.4777,25.77,71.8,5.94,2.15,0.0,12,352,0,-2.4492935982947064e-16,1.0,-0.22192151300416674,0.9750645322571945,4.2408,4.3334,4.6543,4.043171428571428,4.415253333333334
2022-12-19,4.9128,24.42,63.93,7.83,2.28,0.0,12,353,0,-2.4492935982947064e-16,1.0,-0.20510449986861926,0.9787400799669153,4.4777,4.2408,4.0102,4.017942857142857,4.385806666666666
2022-12-20,4.872,23.82,60.95,10.91,2.2,0.0,12,354,0,-2.4492935982947064e-16,1.0,-0.1882267098432439,0.9821256058680006,4.9128,4.4777,3.9103,4.146885714285714,4.381406666666666
2022-12-21,4.5437,23.84,62.99,12.19,2.2,0.0,12,355,0,-2.4492935982947064e-16,1.0,-0.1712931441814778,0.9852201067560606,4.872,4.9128,3.4752,4.2842714285714285,4.367223333333333
2022-12-22,4.2084,23.93,64.21,12.49,1.72,0.0,12,356,0,-2.4492935982947064e-16,1.0,-0.154308820664281,0.9880226656636976,4.5437,4.872,3.678,4.436914285714286,4.3470733333333325
2022-12-23,4.5367,22.57,64.57,12.32,1.75,0.0,12,357,0,-2.4492935982947064e-16,1.0,-0.13727877211326517,0.9905324521322227,4.2084,4.5437,4.3334,4.512685714285714,4.32356
2022-12-24,4.8053,21.04,57.21,13.45,1.67,0.0,12,358,0,-2.4492935982947064e-16,1.0,-0.12020804489935275,0.9927487224577402,4.5367,4.2084,4.2408,4.541728571428571,4.314743333333333
2022-12-25,4.584,20.7,59.94,13.53,1.32,0.0,12,359,0,-2.4492935982947064e-16,1.0,-0.10310169744743544,0.9946708199115211,4.8053,4.5367,4.4777,4.622371428571428,4.31404
2022-12-26,4.2204,21.98,70.31,12.51,1.43,0.0,12,360,0,-2.4492935982947064e-16,1.0,-0.0859647987374467,0.9962981749346077,4.584,4.8053,4.9128,4.637557142857142,4.325616666666666
2022-12-27,4.2866,23.67,69.43,12.33,1.73,0.0,12,361,0,-2.4492935982947064e-16,1.0,-0.06880242680232064,0.9976303053065857,4.2204,4.584,4.872,4.5386428571428565,4.32848
2022-12-28,4.5391,24.05,58.48,12.84,1.64,0.0,12,362,0,-2.4492935982947064e-16,1.0,-0.05161966722325418,0.9986668162884759,4.2866,4.2204,4.5437,4.455014285714285,4.327526666666667
2022-12-29,4.6747,23.72,57.39,13.49,1.48,0.0,12,363,0,-2.4492935982947064e-16,1.0,-0.034421611622745804,0.9994074007397048,4.5391,4.2866,4.2084,4.454357142857143,4.315253333333333
2022-12-30,4.7434,23.19,59.22,11.47,1.67,0.0,12,364,0,-2.4492935982947064e-16,1.0,-0.01721335615583528,0.9998518392091162,4.6747,4.5391,4.5367,4.520971428571428,4.315939999999999
2022-12-31,4.8415,22.37,58.99,13.17,2.01,0.0,12,365,0,-2.4492935982947064e-16,1.0,6.432490598706546e-16,1.0,4.7434,4.6747,4.8053,4.5505,4.330396666666667
2023-01-01,4.8946,21.71,58.82,13.35,1.7,0.0,1,1,0,0.49999999999999994,0.8660254037844387,0.017213356155834685,0.9998518392091162,4.8415,4.7434,4.584,4.555671428571428,4.3456133333333336
2023-01-02,4.9454,22.37,61.81,11.58,2.1,0.0,1,2,0,0.49999999999999994,0.8660254037844387,0.03442161162274574,0.9994074007397048,4.8946,4.8415,4.2204,4.600042857142857,4.354439999999999
2023-01-03,4.6675,22.26,59.42,12.59,2.23,0.0,1,3,0,0.49999999999999994,0.8660254037844387,0.051619667223253764,0.998666816288476,4.9454,4.8946,4.2866,4.703614285714286,4.375183333333334
2023-01-04,4.0046,22.41,60.06,13.54,2.0,0.0,1,4,0,0.49999999999999994,0.8660254037844387,0.06880242680231986,0.9976303053065857,4.6675,4.9454,4.5391,4.758028571428572,4.416533333333333
2023-01-05,3.2556,23.5,67.65,12.98,2.75,0.0,1,5,0,0.49999999999999994,0.8660254037844387,0.08596479873744647,0.9962981749346078,4.0046,4.6675,4.6747,4.681671428571429,4.4313633333333335
2023-01-06,3.4198,24.58,68.62,14.58,2.67,0.0,1,6,0,0.49999999999999994,0.8660254037844387,0.10310169744743485,0.9946708199115211,3.2556,4.0046,4.7434,4.478942857142857,4.406243333333334
2023-01-07,3.4951,24.68,65.82,16.52,2.44,0.0,1,7,0,0.49999999999999994,0.8660254037844387,0.1202080448993527,0.9927487224577402,3.4198,3.2556,4.8415,4.289857142857143,4.393133333333333
2023-01-08,4.5466,23.39,59.31,20.88,2.43,0.0,1,8,0,0.49999999999999994,0.8660254037844387,0.13727877211326478,0.9905324521322229,3.4951,3.4198,4.8946,4.097514285714285,4.378036666666666
2023-01-09,4.9829,22.02,47.87,13.96,2.47,0.0,1,9,0,0.49999999999999994,0.8660254037844387,0.15430882066428117,0.9880226656636976,4.5466,3.4951,4.9454,4.0478000000000005,4.3624133333333335
2023-01-10,5.0244,22.6,43.96,13.07,2.21,0.0,1,10,0,0.49999999999999994,0.8660254037844387,0.1712931441814776,0.9852201067560606,4.9829,4.5466,4.6675,4.053157142857143,4.358686666666666
2023-01-11,4.8569,22.18,49.22,13.12,1.95,0.0,1,11,0,0.49999999999999994,0.8660254037844387,0.1882267098432442,0.9821256058680006,5.0244,4.9829,4.0046,4.104142857142857,4.371023333333333
2023-01-12,5.041,21.14,50.19,15.34,1.64,0.0,1,12,0,0.49999999999999994,0.8660254037844387,0.2051044998686192,0.9787400799669153,4.8569,5.0244,3.2556,4.2259,4.399246666666667
2023-01-13,4.6903,20.43,70.41,26.95,1.8,0.0,1,13,0,0.49999999999999994,0.8660254037844387,0.2219215130041655,0.9750645322571948,5.041,4.8569,3.4198,4.480957142857143,4.436936666666667
2023-01-14,5.1432,19.58,57.29,15.23,1.88,0.0,1,14,0,0.49999999999999994,0.8660254037844387,0.2386727660059501,0.9711000518829505,4.6903,5.041,3.4951,4.662457142857143,4.47744
2023-01-15,5.0921,19.92,53.69,13.42,1.65,0.0,1,15,0,0.49999999999999994,0.8660254037844387,0.255353295116187,0.9668478136052775,5.1432,4.6903,4.5466,4.8979,4.52628
2023-01-16,5.1302,20.62,52.86,14.3,1.45,0.0,1,16,0,0.49999999999999994,0.8660254037844387,0.2719581575341055,0.9623090774541486,5.0921,5.1432,4.9829,4.975828571428572,4.55157
2023-01-17,5.1634,20.51,52.31,13.69,1.4,0.0,1,17,0,0.49999999999999994,0.8660254037844387,0.288482432880609,0.9574851883550393,5.1302,5.0921,5.0244,4.9968714285714295,4.581216666666667
2023-01-18,5.1674,21.96,51.62,13.46,1.56,0.0,1,18,0,0.49999999999999994,0.8660254037844387,0.30492122465628907,0.9523775757303974,5.1634,5.1302,4.8569,5.016728571428572,4.604073333333334
2023-01-19,5.0935,22.82,52.91,12.9,1.85,0.0,1,19,0,0.49999999999999994,0.8660254037844387,0.3212696616923644,0.9469877530760753,5.1674,5.1634,5.041,5.061085714285714,4.61256
2023-01-20,5.053,23.03,55.57,13.79,1.37,0.0,1,20,0,0.49999999999999994,0.8660254037844387,0.3375228995941133,0.9413173175128471,5.0935,5.1674,4.6903,5.068585714285715,4.6199433333333335
2023-01-21,4.9145,22.08,61.8,12.89,1.55,0.0,1,21,0,0.49999999999999994,0.8660254037844387,0.3536761221763716,0.9353679493131483,5.053,5.0935,5.1432,5.120400000000001,4.63692
2023-01-22,4.8283,20.79,59.27,15.03,1.79,0.0,1,22,0,0.49999999999999994,0.8660254037844387,0.3697245428906731,0.9291414114031743,4.9145,5.053,5.0921,5.087728571428571,4.660456666666667
2023-01-23,4.9082,20.24,55.66,16.65,2.02,0.0,1,23,0,0.49999999999999994,0.8660254037844387,0.38566340624360707,0.9226395488404876,4.8283,4.9145,5.1302,5.050042857142857,4.670176666666666
2023-01-24,4.4309,19.56,58.97,20.46,1.91,0.0,1,24,0,0.49999999999999994,0.8660254037844387,0.401487989205973,0.9158642882672872,4.9082,4.8283,5.1634,5.0183285714285715,4.673606666666667
2023-01-25,4.4254,20.0,53.08,16.22,2.32,0.0,1,25,0,0.49999999999999994,0.8660254037844387,0.4171936026123168,0.9088176373395029,4.4309,4.9082,5.1674,4.913685714285713,4.668503333333333
2023-01-26,4.3092,21.83,56.78,9.49,1.95,0.0,1,26,0,0.49999999999999994,0.8660254037844387,0.4327755925504312,0.901501684131884,4.4254,4.4309,5.0935,4.807685714285715,4.675336666666667
2023-01-27,4.4069,25.15,60.04,33.29,2.17,0.0,1,27,0,0.49999999999999994,0.8660254037844387,0.4482293417404106,0.893918596519257,4.3092,4.4254,5.053,4.6956428571428575,4.676089999999999
2023-01-28,4.9666,24.97,58.91,15.14,2.69,0.02,1,28,0,0.49999999999999994,0.8660254037844387,0.4635502709028509,0.886070621534138,4.4069,4.3092,4.9145,4.603342857142857,4.671683333333333
2023-01-29,3.925,23.98,79.7,49.85,1.52,0.15,1,29,0,0.49999999999999994,0.8660254037844387,0.47873384011578846,0.8779600847008882,4.9666,4.4069,4.8283,4.610785714285714,4.681413333333333
2023-01-30,4.5946,23.32,73.76,26.38,1.83,0.01,1,30,0,0.49999999999999994,0.8660254037844387,0.49377555015997715,0.869589389346611,3.925,4.9666,4.9082,4.481742857142857,4.654133333333333
2023-01-31,4.6243,24.44,56.37,17.99,2.48,0.0,1,31,0,0.49999999999999994,0.8660254037844387,0.5086709438521044,0.8609610158889943,4.5946,3.925,4.4309,4.436942857142857,4.645903333333333
2023-02-01,4.2247,25.45,54.2,23.83,3.07,0.18,2,32,0,0.8660254037844386,0.5000000000000001,0.5234156073655503,0.8520775211013093,4.6243,4.5946,4.4254,4.464571428571428,4.636893333333333
2023-02-02,4.7095,25.3,51.16,18.02,2.91,0.01,2,33,0,0.8660254037844386,0.5000000000000001,0.5380051715382996,0.8429415373547828,4.2247,4.6243,4.3092,4.435899999999999,4.61287
2023-02-03,5.3839,24.33,42.21,16.31,2.54,0.0,2,34,0,0.8660254037844386,0.5000000000000001,0.5524353131676196,0.8335557718385699,4.7095,4.2247,4.4069,4.493085714285714,4.61427
2023-02-04,5.4818,24.42,41.77,10.33,1.88,0.0,2,35,0,0.8660254037844386,0.5000000000000001,0.5667017562911176,0.8239230057575542,5.3839,4.7095,4.9666,4.632657142857142,4.660246666666667
2023-02-05,5.6261,24.39,40.27,11.02,1.98,0.0,2,36,0,0.8660254037844386,0.5000000000000001,0.5808002734538009,0.8140460935082178,5.4818,5.3839,3.925,4.706257142857142,4.734453333333334
2023-02-06,5.5884,23.83,38.86,11.68,2.02,0.0,2,37,0,0.8660254037844386,0.5000000000000001,0.5947266869607634,0.8039279618328213,5.6261,5.4818,4.5946,4.9492714285714285,4.807996666666666
2023-02-07,5.7382,23.56,44.8,15.11,2.17,0.0,2,38,0,0.8660254037844386,0.5000000000000001,0.6084768701151261,0.7935716089521474,5.5884,5.6261,4.6243,5.091242857142857,4.877773333333334
2023-02-08,5.839,24.91,41.16,12.45,2.14,0.0,2,39,0,0.8660254037844386,0.5000000000000001,0.6220467484408675,0.7829801036770629,5.7382,5.5884,4.2247,5.2503714285714285,4.917493333333334
2023-02-09,5.8951,25.9,34.55,18.96,2.5,0.0,2,40,0,0.8660254037844386,0.5000000000000001,0.6354323008901774,0.7721565844991642,5.839,5.7382,4.7095,5.480985714285715,4.9460299999999995
2023-02-10,6.0907,25.86,36.02,11.1,2.01,0.0,2,41,0,0.8660254037844386,0.5000000000000001,0.6486295610349814,0.7611042586607747,5.8951,5.839,5.3839,5.650357142857142,4.975053333333334
2023-02-11,6.1682,25.24,33.81,10.52,2.28,0.0,2,42,0,0.8660254037844386,0.5000000000000001,0.6616346182422783,0.7498264012045686,6.0907,5.8951,5.4818,5.751328571428571,5.01618
2023-02-12,6.0564,26.34,30.28,8.4,2.85,0.0,2,43,0,0.8660254037844386,0.5000000000000001,0.6744436188329455,0.7383263540031065,6.1682,6.0907,5.6261,5.849385714285715,5.053753333333333
2023-02-13,6.1634,26.4,31.1,7.98,3.0,0.0,2,44,0,0.8660254037844386,0.5000000000000001,0.6870527672236669,0.7266075247685656,6.0564,6.1682,5.5884,5.910857142857142,5.09929
2023-02-14,6.2614,26.53,26.8,10.34,2.82,0.0,2,45,0,0.8660254037844386,0.5000000000000001,0.699458327051647,0.7146733860429609,6.1634,6.0564,5.7382,5.993,5.133296666666666
2023-02-15,6.3269,26.88,26.95,15.8,2.32,0.0,2,46,0,0.8660254037844386,0.5000000000000001,0.7116566222817746,0.7025274741691571,6.2614,6.1634,5.839,6.067742857142856,5.172273333333333
2023-02-16,6.373,27.73,26.54,7.64,2.78,0.0,2,47,0,0.8660254037844386,0.5000000000000001,0.7236440382959124,0.6901733882429719,6.3269,6.2614,5.8951,6.137442857142857,5.212163333333333
2023-02-17,6.3866,28.16,26.14,7.06,2.75,0.0,2,48,0,0.8660254037844386,0.5000000000000001,0.7354170229639855,0.6776147890466889,6.373,6.3269,6.0907,6.205714285714286,5.252483333333333
2023-02-18,6.4073,28.17,27.61,7.71,2.63,0.0,2,49,0,0.8660254037844386,0.5000000000000001,0.7469720876965552,0.6648553979642865,6.3866,6.373,6.1682,6.247985714285713,5.293123333333333
2023-02-19,6.4601,28.19,28.08,9.03,2.48,0.0,2,50,0,0.8660254037844386,0.5000000000000001,0.7583058084785624,0.6518989958787126,6.4073,6.3866,6.0564,6.282142857142857,5.336916666666666
2023-02-20,6.3502,27.13,29.22,10.61,1.81,0.0,2,51,0,0.8660254037844386,0.5000000000000001,0.7694148268839378,0.6387494220515272,6.4601,6.4073,6.1634,6.339814285714286,5.38382
2023-02-21,6.0468,26.74,30.0,29.92,2.08,0.0,2,52,0,0.8660254037844386,0.5000000000000001,0.7802958510707755,0.6254105729852464,6.3502,6.4601,6.2614,6.3665,5.431676666666666
2023-02-22,6.0214,26.76,32.41,26.97,2.16,0.0,2,53,0,0.8660254037844386,0.5000000000000001,0.7909456567567772,0.6118864012687243,6.0468,6.3502,6.3269,6.3358428571428576,5.472293333333334
2023-02-23,6.163,27.61,27.93,11.25,2.1,0.0,2,54,0,0.8660254037844386,0.5000000000000001,0.8013610881746766,0.5981809144059165,6.0214,6.0468,6.373,6.2922,5.509399999999999
2023-02-24,6.2136,28.38,24.65,10.86,2.39,0.0,2,55,0,0.8660254037844386,0.5000000000000001,0.8115390590073611,0.5842981736283683,6.163,6.0214,6.3866,6.2622,5.567136666666667
2023-02-25,6.0602,28.21,24.79,16.04,2.33,0.0,2,56,0,0.8660254037844386,0.5000000000000001,0.8214765533024142,0.5702422926917871,6.2136,6.163,6.4073,6.237485714285715,5.626743333333333
2023-02-26,6.2585,28.29,21.77,10.43,2.54,0.0,2,57,0,0.8660254037844386,0.5000000000000001,0.8311706263658079,0.5560174366570446,6.0602,6.2136,6.4601,6.187899999999999,5.68511
2023-02-27,6.3209,28.1,21.92,11.58,2.46,0.0,2,58,0,0.8660254037844386,0.5000000000000001,0.8406184056344782,0.5416278206559814,6.2585,6.0602,6.3502,6.1591000000000005,5.74683
2023-02-28,6.0955,28.02,25.94,10.83,2.07,0.0,2,59,0,0.8660254037844386,0.5000000000000001,0.8498170915275278,0.5270777086423722,6.3209,6.2585,6.0468,6.154914285714285,5.791973333333333
2023-03-01,5.8373,28.53,28.07,11.87,1.81,0.0,3,60,1,1.0,6.123233995736766e-17,0.8587639582758029,0.5123714121284237,6.0955,6.3209,6.0214,6.161871428571429,5.864323333333333
2023-03-02,5.581,29.63,29.48,16.08,1.96,0.0,3,61,1,1.0,6.123233995736766e-17,0.8674563547295969,0.49751328890718066,5.8373,6.0955,6.163,6.135571428571429,5.905746666666667
2023-03-03,5.2202,30.26,31.1,18.18,1.73,0.0,3,62,1,1.0,6.123233995736766e-17,0.8758917051442429,0.48250774176121847,5.581,5.8373,6.2136,6.052428571428571,5.937636666666666
2023-03-04,4.9927,30.39,33.89,27.47,1.83,0.0,3,63,1,1.0,6.123233995736766e-17,0.8840675099433636,0.4673592171580022,5.2202,5.581,6.0602,5.910514285714285,5.97082
2023-03-05,4.4407,30.13,36.74,50.75,1.81,0.12,3,64,1,1.0,6.123233995736766e-17,0.8919813464595485,0.45207220393230435,4.9927,5.2202,6.2585,5.758014285714286,5.98026
2023-03-06,3.7793,30.05,37.3,83.19,2.02,2.44,3,65,1,1.0,6.123233995736766e-17,0.8996308696522433,0.43665123195606403,4.4407,4.9927,6.3209,5.498328571428571,5.9488199999999996
2023-03-07,4.8617,29.31,34.9,68.64,2.45,0.9,3,66,1,1.0,6.123233995736766e-17,0.9070138128026359,0.4211008707960896,3.7793,4.4407,6.0955,5.135242857142858,5.89207
2023-03-08,5.9134,29.41,33.52,20.89,2.17,0.02,3,67,1,1.0,6.123233995736766e-17,0.9141279881853337,0.40542572835999735,4.8617,3.7793,5.8373,4.958985714285715,5.86659
2023-03-09,6.1274,29.78,28.94,13.53,2.89,0.0,3,68,1,1.0,6.123233995736766e-17,0.9209712877166346,0.38963044953078796,5.9134,4.8617,5.581,4.969857142857143,5.877423333333334
2023-03-10,6.1567,29.38,23.9,14.75,2.97,0.0,3,69,1,1.0,6.123233995736766e-17,0.9275416835791966,0.37371971479046906,6.1274,5.9134,5.2202,5.047914285714286,5.890396666666667
2023-03-11,5.9126,30.16,24.43,33.33,2.43,0.0,3,70,1,1.0,6.123233995736766e-17,0.9338372288229252,0.35769823883312546,6.1567,6.1274,4.9927,5.1817,5.900986666666667
2023-03-12,5.5637,31.17,30.49,58.39,1.93,0.0,3,71,1,1.0,6.123233995736766e-17,0.9398560579418954,0.3415707691678556,5.9126,6.1567,4.4407,5.313114285714286,5.90157
2023-03-13,5.0302,30.93,30.16,73.24,2.15,0.0,3,72,1,1.0,6.123233995736766e-17,0.9455963874271426,0.3253420847119801,5.5637,5.9126,3.7793,5.473542857142857,5.884003333333333
2023-03-14,4.8751,30.79,29.83,72.62,1.76,0.0,3,73,1,1.0,6.123233995736766e-17,0.9510565162951535,0.30901699437494745,5.0302,5.5637,4.8617,5.652242857142857,5.84607
2023-03-15,3.7502,30.23,34.95,90.73,1.65,0.32,3,74,1,1.0,6.123233995736766e-17,0.9562348265919056,0.29260033563334836,4.8751,5.0302,5.9134,5.654157142857143,5.8066933333333335
2023-03-16,3.8782,28.38,47.94,81.21,1.68,0.86,3,75,1,1.0,6.123233995736766e-17,0.9611297838723007,0.27609697309746883,3.7502,4.8751,6.1274,5.345128571428572,5.726253333333333
2023-03-17,5.2985,28.37,54.07,61.18,2.07,1.08,3,76,1,1.0,6.123233995736766e-17,0.9657399376548549,0.2595117970697999,3.8782,3.7502,6.1567,5.023814285714286,5.646813333333333
2023-03-18,6.2146,27.81,51.64,17.32,1.96,0.87,3,77,1,1.0,6.123233995736766e-17,0.9700639218515071,0.2428497220959356,5.2985,3.8782,5.9126,4.901214285714285,5.612533333333333
2023-03-19,6.5662,26.5,56.7,24.07,2.11,0.67,3,78,1,1.0,6.123233995736766e-17,0.9741004551724205,0.22611568550828828,6.2146,5.2985,5.5637,4.944357142857143,5.607253333333333
2023-03-20,6.6878,26.23,59.62,42.13,2.41,1.23,3,79,1,1.0,6.123233995736766e-17,0.9778483415056568,0.20931464596304847,6.5662,6.2146,5.0302,5.087571428571429,5.61324
2023-03-21,6.3864,26.27,60.63,66.47,1.91,7.46,3,80,1,1.0,6.123233995736766e-17,0.9813064702716093,0.19245158197082998,6.6878,6.5662,4.8751,5.324371428571429,5.622590000000001
2023-03-22,6.7982,26.16,60.69,35.48,2.11,0.01,3,81,1,1.0,6.123233995736766e-17,0.9844738167520922,0.1755314904214282,6.3864,6.6878,3.7502,5.540271428571428,5.620133333333333
2023-03-23,6.4054,26.17,61.6,35.89,2.43,0.0,3,82,1,1.0,6.123233995736766e-17,0.9873494423939864,0.15855938510313475,6.7982,6.3864,3.8782,5.975699999999999,5.635066666666666
2023-03-24,6.9341,26.68,60.3,30.15,2.58,0.0,3,83,1,1.0,6.123233995736766e-17,0.989932495087353,0.141540295217043,6.4054,6.7982,5.2985,6.336728571428571,5.64702
2023-03-25,7.1693,25.49,51.93,24.91,2.33,0.0,3,84,1,1.0,6.123233995736766e-17,0.9922222094179323,0.12447926388678915,6.9341,6.4054,6.2146,6.570385714285714,5.677443333333334
2023-03-26,7.026,25.57,52.78,33.95,2.41,0.0,3,85,1,1.0,6.123233995736766e-17,0.994217906893952,0.10738134666416309,7.1693,6.9341,6.5662,6.706771428571429,5.710986666666667
2023-03-27,7.0058,26.34,59.53,37.82,2.17,0.0,3,86,1,1.0,6.123233995736766e-17,0.995918996147179,0.09025161003104117,7.026,7.1693,6.6878,6.772457142857143,5.7380666666666675
2023-03-28,6.9012,27.29,59.21,28.06,2.03,0.02,3,87,1,1.0,6.123233995736766e-17,0.9973249731081555,0.07309512989807777,7.0058,7.026,6.3864,6.8178857142857145,5.769586666666667
2023-03-29,6.9967,27.24,58.03,28.49,2.09,0.0,3,88,1,1.0,6.123233995736766e-17,0.9984354211555643,0.055916990100603484,6.9012,7.0058,6.7982,6.8914285714285715,5.79101
2023-03-30,6.6962,27.15,58.84,64.33,1.96,0.0,3,89,1,1.0,6.123233995736766e-17,0.9992500112396835,0.03872228089217446,6.9967,6.9012,6.4054,6.919785714285715,5.813536666666667
2023-03-31,6.8794,27.04,57.27,54.58,2.52,0.03,3,90,1,1.0,6.123233995736766e-17,0.9997685019798909,0.021516097436222254,6.6962,6.9967,6.9341,6.961328571428572,5.83356
2023-04-01,7.2247,27.44,51.68,18.77,2.52,0.0,4,91,1,0.8660254037844387,-0.4999999999999998,0.9999907397361901,0.004303538296244289,6.8794,6.6962,7.1693,6.953514285714285,5.868296666666667
2023-04-02,7.207,27.5,57.81,18.05,2.33,0.0,4,92,1,0.8660254037844387,-0.4999999999999998,0.9999166586547379,-0.01291029607500882,7.2247,6.8794,7.026,6.961428571428572,5.923086666666666
2023-04-03,7.0111,27.73,55.57,34.67,2.2,0.0,4,93,1,0.8660254037844387,-0.4999999999999998,0.9995462806873573,-0.030120304846908114,7.207,7.2247,7.0058,6.987285714285714,5.9893133333333335
2023-04-04,7.007,28.62,54.91,16.24,2.21,0.0,4,94,1,0.8660254037844387,-0.4999999999999998,0.9988797155850336,-0.04732138832243185,7.0111,7.207,6.9012,6.988042857142858,6.056593333333334
2023-04-05,6.6965,29.25,50.43,39.91,2.22,0.03,4,95,1,0.8660254037844387,-0.4999999999999998,0.9979171608653922,-0.06450844944931623,7.007,7.0111,6.9967,7.003157142857143,6.142136666666667
2023-04-06,6.8724,30.05,48.92,26.54,2.64,0.18,4,96,1,0.8660254037844387,-0.4999999999999998,0.9966589017541702,-0.08167639533042241,6.6965,7.007,6.6962,6.9602714285714296,6.239376666666667
2023-04-07,5.9198,31.86,35.04,56.48,2.26,0.28,4,97,1,0.8660254037844387,-0.4999999999999998,0.9951053111006976,-0.09882013873287143,6.8724,6.6965,6.8794,6.985442857142857,6.3064
2023-04-08,5.5954,32.67,35.68,78.22,2.2,0.03,4,98,1,0.8660254037844387,-0.4999999999999998,0.9932568492674143,-0.11593459959550041,5.9198,6.8724,7.2247,6.848357142857144,6.306613333333334
2023-04-09,6.3454,32.36,38.74,43.98,2.08,0.5,4,99,1,0.8660254037844387,-0.4999999999999998,0.9911140639934547,-0.1330147065341959,5.5954,5.9198,7.207,6.6156,6.28888
2023-04-10,6.391,33.21,38.7,37.65,2.4,0.07,4,100,1,0.8660254037844387,-0.4999999999999998,0.9886775902323405,-0.1500553983446526,6.3454,5.5954,7.0111,6.492514285714285,6.29517
2023-04-11,6.5486,32.95,44.8,18.77,2.05,0.09,4,101,1,0.8660254037844387,-0.4999999999999998,0.9859481499638304,-0.16705162550211924,6.391,6.3454,7.007,6.403928571428572,6.311116666666666
2023-04-12,6.5657,33.5,41.25,40.19,2.58,1.31,4,102,1,0.8660254037844387,-0.4999999999999998,0.9829265519799822,-0.18399835165768005,6.5486,6.391,6.6965,6.338442857142858,6.343946666666667
2023-04-13,5.238,34.17,35.01,87.72,2.55,0.12,4,103,1,0.8660254037844387,-0.4999999999999998,0.9796136916454901,-0.20089055513063506,6.5657,6.5486,6.8724,6.319757142857142,6.39513
2023-04-14,5.2529,31.44,45.28,69.81,1.66,2.29,4,104,1,0.8660254037844387,-0.4999999999999998,0.9760105506323683,-0.21772323039653177,5.238,6.5657,5.9198,6.086271428571429,6.407226666666667
2023-04-15,6.9389,31.65,44.99,12.47,1.9,0.55,4,105,1,0.8660254037844387,-0.4999999999999998,0.9721181966290613,-0.23449138957040985,5.2529,5.238,5.5954,5.991,6.457316666666666
2023-04-16,7.1129,31.59,43.45,29.36,1.95,0.7,4,106,1,0.8660254037844387,-0.4999999999999998,0.9679377830240642,-0.25119006388481935,6.9389,5.2529,6.3454,6.1829285714285716,6.559340000000001
2023-04-17,6.9091,31.14,43.44,22.01,2.13,0.14,4,107,1,0.8660254037844387,-0.4999999999999998,0.9634705485641488,-0.2678143051621742,7.1129,6.9389,6.391,6.292571428571429,6.619820000000001
2023-04-18,6.3698,32.98,39.31,34.84,2.63,0.24,4,108,1,0.8660254037844387,-0.4999999999999998,0.9587178169872964,-0.2843591872810034,6.9091,7.1129,6.5486,6.366585714285714,6.64297
2023-04-19,6.1046,33.59,35.5,41.45,2.66,0.28,4,109,1,0.8660254037844387,-0.4999999999999998,0.9536809966304457,-0.30081980763566735,6.3698,6.9091,6.5657,6.341042857142857,6.636423333333334
2023-04-20,6.611,31.4,47.0,15.09,2.49,0.76,4,110,1,0.8660254037844387,-0.4999999999999998,0.9483615800121715,-0.3171912885891061,6.1046,6.3698,5.238,6.275171428571428,6.616983333333334
2023-04-21,7.3968,29.66,54.63,9.13,2.4,0.08,4,111,1,0.8660254037844387,-0.4999999999999998,0.9427611433904207,-0.3334687789181868,6.611,6.1046,5.2529,6.471314285714286,6.62447
2023-04-22,7.1614,28.93,58.87,25.66,2.42,0.0,4,112,1,0.8660254037844387,-0.4999999999999998,0.9368813462954315,-0.3496474552512284,7.3968,6.611,6.9389,6.777585714285714,6.644423333333334
2023-04-23,7.1098,29.47,57.48,36.32,2.64,0.0,4,113,1,0.8660254037844387,-0.4999999999999998,0.9307239310379795,-0.36572252349726897,7.1614,7.3968,7.1129,6.809371428571429,6.669623333333333
2023-04-24,7.0966,30.57,49.32,64.92,2.13,0.0,4,114,1,0.8660254037844387,-0.4999999999999998,0.9242907221930933,-0.3816892202666588,7.1098,7.1614,6.9091,6.808928571428572,6.675479999999999
2023-04-25,7.0728,31.69,35.23,56.74,2.35,0.0,4,115,1,0.8660254037844387,-0.4999999999999998,0.9175836260593937,-0.39754281428255595,7.0966,7.1098,6.3698,6.8357142857142845,6.673056666666667
2023-04-26,6.7471,29.1,59.91,53.21,2.47,0.31,4,116,1,0.8660254037844387,-0.4999999999999998,0.9106046300942162,-0.41327860778290415,7.0728,7.0966,6.1046,6.9361428571428565,6.674616666666666
2023-04-27,6.3754,29.79,55.27,50.49,1.96,0.16,4,117,1,0.8660254037844387,-0.4999999999999998,0.9033558023246845,-0.4288919379124835,6.7471,7.0728,6.611,7.027928571428572,6.665993333333333
2023-04-28,6.7747,30.01,55.49,30.79,2.19,0.21,4,118,1,0.8660254037844387,-0.4999999999999998,0.895839290734909,-0.44437817810461316,6.3754,6.7471,7.3968,6.9942714285714285,6.648466666666667
2023-04-29,6.511,29.62,53.03,78.79,2.12,0.26,4,119,1,0.8660254037844387,-0.4999999999999998,0.8880573226294932,-0.45973273945210397,6.7747,6.3754,7.1614,6.9054,6.641066666666666
2023-04-30,7.2058,28.91,55.36,44.78,2.47,0.77,4,120,1,0.8660254037844387,-0.4999999999999998,0.8800122039735357,-0.47495107206704995,6.511,6.7747,7.1098,6.812485714285714,6.634893333333333
2023-05-01,5.7852,29.29,49.19,91.43,2.22,0.01,5,121,1,0.49999999999999994,-0.8660254037844387,0.8717063187093218,-0.4900286664290592,7.2058,6.511,7.0966,6.8262,6.6457733333333335
2023-05-02,7.2036,29.38,56.53,21.37,2.02,1.54,5,122,1,0.49999999999999994,-0.8660254037844387,0.8631421280499114,-0.5049610547215204,5.7852,7.2058,7.0728,6.638857142857143,6.597790000000001
2023-05-03,7.2941,29.62,57.88,30.24,2.47,0.28,5,123,1,0.49999999999999994,-0.8660254037844387,0.854322169749827,-0.5197438121555155,7.2036,5.7852,6.7471,6.657542857142857,6.597676666666667
2023-05-04,7.1218,29.91,54.34,42.7,2.19,0.16,5,124,1,0.49999999999999994,-0.8660254037844387,0.8452490573530633,-0.5343725582809786,7.2941,7.2036,6.3754,6.735685714285714,6.60711
2023-05-05,7.1789,30.04,55.04,36.25,2.31,0.05,5,125,1,0.49999999999999994,-0.8660254037844387,0.8359254794186372,-0.548842958284719,7.1218,7.2941,6.7747,6.842314285714286,6.6109366666666665
2023-05-06,6.9238,30.51,56.88,37.15,2.67,0.09,5,126,1,0.49999999999999994,-0.8660254037844387,0.8263541987239096,-0.5631507242749186,7.1789,7.1218,6.511,6.9000571428571424,6.627016666666666
2023-05-07,6.2249,30.57,58.97,53.16,2.55,0.25,5,127,1,0.49999999999999994,-0.8660254037844387,0.8165380514459161,-0.5772916165517272,6.9238,7.1789,7.2058,6.959028571428571,6.62873
2023-05-08,6.2419,31.35,58.26,65.48,2.58,0.83,5,128,1,0.49999999999999994,-0.8660254037844387,0.8064799463209448,-0.5912614448635781,6.2249,6.9238,5.7852,6.818899999999999,6.638899999999999
2023-05-09,6.3389,32.44,54.97,69.84,2.43,0.66,5,129,1,0.49999999999999994,-0.8660254037844387,0.7961828637826158,-0.6050560696488488,6.2419,6.2249,7.2036,6.884142857142857,6.66045
2023-05-10,6.7735,33.14,53.35,73.86,2.36,0.17,5,130,1,0.49999999999999994,-0.8660254037844387,0.7856498550787147,-0.6186714032625031,6.3389,6.2419,7.2941,6.7606142857142855,6.660233333333333
2023-05-11,7.1575,33.0,55.3,56.6,2.0,0.06,5,131,1,0.49999999999999994,-0.8660254037844387,0.7748840413670407,-0.6321034111873487,6.7735,6.3389,7.1218,6.686242857142857,6.672983333333334
2023-05-12,7.3013,32.45,60.04,15.81,2.26,0.01,5,132,1,0.49999999999999994,-0.8660254037844387,0.7638886127905428,-0.6453481132295501,7.1575,6.7735,7.1789,6.691342857142857,6.693280000000001
2023-05-13,7.4004,32.42,60.07,13.73,2.54,0.0,5,133,1,0.49999999999999994,-0.8660254037844387,0.7526668275320085,-0.6584015846980488,7.3013,7.1575,6.9238,6.708828571428571,6.7177999999999995
2023-05-14,7.6135,31.72,57.72,17.96,2.62,0.0,5,134,1,0.49999999999999994,-0.8660254037844387,0.7412220108485958,-0.6712599575675313,7.4004,7.3013,6.2249,6.776914285714286,6.789879999999999
2023-05-15,7.4093,31.18,61.62,38.98,2.69,0.01,5,135,1,0.49999999999999994,-0.8660254037844387,0.7295575540864875,-0.6839194216246106,7.6135,7.4004,6.2419,6.975285714285715,6.868566666666667
2023-05-16,7.3186,31.02,65.04,35.97,2.84,0.03,5,136,1,0.49999999999999994,-0.8660254037844387,0.717676913675962,-0.6963762255968722,7.4093,7.6135,6.3389,7.142057142857142,6.884246666666667
2023-05-17,7.5953,31.6,60.33,17.39,2.86,0.02,5,137,1,0.49999999999999994,-0.8660254037844387,0.705583610107178,-0.7086266782644596,7.3186,7.4093,6.7735,7.282014285714285,6.891103333333333
2023-05-18,7.5804,31.76,58.1,23.28,2.65,0.01,5,138,1,0.49999999999999994,-0.8660254037844387,0.6932812268869777,-0.7206671495538609,7.5953,7.3186,7.1575,7.399414285714286,6.913976666666667
2023-05-19,7.5024,31.92,57.49,26.1,2.53,0.01,5,139,1,0.49999999999999994,-0.8660254037844387,0.6807734094770161,-0.7324940716135789,7.5804,7.5953,7.3013,7.459828571428572,6.95433
2023-05-20,7.4258,31.27,62.41,32.52,2.41,0.03,5,140,1,0.49999999999999994,-0.8660254037844387,0.6680638642135335,-0.7441039398713607,7.5024,7.5804,7.4004,7.488557142857144,7.000923333333333
2023-05-21,7.3778,31.34,60.68,31.92,2.55,0.16,5,141,1,0.49999999999999994,-0.8660254037844387,0.6551563572090853,-0.7554933140726803,7.4258,7.5024,7.6135,7.492185714285713,7.028083333333333
2023-05-22,7.2595,31.53,56.71,31.9,2.56,0.27,5,142,1,0.49999999999999994,-0.8660254037844387,0.6420547132365637,-0.766658819300159,7.3778,7.4258,7.4093,7.458514285714285,7.02745
2023-05-23,7.2386,31.64,54.86,31.59,2.51,0.03,5,143,1,0.49999999999999994,-0.8660254037844387,0.6287628145958344,-0.7775971469736269,7.2595,7.3778,7.3186,7.437114285714286,7.0307200000000005
2023-05-24,7.3488,31.24,56.89,28.96,2.79,0.12,5,144,1,0.49999999999999994,-0.8660254037844387,0.6152845999633276,-0.7883050558305255,7.2386,7.2595,7.5953,7.425685714285714,7.035013333333334
2023-05-25,7.5034,30.8,59.97,19.43,3.19,0.34,5,145,1,0.49999999999999994,-0.8660254037844387,0.6016240632249226,-0.7987793728863649,7.3488,7.2386,7.5804,7.390471428571429,7.04342
2023-05-26,7.1002,30.95,60.81,37.67,3.38,2.23,5,146,1,0.49999999999999994,-0.8660254037844387,0.5877852522924732,-0.8090169943749473,7.5034,7.3488,7.5024,7.379471428571429,7.0577733333333335
2023-05-27,6.9794,30.62,59.99,29.29,3.32,0.77,5,147,1,0.49999999999999994,-0.8660254037844387,0.5737722679043246,-0.8190148866680801,7.1002,7.5034,7.4258,7.3220142857142845,7.069543333333334
2023-05-28,7.117,31.19,61.24,28.55,3.07,0.57,5,148,1,0.49999999999999994,-0.8660254037844387,0.5595892624101765,-0.8287700871745038,6.9794,7.1002,7.3778,7.258242857142858,7.089676666666667
2023-05-29,7.3327,31.68,61.37,40.91,2.76,0.86,5,149,1,0.49999999999999994,-0.8660254037844387,0.545240438540651,-0.8382797052177744,7.117,6.9794,7.2595,7.220985714285715,7.101086666666666
2023-05-30,7.2413,32.15,57.32,23.14,2.55,1.41,5,150,1,0.49999999999999994,-0.8660254037844387,0.5307300481619334,-0.8475409228928311,7.3327,7.117,7.2386,7.2314428571428575,7.128476666666667
2023-05-31,7.379,32.29,57.47,19.55,2.19,0.46,5,151,1,0.49999999999999994,-0.8660254037844387,0.5160623910158528,-0.8565509959010036,7.2413,7.3327,7.3488,7.231828571428571,7.12966
2023-06-01,7.5912,31.81,58.43,14.62,2.62,0.45,6,152,2,1.2246467991473532e-16,-1.0,0.5012418134457758,-0.865307254363206,7.379,7.2413,7.5034,7.236142857142858,7.182786666666667
2023-06-02,7.2552,30.79,63.41,25.4,2.93,0.99,6,153,2,1.2246467991473532e-16,-1.0,0.48627270710868997,-0.8738071036110808,7.5912,7.379,7.1002,7.248685714285713,7.195706666666666
2023-06-03,6.8738,30.26,68.69,20.43,2.56,1.59,6,154,2,1.2246467991473532e-16,-1.0,0.4711595076738638,-0.8820480249558537,7.2552,7.5912,6.9794,7.270828571428571,7.19441
2023-06-04,6.4961,30.3,70.22,48.35,2.32,3.67,6,155,2,1.2246467991473532e-16,-1.0,0.4559066935084588,-0.8900275764346767,6.8738,7.2552,7.117,7.255742857142857,7.186143333333334
2023-06-05,6.9403,29.85,71.39,33.95,2.2,2.68,6,156,2,1.2246467991473532e-16,-1.0,0.440518784350495,-0.8977433935342337,6.4961,6.8738,7.3327,7.1670428571428575,7.163383333333333
2023-06-06,7.0406,30.8,67.22,30.92,2.37,0.2,6,157,2,1.2246467991473532e-16,-1.0,0.42500033996955416,-0.9051931898913974,6.9403,6.4961,7.2413,7.110985714285714,7.1639333333333335
2023-06-07,7.2847,30.67,67.33,21.35,2.4,0.18,6,158,2,1.2246467991473532e-16,-1.0,0.4093559588156213,-0.9123747579707273,7.0406,6.9403,7.379,7.082314285714285,7.191123333333334
2023-06-08,6.931,31.32,66.31,38.53,2.17,0.13,6,159,2,1.2246467991473532e-16,-1.0,0.39359027665646673,-0.9192859697186104,7.2847,7.0406,7.5912,7.068842857142856,7.225883333333333
2023-06-09,7.099,30.84,70.11,31.96,3.08,2.95,6,160,2,1.2246467991473532e-16,-1.0,0.3777079652039649,-0.9259247771938498,6.931,7.2847,7.2552,6.974528571428571,7.245620000000001
2023-06-10,7.1854,30.89,70.06,34.21,4.54,3.67,6,161,2,1.2246467991473532e-16,-1.0,0.36171373072976765,-0.9322892131745133,7.099,6.931,6.8738,6.952214285714286,7.256469999999999
2023-06-11,5.8279,31.08,65.9,64.04,5.84,0.67,6,162,2,1.2246467991473532e-16,-1.0,0.3456123126707335,-0.9383773917408641,7.1854,7.099,6.4961,6.996728571428571,7.2574
2023-06-12,5.5226,31.06,65.33,82.46,6.66,6.14,6,163,2,1.2246467991473532e-16,-1.0,0.3294084822245304,-0.9441875088341993,5.8279,7.1854,6.9403,6.9012714285714285,7.208286666666666
2023-06-13,5.531,30.41,68.85,79.46,6.0,2.62,6,164,2,1.2246467991473532e-16,-1.0,0.3131070409358269,-0.9497178427914316,5.5226,5.8279,7.0406,6.698742857142856,7.145693333333333
2023-06-14,5.9731,30.44,69.54,74.52,6.02,10.22,6,165,2,1.2246467991473532e-16,-1.0,0.29671281927349075,-0.9549667548552551,5.531,5.5226,7.2847,6.483085714285714,7.076276666666667
2023-06-15,6.0278,30.3,71.44,69.67,6.1,3.32,6,166,2,1.2246467991473532e-16,-1.0,0.28023067519921585,-0.9599326896597447,5.9731,5.531,6.931,6.295714285714285,7.0284033333333324
2023-06-16,4.2389,30.27,73.47,93.13,6.65,2.52,6,167,2,1.2246467991473532e-16,-1.0,0.26366549272800704,-0.9646141756912435,6.0278,5.9731,7.099,6.166685714285713,6.985376666666667
2023-06-17,5.4046,29.98,74.15,96.12,5.52,1.75,6,168,2,1.2246467991473532e-16,-1.0,0.24702218048093552,-0.9690098257244062,4.2389,6.0278,7.1854,5.7581,6.873496666666667
2023-06-18,5.471,29.82,74.36,98.42,4.35,0.6,6,169,2,1.2246467991473532e-16,-1.0,0.23030567023061221,-0.9731183372332619,5.4046,4.2389,5.8279,5.5037,6.80097
2023-06-19,5.4197,29.93,73.52,97.04,3.66,0.3,6,170,2,1.2246467991473532e-16,-1.0,0.21352091543979612,-0.9769384927771817,5.471,5.4046,5.5226,5.452714285714285,6.733256666666667
2023-06-20,5.9825,30.1,73.31,62.18,3.57,0.37,6,171,2,1.2246467991473532e-16,-1.0,0.19667288979357647,-0.980469160361632,5.4197,5.471,5.531,5.438014285714286,6.666386666666667
2023-06-21,5.9016,29.99,72.87,69.6,3.22,0.38,6,172,2,1.2246467991473532e-16,-1.0,0.1797665857255624,-0.9837092937736097,5.9825,5.4197,5.9731,5.502514285714286,6.619876666666666
2023-06-22,6.2304,29.93,73.01,86.86,3.14,1.49,6,173,2,1.2246467991473532e-16,-1.0,0.16280701293851715,-0.986657932891657,5.9016,5.9825,6.0278,5.4923,6.574613333333333
2023-06-23,6.5333,29.89,72.31,70.2,3.13,2.76,6,174,2,1.2246467991473532e-16,-1.0,0.1457991969198751,-0.9893142039703663,6.2304,5.9016,4.2389,5.521242857142858,6.541006666666666
2023-06-24,4.4722,28.09,84.46,98.72,2.91,55.03,6,175,2,1.2246467991473532e-16,-1.0,0.12874817745258132,-0.99167731989929,6.5333,6.2304,5.4046,5.8490142857142855,6.513823333333333
2023-06-25,2.6822,27.97,84.09,99.32,2.38,48.76,6,176,2,1.2246467991473532e-16,-1.0,0.11165900712169512,-0.993746580436178,4.4722,6.5333,5.471,5.715814285714286,6.4127833333333335
2023-06-26,1.6526,27.25,84.99,99.9,2.78,60.95,6,177,2,1.2246467991473532e-16,-1.0,0.09453674981719912,-0.9955213724144752,2.6822,4.4722,5.4197,5.317414285714286,6.265516666666667
2023-06-27,2.5222,26.25,87.71,99.78,2.44,64.05,6,178,2,1.2246467991473532e-16,-1.0,0.07738647923346301,-0.9970011699250151,1.6526,2.6822,5.9825,4.779257142857142,6.087956666666667
2023-06-28,0.9487,27.11,87.84,99.74,4.65,55.61,6,179,2,1.2246467991473532e-16,-1.0,0.06021327736579302,-0.9981855344718586,2.5222,1.6526,5.9016,4.284928571428572,5.934796666666667
2023-06-29,2.4706,26.83,84.97,99.93,4.41,20.18,6,180,2,1.2246467991473532e-16,-1.0,0.04302223300453059,-0.99907411510223,0.9487,2.5222,6.2304,3.5773714285714284,5.7219966666666675
2023-06-30,1.1882,26.79,90.88,99.88,4.57,98.85,6,181,2,1.2246467991473532e-16,-1.0,0.02581844022713308,-0.9996666485105112,2.4706,0.9487,6.5333,3.040257142857143,5.562973333333333
2023-07-01,1.4683,27.0,89.98,98.88,4.56,37.16,7,182,2,-0.4999999999999997,-0.8660254037844388,0.008606996888688698,-0.9999629591162655,1.1882,2.4706,4.4722,2.2766714285714285,5.356613333333333
2023-07-02,3.0977,27.56,88.65,96.25,4.26,26.88,7,183,2,-0.4999999999999997,-0.8660254037844388,-0.008606996888688009,-0.9999629591162655,1.4683,1.1882,2.6822,1.8475428571428572,5.152516666666667
2023-07-03,5.2339,27.63,89.9,96.98,3.67,40.78,7,184,2,-0.4999999999999997,-0.8660254037844388,-0.02581844022713239,-0.9996666485105112,3.0977,1.4683,1.6526,1.9069,5.013933333333333
2023-07-04,2.581,27.26,91.89,99.89,3.1,33.35,7,185,2,-0.4999999999999997,-0.8660254037844388,-0.04302223300453034,-0.99907411510223,5.2339,3.0977,2.5222,2.4185142857142856,4.95927
2023-07-05,2.5968,27.05,90.24,99.24,3.16,18.17,7,186,2,-0.4999999999999997,-0.8660254037844388,-0.060213277365792774,-0.9981855344718586,2.581,5.2339,0.9487,2.4269142857142856,4.828766666666667
2023-07-06,3.1171,26.59,91.41,98.71,3.2,41.31,7,187,2,-0.4999999999999997,-0.8660254037844388,-0.07738647923346322,-0.9970011699250151,2.5968,2.581,2.4706,2.662357142857143,4.683983333333333
2023-07-07,4.3145,27.11,93.43,99.18,5.05,58.42,7,188,2,-0.4999999999999997,-0.8660254037844388,-0.09453674981719933,-0.9955213724144752,3.1171,2.5968,1.1882,2.754714285714286,4.5531999999999995
2023-07-08,4.8626,27.09,89.74,82.31,5.24,24.86,7,189,2,-0.4999999999999997,-0.8660254037844388,-0.11165900712169444,-0.9937465804361781,4.3145,3.1171,1.4683,3.2013285714285717,4.4541933333333334
2023-07-09,3.503,26.84,89.38,95.87,4.74,13.56,7,190,2,-0.4999999999999997,-0.8660254037844388,-0.12874817745258066,-0.99167731989929,4.8626,4.3145,3.0977,3.686228571428572,4.385246666666666
2023-07-10,5.2447,26.98,88.89,77.78,3.84,6.49,7,191,2,-0.4999999999999997,-0.8660254037844388,-0.14579919691987442,-0.9893142039703664,3.503,4.8626,5.2339,3.7441285714285715,4.2653799999999995
2023-07-11,4.1304,26.95,88.96,85.78,3.35,5.06,7,192,2,-0.4999999999999997,-0.8660254037844388,-0.16280701293851646,-0.9866579328916572,5.2447,3.503,2.581,3.7456714285714283,4.20069
2023-07-12,2.8644,27.05,89.6,99.76,2.71,8.38,7,193,2,-0.4999999999999997,-0.8660254037844388,-0.17976658572556214,-0.9837092937736098,4.1304,5.2447,2.5968,3.967014285714286,4.144106666666667
2023-07-13,4.4095,27.02,89.12,98.47,2.72,23.03,7,194,2,-0.4999999999999997,-0.8660254037844388,-0.19667288979357622,-0.9804691603616321,2.8644,4.1304,3.1171,4.005242857142856,4.055499999999999
2023-07-14,2.4456,27.05,90.31,99.48,3.24,30.68,7,195,2,-0.4999999999999997,-0.8660254037844388,-0.2135209154397959,-0.9769384927771817,4.4095,2.8644,4.3145,4.189871428571428,4.018116666666667
2023-07-15,4.1815,27.03,89.76,99.46,3.57,14.66,7,196,2,-0.4999999999999997,-0.8660254037844388,-0.23030567023061196,-0.973118337233262,2.4456,4.4095,4.8626,3.9228857142857145,3.9005333333333336
2023-07-16,3.3175,26.84,91.59,98.97,3.47,25.31,7,197,2,-0.4999999999999997,-0.8660254037844388,-0.24702218048093527,-0.9690098257244063,4.1815,2.4456,3.503,3.8255857142857144,3.8389900000000003
2023-07-17,2.3395,26.91,90.12,99.86,4.04,52.73,7,198,2,-0.4999999999999997,-0.8660254037844388,-0.2636654927280072,-0.9646141756912435,3.3175,4.1815,5.2447,3.799085714285714,3.8082766666666665
2023-07-18,1.8374,26.62,92.45,99.73,4.93,129.54,7,199,2,-0.4999999999999997,-0.8660254037844388,-0.2802306751992161,-0.9599326896597445,2.3395,3.3175,4.1304,3.384057142857143,3.7061066666666664
2023-07-19,1.0018,26.36,92.73,99.64,5.12,136.7,7,200,2,-0.4999999999999997,-0.8660254037844388,-0.2967128192734901,-0.9549667548552553,1.8374,2.3395,2.8644,3.056485714285714,3.5849866666666665
2023-07-20,2.6976,26.23,92.97,98.71,5.14,63.91,7,201,2,-0.4999999999999997,-0.8660254037844388,-0.3131070409358267,-0.9497178427914317,1.0018,1.8374,4.4095,2.7903999999999995,3.437723333333333
2023-07-21,2.7026,25.9,93.01,99.63,4.13,78.36,7,202,2,-0.4999999999999997,-0.8660254037844388,-0.3294084822245302,-0.9441875088341994,2.6976,1.0018,2.4456,2.5458428571428575,3.3282266666666667
2023-07-22,1.8326,25.89,93.97,99.66,4.33,60.22,7,203,2,-0.4999999999999997,-0.8660254037844388,-0.3456123126707333,-0.9383773917408642,2.7026,2.6976,4.1815,2.582557142857143,3.2215933333333333
2023-07-23,3.1332,26.51,92.77,99.56,5.0,48.71,7,204,2,-0.4999999999999997,-0.8660254037844388,-0.3617137307297674,-0.9322892131745134,1.8326,2.7026,3.3175,2.247,3.075
2023-07-24,3.5729,26.58,92.2,99.44,4.78,61.74,7,205,2,-0.4999999999999997,-0.8660254037844388,-0.37770796520396466,-0.9259247771938499,3.1332,1.8326,2.3395,2.220671428571429,2.9616633333333335
2023-07-25,3.1829,26.07,93.85,99.76,3.85,60.93,7,206,2,-0.4999999999999997,-0.8660254037844388,-0.39359027665646645,-0.9192859697186105,3.5729,3.1332,1.8374,2.3968714285714285,2.9316866666666668
2023-07-26,1.9342,26.16,93.55,99.78,4.15,112.09,7,207,2,-0.4999999999999997,-0.8660254037844388,-0.4093559588156211,-0.9123747579707274,3.1829,3.5729,1.0018,2.5890857142857144,2.9483766666666664
2023-07-27,1.4894,26.18,93.2,99.71,4.55,80.52,7,208,2,-0.4999999999999997,-0.8660254037844388,-0.42500033996955394,-0.9051931898913975,1.9342,3.1829,2.6976,2.7222857142857144,2.9577633333333333
2023-07-28,2.4101,26.27,92.03,99.99,4.47,52.54,7,209,2,-0.4999999999999997,-0.8660254037844388,-0.4405187843504952,-0.8977433935342336,1.4894,1.9342,2.7026,2.5496857142857143,2.9233366666666667
2023-07-29,3.7253,26.31,90.8,94.57,4.34,25.27,7,210,2,-0.4999999999999997,-0.8660254037844388,-0.455906693508459,-0.8900275764346766,2.4101,1.4894,1.8326,2.5079,2.9720500000000003
2023-07-30,4.9572,26.2,91.69,85.8,4.23,18.35,7,211,2,-0.4999999999999997,-0.8660254037844388,-0.47115950767386394,-0.8820480249558535,3.7253,2.4101,3.1332,2.7782857142857145,3.0138733333333336
2023-07-31,4.2034,26.45,91.64,83.23,4.5,15.75,7,212,2,-0.4999999999999997,-0.8660254037844388,-0.4862727071086902,-0.8738071036110807,4.9572,3.7253,3.5729,3.0388571428571427,3.139506666666667
2023-08-01,2.9172,26.35,91.56,95.39,4.71,16.14,8,213,2,-0.8660254037844384,-0.5000000000000004,-0.5012418134457756,-0.8653072543632061,4.2034,4.9572,3.1829,3.1289285714285717,3.2306766666666666
2023-08-02,2.7101,26.03,91.66,99.94,4.44,7.61,8,214,2,-0.8660254037844384,-0.5000000000000004,-0.5160623910158526,-0.8565509959010037,2.9172,4.2034,1.9342,3.0909714285714287,3.22466
2023-08-03,3.2702,26.02,90.48,99.6,4.27,5.84,8,215,2,-0.8660254037844384,-0.5000000000000004,-0.5307300481619331,-0.8475409228928312,2.7101,2.9172,1.4894,3.2018142857142857,3.140533333333333
2023-08-04,3.0662,26.36,90.24,99.41,4.51,13.43,8,216,2,-0.8660254037844384,-0.5000000000000004,-0.5452404385406507,-0.8382797052177745,3.2702,2.7101,2.4101,3.4562142857142857,3.163506666666667
2023-08-05,4.1035,26.13,90.23,97.76,4.05,8.19,8,217,2,-0.8660254037844384,-0.5000000000000004,-0.5595892624101763,-0.828770087174504,3.0662,3.2702,3.7253,3.5499428571428573,3.1791533333333333
2023-08-06,3.5479,26.06,89.87,97.38,4.22,5.59,8,218,2,-0.8660254037844384,-0.5000000000000004,-0.5737722679043243,-0.8190148866680802,4.1035,3.0662,4.9572,3.603971428571429,3.212033333333333
2023-08-07,3.7476,25.96,89.58,99.84,4.09,3.39,8,219,2,-0.8660254037844384,-0.5000000000000004,-0.5877852522924734,-0.8090169943749472,3.5479,4.1035,4.2034,3.4026428571428573,3.18648
2023-08-08,3.9326,26.17,89.06,99.45,3.98,4.73,8,220,2,-0.8660254037844384,-0.5000000000000004,-0.6016240632249227,-0.7987793728863648,3.7476,3.5479,2.9172,3.337528571428571,3.149313333333333
2023-08-09,4.4302,26.12,90.39,94.58,3.16,5.86,8,221,2,-0.8660254037844384,-0.5000000000000004,-0.6152845999633277,-0.7883050558305253,3.9326,3.7476,2.7101,3.4825857142857144,3.163633333333333
2023-08-10,5.2265,26.0,90.12,69.75,2.91,9.57,8,222,2,-0.8660254037844384,-0.5000000000000004,-0.6287628145958345,-0.7775971469736268,4.4302,3.9326,3.2702,3.7283142857142857,3.1364833333333335
2023-08-11,5.2046,26.32,87.94,65.96,2.83,4.05,8,223,2,-0.8660254037844384,-0.5000000000000004,-0.6420547132365636,-0.7666588193001592,5.2265,4.4302,3.0662,4.007785714285714,3.1730199999999997
2023-08-12,5.0035,26.13,87.7,78.74,3.1,4.83,8,224,2,-0.8660254037844384,-0.5000000000000004,-0.655156357209085,-0.7554933140726804,5.2046,5.2265,4.1035,4.313271428571428,3.2510266666666667
2023-08-13,5.4043,25.74,89.2,84.58,3.28,5.99,8,225,2,-0.8660254037844384,-0.5000000000000004,-0.6680638642135333,-0.7441039398713608,5.0035,5.2046,3.5479,4.4418428571428565,3.2708266666666663
2023-08-14,4.8168,25.92,88.41,96.92,3.33,2.91,8,226,2,-0.8660254037844384,-0.5000000000000004,-0.6807734094770159,-0.7324940716135792,5.4043,5.0035,3.7476,4.7070428571428575,3.36945
2023-08-15,4.7635,26.09,87.29,91.91,3.09,2.44,8,227,2,-0.8660254037844384,-0.5000000000000004,-0.6932812268869771,-0.7206671495538615,4.8168,5.4043,3.9326,4.859785714285715,3.390626666666667
2023-08-16,5.1703,26.13,87.73,68.73,2.77,3.93,8,228,2,-0.8660254037844384,-0.5000000000000004,-0.7055836101071774,-0.70862667826446,4.7635,4.8168,4.4302,4.978485714285715,3.4388266666666665
2023-08-17,5.1787,26.2,87.82,79.0,2.83,2.77,8,229,2,-0.8660254037844384,-0.5000000000000004,-0.7176769136759615,-0.6963762255968726,5.1703,4.7635,5.2265,5.084214285714286,3.5331866666666665
2023-08-18,4.6387,26.09,88.29,92.69,3.02,2.64,8,230,2,-0.8660254037844384,-0.5000000000000004,-0.7295575540864876,-0.6839194216246104,5.1787,5.1703,5.2046,5.077385714285714,3.644563333333333
2023-08-19,3.3274,26.44,88.07,99.19,3.34,6.83,8,231,2,-0.8660254037844384,-0.5000000000000004,-0.7412220108485957,-0.6712599575675315,4.6387,5.1787,5.0035,4.996542857142857,3.7657933333333333
2023-08-20,3.1872,26.32,88.64,85.06,3.28,8.01,8,232,2,-0.8660254037844384,-0.5000000000000004,-0.7526668275320083,-0.6584015846980489,3.3274,4.6387,5.4043,4.7571,3.7867866666666665
2023-08-21,5.8435,26.13,87.58,67.27,2.65,4.27,8,233,2,-0.8660254037844384,-0.5000000000000004,-0.7638886127905429,-0.64534811322955,3.1872,3.3274,4.8168,4.440371428571429,3.80294
2023-08-22,3.0722,26.19,88.66,98.13,2.67,9.25,8,234,2,-0.8660254037844384,-0.5000000000000004,-0.7748840413670406,-0.6321034111873488,5.8435,3.1872,4.7635,4.5870428571428565,3.9366366666666663
2023-08-23,4.2367,26.32,89.56,97.32,2.79,6.84,8,235,2,-0.8660254037844384,-0.5000000000000004,-0.7856498550787144,-0.6186714032625032,3.0722,5.8435,5.1703,4.345428571428571,3.9346033333333335
2023-08-24,5.1161,26.7,89.74,85.11,3.17,12.16,8,236,2,-0.8660254037844384,-0.5000000000000004,-0.7961828637826154,-0.6050560696488494,4.2367,3.0722,5.1787,4.212057142857143,3.95673
2023-08-25,4.9978,26.95,89.63,79.5,3.3,17.75,8,237,2,-0.8660254037844384,-0.5000000000000004,-0.8064799463209447,-0.5912614448635782,5.1161,4.2367,4.6387,4.203114285714286,4.021170000000001
2023-08-26,5.124,26.81,89.06,85.6,3.4,19.21,8,238,2,-0.8660254037844384,-0.5000000000000004,-0.8165380514459157,-0.5772916165517278,4.9978,5.1161,3.3274,4.254414285714286,4.12329
2023-08-27,4.9025,26.79,88.54,76.09,3.14,18.6,8,239,2,-0.8660254037844384,-0.5000000000000004,-0.8263541987239094,-0.5631507242749187,5.124,4.9978,3.1872,4.511071428571428,4.244443333333333
2023-08-28,5.8654,26.22,90.29,58.6,2.52,10.12,8,240,2,-0.8660254037844384,-0.5000000000000004,-0.8359254794186365,-0.5488429582847199,4.9025,5.124,5.8435,4.756114285714285,4.327523333333333
2023-08-29,6.0612,26.37,87.35,42.88,1.97,1.43,8,241,2,-0.8660254037844384,-0.5000000000000004,-0.8452490573530634,-0.5343725582809785,5.8654,4.9025,3.0722,4.7592428571428576,4.39886
2023-08-30,6.4999,26.58,85.33,24.34,1.52,0.25,8,242,2,-0.8660254037844384,-0.5000000000000004,-0.8543221697498269,-0.5197438121555157,6.0612,5.8654,4.2367,5.186242857142857,4.4356599999999995
2023-08-31,6.5986,26.63,86.41,19.86,1.56,0.28,8,243,2,-0.8660254037844384,-0.5000000000000004,-0.8631421280499115,-0.5049610547215202,6.4999,6.0612,5.1161,5.509557142857143,4.51221
2023-09-01,6.2606,26.94,87.1,37.47,1.72,10.61,9,244,2,-1.0,-1.8369701987210297e-16,-0.8717063187093217,-0.4900286664290594,6.5986,6.4999,4.9978,5.721342857142857,4.634923333333333
2023-09-02,2.8027,25.86,90.45,95.5,2.04,23.17,9,245,2,-1.0,-1.8369701987210297e-16,-0.8800122039735356,-0.4749510720670502,6.2606,6.5986,5.124,5.901742857142858,4.753273333333334
2023-09-03,1.7134,26.19,87.68,98.82,2.02,3.75,9,246,2,-1.0,-1.8369701987210297e-16,-0.888057322629493,-0.4597327394521046,2.8027,6.2606,4.9025,5.570128571428571,4.73769
2023-09-04,6.1188,26.06,87.53,49.12,2.26,1.19,9,247,2,-1.0,-1.8369701987210297e-16,-0.8958392907349089,-0.4443781781046134,1.7134,2.8027,5.8654,5.114542857142857,4.692596666666666
2023-09-05,6.0948,26.16,86.33,44.56,2.06,0.67,9,248,2,-1.0,-1.8369701987210297e-16,-0.9033558023246842,-0.4288919379124841,6.1188,1.7134,6.0612,5.150742857142857,4.7597733333333325
2023-09-06,5.7226,26.25,88.92,74.89,2.57,3.23,9,249,2,-1.0,-1.8369701987210297e-16,-0.9106046300942162,-0.41327860778290443,6.0948,6.1188,6.4999,5.155542857142858,4.84467
2023-09-07,2.0042,25.75,92.71,98.72,3.45,69.38,9,250,2,-1.0,-1.8369701987210297e-16,-0.9175836260593934,-0.3975428142825566,5.7226,6.0948,6.5986,5.0445,4.910503333333334
2023-09-08,1.091,26.26,92.93,99.86,3.88,66.91,9,251,2,-1.0,-1.8369701987210297e-16,-0.9242907221930934,-0.3816892202666586,2.0042,5.7226,6.2606,4.3881571428571435,4.8462233333333335
2023-09-09,3.2986,26.76,91.55,99.56,3.31,14.62,9,252,2,-1.0,-1.8369701987210297e-16,-0.9307239310379793,-0.3657225234972692,1.091,2.0042,2.8027,3.6496428571428576,4.734916666666666
2023-09-10,5.1163,27.02,90.72,96.47,2.85,5.8,9,253,2,-1.0,-1.8369701987210297e-16,-0.9368813462954315,-0.34964745525122826,3.2986,1.091,1.7134,3.720485714285714,4.670653333333334
2023-09-11,5.9366,26.87,89.74,46.83,3.02,3.58,9,254,2,-1.0,-1.8369701987210297e-16,-0.9427611433904206,-0.33346877891818705,5.1163,3.2986,6.1188,4.206614285714286,4.6677100000000005
2023-09-12,5.6254,26.54,88.44,59.43,2.43,1.38,9,255,2,-1.0,-1.8369701987210297e-16,-0.9483615800121716,-0.31719128858910595,5.9366,5.1163,6.0948,4.180585714285714,4.698813333333334
2023-09-13,5.8644,26.31,88.64,36.79,2.43,4.79,9,256,2,-1.0,-1.8369701987210297e-16,-0.9536809966304455,-0.300819807635668,5.6254,5.9366,5.7226,4.113528571428572,4.706183333333333
2023-09-14,5.2826,26.48,87.4,61.0,1.78,6.99,9,257,2,-1.0,-1.8369701987210297e-16,-0.9587178169872964,-0.2843591872810036,5.8644,5.6254,2.0042,4.133785714285715,4.741103333333333
2023-09-15,4.8182,26.66,88.49,91.8,1.89,2.06,9,258,2,-1.0,-1.8369701987210297e-16,-0.9634705485641486,-0.26781430516217486,5.2826,5.8644,1.091,4.602128571428572,4.758406666666668
2023-09-16,2.4002,26.63,91.14,99.62,2.81,7.68,9,259,2,-1.0,-1.8369701987210297e-16,-0.9679377830240642,-0.25119006388481957,4.8182,5.2826,3.2986,5.134585714285714,4.74667
2023-09-17,3.6274,27.13,89.42,97.48,3.51,9.28,9,260,2,-1.0,-1.8369701987210297e-16,-0.9721181966290612,-0.23449138957041052,2.4002,4.8182,5.1163,5.006242857142857,4.6540533333333345
2023-09-18,4.2146,27.14,89.08,97.48,3.83,16.68,9,261,2,-1.0,-1.8369701987210297e-16,-0.9760105506323682,-0.21772323039653224,3.6274,2.4002,5.9366,4.7935428571428575,4.620343333333334
2023-09-19,5.4893,27.13,88.69,63.36,3.61,12.85,9,262,2,-1.0,-1.8369701987210297e-16,-0.9796136916454901,-0.20089055513063528,4.2146,3.6274,5.6254,4.547542857142857,4.649916666666667
2023-09-20,4.645,27.19,90.8,85.83,3.28,18.3,9,263,2,-1.0,-1.8369701987210297e-16,-0.9829265519799822,-0.18399835165767986,5.4893,4.2146,5.8644,4.5281,4.726653333333334
2023-09-21,3.4606,26.93,92.2,97.87,2.04,31.49,9,264,2,-1.0,-1.8369701987210297e-16,-0.9859481499638303,-0.1670516255021195,4.645,5.4893,5.2826,4.3539,4.686703333333333
2023-09-22,3.5798,26.7,91.06,98.72,1.62,17.51,9,265,2,-1.0,-1.8369701987210297e-16,-0.9886775902323404,-0.15005539834465262,3.4606,4.645,4.8182,4.093614285714286,4.69965
2023-09-23,2.8394,26.13,93.22,99.78,1.75,32.05,9,266,2,-1.0,-1.8369701987210297e-16,-0.9911140639934546,-0.13301470653419636,3.5798,3.4606,2.4002,3.9166999999999996,4.677753333333333
2023-09-24,2.8217,25.92,91.28,97.59,1.81,13.16,9,267,2,-1.0,-1.8369701987210297e-16,-0.9932568492674143,-0.11593459959550066,2.8394,3.5798,3.6274,3.9794428571428573,4.601863333333333
2023-09-25,3.7678,26.02,91.69,83.38,1.92,14.84,9,268,2,-1.0,-1.8369701987210297e-16,-0.9951053111006974,-0.09882013873287211,2.8217,2.8394,4.2146,3.8643428571428573,4.529326666666667
2023-09-26,5.4751,26.09,91.69,65.46,1.61,19.45,9,269,2,-1.0,-1.8369701987210297e-16,-0.99665890175417,-0.08167639533042288,3.7678,2.8217,5.4893,3.8005142857142853,4.48412
2023-09-27,3.9962,26.76,91.89,94.79,2.14,20.73,9,270,2,-1.0,-1.8369701987210297e-16,-0.9979171608653922,-0.06450844944931625,5.4751,3.7678,4.645,3.7984857142857145,4.503206666666667
2023-09-28,3.3838,27.18,90.49,98.63,1.92,17.43,9,271,2,-1.0,-1.8369701987210297e-16,-0.9988797155850335,-0.04732138832243232,3.9962,5.4751,3.4606,3.7058000000000004,4.4409
2023-09-29,3.8328,27.71,86.97,95.14,1.93,16.05,9,272,2,-1.0,-1.8369701987210297e-16,-0.9995462806873573,-0.03012030484690836,3.3838,3.9962,3.5798,3.694828571428571,4.351653333333333
2023-09-30,4.3078,27.24,90.18,94.15,2.11,18.01,9,273,2,-1.0,-1.8369701987210297e-16,-0.9999166586547379,-0.012910296075008843,3.8328,3.3838,2.8394,3.730971428571429,4.26275
2023-10-01,4.1239,26.72,92.56,98.36,2.23,13.51,10,274,3,-0.8660254037844386,0.5000000000000001,-0.9999907397361901,0.004303538296243821,4.3078,3.8328,2.8217,3.9407428571428573,4.18639
2023-10-02,4.6171,26.33,88.89,71.3,1.79,10.45,10,275,3,-0.8660254037844386,0.5000000000000001,-0.9997685019798909,0.021516097436222233,4.1239,4.3078,3.7678,4.126771428571429,4.115166666666666
2023-10-03,5.61,26.24,85.85,35.83,1.32,0.01,10,276,3,-0.8660254037844386,0.5000000000000001,-0.9992500112396835,0.03872228089217399,4.6171,4.1239,5.4751,4.2481,4.175646666666667
2023-10-04,5.9194,26.26,86.57,28.98,1.39,0.0,10,277,3,-0.8660254037844386,0.5000000000000001,-0.9984354211555643,0.05591699010060302,5.61,4.6171,3.9962,4.267371428571429,4.305533333333333
2023-10-05,5.8812,25.82,87.03,25.6,1.56,0.01,10,278,3,-0.8660254037844386,0.5000000000000001,-0.9973249731081555,0.07309512989807776,5.9194,5.61,3.3838,4.542114285714286,4.298886666666666
2023-10-06,5.7329,26.09,85.84,16.32,1.39,0.04,10,279,3,-0.8660254037844386,0.5000000000000001,-0.9959189961471792,0.0902516100310407,5.8812,5.9194,3.8328,4.898885714285714,4.291766666666666
2023-10-07,5.7221,26.49,86.21,32.33,1.51,0.0,10,280,3,-0.8660254037844386,0.5000000000000001,-0.994217906893952,0.10738134666416306,5.7329,5.8812,4.3078,5.170328571428571,4.292109999999999
2023-10-08,5.357,27.15,83.12,9.93,1.47,0.0,10,281,3,-0.8660254037844386,0.5000000000000001,-0.9922222094179324,0.12447926388678869,5.7221,5.7329,4.1239,5.372371428571428,4.41604
2023-10-09,5.6599,26.84,82.8,11.88,1.64,0.0,10,282,3,-0.8660254037844386,0.5000000000000001,-0.989932495087353,0.141540295217043,5.357,5.7221,4.6171,5.548528571428571,4.55824
2023-10-10,5.7516,25.99,83.43,14.28,1.95,0.0,10,283,3,-0.8660254037844386,0.5000000000000001,-0.9873494423939864,0.15855938510313475,5.6599,5.357,5.61,5.6975,4.63695
2023-10-11,5.6904,26.17,81.64,30.49,1.58,0.0,10,284,3,-0.8660254037844386,0.5000000000000001,-0.9844738167520923,0.17553149042142777,5.7516,5.6599,5.9194,5.717728571428571,4.658126666666666
2023-10-12,5.34,27.44,77.74,22.7,1.43,0.0,10,285,3,-0.8660254037844386,0.5000000000000001,-0.9813064702716093,0.19245158197082995,5.6904,5.7516,5.8812,5.685014285714286,4.64992
2023-10-13,5.2212,27.74,76.37,22.49,1.69,0.05,10,286,3,-0.8660254037844386,0.5000000000000001,-0.9778483415056567,0.20931464596304888,5.34,5.6904,5.7329,5.6076999999999995,4.640406666666666
2023-10-14,5.2123,27.78,72.26,16.72,1.29,0.08,10,287,3,-0.8660254037844386,0.5000000000000001,-0.9741004551724206,0.22611568550828803,5.2212,5.34,5.7221,5.5346,4.618966666666667
2023-10-15,5.1062,27.44,77.19,6.24,1.4,0.21,10,288,3,-0.8660254037844386,0.5000000000000001,-0.970063921851507,0.2428497220959358,5.2123,5.2212,5.357,5.461771428571429,4.616623333333334
2023-10-16,4.344,27.76,76.57,34.31,1.38,0.4,10,289,3,-0.8660254037844386,0.5000000000000001,-0.965739937654855,0.25951179706979943,5.1062,5.2123,5.6599,5.425942857142857,4.626223333333334
2023-10-17,4.8386,27.63,75.47,17.71,1.3,0.45,10,290,3,-0.8660254037844386,0.5000000000000001,-0.9611297838723007,0.27609697309746883,4.344,5.1062,5.7516,5.237957142857143,4.691016666666667
2023-10-18,4.9476,26.96,77.28,7.89,2.0,0.04,10,291,3,-0.8660254037844386,0.5000000000000001,-0.9562348265919058,0.2926003356333479,4.8386,4.344,5.6904,5.107528571428571,4.73139
2023-10-19,5.2286,27.04,75.36,8.15,1.66,0.01,10,292,3,-0.8660254037844386,0.5000000000000001,-0.9510565162951536,0.30901699437494723,4.9476,4.8386,5.34,5.001414285714286,4.755823333333334
2023-10-20,4.5264,27.72,74.32,17.22,1.53,0.02,10,293,3,-0.8660254037844386,0.5000000000000001,-0.9455963874271428,0.3253420847119795,5.2286,4.9476,5.2212,4.9855,4.747133333333334
2023-10-21,4.6495,27.46,76.12,23.88,1.77,0.01,10,294,3,-0.8660254037844386,0.5000000000000001,-0.9398560579418953,0.341570769167856,4.5264,5.2286,5.2123,4.886242857142856,4.74318
2023-10-22,4.925,27.48,77.2,55.32,1.51,0.05,10,295,3,-0.8660254037844386,0.5000000000000001,-0.9338372288229252,0.35769823883312546,4.6495,4.5264,5.1062,4.805842857142857,4.78281
2023-10-23,4.9526,26.83,73.63,23.54,1.68,0.0,10,296,3,-0.8660254037844386,0.5000000000000001,-0.9275416835791965,0.3737197147904692,4.925,4.6495,4.344,4.779957142857143,4.82765
2023-10-24,4.9111,26.68,73.59,20.19,1.79,0.0,10,297,3,-0.8660254037844386,0.5000000000000001,-0.9209712877166347,0.38963044953078774,4.9526,4.925,4.8386,4.8669,4.89809
2023-10-25,5.113,25.92,71.17,19.2,2.15,0.0,10,298,3,-0.8660254037844386,0.5000000000000001,-0.9141279881853337,0.4054257283599973,4.9111,4.9526,4.9476,4.877257142857142,4.967736666666667
2023-10-26,5.123,25.32,65.69,15.29,2.56,0.0,10,299,3,-0.8660254037844386,0.5000000000000001,-0.9070138128026362,0.42110087079608916,5.113,4.9111,5.2286,4.900885714285715,5.012576666666666
2023-10-27,5.261,24.73,64.9,14.48,2.25,0.0,10,300,3,-0.8660254037844386,0.5000000000000001,-0.8996308696522434,0.4366512319560638,5.123,5.113,4.5264,4.885800000000001,5.000839999999999
2023-10-28,5.1072,25.12,64.73,14.57,2.02,0.0,10,301,3,-0.8660254037844386,0.5000000000000001,-0.8919813464595487,0.45207220393230374,5.261,5.123,4.6495,4.990742857142857,5.043
2023-10-29,4.9639,25.26,63.93,17.96,1.77,0.0,10,302,3,-0.8660254037844386,0.5000000000000001,-0.8840675099433637,0.46735921715800205,5.1072,5.261,4.925,5.056128571428572,5.100446666666667
2023-10-30,4.9454,25.0,65.25,44.13,2.34,0.0,10,303,3,-0.8660254037844386,0.5000000000000001,-0.8758917051442433,0.48250774176121763,4.9639,5.1072,4.9526,5.061685714285715,5.1381499999999996
2023-10-31,4.8211,24.78,67.0,30.53,2.27,0.0,10,304,3,-0.8660254037844386,0.5000000000000001,-0.8674563547295971,0.4975132889071803,4.9454,4.9639,4.9111,5.060657142857143,5.159403333333333
2023-11-01,4.913,24.59,70.12,13.66,2.23,0.0,11,305,3,-0.5000000000000004,0.8660254037844384,-0.858763958275803,0.5123714121284235,4.8211,4.9454,5.113,5.0478000000000005,5.182643333333333
2023-11-02,4.7868,24.93,69.93,10.51,2.03,0.0,11,306,3,-0.5000000000000004,0.8660254037844384,-0.8498170915275277,0.5270777086423724,4.913,4.8211,5.123,5.019228571428571,5.1925066666666675
2023-11-03,4.5408,25.31,69.14,30.35,2.14,0.0,11,307,3,-0.5000000000000004,0.8660254037844384,-0.8406184056344783,0.5416278206559811,4.7868,4.913,5.261,4.9712000000000005,5.165066666666666
2023-11-04,4.345,25.78,66.62,49.08,2.55,0.0,11,308,3,-0.5000000000000004,0.8660254037844384,-0.8311706263658079,0.5560174366570446,4.5408,4.7868,5.1072,4.868314285714286,5.119113333333333
2023-11-05,4.3277,26.29,72.09,50.56,2.37,0.01,11,309,3,-0.5000000000000004,0.8660254037844384,-0.8214765533024145,0.5702422926917867,4.345,4.5408,4.9639,4.759428571428572,5.0679066666666674
2023-11-06,4.6109,25.16,71.9,41.15,2.7,0.01,11,310,3,-0.5000000000000004,0.8660254037844384,-0.8115390590073611,0.5842981736283683,4.3277,4.345,4.9454,4.6685428571428575,5.021066666666667
2023-11-07,4.6042,25.66,76.32,37.95,2.05,0.0,11,311,3,-0.5000000000000004,0.8660254037844384,-0.801361088174677,0.5981809144059159,4.6109,4.3277,4.8211,4.620757142857143,4.984026666666667
2023-11-08,4.1657,26.07,81.78,56.68,1.92,3.53,11,312,3,-0.5000000000000004,0.8660254037844384,-0.7909456567567774,0.6118864012687242,4.6042,4.6109,4.913,4.589771428571429,4.958933333333333
2023-11-09,4.3222,26.56,82.13,32.03,1.23,0.72,11,313,3,-0.5000000000000004,0.8660254037844384,-0.780295851070776,0.6254105729852457,4.1657,4.6042,4.7868,4.483014285714286,4.909126666666667
2023-11-10,4.3224,25.68,86.64,26.12,1.77,11.2,11,314,3,-0.5000000000000004,0.8660254037844384,-0.7694148268839381,0.6387494220515268,4.3222,4.1657,4.5408,4.416642857142857,4.86148
2023-11-11,4.3219,26.08,74.28,29.38,2.17,1.33,11,315,3,-0.5000000000000004,0.8660254037844384,-0.7583058084785625,0.6518989958787125,4.3224,4.3222,4.345,4.3854428571428565,4.815880000000001
2023-11-12,4.4246,25.8,70.49,61.39,2.65,0.0,11,316,3,-0.5000000000000004,0.8660254037844384,-0.7469720876965551,0.6648553979642866,4.3219,4.3224,4.3277,4.382142857142857,4.781943333333333
2023-11-13,4.6514,24.98,70.54,38.18,2.46,0.0,11,317,3,-0.5000000000000004,0.8660254037844384,-0.7354170229639858,0.6776147890466887,4.4246,4.3219,4.6109,4.395985714285714,4.75539
2023-11-14,4.4698,24.93,67.93,26.66,1.8,0.0,11,318,3,-0.5000000000000004,0.8660254037844384,-0.7236440382959124,0.690173388242972,4.6514,4.4246,4.6042,4.401771428571428,4.736693333333333
2023-11-15,4.435,24.24,68.0,13.08,1.79,0.0,11,319,3,-0.5000000000000004,0.8660254037844384,-0.711656622281775,0.7025274741691566,4.4698,4.6514,4.1657,4.382571428571429,4.7154799999999994
2023-11-16,4.4534,24.22,66.02,12.28,1.99,0.0,11,320,3,-0.5000000000000004,0.8660254037844384,-0.6994583270516471,0.7146733860429608,4.435,4.4698,4.3222,4.421042857142857,4.718513333333333
2023-11-17,4.0632,23.92,66.33,12.83,2.22,0.0,11,321,3,-0.5000000000000004,0.8660254037844384,-0.6870527672236675,0.7266075247685652,4.4534,4.435,4.3224,4.439785714285714,4.705673333333334
2023-11-18,4.1054,24.09,68.25,12.85,1.87,0.0,11,322,3,-0.5000000000000004,0.8660254037844384,-0.6744436188329457,0.7383263540031063,4.0632,4.4534,4.3219,4.402757142857142,4.676193333333333
2023-11-19,4.0668,25.35,72.54,11.92,1.64,0.0,11,323,3,-0.5000000000000004,0.8660254037844384,-0.661634618242279,0.749826401204568,4.1054,4.0632,4.4246,4.371828571428571,4.638753333333333
2023-11-20,4.1323,26.39,70.45,24.1,2.01,0.0,11,324,3,-0.5000000000000004,0.8660254037844384,-0.6486295610349818,0.7611042586607742,4.0668,4.1054,4.6514,4.320714285714286,4.623433333333334
2023-11-21,4.2622,25.02,69.59,30.43,2.21,0.0,11,325,3,-0.5000000000000004,0.8660254037844384,-0.6354323008901775,0.7721565844991641,4.1323,4.0668,4.4698,4.246557142857143,4.606193333333334
2023-11-22,4.2886,23.82,67.69,13.83,2.37,0.0,11,326,3,-0.5000000000000004,0.8660254037844384,-0.622046748440868,0.7829801036770624,4.2622,4.1323,4.435,4.2169,4.5841
2023-11-23,4.2739,24.2,68.09,14.71,1.98,0.0,11,327,3,-0.5000000000000004,0.8660254037844384,-0.6084768701151264,0.7935716089521472,4.2886,4.2622,4.4534,4.195985714285714,4.561966666666667
2023-11-24,4.0006,26.14,72.67,18.38,2.09,0.01,11,328,3,-0.5000000000000004,0.8660254037844384,-0.594726686960764,0.8039279618328208,4.2739,4.2886,4.0632,4.170342857142858,4.540726666666667
2023-11-25,4.2506,26.83,70.86,44.77,2.25,1.59,11,329,3,-0.5000000000000004,0.8660254037844384,-0.5808002734538013,0.8140460935082175,4.0006,4.2739,4.1054,4.1613999999999995,4.503646666666667
2023-11-26,2.1449,25.79,82.77,94.87,2.38,6.62,11,330,3,-0.5000000000000004,0.8660254037844384,-0.5667017562911184,0.8239230057575536,4.2506,4.0006,4.0668,4.182142857142858,4.474566666666666
2023-11-27,3.6055,25.65,84.42,69.23,1.55,5.52,11,331,3,-0.5000000000000004,0.8660254037844384,-0.5524353131676203,0.8335557718385695,2.1449,4.2506,4.1323,3.9075857142857147,4.3706966666666665
2023-11-28,4.565,24.31,83.86,20.81,1.39,0.08,11,332,3,-0.5000000000000004,0.8660254037844384,-0.5380051715382992,0.8429415373547832,3.6055,2.1449,4.2622,3.8323285714285715,4.32064
2023-11-29,4.4218,23.3,81.23,24.28,1.3,0.0,11,333,3,-0.5000000000000004,0.8660254037844384,-0.5234156073655503,0.8520775211013093,4.565,3.6055,4.2886,3.8755857142857146,4.307343333333334
2023-11-30,4.0618,23.86,82.04,21.62,1.34,0.08,11,334,3,-0.5000000000000004,0.8660254037844384,-0.5086709438521042,0.8609610158889945,4.4218,4.565,4.2739,3.8946142857142863,4.28989
2023-12-01,4.0248,23.68,83.39,34.96,1.29,0.09,12,335,0,-2.4492935982947064e-16,1.0,-0.49377555015997737,0.8695893893466109,4.0618,4.4218,4.0006,3.864314285714286,4.26458
2023-12-02,4.3296,24.91,78.83,29.96,1.68,0.04,12,336,0,-2.4492935982947064e-16,1.0,-0.4787338401157883,0.8779600847008883,4.0248,4.0618,4.2506,3.867771428571429,4.2349733333333335
2023-12-03,4.0968,25.47,75.05,19.42,2.09,0.0,12,337,0,-2.4492935982947064e-16,1.0,-0.4635502709028512,0.8860706215341378,4.3296,4.0248,2.1449,3.8790571428571425,4.219733333333334
2023-12-04,3.8928,26.11,75.79,53.8,1.86,0.02,12,338,0,-2.4492935982947064e-16,1.0,-0.4482293417404106,0.893918596519257,4.0968,4.3296,3.6055,4.1579,4.204933333333333
2023-12-05,3.9166,25.52,71.85,44.21,1.93,0.0,12,339,0,-2.4492935982947064e-16,1.0,-0.4327755925504317,0.9015016841318838,3.8928,4.0968,4.565,4.198942857142858,4.18986
2023-12-06,3.852,24.57,72.12,14.87,2.48,0.0,12,340,0,-2.4492935982947064e-16,1.0,-0.41719360261231697,0.9088176373395028,3.9166,3.8928,4.4218,4.106314285714285,4.1761566666666665
2023-12-07,4.3454,24.46,73.0,9.05,1.76,0.01,12,341,0,-2.4492935982947064e-16,1.0,-0.4014879892059737,0.9158642882672868,3.852,3.9166,4.0618,4.024914285714286,4.15086
2023-12-08,4.3272,24.19,73.51,21.72,1.86,0.0,12,342,0,-2.4492935982947064e-16,1.0,-0.38566340624360745,0.9226395488404875,4.3454,3.852,4.0248,4.065428571428571,4.142233333333333
2023-12-09,4.6226,24.72,68.87,11.85,1.55,0.0,12,343,0,-2.4492935982947064e-16,1.0,-0.3697245428906732,0.9291414114031743,4.3272,4.3454,4.3296,4.1086285714285715,4.147616666666667
2023-12-10,4.6423,24.51,71.24,13.85,1.75,0.0,12,344,0,-2.4492935982947064e-16,1.0,-0.35367612217637207,0.935367949313148,4.6226,4.3272,4.0968,4.150485714285714,4.15763
2023-12-11,4.6529,24.28,71.95,11.89,1.39,0.0,12,345,0,-2.4492935982947064e-16,1.0,-0.33752289959411347,0.941317317512847,4.6423,4.6226,3.8928,4.228414285714286,4.168293333333334
2023-12-12,4.5242,23.46,70.28,33.98,1.38,0.0,12,346,0,-2.4492935982947064e-16,1.0,-0.32126966169236515,0.9469877530760751,4.6529,4.6423,3.9166,4.337,4.179326666666666
2023-12-13,4.3322,23.86,67.11,46.51,1.4,0.0,12,347,0,-2.4492935982947064e-16,1.0,-0.3049212246562894,0.9523775757303973,4.5242,4.6529,3.852,4.4238,4.182646666666667
2023-12-14,4.0985,24.02,63.28,32.28,2.53,0.0,12,348,0,-2.4492935982947064e-16,1.0,-0.2884824328806098,0.9574851883550389,4.3322,4.5242,4.3454,4.4924,4.172006666666666
2023-12-15,3.9098,23.45,59.93,18.89,2.44,0.0,12,349,0,-2.4492935982947064e-16,1.0,-0.27195815753410524,0.9623090774541487,4.0985,4.3322,4.3272,4.457128571428571,4.159630000000001
2023-12-16,4.0634,22.55,60.77,13.17,1.47,0.0,12,350,0,-2.4492935982947064e-16,1.0,-0.2553532951161881,0.9668478136052773,3.9098,4.0985,4.6226,4.3975,4.142123333333333
2023-12-17,3.534,23.55,67.15,15.89,2.27,0.05,12,351,0,-2.4492935982947064e-16,1.0,-0.23867276600594997,0.9711000518829505,4.0634,3.9098,4.6423,4.317614285714286,4.129123333333333
2023-12-18,2.8627,23.24,64.3,81.87,3.95,0.33,12,352,0,-2.4492935982947064e-16,1.0,-0.22192151300416674,0.9750645322571945,3.534,4.0634,4.6529,4.159285714285714,4.111483333333333
2023-12-19,3.8431,23.03,60.35,87.99,3.73,0.0,12,353,0,-2.4492935982947064e-16,1.0,-0.20510449986861926,0.9787400799669153,2.8627,3.534,4.5242,3.903542857142857,4.070060000000001
2023-12-20,3.3197,21.87,58.44,96.33,2.82,0.0,12,354,0,-2.4492935982947064e-16,1.0,-0.1882267098432439,0.9821256058680006,3.8431,2.8627,4.3322,3.806242857142857,4.062603333333334
2023-12-21,3.6082,21.79,58.9,92.3,2.61,0.0,12,355,0,-2.4492935982947064e-16,1.0,-0.1712931441814778,0.9852201067560606,3.3197,3.8431,4.0985,3.6616,4.035516666666667
2023-12-22,2.7413,23.51,52.96,97.07,1.74,0.0,12,356,0,-2.4492935982947064e-16,1.0,-0.154308820664281,0.9880226656636976,3.6082,3.3197,3.9098,3.5915571428571424,4.013716666666666
2023-12-23,4.573,24.49,54.41,40.27,1.76,0.0,12,357,0,-2.4492935982947064e-16,1.0,-0.13727877211326517,0.9905324521322227,2.7413,3.6082,4.0634,3.4246285714285714,3.9621399999999998
2023-12-24,4.4786,24.22,53.66,16.56,2.5,0.0,12,358,0,-2.4492935982947064e-16,1.0,-0.12020804489935275,0.9927487224577402,4.573,2.7413,3.534,3.4974285714285713,3.97211
2023-12-25,4.4484,24.49,53.31,12.38,2.55,0.0,12,359,0,-2.4492935982947064e-16,1.0,-0.10310169744743544,0.9946708199115211,4.4786,4.573,2.8627,3.6323714285714286,3.988043333333333
2023-12-26,4.3363,24.08,54.22,15.09,2.24,0.0,12,360,0,-2.4492935982947064e-16,1.0,-0.0859647987374467,0.9962981749346077,4.4484,4.4786,3.8431,3.8589000000000007,3.9946366666666666
2023-12-27,4.3001,24.13,57.23,48.39,2.25,0.0,12,361,0,-2.4492935982947064e-16,1.0,-0.06880242680232064,0.9976303053065857,4.3363,4.4484,3.3197,3.929357142857143,4.067683333333333
2023-12-28,4.1266,24.29,58.23,30.42,2.2,0.0,12,362,0,-2.4492935982947064e-16,1.0,-0.05161966722325418,0.9986668162884759,4.3001,4.3363,3.6082,4.069414285714286,4.090836666666666
2023-12-29,4.2384,25.22,54.61,34.61,1.74,0.0,12,363,0,-2.4492935982947064e-16,1.0,-0.034421611622745804,0.9994074007397048,4.1266,4.3001,2.7413,4.143471428571429,4.076223333333333
2023-12-30,4.2751,24.94,59.36,13.5,2.01,0.0,12,364,0,-2.4492935982947064e-16,1.0,-0.01721335615583528,0.9998518392091162,4.2384,4.1266,4.573,4.357342857142857,4.070110000000001
2023-12-31,4.1282,25.07,58.35,13.41,1.78,0.0,12,365,0,-2.4492935982947064e-16,1.0,6.432490598706546e-16,1.0,4.2751,4.2384,4.4786,4.314785714285715,4.0772200000000005
